# This file uses centimeters as units for non-parametric coordinates.

mtllib BaseFox.mtl
g default
v -1.290912 7.854000 38.757274
v -1.138566 7.678269 39.301718
v -1.231661 7.612331 38.380404
v -1.037002 7.436599 39.008578
v -1.138566 7.678269 39.301718
v -1.282477 7.678269 39.385451
v -1.037002 7.436599 39.008578
v -1.223226 7.414655 39.301718
v -1.282477 7.678269 39.385451
v -1.595639 7.854000 38.882946
v -1.223226 7.414655 39.301718
v -1.638020 7.634344 38.757274
v -1.130097 7.458545 39.594817
v -1.045437 7.546427 39.217947
v -1.189348 7.656324 39.846088
v -1.121628 7.766151 39.594817
v -1.163975 7.897992 39.804186
v -1.341729 7.919937 39.678587
v -1.265539 8.095669 39.929821
v -1.307851 7.590386 38.966713
v -1.350164 7.788096 39.427316
v -1.401014 7.480558 39.301718
v -1.307851 7.590386 38.966713
v -1.130097 7.458545 39.594817
v -1.045437 7.546427 39.217947
v -1.113158 7.678269 39.720452
v -0.986186 7.678269 39.678587
v -1.189348 7.414655 39.594817
v -0.859214 7.392675 39.427316
v -0.986186 7.678269 39.678587
v -0.749146 7.634344 40.139260
v -0.859214 7.392675 39.427316
v -0.681460 7.282813 39.804186
v -0.461359 7.612331 40.348630
v -0.452923 7.216944 39.971756
v 0.004218 7.590386 40.432396
v 0.004218 7.172986 40.013625
v 0.452855 7.216944 39.971756
v 0.461359 7.612331 40.348630
v 0.681460 7.282813 39.804186
v 0.749146 7.634344 40.139260
v 0.859214 7.392675 39.427316
v 0.986186 7.678269 39.678587
v -1.248600 7.832055 39.971756
v -0.681460 7.282813 39.804186
v -0.859214 7.282813 40.223027
v -0.452923 7.216944 39.971756
v -0.520610 7.216944 40.474261
v 0.004218 7.172986 40.516130
v 0.004218 7.172986 40.013625
v 0.452855 7.216944 39.971756
v 0.520610 7.216944 40.474261
v 0.859214 7.282813 40.223027
v 0.681460 7.282813 39.804186
v 1.189348 7.414655 39.594817
v -2.306758 8.359283 35.239599
v -1.781931 8.359283 34.946463
v -1.959720 7.832055 37.919768
v -1.638020 8.139662 35.490902
v -1.231661 7.612331 38.380404
v -1.638020 7.634344 38.757274
v -1.638020 7.634344 38.757274
v -1.959720 7.832055 37.919768
v -1.231661 7.612331 38.380404
v -1.638020 8.139662 35.490902
v -0.850710 8.666889 39.929821
v -0.935438 8.600951 40.390527
v -1.037002 8.227510 40.055526
v -1.104689 8.205497 40.474261
v -1.214791 7.941883 40.348630
v -1.392511 7.963896 40.348630
v -1.358668 7.524482 40.097391
v -1.307851 8.644944 40.390527
v -1.375606 8.293379 40.390527
v -1.307851 8.644944 40.390527
v -1.206287 8.710779 39.887957
v -1.375606 8.293379 40.390527
v -1.307851 8.315392 40.055526
v -1.375606 8.007820 40.139260
v -1.155540 7.941883 40.097391
v -1.358668 7.524482 40.097391
v -0.850710 8.666889 39.929821
v -1.037002 8.227510 40.055526
v -0.935438 8.600951 40.390527
v -0.850710 8.666889 39.929821
v -1.307851 8.644944 40.390527
v -1.206287 8.710779 39.887957
v -1.570265 8.117614 37.961633
v -1.290912 7.854000 38.757274
v -1.638020 8.139662 35.490902
v -1.290912 7.854000 38.757274
v -1.155540 7.941883 40.097391
v -1.392511 7.963896 40.348630
v -1.942781 8.644944 35.155832
v -2.272881 8.666889 35.281468
v -1.900468 8.117614 38.129133
v -1.290912 7.854000 38.757274
v -1.595639 7.854000 38.882946
v -1.290912 7.854000 38.757274
v -1.290912 7.854000 38.757274
v -1.282477 7.678269 39.385451
v -1.189348 7.414655 39.594817
v -0.859214 7.282813 40.223027
v -1.113158 7.678269 39.720452
v -0.842275 7.634344 40.264896
v -0.520610 7.216944 40.474261
v -0.495236 7.590386 40.558032
v 0.004218 7.172986 40.516130
v 0.004218 7.568441 40.599896
v 0.495236 7.590386 40.558032
v 0.520610 7.216944 40.474261
v 0.842275 7.634344 40.264896
v 0.859214 7.282813 40.223027
v 1.113158 7.678269 39.720452
v 1.189348 7.414655 39.594817
v 3.695052 -22.331848 -20.163822
v 3.940527 -20.969717 -20.833897
v 4.245253 -22.331848 -21.294501
v 4.507667 -20.969717 -22.550817
v 5.752049 -22.331848 -21.838942
v 5.862083 -20.969717 -23.388359
v 7.368879 -20.969717 -22.802053
v 6.987928 -18.860701 -23.011490
v 7.529694 -18.684936 -21.085133
v 6.894867 -15.675150 -23.304625
v 7.402756 -15.125910 -22.215812
v 6.750957 -13.478185 -23.890864
v 7.275784 -13.236516 -22.885889
v 6.742453 -11.984282 -24.393439
v 7.377348 -11.522958 -22.802053
v 6.852521 -10.841841 -23.723364
v 7.250342 -7.041179 -21.838942
v 5.667424 -6.843434 -22.550817
v 7.504320 -2.779158 -21.336367
v 5.277970 -2.801103 -22.383314
v 7.047179 2.317765 -21.838942
v 3.943905 1.919333 -23.030066
v 5.997525 6.382041 -22.215812
v 3.373352 6.447979 -23.681497
v 5.269534 9.787282 -21.964578
v 2.873899 9.853220 -23.304625
v 4.897053 12.094076 -21.127000
v 2.374479 13.038737 -22.257679
v 2.120501 14.664516 -19.996320
v 1.121628 13.917564 -22.341447
v 0.004218 15.411468 -20.498894
v 0.004218 14.576634 -22.592684
v -1.121628 13.917564 -22.341447
v -0.808398 13.082731 -23.807131
v -1.197852 12.203903 -23.430261
v 6.022898 -18.882647 -23.555862
v 5.955212 -15.653137 -23.681497
v 5.879021 -13.456240 -24.016569
v 5.811301 -11.808516 -24.728442
v 5.777423 -10.578227 -24.142168
v 4.998617 -11.874455 -24.435306
v 4.727768 -11.039620 -23.430261
v 4.947869 -13.126688 -23.597763
v 4.702394 -13.214571 -21.964578
v 5.074807 -15.543310 -23.220857
v 4.871679 -15.455427 -22.006445
v 5.125623 -18.816709 -22.927756
v 4.897053 -18.662922 -20.959498
v -3.381822 -22.463653 12.877202
v -3.881275 -22.463653 11.327784
v -3.618827 -20.991661 12.793468
v -4.152193 -21.013674 10.532109
v -4.533109 -19.190218 12.290963
v -4.787019 -19.212199 10.238972
v -4.575422 -14.972088 10.909048
v -4.863210 -15.125910 8.689555
v -4.219879 -9.633565 10.071469
v -4.600796 -9.809296 6.846931
v -4.313008 -5.283661 6.888798
v -5.921403 -9.787351 6.344426
v -6.082218 -5.327551 6.051221
v -6.844017 -9.677454 7.851977
v -7.199594 -4.470772 7.642608
v -7.284219 -4.492717 11.579021
v -7.893775 0.340524 8.480117
v -8.088401 0.670076 12.625966
v -7.648233 4.404869 8.898923
v -7.614390 5.327551 13.631011
v -7.191159 8.403276 10.490207
v -6.844017 9.391896 13.672913
v -5.633547 10.226730 15.180463
v -6.285378 7.612331 17.064953
v -4.431546 13.588013 21.587706
v -5.548887 10.666109 23.513995
v -5.210283 14.840248 26.989803
v -5.862117 13.126688 28.204250
v -5.633547 15.191744 28.916159
v -5.726676 13.060751 30.968149
v -5.498139 14.906186 31.051918
v -5.125623 14.972088 33.480779
v -4.905557 16.334186 31.554423
v -4.033656 16.466026 33.899518
v -3.847364 17.520516 32.056963
v -1.976590 18.421255 32.768837
v -2.975497 18.333372 31.219420
v -2.086658 19.102303 31.010051
v -2.823151 18.421255 30.046838
v -5.354160 -3.877607 13.547278
v -6.937180 1.460917 14.677957
v -5.565824 3.679862 17.651192
v -4.964806 7.172986 24.435306
v -5.692798 9.260054 28.916159
v -6.022967 11.149448 28.497421
v -5.879021 11.215351 31.261287
v -5.244161 12.885020 34.234590
v -4.736272 13.807737 34.904598
v -3.339475 14.730420 35.909641
v -3.178659 13.917564 36.119010
v -2.323697 13.807737 36.537851
v -3.009375 13.566068 36.035276
v -2.450669 13.544089 36.286511
v -2.408357 13.082731 36.412146
v -1.925842 13.060751 36.370281
v -2.315194 12.731233 36.160912
v -1.832679 12.731233 36.956590
v -2.746961 11.764558 36.454015
v -1.807305 10.732013 38.254769
v -3.110939 10.138848 36.328412
v -2.408357 9.611551 37.961633
v -3.085565 9.040331 36.454015
v -2.603050 8.666889 37.961633
v -2.459105 8.513103 37.836034
v -1.460266 7.941883 40.851135
v -1.849618 13.588013 36.747220
v -1.138566 13.192557 37.207824
v -0.783024 11.962303 38.757274
v -1.214791 11.588793 38.589774
v -0.613739 9.765337 42.191183
v -0.901561 9.194117 42.065580
v -0.749146 9.238110 42.568122
v -0.766085 8.754772 42.316883
v 0.004218 8.666889 42.526253
v 0.004218 8.359283 42.023678
v 0.766085 8.754772 42.316883
v 0.901561 8.469179 41.814313
v 0.859214 8.732827 41.939944
v 1.257035 8.666889 41.604944
v 0.901561 9.194117 42.065580
v 1.214722 11.588793 38.589774
v 0.613705 9.765337 42.191183
v 0.783024 11.962303 38.757274
v 0.004218 12.291855 39.134213
v 0.004218 13.478185 37.710399
v -1.257104 8.666889 41.604944
v -0.859214 8.732827 41.939944
v -0.901561 8.469179 41.814313
v 0.004218 8.051779 41.646808
v 0.926935 8.139662 41.521210
v 1.384076 8.359283 41.311840
v 1.807305 10.732013 38.254769
v 2.416792 9.611551 37.961633
v 3.110939 10.138848 36.328412
v 3.085496 9.040331 36.454015
v 3.678113 9.216130 35.490902
v 3.322536 8.908558 35.700272
v 3.246346 8.622930 35.449037
v 2.662267 8.622930 35.909641
v 2.950123 8.293379 35.532771
v 2.518356 8.491158 36.160912
v 2.518356 7.919937 35.951543
v 2.222065 8.139662 37.710399
v 2.112031 7.590386 37.752264
v 1.570265 7.722227 40.013625
v 1.401014 7.304827 40.223027
v 1.290912 7.678269 40.599896
v 1.197784 7.326772 40.516130
v 0.698398 7.568441 40.851135
v 0.791459 7.194931 40.683630
v 0.004218 7.194931 40.809266
v 0.004218 6.799510 40.264896
v -0.791459 7.194931 40.683630
v -0.909996 6.975275 40.223027
v -1.197852 7.326772 40.516130
v -1.401014 7.304827 40.223027
v -1.290912 7.678269 40.599896
v -1.570265 7.722227 40.013625
v 1.832679 12.731233 36.956590
v 1.138566 13.192557 37.207824
v 1.468701 14.840248 36.998455
v 0.004218 15.103861 37.165955
v 0.004218 16.290261 36.537851
v -1.468701 14.840248 36.998455
v -1.646490 16.026579 36.160912
v -3.686548 15.653137 35.113967
v -1.798870 17.212978 34.946463
v 0.004218 17.366695 35.490902
v 1.646490 16.026579 36.160912
v 3.339475 14.730420 35.909641
v 2.323629 13.851627 36.537851
v 3.178659 13.939509 36.119010
v 3.009375 13.544089 36.035276
v 3.297162 13.038737 35.742141
v 3.026245 13.082731 36.119010
v 3.017810 12.709255 35.825907
v 2.315194 12.775124 36.160912
v 2.746961 11.764558 36.454015
v 3.872806 11.896399 35.239599
v 4.008213 13.368289 35.281468
v 4.736203 13.807737 34.904598
v 5.125623 14.972088 33.480779
v 3.686548 15.653137 35.113967
v 4.033656 16.466026 33.899518
v 1.798801 17.212978 34.946463
v 1.976590 18.421255 32.768837
v 0.004218 18.684868 33.355146
v 0.004218 19.212199 31.177553
v -1.917338 8.820676 38.212904
v -1.951216 8.513103 38.129133
v -1.536456 8.688834 39.343582
v -1.570265 8.469179 39.217947
v 4.380729 -11.347192 -20.917631
v 4.067465 -7.085103 -21.252634
v 3.136347 -3.657883 -20.959498
v 2.179226 -1.273136 -21.293507
v 0.002219 0.461675 -21.842588
v 0.010713 2.638351 -22.970491
v -3.940527 1.878352 -23.053391
v -3.373352 6.447979 -23.681497
v -5.997525 6.382041 -22.215812
v -5.269534 9.787282 -21.964578
v -6.158374 10.314613 -19.284378
v -4.897122 12.094076 -21.127000
v -4.913992 13.082731 -19.075008
v -2.120535 14.664516 -19.996320
v -2.492982 15.257682 -15.599200
v 0.004218 16.224358 -16.394877
v 0.004218 15.982688 -11.202150
v 2.492982 15.257682 -15.599200
v 2.425296 15.038027 -10.322706
v 4.863210 13.280406 -14.929193
v 4.296069 12.863006 -9.778299
v 6.056775 10.160793 -14.342886
v 5.286473 9.545682 -9.192025
v 7.402756 6.184331 -14.175384
v 6.329782 5.068756 -10.024007
v 6.972721 1.291095 -11.317099
v 5.227449 0.698172 -9.903886
v 4.981747 -3.855662 -12.123393
v 2.975497 -2.405648 -10.950845
v 3.237911 -4.360945 -13.379708
v 7.216533 6.382041 -18.907506
v 6.158374 10.314613 -19.284378
v 4.913992 13.082731 -19.075008
v -2.374479 13.038737 -22.257679
v -2.873899 9.853220 -23.304625
v 0.004218 9.875165 -23.723364
v 0.004218 6.513883 -23.723364
v 6.200687 -20.793984 15.138596
v 6.259938 -20.310647 14.007882
v 5.819736 -21.123501 14.510456
v 6.209191 -21.057599 14.217285
v 3.601889 -7.129062 -17.148687
v 2.272881 -3.394269 -16.729881
v 0.004218 -1.175359 -17.232455
v -2.188256 -1.285255 -21.252634
v -5.278038 -2.801103 -22.383314
v -7.038744 2.317765 -21.838942
v -7.216533 6.382041 -18.907506
v -6.056776 10.160793 -14.342886
v -4.863210 13.280406 -14.929193
v -4.296070 12.863006 -9.778299
v -2.425296 15.038027 -10.322706
v -2.526860 14.378923 -3.622359
v 0.004218 14.972088 -3.203622
v -2.425296 14.159234 1.989174
v 0.004218 14.708475 1.654170
v 0.004218 15.059971 8.061345
v 2.425296 14.159234 1.989174
v 2.586111 14.027392 8.145113
v 4.084404 12.050185 2.156676
v 4.761646 12.203903 8.186980
v 5.125623 8.886613 2.240444
v 6.276877 9.106269 8.228847
v 6.674767 4.932096 6.302559
v 7.672718 4.137356 8.829513
v 6.134216 0.221163 6.144665
v 7.900863 0.064216 8.494801
v 5.785927 -3.306386 6.009354
v 7.199594 -4.470772 7.642608
v 6.082150 -5.327551 6.051221
v 6.844017 -9.677454 7.851977
v 5.921334 -9.787351 6.344426
v 5.802797 -15.147854 8.270714
v 4.600796 -9.809296 6.846931
v 4.863210 -15.125910 8.689555
v 4.219879 -9.633565 10.071469
v 4.575353 -14.972088 10.909048
v 8.094001 0.478354 12.633131
v 7.614390 5.327551 13.631011
v 6.937180 1.460917 14.677957
v 5.565826 3.679862 17.651192
v 3.635801 -1.065531 16.646147
v 3.017810 3.394268 24.225937
v 0.004218 2.625303 24.058436
v 0.004218 6.426000 29.711870
v -3.017810 3.394268 24.225937
v -3.110939 6.535828 29.334931
v -5.032495 8.095669 29.125562
v -5.015624 8.293379 31.219420
v -5.811301 9.655510 31.177553
v -4.812394 9.325958 34.025152
v -4.998685 11.083509 33.983285
v -3.889745 10.666109 35.407173
v -3.872806 11.896399 35.239599
v -3.017810 12.753179 35.825907
v -3.026313 13.126688 36.119010
v -3.635801 -1.065531 16.646147
v 0.004218 -2.471552 15.850505
v 3.441073 -4.602545 11.202150
v 5.354160 -3.877607 13.547278
v 5.447323 -9.567627 11.369651
v 7.284219 -4.492717 11.579021
v 6.750957 -9.633565 10.238972
v 6.471604 -15.038027 9.401428
v 5.608138 -19.234143 9.652664
v 4.761646 -19.212199 10.238972
v 4.507667 -19.190218 12.290963
v 4.219879 -9.633565 10.071469
v 5.498071 -14.862262 11.788389
v 6.463101 -14.950144 10.992781
v 6.378475 -19.168274 10.448340
v 5.354160 -21.035653 9.694531
v 4.135220 -21.013674 10.532109
v 3.593454 -20.991661 12.793468
v 6.657828 -19.190218 12.039727
v 6.683201 -21.035653 10.280839
v 5.235657 -22.463653 10.783344
v 3.855867 -22.463653 11.327784
v 3.364883 -22.463653 12.877202
v 5.616608 -19.124317 13.212274
v 6.886364 -19.827309 12.960970
v 6.361536 -19.805330 14.007882
v 7.715986 -20.991661 13.337909
v 6.784766 -20.969717 14.552323
v 7.893707 -22.463653 13.463510
v 7.072622 -22.463653 14.845460
v 7.817551 -22.463653 12.081594
v 7.588946 -20.991661 11.872156
v 6.793269 -22.463653 11.076549
v 6.547795 -21.189440 14.636091
v 5.887525 -21.804551 14.887327
v 6.437727 -21.826495 15.054828
v -4.380729 -20.376551 13.547278
v -4.575422 -21.123501 14.049783
v -3.779677 -20.793984 14.510456
v -4.321443 -21.189440 14.342886
v 4.710829 -22.463653 14.971094
v 4.685456 -20.969717 14.761726
v 3.559576 -22.463653 14.301019
v 3.771173 -20.969717 13.840414
v 3.364883 -22.463653 12.877202
v 3.593454 -20.991661 12.793468
v 4.389164 -19.827309 13.337909
v 5.066372 -19.805330 14.049783
v -5.091746 -20.991661 -18.572503
v -4.228315 -20.925826 -19.158777
v -4.787019 -21.057599 -18.237500
v -4.092907 -21.057599 -18.823772
v -1.189348 8.491158 40.097391
v -1.079315 8.710779 40.306761
v -3.754303 -21.189440 13.840414
v -3.872806 -21.079544 13.547278
v -6.573168 -21.189440 14.636091
v -5.845178 -21.123501 14.510456
v -6.454665 -21.826495 15.054828
v -5.904464 -21.804551 14.887327
v -1.959720 8.974461 34.988332
v -1.722680 9.304013 35.113967
v -1.595639 8.600951 37.961633
v -1.468701 8.952448 37.919768
v 1.197784 12.203903 -23.430261
v 0.808398 13.082731 -23.807131
v 0.004218 13.631972 -24.184070
v -5.252595 -22.463653 10.783344
v -5.371133 -21.035653 9.694531
v -5.625077 -19.234143 9.652664
v -5.802865 -15.147854 8.270714
v -6.708644 -21.035653 10.280839
v -6.403918 -19.168274 10.448340
v -6.471604 -15.038027 9.401428
v -6.674767 -19.190218 12.039727
v -6.463169 -14.950144 10.992781
v -6.750957 -9.633565 10.238972
v -5.498139 -14.862262 11.788389
v -5.447323 -9.567627 11.369651
v -4.219879 -9.633565 10.071469
v -3.432638 -4.602545 11.202150
v 0.004218 -4.932096 11.369651
v 3.601889 -3.350310 6.051221
v 4.312940 -5.283661 6.888798
v -3.601889 -3.350310 6.051221
v 0.004218 -4.492717 5.381248
v -5.642050 -19.124317 13.212274
v -4.533109 -19.190218 12.290963
v -4.414607 -19.827309 13.337909
v -3.618827 -20.991661 12.793468
v -3.788181 -20.969717 13.840414
v -3.381822 -22.463653 12.877202
v -3.584950 -22.463653 14.301019
v -4.702394 -20.969717 14.761726
v -5.091746 -19.805330 14.049783
v -6.801705 -20.969717 14.552323
v -6.386945 -19.805330 14.007882
v -7.732925 -20.991661 13.337909
v -6.911806 -19.827309 12.960970
v -7.614388 -20.991661 11.872156
v -4.575422 -14.972088 10.909048
v 5.057868 -20.881834 -18.363134
v 6.065280 -21.035653 -18.237500
v 5.049433 -21.013674 -18.028062
v 5.912899 -21.079613 -17.818694
v -6.285380 -20.310647 14.007882
v -6.649393 -21.101557 14.217285
v -6.217625 -20.793984 15.138596
v 0.004218 8.886613 32.810739
v -1.527952 8.974461 32.852606
v 0.004218 9.325958 32.643237
v -1.409450 9.347937 32.894473
v -5.049433 -21.738647 -17.525591
v -5.684363 -21.760661 -17.274322
v -5.049433 -21.013674 -18.028062
v -5.912899 -21.079613 -17.818694
v 3.889711 10.666109 35.407173
v 4.998617 11.083509 33.983285
v 5.244161 12.885020 34.234590
v 5.879021 11.215351 31.261287
v 5.726676 13.060751 30.968149
v 6.022898 11.149448 28.497421
v 5.862083 13.126688 28.204250
v 5.548887 10.666109 23.513995
v 5.210283 14.840248 26.989803
v 4.431477 13.588013 21.587706
v 4.482293 16.312206 26.738567
v 2.382914 15.741020 20.875764
v 2.856960 17.498538 26.738567
v 0.004218 18.816709 26.738567
v 2.628424 18.684868 29.041793
v 0.004218 19.190151 29.083660
v 2.086658 19.102303 31.010051
v 4.812394 9.325958 34.025152
v 5.811301 9.655510 31.177553
v 5.692798 9.260054 28.916159
v 4.964808 7.172986 24.435306
v 5.032495 8.095669 29.125562
v 3.110939 6.535828 29.334931
v 2.882368 7.436599 31.135652
v 0.004218 6.953262 30.716915
v -2.873899 7.436599 31.135652
v -2.349071 7.458545 32.852606
v -4.202941 8.139662 33.564548
v -3.220972 8.139662 34.904598
v -3.678113 9.216130 35.490902
v 5.015556 8.293379 31.219420
v 4.202941 8.139662 33.564548
v 2.349071 7.458545 32.852606
v 3.220972 8.139662 34.904598
v 1.900400 7.370662 34.443958
v 1.595639 7.282813 35.825907
v 1.316286 6.975275 37.710399
v 0.909996 6.975275 40.223027
v 0.004218 6.799510 37.668530
v 0.004218 7.085103 35.658407
v -1.316355 6.975275 37.710399
v -1.595639 7.282813 35.825907
v -1.900468 7.370662 34.443958
v -2.518356 7.919937 35.951543
v -2.950123 8.293379 35.532771
v -3.246415 8.622930 35.449037
v -2.662336 8.622930 35.909641
v -3.322536 8.908558 35.700272
v -2.755396 8.798730 36.244646
v -2.518356 8.491158 36.160912
v -2.222133 8.139662 37.710399
v -2.112031 7.590386 37.752264
v 0.004218 7.282813 32.643237
v 0.004218 7.151007 34.276457
v 3.593454 17.784199 27.911114
v 4.304504 17.147041 27.617976
v 5.167971 16.312206 28.455554
v 5.633547 15.191744 28.916159
v 5.193344 16.422034 29.376798
v 5.498071 14.906186 31.051918
v 4.905557 16.334186 31.554423
v 4.465354 17.234924 30.591245
v 3.847364 17.520516 32.056963
v 2.975497 18.333372 31.219420
v 2.831586 18.421255 30.046838
v 4.473790 17.278847 29.293029
v 1.163975 8.886613 39.008578
v 0.926935 8.820676 39.929821
v 1.544891 8.688834 39.343582
v 1.079315 8.710779 40.306761
v -0.698398 7.568441 40.851135
v 0.004218 7.524482 41.018635
v 1.468701 8.952448 37.919768
v 1.722680 9.304013 35.113967
v 1.595639 8.600951 37.961633
v 1.959651 8.974461 34.988332
v 6.285311 7.612331 17.064953
v 6.844017 9.391896 13.672913
v 5.641982 10.226730 15.180463
v 7.191159 8.403276 10.490207
v 4.363756 12.160013 15.138596
v 2.450669 14.159234 14.845460
v 0.004218 16.268247 20.331392
v -2.382949 15.741020 20.875764
v -2.856960 17.498538 26.738567
v -4.482293 16.312206 26.738567
v -4.304504 17.147041 27.617976
v -5.167971 16.312206 28.455554
v 0.004218 14.774344 15.012961
v -2.450669 14.159234 14.845460
v -5.193344 16.422034 29.376798
v -2.586111 14.027392 8.145113
v -4.761646 12.203903 8.186980
v -4.363756 12.160013 15.138596
v -6.276877 9.106269 8.228847
v -5.125623 8.886613 2.240444
v -6.674767 4.932096 6.302559
v -5.828239 4.844214 1.989174
v -6.124531 0.538235 6.134989
v -5.405010 0.735979 1.863573
v -3.601889 -3.350310 6.051221
v -3.601889 -2.647317 1.654170
v 0.004218 -4.492717 5.381248
v 0.004218 -4.207158 1.570368
v 3.601889 -2.647317 1.654170
v 0.004218 -3.855662 -2.826683
v 3.432638 -2.251862 -2.952318
v 2.806144 -1.768524 -7.223802
v 5.218718 1.109421 -2.910417
v 5.020801 1.347515 -7.251551
v 5.701233 5.129807 -2.994184
v 5.777423 5.635090 -7.684406
v 5.311847 9.018386 -3.245489
v 4.355287 12.225951 -3.454857
v 2.526860 14.378923 -3.622359
v 5.405010 0.735979 1.863573
v 5.828239 4.844214 1.989174
v 3.601889 -3.350310 6.051221
v 4.312940 -5.283661 6.888798
v 3.441073 -4.602545 11.202150
v -5.785927 -3.306386 6.009354
v 0.850710 8.666889 39.929821
v 1.036934 8.227510 40.055526
v 0.935370 8.600951 40.390527
v 1.104689 8.205497 40.474261
v 1.307851 8.644944 40.390527
v 1.375572 8.293379 40.390527
v 1.214722 7.941883 40.348630
v 1.392511 7.963896 40.348630
v 1.155471 7.941883 40.097391
v 1.358633 7.524482 40.097391
v 1.282477 7.678269 39.385451
v 1.223226 7.414655 39.301718
v 1.595639 7.854000 38.882946
v 1.637986 7.634344 38.757274
v 2.272881 8.666889 35.281468
v 2.306758 8.359283 35.239599
v 1.942781 8.644944 35.155832
v 1.781931 8.359283 34.946463
v 8.266188 2.185924 -18.781872
v 8.359317 1.812482 -14.677889
v 7.487382 -3.789724 -13.463475
v 5.286473 -8.227510 -16.143642
v 3.601889 -7.129062 -17.148687
v 8.452412 -3.328365 -16.101775
v 7.208029 -8.227510 -16.855515
v 5.201848 -12.423695 -20.205689
v 4.380729 -11.347192 -20.917631
v 4.702394 -13.214571 -21.964578
v 5.464261 -15.367578 -20.959498
v 6.784766 -12.401683 -20.247556
v 8.122277 -7.919937 -18.530636
v 8.452412 -2.910931 -19.075008
v 8.079964 -7.436668 -20.289455
v 7.546633 -12.269910 -21.545737
v 6.708644 -15.389523 -21.168867
v 5.616608 -18.333440 -20.080053
v 4.871679 -15.455427 -22.006445
v 4.897053 -18.662922 -20.959498
v 6.877929 -18.333440 -20.247556
v 6.708644 -19.080324 -19.451947
v 5.752049 -19.102370 -19.368144
v 7.021805 -19.783386 -18.488769
v 5.548887 -19.783386 -18.446902
v 7.445069 -20.969717 -17.693094
v 5.142596 -20.969717 -17.483689
v 5.176406 -22.331848 -17.609325
v 3.915153 -22.331848 -18.279400
v 4.135220 -20.969717 -18.405001
v 4.829332 -19.453834 -19.368144
v 3.940527 -20.969717 -20.833897
v 3.695052 -22.331848 -20.163822
v 7.758299 -22.331848 -17.734960
v 8.664078 -22.331848 -19.242511
v 8.477854 -20.969717 -19.535681
v 8.579418 -22.331848 -20.540761
v 8.384725 -20.969717 -21.210767
v 7.462008 -22.331848 -21.545737
v 7.572007 -19.453834 -19.703184
v 1.223226 7.414655 39.301718
v 1.036934 7.436599 39.008578
v 1.637986 7.634344 38.757274
v 1.231661 7.612331 38.380404
v 1.189348 8.491158 40.097391
v 1.053873 8.535048 39.971756
v -4.736272 -22.463653 14.971094
v -7.089561 -22.463653 14.845460
v -7.910714 -22.463653 13.463510
v -7.834489 -22.463653 12.081594
v -6.818643 -22.463653 11.076549
v -5.176474 -22.331848 -17.609325
v -7.758299 -22.331848 -17.734960
v -3.915153 -22.331848 -18.279400
v -3.695052 -22.331848 -20.163822
v -8.664078 -22.331848 -19.242511
v -8.579418 -22.331848 -20.540761
v -4.245253 -22.331848 -21.294501
v -7.462008 -22.331848 -21.545737
v -5.752049 -22.331848 -21.838942
v -3.584950 -22.463653 14.301019
v -4.736272 -22.463653 14.971094
v -3.381822 -22.463653 12.877202
v -7.089561 -22.463653 14.845460
v -7.910714 -22.463653 13.463510
v -7.834489 -22.463653 12.081594
v -3.881275 -22.463653 11.327784
v -6.818643 -22.463653 11.076549
v -5.252595 -22.463653 10.783344
v 5.337221 -21.211384 14.803593
v 4.947869 -20.772005 15.222330
v 5.151032 -21.826495 15.264197
v 4.888618 -21.628819 15.641135
v 4.803958 -22.353826 15.012961
v -1.011560 8.403276 40.516130
v -1.020064 8.644944 40.683630
v -0.901561 8.425220 40.432396
v -0.740711 8.732827 40.558032
v -6.615481 -21.211384 14.426722
v -6.750957 -21.716669 14.761726
v -7.208098 -21.277323 14.301019
v -7.216533 -21.738647 14.761726
v -6.835582 -20.618219 13.798513
v -7.165716 -21.255344 13.966015
v -7.055683 -20.881834 14.719824
v -7.208098 -21.277323 14.301019
v -6.522352 -21.123501 14.175384
v -7.165716 -21.255344 13.966015
v -6.615481 -21.211384 14.426722
v -6.522352 -21.123501 14.175384
v -6.234564 -21.672778 15.473566
v -5.811301 -20.991661 14.217285
v -5.176474 -20.398495 14.091650
v -5.481200 -21.167496 14.426722
v -4.964808 -20.772005 15.222330
v -5.362663 -21.211384 14.803593
v -4.913992 -21.628819 15.641135
v -4.651578 -21.145482 14.594224
v -4.651578 -21.804551 15.054828
v -4.660082 -21.035653 14.301019
v -3.999778 -21.716669 14.803593
v -3.627331 -21.628819 14.887327
v -3.593454 -21.826495 14.426722
v -2.315194 8.930503 35.072098
v -2.272881 9.172172 35.323402
v -7.191159 -21.057599 -18.195564
v -7.360410 -21.628819 -17.776827
v -7.910714 -21.145482 -18.321267
v -7.936087 -21.672778 -17.818694
v -7.462008 -20.398495 -18.907506
v -7.868332 -21.123501 -18.698139
v -7.732925 -20.706101 -17.818694
v -7.910714 -21.145482 -18.321267
v -7.072622 -20.969717 -18.446902
v -7.868332 -21.123501 -18.698139
v -7.191159 -21.057599 -18.195564
v -7.072622 -20.969717 -18.446902
v -7.233472 -21.057599 -17.986195
v -7.097996 -21.760661 -17.483689
v -6.801705 -20.618219 -17.441823
v -6.818643 -21.606840 -17.023017
v -1.468701 8.952448 37.919768
v -1.917338 8.820676 38.212904
v -1.163975 8.886613 39.008578
v -1.536456 8.688834 39.343582
v -1.079315 8.710779 40.306761
v -0.926935 8.820676 39.929821
v -1.536456 8.688834 39.343582
v -1.163975 8.886613 39.008578
v -1.781931 8.359283 34.946463
v -6.344632 -20.991661 -18.111830
v -6.420788 -21.738647 -17.693094
v -7.326532 -20.947771 -18.446902
v -6.886398 -20.068978 -18.698139
v -6.310754 -20.837944 -18.446902
v -5.430384 -20.596274 -17.316189
v -5.362663 -21.540936 -16.897382
v -6.065280 -21.035653 -18.237500
v -5.684363 -20.156826 -18.614370
v -5.057937 -20.881834 -18.363134
v 4.118281 -20.596274 -18.028062
v 4.854706 -20.156826 -19.116875
v 4.092839 -21.057599 -18.823772
v 4.228315 -20.925826 -19.158777
v 3.932023 -21.540936 -17.609325
v 3.889711 -21.760661 -18.153697
v 3.957466 -22.397717 -18.069963
v -0.926935 8.820676 39.929821
v -1.053941 8.535048 39.971756
v -1.163975 8.886613 39.008578
v -1.273974 8.535048 39.092348
v 5.430384 -20.596274 -17.316189
v 5.684363 -20.156826 -18.614370
v -1.722680 9.304013 35.113967
v -1.959720 8.974461 34.988332
v -2.272881 9.172172 35.323402
v -2.315194 8.930503 35.072098
v 6.310754 -20.837944 -18.446902
v 6.344563 -20.991661 -18.111830
v 6.886364 -20.068978 -18.698139
v 6.801705 -20.618219 -17.441823
v -4.008213 13.346344 35.281468
v -3.297162 13.148633 35.742141
v 7.910645 -21.145482 -18.321267
v 7.732857 -20.706101 -17.818694
v 7.936087 -21.672778 -17.818694
v 7.842924 -21.453053 -17.441823
v 7.766734 -22.375771 -17.734960
v 7.326532 -20.947771 -18.446902
v 7.233472 -21.057599 -17.986195
v 4.355287 -20.376551 13.547278
v 3.754303 -20.793984 14.510456
v 4.202941 -21.101557 13.798513
v 4.304504 -21.189440 14.342886
v -4.118281 -20.596274 -18.028062
v -4.854774 -20.156826 -19.116875
v 7.462008 -20.398495 -18.907506
v 7.191159 -21.057599 -18.195564
v 7.072622 -20.969717 -18.446902
v -3.932092 -21.540936 -17.609325
v -3.889745 -21.760661 -18.153697
v 1.637986 7.634344 38.757274
v 1.231661 7.612331 38.380404
v 1.959651 7.832055 37.919768
v 1.511014 7.854000 37.584694
v 1.959651 7.832055 37.919768
v 1.511014 7.854000 37.584694
v 6.767827 -22.309834 -17.651192
v 7.097996 -21.760661 -17.483689
v 6.818643 -21.606840 -17.023017
v 6.209191 -21.672778 15.473566
v 6.166878 -22.397717 14.971094
v 7.038744 -20.881834 14.719824
v 6.810208 -20.618219 13.798513
v 6.590107 -21.211384 14.426722
v 6.496978 -21.123501 14.175384
v 6.590107 -21.211384 14.426722
v 6.496978 -21.123501 14.175384
v 7.182655 -21.277323 14.301019
v 7.140343 -21.255344 13.966015
v 4.380729 -21.628819 -17.734960
v 4.787019 -21.057599 -18.237500
v 1.409450 7.480558 39.301718
v 1.130097 7.458545 39.594817
v 1.307851 7.590386 38.966713
v 1.045437 7.546427 39.217947
v 5.684363 -21.760661 -17.274322
v 5.049433 -21.738647 -17.525591
v 7.182655 -21.277323 14.301019
v 7.199594 -21.738647 14.761726
v 7.123404 -21.562882 15.096695
v 7.064118 -22.463653 14.845460
v 1.138566 7.678269 39.301718
v 1.282477 7.678269 39.385451
v 1.231661 7.612331 38.380404
v 1.290912 7.854000 38.757274
v 1.511014 7.854000 37.584694
v 1.570265 8.117614 37.961633
v 1.942781 8.644944 35.155832
v 1.781931 8.359283 34.946463
v -1.053941 8.535048 39.971756
v -1.189348 8.491158 40.097391
v 1.468701 8.952448 37.919768
v 1.917338 8.820676 38.212904
v 1.722680 9.304013 35.113967
v 2.103596 8.864600 37.417226
v 5.091746 -20.991661 -18.572503
v -4.380729 -21.628819 -17.734960
v 0.740711 8.732827 40.558032
v 1.020064 8.644944 40.683630
v 0.901561 8.425220 40.432396
v 1.011560 8.403276 40.516130
v 0.749146 9.238110 42.568122
v 0.004218 9.194117 42.861258
v 0.004218 9.809296 42.400617
v 2.315194 8.930503 35.072098
v 1.951216 8.513103 38.129133
v 1.273974 8.535048 39.092348
v 1.570265 8.469179 39.217947
v 1.053873 8.535048 39.971756
v 1.189348 8.491158 40.097391
v 3.974405 -21.716669 14.803593
v 3.576515 -21.826495 14.426722
v 3.737364 -21.189440 13.840414
v 1.163975 8.886613 39.008578
v 0.926935 8.820676 39.929821
v 1.570265 8.469179 39.217947
v 1.951216 8.513103 38.129133
v 1.544891 8.688834 39.343582
v 1.917338 8.820676 38.212904
v -5.176474 -21.826495 15.264197
v 1.130097 7.458545 39.594817
v 1.189348 7.656324 39.846088
v 1.045437 7.546427 39.217947
v 1.121628 7.766151 39.594817
v 1.307851 7.590386 38.966713
v 1.350164 7.788096 39.427316
v 1.163975 7.897992 39.804186
v 1.341729 7.919937 39.678587
v 1.248600 7.832055 39.971756
v 1.265539 8.095669 39.929821
v 7.360410 -21.628819 -17.776827
v 0.986186 7.678269 39.678587
v 0.749146 7.634344 40.139260
v 0.461359 7.612331 40.348630
v 0.004218 7.590386 40.432396
v -0.461359 7.612331 40.348630
v -0.749146 7.634344 40.139260
v -0.986186 7.678269 39.678587
v 1.409450 9.347937 32.894473
v 1.527952 8.974461 32.852606
v 1.307851 7.590386 38.966713
v 1.350164 7.788096 39.427316
v 1.409450 7.480558 39.301718
v 1.417885 7.678269 39.720452
v 1.130097 7.458545 39.594817
v 1.189348 7.656324 39.846088
v 1.384076 7.854000 39.846088
v 1.248600 7.832055 39.971756
v 1.341729 7.919937 39.678587
v 1.265539 8.095669 39.929821
v 4.626204 -21.804551 15.054828
v 4.626204 -21.145482 14.594224
v 1.189348 8.491158 40.097391
v 1.079315 8.710779 40.306761
v 1.468701 8.952448 37.919768
v 1.163975 8.886613 39.008578
v 1.917338 8.820676 38.212904
v 1.544891 8.688834 39.343582
v 1.959651 8.974461 34.988332
v 2.315194 8.930503 35.072098
v 0.901561 8.425220 40.432396
v 0.656086 8.337337 41.060500
v 0.740711 8.732827 40.558032
v 0.554419 8.732827 40.976766
v 0.385168 8.293379 41.395574
v 0.351257 8.754772 41.269939
v 0.004218 8.315392 41.521210
v 0.004218 8.798730 41.437439
v -0.351325 8.754772 41.269939
v -0.385168 8.293379 41.395574
v -0.554488 8.732827 40.976766
v -0.656086 8.337337 41.060500
v -0.740711 8.732827 40.558032
v -0.901561 8.425220 40.432396
v 2.103596 8.864600 37.417226
v 2.315194 8.930503 35.072098
v 1.138566 7.678269 39.301718
v 1.036934 7.436599 39.008578
v -3.432638 -2.251862 -2.952318
v -2.806212 -1.768524 -7.223802
v -5.218787 1.109421 -2.910417
v -5.007121 1.636683 -7.265669
v -5.701302 5.129807 -2.994184
v -5.777423 5.635090 -7.684406
v -5.311847 9.018386 -3.245489
v -5.286473 9.545682 -9.192025
v -4.355321 12.225951 -3.454857
v -4.084404 12.050185 2.156676
v -7.402756 6.184331 -14.175384
v -6.302319 5.305607 -10.113336
v -6.962554 1.504910 -11.327784
v -5.218787 0.933690 -9.903899
v -4.981747 -3.855662 -12.123393
v -2.975497 -2.405648 -10.950845
v -3.237911 -4.360945 -13.379708
v 0.004218 -1.966269 -10.364606
v 0.004218 -2.998814 -7.558805
v -8.266188 2.185924 -18.781872
v -8.359317 1.812483 -14.677889
v -8.452412 -3.328365 -16.101775
v -7.487382 -3.789724 -13.463475
v -7.208098 -8.227510 -16.855515
v -5.286473 -8.227510 -16.143642
v -5.201848 -12.423695 -20.205689
v -4.380729 -11.347192 -20.917631
v -4.702394 -13.214571 -21.964578
v -3.601889 -7.129062 -17.148687
v 3.559576 -22.463653 14.301019
v 3.364883 -22.463653 12.877202
v 4.710829 -22.463653 14.971094
v 7.072622 -22.463653 14.845460
v 7.893707 -22.463653 13.463510
v 7.817551 -22.463653 12.081594
v 3.855867 -22.463653 11.327784
v 6.793269 -22.463653 11.076549
v -7.504320 -2.779158 -21.336367
v -8.452412 -2.910931 -19.075008
v -8.079964 -7.436668 -20.289455
v -8.122277 -7.919937 -18.530636
v -7.546633 -12.269910 -21.545737
v -6.784834 -12.401683 -20.247556
v -6.708644 -15.389523 -21.168867
v -5.464261 -15.367578 -20.959498
v -5.608138 -18.333440 -20.080053
v -4.871679 -15.455427 -22.006445
v -4.897122 -18.662922 -20.959498
v 1.011560 8.403276 40.516130
v 0.723772 8.315392 41.269939
v 0.901561 8.425220 40.432396
v 0.656086 8.337337 41.060500
v 0.410542 8.271434 41.646808
v 0.385168 8.293379 41.395574
v 0.004218 8.271434 41.772444
v 0.004218 8.315392 41.521210
v -0.385168 8.293379 41.395574
v -0.410611 8.271434 41.646808
v -0.656086 8.337337 41.060500
v -0.723772 8.315392 41.269939
v -0.901561 8.425220 40.432396
v -1.011560 8.403276 40.516130
v -5.667424 -6.843434 -22.550817
v -7.250410 -7.041179 -21.838942
v -6.852521 -10.841841 -23.723364
v -7.377348 -11.522958 -22.802053
v -6.742453 -11.984282 -24.393439
v -7.275784 -13.236516 -22.885889
v -6.750957 -13.478185 -23.890864
v -7.394321 -15.125910 -22.215812
v -6.894867 -15.675150 -23.304625
v -7.529763 -18.684936 -21.085133
v -6.987996 -18.860701 -23.011490
v -7.368913 -20.969717 -22.802053
v -5.862117 -20.969717 -23.388359
v -5.752049 -22.331848 -21.838942
v -4.507667 -20.969717 -22.550817
v -4.245253 -22.331848 -21.294501
v -3.940527 -20.969717 -20.833897
v -3.695052 -22.331848 -20.163822
v -4.897122 -18.662922 -20.959498
v -5.125623 -18.816709 -22.927756
v -4.871679 -15.455427 -22.006445
v -5.074807 -15.543310 -23.220857
v -4.702394 -13.214571 -21.964578
v -4.947869 -13.126688 -23.597763
v -4.727768 -11.039620 -23.430261
v -4.998685 -11.874455 -24.435306
v -5.777423 -10.578227 -24.142168
v -5.811301 -11.808516 -24.728442
v -5.879021 -13.456240 -24.016569
v -5.955212 -15.653137 -23.681497
v -6.022967 -18.882647 -23.555862
v -6.877929 -18.333440 -20.247556
v -7.572076 -19.453834 -19.703184
v -6.708644 -19.080324 -19.451947
v -7.021805 -19.783386 -18.488769
v -5.752049 -19.102370 -19.368144
v -5.548887 -19.783386 -18.446902
v -4.829332 -19.453834 -19.368144
v -4.135220 -20.969717 -18.405001
v -3.940527 -20.969717 -20.833897
v -3.695052 -22.331848 -20.163822
v -8.384725 -20.969717 -21.210767
v -8.477854 -20.969717 -19.535681
v -7.445069 -20.969717 -17.693094
v -5.142596 -20.969717 -17.483689
v -3.915153 -22.331848 -18.279400
v -7.462008 -22.331848 -21.545737
v -8.579418 -22.331848 -20.540761
v -8.664078 -22.331848 -19.242511
v -7.758299 -22.331848 -17.734960
v -5.176474 -22.331848 -17.609325
v -4.067465 -7.085103 -21.252634
v -4.380729 -11.347192 -20.917631
v -3.601889 -7.129062 -17.148687
v -3.136347 -3.657883 -20.959498
v -2.272881 -3.394269 -16.729881
v -3.237911 -4.360945 -13.379708
v 0.004218 -1.966269 -10.364606
v -2.975497 -2.405648 -10.950845
v 2.975497 -2.405648 -10.950845
v 3.237911 -4.360945 -13.379708
v 2.272881 8.666889 35.281468
v 1.900400 8.117614 38.129133
v 1.595639 7.854000 38.882946
v 1.282477 7.678269 39.385451
v 1.020064 8.644944 40.683630
v 0.672956 8.600951 41.479308
v 0.385168 8.622930 41.939944
v 0.004218 8.644944 42.065580
v -0.385168 8.622930 41.939944
v -0.673025 8.600951 41.479308
v -1.020064 8.644944 40.683630
v 0.859214 7.392675 39.427316
v 0.986186 7.678269 39.678587
v 1.113158 7.678269 39.720452
v -1.959720 7.832055 37.919768
v -1.900468 8.117614 38.129133
v 7.766734 -22.375771 -17.734960
v 7.360410 -21.628819 -17.776827
v 7.936087 -21.672778 -17.818694
v 7.910645 -21.145482 -18.321267
v -7.081057 -22.463653 14.845460
v -6.750957 -21.716669 14.761726
v -7.148846 -21.562882 15.096695
v 0.554419 8.732827 40.976766
v 0.672956 8.600951 41.479308
v 0.351257 8.754772 41.269939
v 0.385168 8.622930 41.939944
v 0.004218 8.644944 42.065580
v 0.004218 8.798730 41.437439
v -0.351325 8.754772 41.269939
v -0.385168 8.622930 41.939944
v -0.673025 8.600951 41.479308
v -0.554488 8.732827 40.976766
v 6.725514 -21.716669 14.761726
v 7.140343 -21.255344 13.966015
v -6.192252 -22.397717 14.971094
v 6.420788 -21.738647 -17.693094
v 1.900400 8.117614 38.129133
v 1.959651 7.832055 37.919768
v -2.315194 8.930503 35.072098
v -1.951216 8.513103 38.129133
v -1.570265 8.469179 39.217947
v -1.189348 8.491158 40.097391
v -1.307851 7.590386 38.966713
v -1.401014 7.480558 39.301718
v -1.350164 7.788096 39.427316
v -1.417953 7.678269 39.720452
v -1.384076 7.854000 39.846088
v -1.248600 7.832055 39.971756
v -1.265539 8.095669 39.929821
v -1.130097 7.458545 39.594817
v -1.189348 7.656324 39.846088
v -1.341729 7.919937 39.678587
v 7.064118 -22.463653 14.845460
v 6.725514 -21.716669 14.761726
v 7.199594 -21.738647 14.761726
v 5.151032 -20.398495 14.091650
v 5.049433 -21.101557 14.342886
v 4.575353 -14.972088 10.909048
v 4.507667 -19.190218 12.290963
v 5.362663 -21.540936 -16.897382
v 5.261099 -22.243998 -17.567458
v -5.261099 -22.243998 -17.567458
v 7.191159 -21.057599 -18.195564
v 7.072622 -20.969717 -18.446902
v 7.868332 -21.123501 -18.698139
v -7.936087 -21.672778 -17.818694
v -7.842924 -21.453053 -17.441823
v 7.868332 -21.123501 -18.698139
v -7.766734 -22.375771 -17.734960
v -7.360410 -21.628819 -17.776827
v -3.957466 -22.397717 -18.069963
v 1.307851 8.644944 40.390527
v 1.375572 8.293379 40.390527
v 1.206287 8.710779 39.887957
v 1.307851 8.315392 40.055526
v 0.850710 8.666889 39.929821
v 1.036934 8.227510 40.055526
v 1.375572 8.007820 40.139260
v 1.155471 7.941883 40.097391
v 1.392511 7.963896 40.348630
v 1.358633 7.524482 40.097391
v 3.610358 -21.628819 14.887327
v 3.627297 -22.485599 14.510456
v 1.206287 8.710779 39.887957
v 0.850710 8.666889 39.929821
v 1.307851 8.644944 40.390527
v 0.935370 8.600951 40.390527
v -2.272881 8.666889 35.281468
v -2.306758 8.359283 35.239599
v -1.917338 8.820676 38.212904
v -1.468701 8.952448 37.919768
v -2.272881 8.666889 35.281468
v -1.942781 8.644944 35.155832
v 2.306758 8.359283 35.239599
v 2.272881 8.666889 35.281468
v -2.628424 18.684868 29.041793
v -3.593454 17.784199 27.911114
v 5.176406 -22.331848 -17.609325
v 3.915153 -22.331848 -18.279400
v 7.758299 -22.331848 -17.734960
v 3.695052 -22.331848 -20.163822
v 8.664078 -22.331848 -19.242511
v 8.579418 -22.331848 -20.540761
v 4.245253 -22.331848 -21.294501
v 7.462008 -22.331848 -21.545737
v -7.216533 -21.738647 14.761726
v -0.926935 8.139662 41.521210
v -0.909996 7.897992 41.395574
v 0.004218 7.897992 41.479308
v 0.004218 7.832055 41.228074
v 0.909996 7.897992 41.395574
v 0.935370 7.854000 40.976766
v 1.426388 8.051779 41.102402
v 1.460266 7.941883 40.851135
v 2.602981 8.666889 37.961633
v 2.459105 8.513103 37.836034
v 2.755396 8.798730 36.244646
v -0.935438 7.854000 40.976766
v -1.426388 8.051779 41.102402
v -1.384076 8.359283 41.311840
v -1.570265 7.722227 40.013625
v -0.960812 7.612331 37.668530
v -2.222133 8.139662 37.710399
v -1.104689 8.315392 35.867776
v -2.518356 8.491158 36.160912
v -1.062376 8.644944 35.574636
v -2.662336 8.622930 35.909641
v -1.045437 8.996441 35.867776
v -2.755396 8.798730 36.244646
v -0.977751 8.864600 37.836034
v -2.459105 8.513103 37.836034
v -1.460266 7.941883 40.851135
v -0.943873 7.194931 40.097391
v 0.004218 7.524482 37.668530
v 0.004218 8.315392 35.700272
v 0.004218 8.644944 35.490902
v 0.004218 9.062344 35.700272
v 1.062376 8.644944 35.574636
v 1.045437 8.996441 35.867776
v 2.662267 8.622930 35.909641
v 2.755396 8.798730 36.244646
v 0.004218 8.820676 37.836034
v -0.935438 7.854000 40.976766
v 0.977751 8.864600 37.836034
v 0.935370 7.854000 40.976766
v 1.460266 7.941883 40.851135
v 2.459105 8.513103 37.836034
v -1.290912 7.678269 40.599896
v -0.698398 7.568441 40.851135
v 0.004218 7.128993 40.097391
v 0.004218 7.524482 41.018635
v 0.698398 7.568441 40.851135
v 0.943873 7.194931 40.097391
v 0.960812 7.612331 37.668530
v 1.104689 8.315392 35.867776
v 1.570265 7.722227 40.013625
v 2.222065 8.139662 37.710399
v 2.518356 8.491158 36.160912
v 1.290912 7.678269 40.599896
v 0.004218 7.832055 41.228074
v -5.167971 16.312206 28.455554
v -5.193344 16.422034 29.376798
v -5.557322 16.927351 29.083660
v -4.473858 17.278847 29.293029
v -6.310754 18.421255 29.460532
v -5.261099 19.102303 29.502433
v -6.818643 20.332592 30.088740
v -6.217625 20.881834 30.172474
v -6.903303 21.892434 30.591245
v -6.031402 22.397717 31.010051
v -5.616608 17.037213 28.748657
v -6.259938 18.487191 29.083660
v -4.490728 17.915972 28.120482
v -5.303412 19.497757 28.581155
v -2.628424 18.684868 29.041793
v -3.771242 20.354538 29.669968
v -2.086658 19.102303 31.010051
v -3.178659 20.640165 30.926282
v -3.204033 20.596205 31.093785
v -4.524606 21.980317 31.010051
v -4.634674 21.914378 31.261287
v -5.895960 22.485599 30.758782
v -6.031402 22.397717 31.010051
v -6.632454 21.980317 30.256242
v -5.227222 21.826495 30.172474
v -6.141470 21.079544 29.460532
v -6.818643 20.376551 29.753737
v -4.304504 17.147041 27.617976
v -3.593454 17.784199 27.911114
v -2.823151 18.421255 30.046838
v -3.881275 20.046999 30.130607
v -5.159535 21.518922 30.633112
v -4.634674 21.914378 31.261287
v -3.204033 20.596205 31.093785
v -2.086658 19.102303 31.010051
v 0.004218 9.875165 -23.723364
v -1.197852 12.203903 -23.430261
v -1.045437 9.853220 -24.309671
v -1.324790 10.490345 -25.105314
v -1.942781 6.667669 -27.366667
v -0.859214 11.039554 -25.942858
v -1.240165 7.414657 -28.916159
v 0.004218 11.786505 -26.571067
v 0.004218 8.051781 -29.544300
v 1.240165 7.414657 -28.916162
v 1.654925 1.131366 -31.428792
v 1.942781 6.667669 -27.366669
v 2.577607 0.252642 -29.125559
v 1.417885 5.766933 -25.649755
v 1.865006 -0.477677 -26.763973
v 0.021869 5.553657 -24.753311
v -0.005302 -0.631631 -25.299808
v -1.885010 -0.461471 -26.760940
v 0.004217 -7.216943 -28.539220
v -2.061283 -6.909335 -29.879370
v 0.004217 -12.928977 -33.397048
v -2.027406 -12.160012 -34.569593
v -1.231661 -15.411471 -39.594812
v -2.882368 -10.270691 -36.202777
v -1.748053 -14.027428 -40.851135
v -1.976590 -8.403279 -37.961641
v -1.189348 -12.445643 -41.898084
v 0.004218 -7.678267 -38.715405
v 0.004218 -12.313799 -42.777528
v 1.189348 -12.445643 -41.898079
v 0.004218 -13.610036 -42.861258
v 1.748054 -14.027429 -40.851135
v 0.004218 -15.279699 -42.358683
v 0.004217 -16.202379 -40.725503
v 0.004217 -16.597874 -39.804190
v 1.231661 -15.411475 -39.594817
v 2.882368 -10.270694 -36.202769
v 1.976590 -8.403275 -37.961629
v 2.027406 -4.053372 -34.108918
v 0.004218 -3.679860 -34.862729
v -0.002010 1.447177 -32.335649
v -2.057652 -3.757282 -34.200723
v -1.660759 1.369424 -31.414559
v -2.585587 0.447380 -29.129189
v -1.417953 5.766932 -25.649751
v 1.045437 9.853220 -24.309671
v 1.197784 12.203903 -23.430261
v 1.324790 10.490344 -25.105314
v 0.859214 11.039555 -25.942860
v 2.950123 -5.481336 -31.973158
v 2.061215 -6.909336 -29.879368
v 2.027406 -12.160015 -34.569577
v -2.950124 -5.481338 -31.973164
v 0.808398 13.082731 -23.807131
v 0.004218 13.631972 -24.184070
v -0.808398 13.082731 -23.807131
v 0.004218 8.886613 32.810739
v -1.189348 8.557062 34.108955
v -1.527952 8.974461 32.852606
v -1.384076 8.688834 34.402093
v -1.087750 8.908558 34.485859
v 0.004218 8.908558 34.276457
v 1.087750 8.908558 34.485859
v 0.004218 8.469179 36.244646
v 0.952309 8.447165 36.412146
v 0.749146 7.963896 38.715409
v 1.163975 8.249489 36.328412
v 0.952309 7.810110 38.673507
v 1.028499 8.095669 36.160912
v 0.825336 7.678269 38.506007
v 0.004218 8.007820 36.495949
v 0.004218 7.590386 39.301718
v -0.825336 7.678269 38.506007
v -0.673025 7.590386 39.427316
v -0.952309 7.810110 38.673507
v -0.766085 7.722227 39.720452
v -0.605235 7.854000 39.762321
v -0.579861 7.722227 40.223027
v -0.461359 7.854000 40.306761
v -0.359760 7.744172 40.641765
v -0.300509 7.875945 40.683630
v 0.004218 7.744172 40.893000
v 0.004218 7.897992 40.893000
v 0.300509 7.875945 40.683630
v 0.004218 7.875945 40.516130
v 0.461359 7.854000 40.306761
v 0.004218 7.832055 39.678587
v 0.605235 7.854000 39.762321
v 0.004218 7.941883 38.757274
v -0.749146 7.963896 38.715409
v -0.952309 8.447165 36.412146
v -1.163975 8.249489 36.328412
v -1.028499 8.095669 36.160912
v 0.004218 8.579006 33.983285
v 1.197784 8.557062 34.108955
v 1.527952 8.974461 32.852606
v 1.384076 8.688834 34.402093
v 0.766085 7.722227 39.720452
v 0.672956 7.590386 39.427316
v 0.520610 7.590386 39.929821
v 0.334386 7.612331 40.223027
v 0.004218 7.612331 40.474261
v 0.359760 7.744172 40.641765
v 0.004218 7.744172 40.893000
v -0.359760 7.744172 40.641765
v -0.334386 7.612331 40.223027
v -0.520610 7.590386 39.929821
v -0.579861 7.722227 40.223027
v 0.579861 7.722227 40.223027
v 0.359760 7.744172 40.641765
v 0.579861 7.722227 40.223027
v 2.450669 13.544089 36.286511
v 1.849618 13.588013 36.747220
v 1.925842 13.060751 36.370281
v 2.408357 13.060751 36.412146
v 5.167971 16.312206 28.455554
v 4.304504 17.147041 27.617976
v 5.616608 17.037213 28.748657
v 4.490728 17.915972 28.120482
v 6.259938 18.487191 29.083660
v 5.303412 19.497757 28.581155
v 6.818643 20.376551 29.753737
v 6.141435 21.079544 29.460532
v 6.632454 21.980317 30.256242
v 5.227222 21.826495 30.172474
v 5.895960 22.485599 30.758782
v 4.524606 21.980317 31.010051
v 4.634639 21.914378 31.261287
v 3.204033 20.596205 31.093785
v 3.593454 17.784199 27.911114
v 2.628424 18.684868 29.041793
v 3.771173 20.354538 29.669968
v 3.178659 20.640165 30.926282
v 2.086658 19.102303 31.010051
v 6.031402 22.397717 31.010051
v 6.903303 21.892434 30.591245
v 6.818643 20.332592 30.088740
v 6.310754 18.421255 29.460532
v 6.217625 20.881834 30.172474
v 5.261099 19.102303 29.502433
v 4.473790 17.278847 29.293029
v 5.557322 16.927351 29.083660
v 5.193344 16.422034 29.376798
v 6.031402 22.397717 31.010051
v 5.167971 21.518922 30.633112
v 3.881275 20.046999 30.130607
v 3.204033 20.596205 31.093785
v 2.086658 19.102303 31.010051
v 2.831586 18.421255 30.046838
v 4.634639 21.914378 31.261287
v -4.473858 17.278847 29.293029
v -4.465354 17.234924 30.591245
v -4.313008 -5.283661 6.888798
v -7.081057 -22.463653 14.845460
v -4.829332 -22.353826 15.012961
v -3.652739 -22.485599 14.510456
v -7.766734 -22.375771 -17.734960
v -6.767895 -22.309834 -17.651192
v 7.140343 -21.255344 13.966015
v 6.496978 -21.123501 14.175384
v 6.810208 -20.618219 13.798513
v 7.868332 -21.123501 -18.698139
v 7.072622 -20.969717 -18.446902
v 7.462008 -20.398495 -18.907506
v -6.835582 -20.618219 13.798513
v -6.522352 -21.123501 14.175384
v -7.165716 -21.255344 13.966015
v -7.462008 -20.398495 -18.907506
v -7.072622 -20.969717 -18.446902
v -7.868332 -21.123501 -18.698139
v 5.235657 -22.463653 10.783344
v 5.752049 -22.331848 -21.838942
v -3.432638 -4.602545 11.202150
vt 0.083799 0.181826
vt 0.046773 0.193199
vt 0.091165 0.195865
vt 0.051140 0.202084
vt 0.066590 0.145338
vt 0.066590 0.149011
vt 0.072783 0.140955
vt 0.072913 0.147293
vt 0.046773 0.193199
vt 0.083799 0.181826
vt 0.051140 0.202084
vt 0.091165 0.195865
vt 0.155961 0.111160
vt 0.143120 0.115603
vt 0.157200 0.086755
vt 0.145140 0.088651
vt 0.143380 0.072895
vt 0.135819 0.071414
vt 0.136992 0.051926
vt 0.131451 0.108731
vt 0.134776 0.087348
vt 0.077020 0.141192
vt 0.071283 0.140718
vt 0.076759 0.148537
vt 0.072717 0.145575
vt 0.084516 0.137578
vt 0.082430 0.135683
vt 0.080214 0.143561
vt 0.074282 0.138941
vt 0.113525 0.093271
vt 0.092925 0.095996
vt 0.114894 0.140362
vt 0.093121 0.129523
vt 0.073891 0.095048
vt 0.073304 0.129108
vt 0.049250 0.095107
vt 0.051858 0.129463
vt 0.073304 0.129108
vt 0.073891 0.095048
vt 0.093121 0.129523
vt 0.092925 0.095996
vt 0.114894 0.140362
vt 0.113525 0.093271
vt 0.152311 0.067327
vt 0.068806 0.142376
vt 0.070762 0.149248
vt 0.064439 0.142376
vt 0.063396 0.150018
vt 0.054921 0.147707
vt 0.057268 0.140777
vt 0.064439 0.142376
vt 0.063396 0.150018
vt 0.070762 0.149248
vt 0.068806 0.142376
vt 0.080214 0.143561
vt 0.081453 0.145220
vt 0.072066 0.140896
vt 0.078389 0.154875
vt 0.069523 0.149603
vt 0.081909 0.135742
vt 0.085168 0.145397
vt 0.076759 0.149544
vt 0.075390 0.138704
vt 0.068676 0.149248
vt 0.067177 0.138704
vt 0.131451 0.108672
vt 0.143380 0.115543
vt 0.135167 0.087229
vt 0.145075 0.088532
vt 0.143120 0.072895
vt 0.152507 0.067860
vt 0.137057 0.051867
vt 0.156287 0.110034
vt 0.157135 0.086578
vt 0.156353 0.110864
vt 0.143054 0.115603
vt 0.157135 0.086637
vt 0.145075 0.088592
vt 0.143250 0.073013
vt 0.135884 0.071355
vt 0.137318 0.051867
vt 0.131321 0.108791
vt 0.135232 0.087229
vt 0.084386 0.136512
vt 0.078649 0.136038
vt 0.084125 0.143857
vt 0.080084 0.140896
vt 0.139795 0.162871
vt 0.083799 0.181826
vt 0.147878 0.173652
vt 0.083799 0.181826
vt 0.136145 0.071236
vt 0.152181 0.067445
vt 0.181319 0.141902
vt 0.177864 0.135742
vt 0.132690 0.153157
vt 0.083799 0.181826
vt 0.080931 0.171283
vt 0.083799 0.181826
vt 0.083799 0.181826
vt 0.040776 0.182063
vt 0.049576 0.128516
vt 0.072978 0.127982
vt 0.049380 0.094160
vt 0.073956 0.094930
vt 0.092143 0.128160
vt 0.093056 0.096114
vt 0.114242 0.140540
vt 0.113329 0.093390
vt 0.093056 0.096114
vt 0.092143 0.128160
vt 0.073956 0.094930
vt 0.072978 0.127982
vt 0.049380 0.094160
vt 0.049576 0.128516
vt 0.822761 0.061107
vt 0.819111 0.086933
vt 0.802032 0.062173
vt 0.794731 0.087940
vt 0.780520 0.062943
vt 0.771263 0.088236
vt 0.750469 0.084149
vt 0.747731 0.108317
vt 0.724589 0.104052
vt 0.738018 0.157007
vt 0.717745 0.159317
vt 0.744797 0.183485
vt 0.732151 0.186920
vt 0.750012 0.205994
vt 0.727458 0.207830
vt 0.746362 0.214583
vt 0.742320 0.281103
vt 0.775110 0.281162
vt 0.751707 0.331926
vt 0.790429 0.328076
vt 0.767939 0.399867
vt 0.815656 0.400223
vt 0.786452 0.464255
vt 0.826738 0.466565
vt 0.792971 0.521238
vt 0.835473 0.526392
vt 0.797404 0.556127
vt 0.828759 0.574075
vt 0.804770 0.609083
vt 0.840036 0.594629
vt 0.827390 0.624484
vt 0.849618 0.602982
vt 0.840036 0.594629
vt 0.855942 0.576622
vt 0.845447 0.567263
vt 0.762137 0.110331
vt 0.756270 0.157718
vt 0.758422 0.181234
vt 0.760247 0.209785
vt 0.759595 0.220447
vt 0.769569 0.209963
vt 0.775501 0.216834
vt 0.775240 0.184255
vt 0.794731 0.188994
vt 0.774653 0.160857
vt 0.792515 0.162042
vt 0.777261 0.111397
vt 0.799815 0.114299
vt 0.262543 0.214109
vt 0.241943 0.232116
vt 0.277014 0.235315
vt 0.251004 0.257528
vt 0.272386 0.266176
vt 0.246637 0.282584
vt 0.300286 0.315933
vt 0.271212 0.338560
vt 0.356542 0.359055
vt 0.315279 0.399216
vt 0.354326 0.449980
vt 0.294549 0.410707
vt 0.330598 0.464788
vt 0.270300 0.423443
vt 0.307131 0.482321
vt 0.254459 0.508503
vt 0.340832 0.536284
vt 0.279687 0.575378
vt 0.367885 0.599013
vt 0.311824 0.642254
vt 0.387441 0.660498
vt 0.353674 0.686265
vt 0.343179 0.734304
vt 0.295984 0.688279
vt 0.299830 0.812552
vt 0.256024 0.775827
vt 0.241943 0.864264
vt 0.213261 0.850580
vt 0.230536 0.871727
vt 0.189272 0.869654
vt 0.203809 0.889557
vt 0.183145 0.905787
vt 0.216064 0.910407
vt 0.181710 0.934989
vt 0.217042 0.936115
vt 0.214304 0.967627
vt 0.240183 0.945177
vt 0.244746 0.958031
vt 0.256154 0.939846
vt 0.220823 0.526925
vt 0.257067 0.601915
vt 0.243638 0.636449
vt 0.208633 0.743307
vt 0.172128 0.821496
vt 0.191423 0.836364
vt 0.173041 0.854312
vt 0.169064 0.887069
vt 0.163719 0.906201
vt 0.155440 0.935996
vt 0.144684 0.926993
vt 0.137383 0.942512
vt 0.140838 0.927407
vt 0.136210 0.936589
vt 0.131516 0.932383
vt 0.127605 0.938129
vt 0.125780 0.927170
vt 0.119652 0.940320
vt 0.117240 0.915679
vt 0.092143 0.924979
vt 0.107136 0.898264
vt 0.085233 0.907978
vt 0.096315 0.885292
vt 0.076368 0.897257
vt 0.074869 0.893466
vt 0.034583 0.921247
vt 0.132038 0.944881
vt 0.120174 0.953707
vt 0.095859 0.952759
vt 0.095077 0.943934
vt 0.040189 0.951160
vt 0.038494 0.945296
vt 0.032106 0.949798
vt 0.028390 0.942571
vt 0.016982 0.949442
vt 0.015027 0.939313
vt 0.028390 0.942571
vt 0.029107 0.935285
vt 0.032367 0.939195
vt 0.037777 0.934575
vt 0.038494 0.945296
vt 0.095077 0.943934
vt 0.040189 0.951160
vt 0.095859 0.952759
vt 0.093186 0.969641
vt 0.116654 0.971892
vt 0.037777 0.934575
vt 0.032367 0.939195
vt 0.029107 0.935285
vt 0.013853 0.932857
vt 0.027478 0.931139
vt 0.035235 0.928059
vt 0.092143 0.924979
vt 0.085233 0.907978
vt 0.107136 0.898264
vt 0.096315 0.885292
vt 0.118283 0.871076
vt 0.106419 0.878243
vt 0.104855 0.872556
vt 0.095011 0.876525
vt 0.098336 0.868706
vt 0.091361 0.875044
vt 0.087189 0.871846
vt 0.073760 0.888668
vt 0.069328 0.886121
vt 0.047360 0.909933
vt 0.042797 0.908334
vt 0.038885 0.914731
vt 0.037190 0.911118
vt 0.028586 0.912717
vt 0.031193 0.909933
vt 0.020633 0.905491
vt 0.024023 0.897435
vt 0.031193 0.909933
vt 0.035756 0.903773
vt 0.037190 0.911118
vt 0.042797 0.908334
vt 0.038885 0.914731
vt 0.047360 0.909933
vt 0.119652 0.940320
vt 0.120174 0.953707
vt 0.141229 0.961585
vt 0.138231 0.980363
vt 0.155244 0.985338
vt 0.141229 0.961585
vt 0.158765 0.963895
vt 0.168543 0.935522
vt 0.176300 0.966265
vt 0.172258 0.990314
vt 0.158765 0.963895
vt 0.155440 0.935996
vt 0.137383 0.942512
vt 0.144684 0.926993
vt 0.140838 0.927407
vt 0.140251 0.919351
vt 0.137448 0.923498
vt 0.132299 0.917337
vt 0.125780 0.927170
vt 0.117240 0.915679
vt 0.136796 0.899212
vt 0.151203 0.907741
vt 0.163719 0.906201
vt 0.183145 0.905787
vt 0.168543 0.935522
vt 0.181710 0.934989
vt 0.176300 0.966265
vt 0.214304 0.967627
vt 0.214304 0.994638
vt 0.253677 0.986227
vt 0.147878 0.173652
vt 0.139795 0.162871
vt 0.091165 0.195865
vt 0.083799 0.181826
vt 0.808094 0.209429
vt 0.806986 0.274824
vt 0.829736 0.317828
vt 0.844599 0.341699
vt 0.871130 0.377181
vt 0.877714 0.407035
vt 0.815656 0.400223
vt 0.826738 0.466565
vt 0.786452 0.464255
vt 0.792971 0.521238
vt 0.753402 0.529116
vt 0.797404 0.556127
vt 0.772176 0.572298
vt 0.804770 0.609083
vt 0.750925 0.631592
vt 0.777782 0.658069
vt 0.710639 0.685139
vt 0.750925 0.631592
vt 0.689975 0.653745
vt 0.721917 0.593563
vt 0.661423 0.614947
vt 0.699297 0.559326
vt 0.636847 0.578518
vt 0.671853 0.485935
vt 0.616835 0.503231
vt 0.621854 0.432446
vt 0.591412 0.440561
vt 0.603211 0.348985
vt 0.570031 0.380320
vt 0.577723 0.335598
vt 0.739191 0.466624
vt 0.753402 0.529116
vt 0.772176 0.572298
vt 0.828759 0.574075
vt 0.835473 0.526392
vt 0.873607 0.534092
vt 0.880843 0.475332
vt 0.327469 0.264280
vt 0.327534 0.289040
vt 0.310781 0.263036
vt 0.326491 0.286375
vt 0.871391 0.243845
vt 0.888274 0.297037
vt 0.908026 0.330563
vt 0.844599 0.341699
vt 0.790429 0.328076
vt 0.767939 0.399867
vt 0.739191 0.466624
vt 0.699297 0.559326
vt 0.721917 0.593563
vt 0.661423 0.614947
vt 0.689975 0.653745
vt 0.595975 0.682533
vt 0.609795 0.716593
vt 0.535481 0.708181
vt 0.554060 0.739398
vt 0.486461 0.782698
vt 0.535481 0.708181
vt 0.466839 0.752548
vt 0.510775 0.666066
vt 0.444154 0.707411
vt 0.488612 0.629341
vt 0.422056 0.666481
vt 0.403021 0.582013
vt 0.367885 0.599013
vt 0.377924 0.515315
vt 0.340832 0.536284
vt 0.340637 0.476931
vt 0.307131 0.482321
vt 0.330598 0.464788
vt 0.270300 0.423443
vt 0.294549 0.410707
vt 0.256545 0.345846
vt 0.315279 0.399216
vt 0.271212 0.338560
vt 0.356542 0.359055
vt 0.300286 0.315933
vt 0.279687 0.575378
vt 0.311824 0.642254
vt 0.257067 0.601915
vt 0.243638 0.636449
vt 0.187251 0.577392
vt 0.159742 0.712269
vt 0.118805 0.694854
vt 0.098597 0.774701
vt 0.159742 0.712269
vt 0.138557 0.794367
vt 0.154593 0.809650
vt 0.143576 0.825524
vt 0.158765 0.838971
vt 0.141034 0.857096
vt 0.154593 0.871490
vt 0.130343 0.887483
vt 0.136796 0.899212
vt 0.132299 0.917337
vt 0.137448 0.923498
vt 0.187251 0.577392
vt 0.137905 0.565368
vt 0.185491 0.513656
vt 0.220823 0.526925
vt 0.214434 0.447432
vt 0.254459 0.508503
vt 0.238880 0.435289
vt 0.237250 0.352954
vt 0.233991 0.291054
vt 0.246637 0.282584
vt 0.272386 0.266176
vt 0.187251 0.446959
vt 0.197877 0.368710
vt 0.215999 0.358700
vt 0.217889 0.294194
vt 0.231709 0.272336
vt 0.251004 0.257528
vt 0.277014 0.235315
vt 0.193379 0.298162
vt 0.209806 0.276542
vt 0.225712 0.245266
vt 0.241943 0.232116
vt 0.262543 0.214109
vt 0.173627 0.311964
vt 0.172454 0.284124
vt 0.152311 0.278319
vt 0.168673 0.260786
vt 0.144684 0.259305
vt 0.168803 0.233656
vt 0.132755 0.235315
vt 0.191032 0.240409
vt 0.188425 0.268960
vt 0.209024 0.247991
vt 0.343505 0.264813
vt 0.314301 0.240054
vt 0.340311 0.241475
vt 0.327534 0.289040
vt 0.345135 0.289751
vt 0.327469 0.264280
vt 0.343505 0.264813
vt 0.103747 0.258535
vt 0.123042 0.277193
vt 0.094164 0.278852
vt 0.118414 0.293720
vt 0.093708 0.314037
vt 0.122586 0.316584
vt 0.141099 0.306159
vt 0.140577 0.289218
vt 0.345135 0.289751
vt 0.307913 0.282998
vt 0.343505 0.264813
vt 0.310781 0.263036
vt 0.046773 0.193199
vt 0.051140 0.202084
vt 0.310781 0.263036
vt 0.307913 0.282998
vt 0.343505 0.264813
vt 0.310781 0.263036
vt 0.340311 0.241475
vt 0.314301 0.240054
vt 0.181319 0.141902
vt 0.186208 0.152979
vt 0.139795 0.162871
vt 0.147878 0.173652
vt 0.845447 0.567263
vt 0.855942 0.576622
vt 0.866698 0.584678
vt 0.225712 0.245266
vt 0.231709 0.272336
vt 0.233991 0.291054
vt 0.256545 0.345846
vt 0.209806 0.276542
vt 0.217889 0.294194
vt 0.237250 0.352954
vt 0.193379 0.298162
vt 0.215999 0.358700
vt 0.238880 0.435289
vt 0.197877 0.368710
vt 0.214434 0.447432
vt 0.187251 0.446959
vt 0.185491 0.513656
vt 0.133407 0.503172
vt 0.149899 0.439140
vt 0.178712 0.440976
vt 0.149899 0.439140
vt 0.115154 0.445715
vt 0.173627 0.311964
vt 0.157461 0.323396
vt 0.141099 0.306159
vt 0.122586 0.316584
vt 0.118414 0.293720
vt 0.093708 0.314037
vt 0.094164 0.278852
vt 0.123042 0.277193
vt 0.140577 0.289218
vt 0.144684 0.259305
vt 0.152311 0.278319
vt 0.168673 0.260786
vt 0.172454 0.284124
vt 0.188425 0.268960
vt 0.179494 0.376055
vt 0.307913 0.282998
vt 0.345135 0.289751
vt 0.310781 0.263036
vt 0.343505 0.264813
vt 0.327534 0.289040
vt 0.345135 0.289751
vt 0.327469 0.264280
vt 0.010985 0.835713
vt 0.024609 0.836127
vt 0.010985 0.835713
vt 0.024609 0.836127
vt 0.314301 0.240054
vt 0.340311 0.241475
vt 0.310781 0.263036
vt 0.343505 0.264813
vt 0.130343 0.887483
vt 0.154593 0.871490
vt 0.169064 0.887069
vt 0.173041 0.854312
vt 0.189272 0.869654
vt 0.191423 0.836364
vt 0.213261 0.850580
vt 0.256024 0.775827
vt 0.241943 0.864264
vt 0.299830 0.812552
vt 0.263651 0.884818
vt 0.335161 0.846256
vt 0.280404 0.910407
vt 0.304393 0.938306
vt 0.257849 0.939313
vt 0.283011 0.962237
vt 0.244746 0.958031
vt 0.141034 0.857096
vt 0.158765 0.838971
vt 0.172128 0.821496
vt 0.208633 0.743307
vt 0.154593 0.809650
vt 0.138557 0.794367
vt 0.125063 0.808110
vt 0.092339 0.787081
vt 0.125063 0.808110
vt 0.105507 0.827835
vt 0.127866 0.841991
vt 0.107332 0.860236
vt 0.118283 0.871076
vt 0.143576 0.825524
vt 0.127866 0.841991
vt 0.105507 0.827835
vt 0.107332 0.860236
vt 0.092600 0.846256
vt 0.078519 0.863079
vt 0.059876 0.878717
vt 0.035756 0.903773
vt 0.044165 0.868469
vt 0.060136 0.847204
vt 0.059876 0.878717
vt 0.078519 0.863079
vt 0.092600 0.846256
vt 0.087189 0.871846
vt 0.098336 0.868706
vt 0.104855 0.872556
vt 0.095011 0.876525
vt 0.106419 0.878243
vt 0.094555 0.880790
vt 0.091361 0.875044
vt 0.073760 0.888668
vt 0.069328 0.886121
vt 0.080996 0.811130
vt 0.069980 0.831211
vt 0.266975 0.917337
vt 0.259283 0.899863
vt 0.243899 0.894532
vt 0.230536 0.871727
vt 0.242204 0.899330
vt 0.203809 0.889557
vt 0.216064 0.910407
vt 0.236011 0.924386
vt 0.217042 0.936115
vt 0.240183 0.945177
vt 0.256154 0.939846
vt 0.258371 0.914376
vt 0.081909 0.135742
vt 0.072783 0.140955
vt 0.085168 0.145397
vt 0.072913 0.147293
vt 0.028586 0.912717
vt 0.019199 0.910348
vt 0.147878 0.173652
vt 0.186208 0.152979
vt 0.139795 0.162871
vt 0.181319 0.141902
vt 0.295984 0.688279
vt 0.353674 0.686265
vt 0.343179 0.734304
vt 0.387441 0.660498
vt 0.368472 0.765639
vt 0.390766 0.797803
vt 0.359020 0.872319
vt 0.335161 0.846256
vt 0.280404 0.910407
vt 0.263651 0.884818
vt 0.259283 0.899863
vt 0.243899 0.894532
vt 0.410583 0.828012
vt 0.390766 0.797803
vt 0.242204 0.899330
vt 0.466839 0.752548
vt 0.444154 0.707411
vt 0.368472 0.765639
vt 0.422056 0.666481
vt 0.488612 0.629341
vt 0.403021 0.582013
vt 0.458300 0.560748
vt 0.377924 0.515315
vt 0.435745 0.500684
vt 0.373100 0.457384
vt 0.424663 0.446959
vt 0.383009 0.415564
vt 0.412343 0.393411
vt 0.424663 0.446959
vt 0.464688 0.374989
vt 0.484635 0.428359
vt 0.539197 0.400756
vt 0.502497 0.477464
vt 0.563968 0.459812
vt 0.526486 0.535455
vt 0.595128 0.512590
vt 0.558818 0.604462
vt 0.575963 0.641958
vt 0.595975 0.682533
vt 0.435745 0.500684
vt 0.458300 0.560748
vt 0.373100 0.457384
vt 0.354326 0.449980
vt 0.400870 0.383400
vt 0.340637 0.476931
vt 0.131451 0.108672
vt 0.135167 0.087229
vt 0.143380 0.115543
vt 0.145075 0.088532
vt 0.156287 0.110034
vt 0.157135 0.086578
vt 0.143120 0.072895
vt 0.152507 0.067860
vt 0.136145 0.071236
vt 0.137057 0.051867
vt 0.046773 0.193199
vt 0.051140 0.202084
vt 0.083799 0.181826
vt 0.091165 0.195865
vt 0.084582 0.138467
vt 0.081453 0.145220
vt 0.078975 0.135979
vt 0.072066 0.140896
vt 0.728044 0.410530
vt 0.670223 0.423443
vt 0.637499 0.354020
vt 0.634175 0.278378
vt 0.607644 0.274113
vt 0.677524 0.343417
vt 0.665530 0.278497
vt 0.667942 0.193614
vt 0.642062 0.194799
vt 0.648255 0.175014
vt 0.677785 0.159140
vt 0.693104 0.194502
vt 0.693821 0.273462
vt 0.720809 0.337790
vt 0.714029 0.277253
vt 0.710118 0.201433
vt 0.700144 0.157955
vt 0.684499 0.106362
vt 0.660054 0.154934
vt 0.665204 0.109087
vt 0.703925 0.105592
vt 0.693365 0.085571
vt 0.682870 0.085275
vt 0.693495 0.059093
vt 0.676481 0.060870
vt 0.696755 0.038953
vt 0.669571 0.040671
vt 0.664291 0.015082
vt 0.644735 0.025093
vt 0.656012 0.050326
vt 0.667681 0.079410
vt 0.635935 0.082668
vt 0.615857 0.060574
vt 0.700731 0.013187
vt 0.731760 0.030424
vt 0.720092 0.056013
vt 0.749686 0.047720
vt 0.733976 0.071058
vt 0.762985 0.059863
vt 0.707184 0.079055
vt 0.072913 0.147293
vt 0.072783 0.140955
vt 0.085168 0.145397
vt 0.081909 0.135742
vt 0.066590 0.149011
vt 0.066590 0.145338
vt 0.103747 0.258535
vt 0.132755 0.235315
vt 0.168803 0.233656
vt 0.191032 0.240409
vt 0.209024 0.247991
vt 0.509798 0.307462
vt 0.545455 0.315281
vt 0.495913 0.291232
vt 0.505234 0.247102
vt 0.566902 0.286730
vt 0.573551 0.259186
vt 0.518337 0.229391
vt 0.563316 0.237329
vt 0.541609 0.225363
vt 0.378054 0.322685
vt 0.391939 0.338915
vt 0.384443 0.289099
vt 0.427662 0.346734
vt 0.449043 0.318183
vt 0.454649 0.294194
vt 0.399436 0.264399
vt 0.444480 0.272395
vt 0.422707 0.260430
vt 0.343505 0.264813
vt 0.327469 0.264280
vt 0.340311 0.241475
vt 0.328838 0.241949
vt 0.330272 0.210555
vt 0.084516 0.137578
vt 0.080214 0.143561
vt 0.082430 0.135683
vt 0.074282 0.138941
vt 0.100618 0.182596
vt 0.100618 0.173474
vt 0.082365 0.182596
vt 0.082365 0.173474
vt 0.327534 0.289040
vt 0.345135 0.289751
vt 0.327469 0.264280
vt 0.343505 0.264813
vt 0.100618 0.182596
vt 0.082365 0.182596
vt 0.310781 0.263036
vt 0.307913 0.282998
vt 0.328838 0.241949
vt 0.307913 0.282998
vt 0.327534 0.289040
vt 0.345135 0.289751
vt 0.327469 0.264280
vt 0.343505 0.264813
vt 0.328838 0.241949
vt 0.310781 0.263036
vt 0.314301 0.240054
vt 0.307913 0.282998
vt 0.340311 0.241475
vt 0.328838 0.241949
vt 0.314301 0.240054
vt 0.181319 0.141902
vt 0.186208 0.152979
vt 0.100618 0.182596
vt 0.100618 0.173474
vt 0.082365 0.182596
vt 0.082365 0.173474
vt 0.327534 0.289040
vt 0.345135 0.289751
vt 0.327469 0.264280
vt 0.343505 0.264813
vt 0.100618 0.182596
vt 0.082365 0.182596
vt 0.310781 0.263036
vt 0.307913 0.282998
vt 0.343505 0.264813
vt 0.340311 0.241475
vt 0.327469 0.264280
vt 0.328838 0.241949
vt 0.067177 0.138704
vt 0.075390 0.138704
vt 0.068676 0.149248
vt 0.076759 0.149544
vt 0.072913 0.147293
vt 0.072783 0.140955
vt 0.085168 0.145397
vt 0.081909 0.135742
vt 0.186208 0.152979
vt 0.310781 0.263036
vt 0.314301 0.240054
vt 0.345135 0.289751
vt 0.327534 0.289040
vt 0.307913 0.282998
vt 0.327469 0.264280
vt 0.328838 0.241949
vt 0.345135 0.289751
vt 0.327534 0.289040
vt 0.307913 0.282998
vt 0.327469 0.264280
vt 0.327534 0.289040
vt 0.310781 0.263036
vt 0.307913 0.282998
vt 0.328838 0.241949
vt 0.314301 0.240054
vt 0.330272 0.210555
vt 0.051140 0.202084
vt 0.046773 0.193199
vt 0.091165 0.195865
vt 0.083799 0.181826
vt 0.327469 0.264280
vt 0.327534 0.289040
vt 0.072066 0.140896
vt 0.078975 0.135979
vt 0.081453 0.145220
vt 0.084582 0.138467
vt 0.307913 0.282998
vt 0.310781 0.263036
vt 0.327534 0.289040
vt 0.327469 0.264280
vt 0.151203 0.907741
vt 0.140251 0.919351
vt 0.343505 0.264813
vt 0.327469 0.264280
vt 0.340311 0.241475
vt 0.328838 0.241949
vt 0.330272 0.210555
vt 0.345135 0.289751
vt 0.343505 0.264813
vt 0.327534 0.289040
vt 0.327469 0.264280
vt 0.326491 0.286375
vt 0.343505 0.264813
vt 0.327469 0.264280
vt 0.327534 0.289040
vt 0.327534 0.289040
vt 0.310781 0.263036
vt 0.307913 0.282998
vt 0.328838 0.241949
vt 0.314301 0.240054
vt 0.076759 0.149544
vt 0.068676 0.149248
vt 0.075390 0.138704
vt 0.067177 0.138704
vt 0.078389 0.154875
vt 0.069523 0.149603
vt 0.330272 0.210555
vt 0.340311 0.241475
vt 0.328838 0.241949
vt 0.328838 0.241949
vt 0.330272 0.210555
vt 0.327469 0.264280
vt 0.327534 0.289040
vt 0.310781 0.263036
vt 0.307913 0.282998
vt 0.100618 0.182596
vt 0.100618 0.182596
vt 0.082365 0.182596
vt 0.082365 0.182596
vt 0.340311 0.241475
vt 0.343505 0.264813
vt 0.077020 0.141192
vt 0.076759 0.148537
vt 0.071283 0.140718
vt 0.072717 0.145575
vt 0.340311 0.241475
vt 0.314301 0.240054
vt 0.343505 0.264813
vt 0.340311 0.241475
vt 0.328838 0.241949
vt 0.330272 0.210555
vt 0.066590 0.145338
vt 0.066590 0.149011
vt 0.091165 0.195865
vt 0.083799 0.181826
vt 0.147878 0.173652
vt 0.139795 0.162871
vt 0.181319 0.141902
vt 0.186208 0.152979
vt 0.066590 0.145338
vt 0.066590 0.149011
vt 0.069523 0.149603
vt 0.078389 0.154875
vt 0.072066 0.140896
vt 0.081453 0.145220
vt 0.345135 0.289751
vt 0.340311 0.241475
vt 0.074282 0.138941
vt 0.080214 0.143561
vt 0.082430 0.135683
vt 0.084516 0.137578
vt 0.032106 0.949798
vt 0.024023 0.960282
vt 0.035756 0.964784
vt 0.177864 0.135742
vt 0.132690 0.153157
vt 0.083799 0.181826
vt 0.080931 0.171283
vt 0.046773 0.193199
vt 0.040776 0.182063
vt 0.340311 0.241475
vt 0.314301 0.240054
vt 0.310781 0.263036
vt 0.091165 0.195865
vt 0.051140 0.202084
vt 0.083799 0.181826
vt 0.139795 0.162871
vt 0.091165 0.195865
vt 0.147878 0.173652
vt 0.340311 0.241475
vt 0.155961 0.111160
vt 0.157200 0.086755
vt 0.143120 0.115603
vt 0.145140 0.088651
vt 0.131451 0.108731
vt 0.134776 0.087348
vt 0.143380 0.072895
vt 0.135819 0.071414
vt 0.152311 0.067327
vt 0.136992 0.051926
vt 0.314301 0.240054
vt 0.050358 0.103696
vt 0.073565 0.105237
vt 0.093056 0.104585
vt 0.113394 0.106895
vt 0.093056 0.104585
vt 0.073565 0.105237
vt 0.050358 0.103696
vt 0.024609 0.836127
vt 0.024609 0.836127
vt 0.131451 0.108672
vt 0.135167 0.087229
vt 0.143380 0.115543
vt 0.145075 0.088532
vt 0.155831 0.111041
vt 0.157135 0.086578
vt 0.143120 0.072895
vt 0.152507 0.067860
vt 0.136145 0.071236
vt 0.137057 0.051867
vt 0.314301 0.240054
vt 0.310781 0.263036
vt 0.046773 0.193199
vt 0.051140 0.202084
vt 0.067177 0.138704
vt 0.068676 0.149248
vt 0.075390 0.138704
vt 0.076759 0.149544
vt 0.078975 0.135979
vt 0.084582 0.138467
vt 0.113525 0.093271
vt 0.092925 0.095996
vt 0.114894 0.140362
vt 0.093121 0.129523
vt 0.073891 0.095048
vt 0.073304 0.129108
vt 0.049250 0.095107
vt 0.051858 0.129463
vt 0.073304 0.129108
vt 0.073891 0.095048
vt 0.093121 0.129523
vt 0.092925 0.095996
vt 0.114894 0.140362
vt 0.113525 0.093271
vt 0.186208 0.152979
vt 0.181319 0.141902
vt 0.046773 0.193199
vt 0.051140 0.202084
vt 0.484635 0.428359
vt 0.539197 0.400756
vt 0.502497 0.477464
vt 0.563968 0.459812
vt 0.526486 0.535455
vt 0.595128 0.512590
vt 0.558818 0.604462
vt 0.636847 0.578518
vt 0.575963 0.641958
vt 0.510775 0.666066
vt 0.671853 0.485935
vt 0.616835 0.503231
vt 0.621854 0.432446
vt 0.591412 0.440561
vt 0.603211 0.348985
vt 0.570031 0.380320
vt 0.577723 0.335598
vt 0.559340 0.338442
vt 0.522574 0.354672
vt 0.728044 0.410530
vt 0.670223 0.423443
vt 0.677524 0.343417
vt 0.637499 0.354020
vt 0.665530 0.278497
vt 0.634175 0.278378
vt 0.667942 0.193614
vt 0.642062 0.194799
vt 0.648255 0.175014
vt 0.607644 0.274113
vt 0.378054 0.322685
vt 0.384443 0.289099
vt 0.391939 0.338915
vt 0.427662 0.346734
vt 0.449043 0.318183
vt 0.454649 0.294194
vt 0.399436 0.264399
vt 0.444480 0.272395
vt 0.751707 0.331926
vt 0.720809 0.337790
vt 0.714029 0.277253
vt 0.693821 0.273462
vt 0.710118 0.201433
vt 0.693104 0.194502
vt 0.700144 0.157955
vt 0.677785 0.159140
vt 0.684499 0.106362
vt 0.660054 0.154934
vt 0.665204 0.109087
vt 0.049380 0.094160
vt 0.073956 0.094930
vt 0.050358 0.103696
vt 0.073565 0.105237
vt 0.093056 0.096114
vt 0.093056 0.104585
vt 0.113329 0.093390
vt 0.113394 0.106895
vt 0.093056 0.104585
vt 0.093056 0.096114
vt 0.073565 0.105237
vt 0.073956 0.094930
vt 0.050358 0.103696
vt 0.049380 0.094160
vt 0.775110 0.281162
vt 0.742320 0.281103
vt 0.746362 0.214583
vt 0.727458 0.207830
vt 0.750012 0.205994
vt 0.732151 0.186920
vt 0.744797 0.183485
vt 0.717745 0.159317
vt 0.738018 0.157007
vt 0.724589 0.104052
vt 0.747731 0.108317
vt 0.750469 0.084149
vt 0.771263 0.088236
vt 0.780520 0.062943
vt 0.794731 0.087940
vt 0.802032 0.062173
vt 0.819111 0.086933
vt 0.822761 0.061107
vt 0.799815 0.114299
vt 0.777261 0.111397
vt 0.792515 0.162042
vt 0.774653 0.160857
vt 0.794731 0.188994
vt 0.775240 0.184255
vt 0.775501 0.216834
vt 0.769569 0.209963
vt 0.759595 0.220447
vt 0.760247 0.209785
vt 0.758422 0.181234
vt 0.756270 0.157718
vt 0.762137 0.110331
vt 0.703925 0.105592
vt 0.707184 0.079055
vt 0.693365 0.085571
vt 0.693495 0.059093
vt 0.682870 0.085275
vt 0.676481 0.060870
vt 0.667681 0.079410
vt 0.656012 0.050326
vt 0.635935 0.082668
vt 0.615857 0.060574
vt 0.733976 0.071058
vt 0.720092 0.056013
vt 0.696755 0.038953
vt 0.669571 0.040671
vt 0.644735 0.025093
vt 0.762985 0.059863
vt 0.749686 0.047720
vt 0.731760 0.030424
vt 0.700731 0.013187
vt 0.664291 0.015082
vt 0.806986 0.274824
vt 0.808094 0.209429
vt 0.871391 0.243845
vt 0.829736 0.317828
vt 0.888274 0.297037
vt 0.933580 0.256402
vt 0.985599 0.293601
vt 0.973930 0.253855
vt 0.973930 0.253855
vt 0.933580 0.256402
vt 0.177864 0.135742
vt 0.132690 0.153157
vt 0.080931 0.171283
vt 0.040776 0.182063
vt 0.049576 0.128516
vt 0.072978 0.127982
vt 0.092143 0.128160
vt 0.114242 0.140540
vt 0.092143 0.128160
vt 0.072978 0.127982
vt 0.049576 0.128516
vt 0.074282 0.138941
vt 0.082430 0.135683
vt 0.084516 0.137578
vt 0.147878 0.173652
vt 0.139795 0.162871
vt 0.091491 0.164352
vt 0.100618 0.173474
vt 0.082365 0.173474
vt 0.082365 0.182596
vt 0.330272 0.210555
vt 0.314301 0.240054
vt 0.328838 0.241949
vt 0.068806 0.142376
vt 0.070762 0.149248
vt 0.064439 0.142376
vt 0.063396 0.150018
vt 0.054921 0.147707
vt 0.057268 0.140777
vt 0.064439 0.142376
vt 0.063396 0.150018
vt 0.070762 0.149248
vt 0.068806 0.142376
vt 0.314301 0.240054
vt 0.345135 0.289751
vt 0.330272 0.210555
vt 0.314301 0.240054
vt 0.139795 0.162871
vt 0.147878 0.173652
vt 0.177864 0.135742
vt 0.132690 0.153157
vt 0.080931 0.171283
vt 0.040776 0.182063
vt 0.131451 0.108672
vt 0.143380 0.115543
vt 0.135167 0.087229
vt 0.145075 0.088532
vt 0.143120 0.072895
vt 0.152507 0.067860
vt 0.137057 0.051867
vt 0.155831 0.111041
vt 0.157135 0.086578
vt 0.136145 0.071236
vt 0.091491 0.164352
vt 0.100618 0.173474
vt 0.082365 0.173474
vt 0.327534 0.289040
vt 0.326491 0.286375
vt 0.179494 0.376055
vt 0.157461 0.323396
vt 0.328838 0.241949
vt 0.330272 0.210555
vt 0.330272 0.210555
vt 0.100618 0.182596
vt 0.100618 0.182596
vt 0.082365 0.182596
vt 0.340311 0.241475
vt 0.328838 0.241949
vt 0.345135 0.289751
vt 0.330272 0.210555
vt 0.314301 0.240054
vt 0.330272 0.210555
vt 0.156353 0.110864
vt 0.157135 0.086637
vt 0.143054 0.115603
vt 0.145075 0.088592
vt 0.131321 0.108791
vt 0.135232 0.087229
vt 0.143250 0.073013
vt 0.135884 0.071355
vt 0.152181 0.067445
vt 0.137318 0.051867
vt 0.328838 0.241949
vt 0.330272 0.210555
vt 0.080084 0.140896
vt 0.078649 0.136038
vt 0.084125 0.143857
vt 0.084386 0.136512
vt 0.181319 0.141902
vt 0.186208 0.152979
vt 0.078389 0.154875
vt 0.069523 0.149603
vt 0.084582 0.138467
vt 0.078975 0.135979
vt 0.186208 0.152979
vt 0.181319 0.141902
vt 0.257849 0.939313
vt 0.266975 0.917337
vt 0.509798 0.307462
vt 0.495913 0.291232
vt 0.545455 0.315281
vt 0.505234 0.247102
vt 0.566902 0.286730
vt 0.573551 0.259186
vt 0.518337 0.229391
vt 0.563316 0.237329
vt 0.340311 0.241475
vt 0.027478 0.931139
vt 0.025848 0.927763
vt 0.013006 0.929362
vt 0.012810 0.925275
vt 0.025848 0.927763
vt 0.025978 0.923557
vt 0.034844 0.924446
vt 0.034583 0.921247
vt 0.076368 0.897257
vt 0.074869 0.893466
vt 0.094555 0.880790
vt 0.025978 0.923557
vt 0.034844 0.924446
vt 0.035235 0.928059
vt 0.324666 0.076330
vt 0.277275 0.040020
vt 0.262803 0.066734
vt 0.229493 0.025093
vt 0.220301 0.059212
vt 0.227667 0.022960
vt 0.227016 0.064898
vt 0.235099 0.024086
vt 0.234316 0.066971
vt 0.278383 0.033622
vt 0.270430 0.066971
vt 0.347547 0.064010
vt 0.333988 0.060041
vt 0.286923 0.021894
vt 0.238423 0.005012
vt 0.229102 0.001695
vt 0.238749 0.003176
vt 0.227667 0.022960
vt 0.235099 0.024086
vt 0.227016 0.064898
vt 0.234316 0.066971
vt 0.282881 0.013779
vt 0.356151 0.052281
vt 0.278383 0.033622
vt 0.356151 0.052281
vt 0.347547 0.064010
vt 0.270430 0.066971
vt 0.342006 0.077160
vt 0.355043 0.065194
vt 0.342462 0.042685
vt 0.365929 0.052873
vt 0.355043 0.065194
vt 0.333988 0.060041
vt 0.277275 0.040020
vt 0.229493 0.025093
vt 0.324666 0.076330
vt 0.262803 0.066734
vt 0.220301 0.059212
vt 0.342006 0.077160
vt 0.363843 0.032912
vt 0.420100 0.879664
vt 0.416124 0.887602
vt 0.429291 0.896191
vt 0.409409 0.911710
vt 0.447544 0.909992
vt 0.444089 0.925808
vt 0.469186 0.926637
vt 0.468404 0.939669
vt 0.494413 0.942630
vt 0.488938 0.954773
vt 0.432420 0.891393
vt 0.450673 0.905550
vt 0.457974 0.876880
vt 0.471989 0.892578
vt 0.492262 0.859880
vt 0.500671 0.882567
vt 0.520684 0.861598
vt 0.522444 0.885351
vt 0.527268 0.887246
vt 0.519511 0.909637
vt 0.523487 0.912776
vt 0.505560 0.931850
vt 0.507255 0.936944
vt 0.494544 0.937655
vt 0.504843 0.907327
vt 0.484766 0.915264
vt 0.471076 0.922668
vt 0.440569 0.866633
vt 0.462993 0.858222
vt 0.409866 0.941031
vt 0.436006 0.949679
vt 0.464688 0.954240
vt 0.464884 0.971004
vt 0.439135 0.972484
vt 0.413386 0.965199
vt 0.588935 0.909518
vt 0.562599 0.930191
vt 0.590369 0.921839
vt 0.586979 0.937773
vt 0.652949 0.931850
vt 0.587566 0.947843
vt 0.653209 0.951871
vt 0.589065 0.961822
vt 0.656208 0.973728
vt 0.653209 0.951871
vt 0.740560 0.938721
vt 0.652949 0.931850
vt 0.734107 0.904365
vt 0.650798 0.908156
vt 0.725632 0.871016
vt 0.647603 0.881441
vt 0.713638 0.844539
vt 0.725632 0.871016
vt 0.800467 0.836305
vt 0.804574 0.865211
vt 0.889513 0.847145
vt 0.883320 0.876940
vt 0.952419 0.906498
vt 0.872890 0.907741
vt 0.944792 0.927466
vt 0.864677 0.940320
vt 0.939446 0.950390
vt 0.870087 0.970293
vt 0.943358 0.965909
vt 0.939446 0.950390
vt 0.959068 0.956847
vt 0.944792 0.927466
vt 0.975756 0.937418
vt 0.972040 0.910466
vt 0.962327 0.892637
vt 0.952419 0.906498
vt 0.872890 0.907741
vt 0.864677 0.940320
vt 0.802358 0.933805
vt 0.804444 0.962415
vt 0.745906 0.963125
vt 0.802358 0.933805
vt 0.740560 0.938721
vt 0.734107 0.904365
vt 0.650798 0.908156
vt 0.590369 0.921839
vt 0.562599 0.930191
vt 0.586979 0.937773
vt 0.587566 0.947843
vt 0.802293 0.897375
vt 0.804574 0.865211
vt 0.883320 0.876940
vt 0.802293 0.897375
vt 0.559666 0.941031
vt 0.556993 0.951752
vt 0.559666 0.941031
vt 0.011246 0.835653
vt 0.024218 0.827420
vt 0.026500 0.837016
vt 0.028195 0.826413
vt 0.023697 0.826591
vt 0.012028 0.826531
vt 0.023697 0.826591
vt 0.013136 0.812552
vt 0.024023 0.813026
vt 0.024544 0.795848
vt 0.028195 0.812908
vt 0.028129 0.795789
vt 0.024609 0.813204
vt 0.024935 0.795789
vt 0.013136 0.808939
vt 0.015548 0.787615
vt 0.024935 0.795789
vt 0.024414 0.788325
vt 0.028129 0.795789
vt 0.027869 0.787141
vt 0.024218 0.787437
vt 0.026109 0.782698
vt 0.022458 0.782876
vt 0.023175 0.778492
vt 0.020046 0.779559
vt 0.020177 0.775057
vt 0.017699 0.777308
vt 0.020046 0.779559
vt 0.017113 0.780329
vt 0.022458 0.782876
vt 0.016265 0.786785
vt 0.024218 0.787437
vt 0.015157 0.793834
vt 0.024544 0.795848
vt 0.024023 0.813026
vt 0.028195 0.812908
vt 0.024609 0.813204
vt 0.012093 0.826887
vt 0.024218 0.827420
vt 0.026500 0.837016
vt 0.028195 0.826413
vt 0.027869 0.787141
vt 0.024414 0.788325
vt 0.023045 0.784238
vt 0.020568 0.781336
vt 0.017830 0.778611
vt 0.022654 0.778019
vt 0.019459 0.774998
vt 0.022654 0.778019
vt 0.020568 0.781336
vt 0.023045 0.784238
vt 0.025783 0.782165
vt 0.025783 0.782165
vt 0.023175 0.778492
vt 0.026109 0.782698
vt 0.136210 0.936589
vt 0.132038 0.944881
vt 0.127605 0.938129
vt 0.131516 0.932383
vt 0.420100 0.879664
vt 0.440569 0.866633
vt 0.432420 0.891393
vt 0.457974 0.876880
vt 0.450673 0.905550
vt 0.471989 0.892578
vt 0.471076 0.922668
vt 0.484766 0.915264
vt 0.494544 0.937655
vt 0.504843 0.907327
vt 0.505560 0.931850
vt 0.519511 0.909637
vt 0.523487 0.912776
vt 0.527268 0.887246
vt 0.462993 0.858222
vt 0.492262 0.859880
vt 0.500671 0.882567
vt 0.522444 0.885351
vt 0.520684 0.861598
vt 0.507255 0.936944
vt 0.494413 0.942630
vt 0.469186 0.926637
vt 0.447544 0.909992
vt 0.468404 0.939669
vt 0.444089 0.925808
vt 0.409409 0.911710
vt 0.429291 0.896191
vt 0.416124 0.887602
vt 0.488938 0.954773
vt 0.464688 0.954240
vt 0.436006 0.949679
vt 0.439135 0.972484
vt 0.413386 0.965199
vt 0.409866 0.941031
vt 0.464884 0.971004
vt 0.258371 0.914376
vt 0.236011 0.924386
vt 0.178712 0.440976
vt 0.091491 0.164352
vt 0.330272 0.210555
vt 0.330272 0.210555
vt 0.091491 0.164352
vt 0.330272 0.210555
vt -0.855483 -0.794412
vt -1.030771 -0.744123
vt -0.994658 -0.924787
vt -0.833971 -0.792991
vt -1.046416 -0.729966
vt -1.000459 -0.939951
vt -1.018582 -0.932606
vt -0.947723 -0.758280
vt -1.130378 -0.773917
vt -1.017604 -0.946289
vt -0.928688 -0.750461
vt -1.150390 -0.767579
vt 0.422707 0.260430
vt 0.541609 0.225363
vt 0.400870 0.383400
vn 0.904118 0.409882 -0.120692
vn 0.904118 0.409882 -0.120692
vn 0.904118 0.409882 -0.120692
vn 0.853120 0.507128 -0.122499
vn 0.853120 0.507128 -0.122499
vn 0.853120 0.507129 -0.122499
vn 0.385639 -0.641870 0.662786
vn 0.385639 -0.641870 0.662786
vn 0.385639 -0.641870 0.662786
vn 0.843285 0.018932 0.537133
vn 0.843285 0.018932 0.537133
vn 0.843285 0.018932 0.537133
vn -0.849721 -0.323275 0.416493
vn -0.849721 -0.323275 0.416494
vn -0.849721 -0.323275 0.416493
vn -0.815307 -0.160915 0.556221
vn -0.815307 -0.160915 0.556221
vn -0.815307 -0.160915 0.556221
vn 0.975094 0.010670 0.221533
vn 0.975094 0.010670 0.221533
vn 0.975094 0.010670 0.221533
vn 0.970246 -0.064052 0.233496
vn 0.970246 -0.064052 0.233496
vn 0.970246 -0.064052 0.233496
vn 0.970134 -0.061159 0.234732
vn 0.970134 -0.061159 0.234732
vn 0.970134 -0.061159 0.234732
vn 0.402413 0.809174 -0.428136
vn 0.402413 0.809174 -0.428136
vn 0.402413 0.809174 -0.428136
vn 0.497450 0.632736 -0.593454
vn 0.497451 0.632736 -0.593454
vn 0.497451 0.632736 -0.593454
vn 0.483510 0.795204 -0.365882
vn 0.483510 0.795204 -0.365882
vn 0.483510 0.795204 -0.365882
vn 0.337007 0.875994 -0.345052
vn 0.337007 0.875994 -0.345052
vn 0.337007 0.875994 -0.345052
vn 0.397598 0.806945 -0.436755
vn 0.397598 0.806945 -0.436755
vn 0.397598 0.806945 -0.436755
vn 0.198891 -0.946288 -0.254915
vn 0.198891 -0.946288 -0.254915
vn 0.198891 -0.946288 -0.254915
vn 0.044737 -0.975072 -0.217332
vn 0.044737 -0.975072 -0.217332
vn 0.044737 -0.975072 -0.217332
vn -0.275175 0.477255 -0.834570
vn -0.275175 0.477255 -0.834570
vn -0.275174 0.477254 -0.834570
vn -0.358043 0.521971 -0.774177
vn -0.358043 0.521971 -0.774177
vn -0.358043 0.521971 -0.774177
vn 0.730276 0.604562 -0.318122
vn 0.730276 0.604562 -0.318122
vn 0.730276 0.604562 -0.318122
vn 0.858050 0.431162 -0.279015
vn 0.858050 0.431162 -0.279015
vn 0.858050 0.431162 -0.279015
vn 0.477774 0.652580 -0.588108
vn 0.477774 0.652580 -0.588108
vn 0.477774 0.652580 -0.588108
vn 0.587618 0.564806 -0.579395
vn 0.587618 0.564806 -0.579395
vn 0.587618 0.564807 -0.579395
vn 0.160424 0.682815 -0.712761
vn 0.160424 0.682815 -0.712761
vn 0.160424 0.682815 -0.712761
vn 0.131608 0.702099 -0.699811
vn 0.131608 0.702099 -0.699811
vn 0.131608 0.702099 -0.699811
vn -0.134058 0.701867 -0.699579
vn -0.134058 0.701867 -0.699579
vn -0.134058 0.701867 -0.699579
vn -0.163300 0.682535 -0.712375
vn -0.163300 0.682535 -0.712375
vn -0.163300 0.682535 -0.712375
vn -0.587492 0.564917 -0.579415
vn -0.587492 0.564917 -0.579415
vn -0.587492 0.564917 -0.579415
vn -0.477775 0.652578 -0.588110
vn -0.477775 0.652578 -0.588110
vn -0.477775 0.652578 -0.588110
vn -0.858049 0.431163 -0.279016
vn -0.858049 0.431163 -0.279016
vn -0.858049 0.431163 -0.279016
vn -0.730276 0.604563 -0.318121
vn -0.730276 0.604563 -0.318121
vn -0.730276 0.604563 -0.318121
vn 0.895142 -0.016742 0.445467
vn 0.895142 -0.016742 0.445467
vn 0.895142 -0.016742 0.445467
vn 0.862639 0.133058 0.488006
vn 0.862639 0.133058 0.488006
vn 0.862639 0.133059 0.488006
vn -0.166996 -0.964933 -0.202526
vn -0.166996 -0.964933 -0.202526
vn -0.166996 -0.964933 -0.202526
vn -0.214831 -0.972386 -0.091174
vn -0.214831 -0.972386 -0.091174
vn -0.214831 -0.972386 -0.091174
vn -0.213803 -0.972654 -0.090737
vn -0.213803 -0.972654 -0.090737
vn -0.213803 -0.972654 -0.090737
vn -0.174106 -0.984448 -0.023452
vn -0.174106 -0.984448 -0.023452
vn -0.174106 -0.984448 -0.023452
vn -0.082582 -0.996522 -0.011124
vn -0.082582 -0.996522 -0.011124
vn -0.082582 -0.996522 -0.011124
vn -0.095720 -0.995408 0.000000
vn -0.095720 -0.995408 0.000000
vn -0.095720 -0.995408 0.000000
vn 0.097518 -0.995234 0.000000
vn 0.097518 -0.995234 0.000000
vn 0.097518 -0.995234 0.000000
vn 0.083904 -0.996410 -0.011313
vn 0.083904 -0.996410 -0.011313
vn 0.083904 -0.996410 -0.011313
vn 0.174087 -0.984450 -0.023473
vn 0.174087 -0.984451 -0.023473
vn 0.174087 -0.984451 -0.023473
vn 0.213760 -0.972665 -0.090718
vn 0.213760 -0.972665 -0.090718
vn 0.213760 -0.972665 -0.090718
vn 0.214832 -0.972386 -0.091174
vn 0.214832 -0.972386 -0.091174
vn 0.214832 -0.972386 -0.091174
vn -0.100271 -0.978630 -0.179527
vn -0.100271 -0.978630 -0.179527
vn -0.100271 -0.978630 -0.179527
vn -0.563057 -0.807281 -0.176816
vn -0.563057 -0.807281 -0.176816
vn -0.563057 -0.807281 -0.176816
vn -0.232157 -0.953001 -0.194658
vn -0.232157 -0.953001 -0.194658
vn -0.232157 -0.953001 -0.194658
vn -0.223709 -0.951028 -0.213309
vn -0.223709 -0.951028 -0.213309
vn -0.223709 -0.951028 -0.213309
vn -0.195065 -0.968665 -0.153747
vn -0.195065 -0.968665 -0.153747
vn -0.195065 -0.968665 -0.153747
vn -0.198144 -0.968791 -0.148938
vn -0.198144 -0.968791 -0.148938
vn -0.198144 -0.968791 -0.148938
vn 0.925904 -0.358537 0.118967
vn 0.925904 -0.358537 0.118967
vn 0.925904 -0.358537 0.118967
vn 0.921216 -0.366821 0.129626
vn 0.921216 -0.366821 0.129626
vn 0.921216 -0.366821 0.129626
vn 0.893898 -0.431402 0.121815
vn 0.893898 -0.431402 0.121815
vn 0.893898 -0.431402 0.121815
vn -0.051058 -0.412216 0.909654
vn -0.051058 -0.412216 0.909654
vn -0.051058 -0.412216 0.909654
vn -0.061809 -0.498990 0.864400
vn -0.061809 -0.498990 0.864400
vn -0.061809 -0.498990 0.864400
vn 0.023333 0.197514 0.980022
vn 0.023333 0.197514 0.980022
vn 0.023333 0.197514 0.980022
vn -0.278908 0.053760 0.958812
vn -0.278908 0.053760 0.958812
vn -0.278908 0.053760 0.958812
vn -0.324059 -0.102943 0.940419
vn -0.324059 -0.102943 0.940419
vn -0.324059 -0.102943 0.940419
vn -0.967453 0.186453 -0.171087
vn -0.967453 0.186453 -0.171087
vn -0.967453 0.186453 -0.171087
vn -0.967932 0.170415 -0.184570
vn -0.967932 0.170415 -0.184570
vn -0.967932 0.170415 -0.184570
vn -0.969066 0.163036 -0.185284
vn -0.969066 0.163036 -0.185284
vn -0.969066 0.163036 -0.185284
vn -0.241845 -0.204928 -0.948428
vn -0.241845 -0.204928 -0.948428
vn -0.241845 -0.204928 -0.948428
vn -0.163283 0.079469 -0.983373
vn -0.163283 0.079469 -0.983373
vn -0.163283 0.079469 -0.983373
vn 0.057943 -0.402147 -0.913740
vn 0.057943 -0.402147 -0.913740
vn 0.057943 -0.402147 -0.913740
vn -0.078893 -0.243146 -0.966776
vn -0.078893 -0.243146 -0.966776
vn -0.078893 -0.243146 -0.966776
vn -0.041533 -0.127997 -0.990904
vn -0.041533 -0.127997 -0.990904
vn -0.041533 -0.127997 -0.990905
vn 0.115767 0.980049 0.161560
vn 0.115767 0.980049 0.161560
vn 0.115767 0.980049 0.161560
vn 0.103738 0.983264 0.149768
vn 0.103738 0.983264 0.149768
vn 0.103738 0.983264 0.149768
vn 0.705643 0.708448 -0.013029
vn 0.705643 0.708448 -0.013029
vn 0.705643 0.708448 -0.013029
vn 0.938105 0.339198 -0.070025
vn 0.938105 0.339198 -0.070025
vn 0.938105 0.339198 -0.070025
vn 0.912738 -0.347238 0.215257
vn 0.912738 -0.347238 0.215257
vn 0.912738 -0.347238 0.215257
vn 0.879615 -0.428070 0.207445
vn 0.879615 -0.428070 0.207445
vn 0.879615 -0.428070 0.207445
vn -0.995904 0.059727 -0.067879
vn -0.995904 0.059727 -0.067879
vn -0.995904 0.059727 -0.067879
vn -0.995903 -0.027438 -0.086167
vn -0.995903 -0.027438 -0.086167
vn -0.995903 -0.027438 -0.086167
vn 0.128431 0.977610 0.166683
vn 0.128431 0.977610 0.166683
vn 0.128431 0.977611 0.166683
vn 0.089928 0.980044 0.177277
vn 0.089928 0.980044 0.177277
vn 0.089928 0.980044 0.177277
vn 0.136053 0.953703 0.268216
vn 0.136053 0.953703 0.268216
vn 0.136053 0.953703 0.268216
vn 0.117587 0.951254 0.285113
vn 0.117587 0.951254 0.285113
vn 0.117587 0.951254 0.285113
vn 0.113892 0.954338 0.276164
vn 0.113892 0.954339 0.276164
vn 0.113892 0.954339 0.276164
vn 0.143156 0.958632 0.246031
vn 0.143156 0.958632 0.246031
vn 0.143156 0.958632 0.246031
vn -0.882099 0.030925 0.470047
vn -0.882099 0.030925 0.470047
vn -0.882099 0.030925 0.470047
vn -0.895578 -0.009825 0.444796
vn -0.895578 -0.009825 0.444796
vn -0.895578 -0.009825 0.444796
vn -0.602786 -0.065663 0.795196
vn -0.602786 -0.065663 0.795196
vn -0.602786 -0.065663 0.795196
vn -0.649422 -0.124159 0.750224
vn -0.649422 -0.124159 0.750224
vn -0.649422 -0.124159 0.750224
vn -0.095328 -0.211736 0.972667
vn -0.095328 -0.211736 0.972667
vn -0.095328 -0.211736 0.972667
vn -0.090731 -0.206370 0.974258
vn -0.090731 -0.206370 0.974258
vn -0.090731 -0.206370 0.974258
vn 0.092277 -0.206326 0.974122
vn 0.092277 -0.206326 0.974122
vn 0.092277 -0.206326 0.974122
vn 0.096864 -0.211604 0.972544
vn 0.096864 -0.211604 0.972544
vn 0.096864 -0.211604 0.972544
vn 0.649422 -0.124159 0.750224
vn 0.649422 -0.124159 0.750224
vn 0.649422 -0.124159 0.750223
vn 0.602786 -0.065661 0.795196
vn 0.602786 -0.065661 0.795196
vn 0.602786 -0.065661 0.795196
vn 0.895578 -0.009825 0.444796
vn 0.895578 -0.009825 0.444796
vn 0.895578 -0.009825 0.444796
vn 0.882099 0.030922 0.470047
vn 0.882099 0.030922 0.470048
vn 0.882099 0.030922 0.470048
vn -0.897921 -0.053126 -0.436938
vn -0.897921 -0.053126 -0.436938
vn -0.897921 -0.053126 -0.436938
vn -0.944211 -0.105765 -0.311896
vn -0.944211 -0.105765 -0.311896
vn -0.944211 -0.105765 -0.311896
vn -0.265102 -0.625628 -0.733696
vn -0.265102 -0.625628 -0.733696
vn -0.265102 -0.625628 -0.733696
vn -0.386099 -0.679033 -0.624373
vn -0.386098 -0.679033 -0.624374
vn -0.386098 -0.679033 -0.624373
vn 0.245221 -0.736677 -0.630217
vn 0.245221 -0.736677 -0.630217
vn 0.245221 -0.736677 -0.630217
vn 0.362491 -0.027038 -0.931595
vn 0.362491 -0.027038 -0.931595
vn 0.362491 -0.027038 -0.931595
vn 0.949178 0.143639 -0.280052
vn 0.949178 0.143639 -0.280052
vn 0.949178 0.143639 -0.280052
vn 0.962573 0.003182 -0.271004
vn 0.962573 0.003182 -0.271004
vn 0.962573 0.003182 -0.271004
vn 0.919118 -0.089139 -0.383767
vn 0.919118 -0.089139 -0.383767
vn 0.919118 -0.089139 -0.383767
vn 0.914199 -0.047512 -0.402471
vn 0.914199 -0.047512 -0.402471
vn 0.914199 -0.047512 -0.402471
vn 0.891607 -0.096948 -0.442310
vn 0.891607 -0.096948 -0.442310
vn 0.891607 -0.096948 -0.442310
vn 0.891087 -0.140142 -0.431652
vn 0.891088 -0.140142 -0.431652
vn 0.891087 -0.140142 -0.431652
vn 0.931856 -0.037576 -0.360878
vn 0.931856 -0.037576 -0.360878
vn 0.931856 -0.037576 -0.360878
vn 0.902643 0.149708 -0.403514
vn 0.902643 0.149708 -0.403514
vn 0.902643 0.149708 -0.403514
vn 0.897626 0.116770 -0.425009
vn 0.897626 0.116770 -0.425009
vn 0.897626 0.116770 -0.425009
vn 0.419242 0.367686 -0.830086
vn 0.419242 0.367686 -0.830086
vn 0.419242 0.367686 -0.830086
vn 0.417266 0.081863 -0.905089
vn 0.417266 0.081863 -0.905089
vn 0.417266 0.081863 -0.905090
vn 0.423613 0.078208 -0.902461
vn 0.423613 0.078208 -0.902461
vn 0.423613 0.078208 -0.902461
vn 0.425407 -0.050941 -0.903567
vn 0.425407 -0.050941 -0.903567
vn 0.425407 -0.050941 -0.903567
vn 0.361091 -0.025668 -0.932177
vn 0.361091 -0.025668 -0.932177
vn 0.361091 -0.025668 -0.932177
vn 0.357685 0.005785 -0.933824
vn 0.357685 0.005785 -0.933824
vn 0.357685 0.005785 -0.933824
vn 0.485388 -0.064271 -0.871933
vn 0.485388 -0.064271 -0.871933
vn 0.485388 -0.064271 -0.871933
vn 0.483985 0.166846 -0.859023
vn 0.483985 0.166846 -0.859023
vn 0.483985 0.166846 -0.859023
vn 0.484879 0.166149 -0.858654
vn 0.484879 0.166149 -0.858654
vn 0.484879 0.166149 -0.858654
vn 0.461680 0.367658 -0.807266
vn 0.461680 0.367658 -0.807266
vn 0.461680 0.367658 -0.807266
vn 0.487819 0.340636 -0.803741
vn 0.487819 0.340636 -0.803741
vn 0.487819 0.340636 -0.803741
vn 0.486995 0.734160 -0.473121
vn 0.486995 0.734160 -0.473122
vn 0.486995 0.734160 -0.473121
vn 0.531774 0.714802 -0.454174
vn 0.531774 0.714802 -0.454174
vn 0.531774 0.714802 -0.454174
vn 0.389401 0.816648 -0.425973
vn 0.389401 0.816648 -0.425973
vn 0.389401 0.816648 -0.425973
vn 0.533732 0.785516 -0.313201
vn 0.533732 0.785516 -0.313201
vn 0.533732 0.785516 -0.313201
vn -0.530863 0.787192 -0.313869
vn -0.530863 0.787192 -0.313869
vn -0.530863 0.787192 -0.313869
vn -0.517292 0.691396 -0.504361
vn -0.517292 0.691396 -0.504361
vn -0.517292 0.691397 -0.504361
vn -0.905302 0.255752 -0.339144
vn -0.905302 0.255752 -0.339144
vn -0.905302 0.255752 -0.339144
vn 0.491392 -0.065562 -0.868467
vn 0.491392 -0.065562 -0.868467
vn 0.491392 -0.065562 -0.868467
vn 0.371529 -0.028314 -0.927989
vn 0.371529 -0.028314 -0.927989
vn 0.371529 -0.028314 -0.927989
vn 0.358828 -0.218636 -0.907437
vn 0.358828 -0.218636 -0.907436
vn 0.358828 -0.218636 -0.907437
vn 0.137623 -0.144677 -0.979861
vn 0.137623 -0.144677 -0.979861
vn 0.137623 -0.144677 -0.979861
vn 0.127614 -0.315598 -0.940273
vn 0.127614 -0.315598 -0.940273
vn 0.127614 -0.315598 -0.940273
vn 0.250249 -0.375298 -0.892483
vn 0.250249 -0.375298 -0.892483
vn 0.250249 -0.375298 -0.892483
vn 0.376273 0.406995 -0.832330
vn 0.376273 0.406995 -0.832330
vn 0.376273 0.406995 -0.832330
vn -0.339755 0.396954 -0.852640
vn -0.339755 0.396954 -0.852640
vn -0.339755 0.396954 -0.852639
vn -0.625062 0.509323 -0.591513
vn -0.625062 0.509323 -0.591513
vn -0.625062 0.509323 -0.591513
vn -0.977743 -0.087819 -0.190544
vn -0.977743 -0.087819 -0.190544
vn -0.977743 -0.087819 -0.190544
vn -0.984008 -0.091508 -0.152824
vn -0.984008 -0.091508 -0.152824
vn -0.984008 -0.091508 -0.152824
vn -0.985465 -0.075499 -0.152182
vn -0.985465 -0.075499 -0.152182
vn -0.985465 -0.075499 -0.152182
vn -0.984609 -0.071401 -0.159523
vn -0.984609 -0.071401 -0.159523
vn -0.984609 -0.071401 -0.159523
vn -0.986207 -0.029886 -0.162794
vn -0.986207 -0.029886 -0.162794
vn -0.986207 -0.029886 -0.162794
vn -0.992738 -0.044352 -0.111820
vn -0.992738 -0.044352 -0.111820
vn -0.992738 -0.044352 -0.111820
vn -0.958751 0.252238 -0.131046
vn -0.958751 0.252238 -0.131046
vn -0.958751 0.252238 -0.131046
vn -0.888595 0.352479 -0.293525
vn -0.888595 0.352479 -0.293525
vn -0.888595 0.352479 -0.293525
vn 0.490336 -0.107196 -0.864916
vn 0.490336 -0.107196 -0.864916
vn 0.490336 -0.107196 -0.864916
vn -0.574395 -0.021415 -0.818298
vn -0.574395 -0.021415 -0.818298
vn -0.574395 -0.021415 -0.818298
vn -0.575079 -0.043834 -0.816923
vn -0.575079 -0.043834 -0.816923
vn -0.575079 -0.043834 -0.816923
vn -0.470275 -0.085945 -0.878325
vn -0.470275 -0.085945 -0.878325
vn -0.470275 -0.085945 -0.878325
vn -0.472943 -0.148854 -0.868428
vn -0.472943 -0.148854 -0.868428
vn -0.472943 -0.148854 -0.868428
vn -0.451585 -0.160602 -0.877655
vn -0.451585 -0.160602 -0.877655
vn -0.451585 -0.160602 -0.877655
vn -0.494984 -0.469118 -0.731382
vn -0.494984 -0.469118 -0.731382
vn -0.494984 -0.469118 -0.731382
vn 0.943117 0.134558 -0.304013
vn 0.943117 0.134558 -0.304013
vn 0.943117 0.134558 -0.304013
vn 0.971673 0.055491 -0.229720
vn 0.971674 0.055491 -0.229720
vn 0.971674 0.055491 -0.229720
vn 0.893803 0.393755 -0.214646
vn 0.893803 0.393755 -0.214646
vn 0.893803 0.393755 -0.214646
vn 0.942300 0.312542 -0.119947
vn 0.942300 0.312542 -0.119947
vn 0.942300 0.312542 -0.119947
vn 0.992019 -0.030158 -0.122428
vn 0.992019 -0.030158 -0.122428
vn 0.992019 -0.030158 -0.122428
vn 0.991526 -0.029486 -0.126521
vn 0.991525 -0.029486 -0.126521
vn 0.991526 -0.029486 -0.126521
vn 0.988840 -0.085048 -0.122323
vn 0.988840 -0.085048 -0.122323
vn 0.988840 -0.085048 -0.122323
vn 0.989812 -0.087722 -0.112146
vn 0.989812 -0.087722 -0.112146
vn 0.989812 -0.087722 -0.112146
vn 0.991572 -0.062002 -0.113756
vn 0.991572 -0.062002 -0.113756
vn 0.991572 -0.062002 -0.113756
vn 0.355398 -0.013954 -0.934611
vn 0.355398 -0.013954 -0.934611
vn 0.355398 -0.013954 -0.934611
vn 0.428368 -0.043890 -0.902538
vn 0.428368 -0.043890 -0.902538
vn 0.428368 -0.043890 -0.902538
vn -0.853250 -0.064787 -0.517463
vn -0.853250 -0.064787 -0.517463
vn -0.853250 -0.064787 -0.517463
vn -0.835342 -0.078924 -0.544035
vn -0.835342 -0.078924 -0.544035
vn -0.835342 -0.078924 -0.544035
vn -0.997378 -0.068991 -0.021827
vn -0.997378 -0.068991 -0.021827
vn -0.997378 -0.068991 -0.021827
vn -0.990046 -0.139005 -0.022059
vn -0.990046 -0.139005 -0.022059
vn -0.990046 -0.139005 -0.022059
vn -0.988536 -0.146937 -0.034727
vn -0.988536 -0.146937 -0.034727
vn -0.988536 -0.146937 -0.034727
vn -0.996493 0.065559 -0.051991
vn -0.996493 0.065559 -0.051991
vn -0.996493 0.065559 -0.051991
vn -0.994484 0.104056 -0.013177
vn -0.994484 0.104056 -0.013177
vn -0.994484 0.104056 -0.013177
vn -0.992645 0.119957 -0.016291
vn -0.992645 0.119957 -0.016291
vn -0.992645 0.119957 -0.016291
vn -0.981399 0.185509 0.049420
vn -0.981399 0.185509 0.049420
vn -0.981399 0.185509 0.049420
vn -0.320293 0.914014 -0.248979
vn -0.320293 0.914014 -0.248978
vn -0.320293 0.914014 -0.248979
vn -0.796543 0.471432 0.378511
vn -0.796543 0.471432 0.378511
vn -0.796543 0.471432 0.378511
vn -0.962447 0.268555 0.039670
vn -0.962447 0.268555 0.039670
vn -0.962447 0.268555 0.039670
vn -0.943119 0.328963 -0.048066
vn -0.943119 0.328963 -0.048066
vn -0.943119 0.328963 -0.048066
vn -0.952201 0.237358 -0.192285
vn -0.952201 0.237358 -0.192285
vn -0.952201 0.237358 -0.192285
vn -0.954920 0.231848 -0.185404
vn -0.954920 0.231848 -0.185404
vn -0.954920 0.231848 -0.185404
vn -0.951248 0.189247 -0.243542
vn -0.951248 0.189247 -0.243542
vn -0.951248 0.189247 -0.243542
vn -0.994408 0.092506 0.050936
vn -0.994408 0.092506 0.050936
vn -0.994408 0.092506 0.050936
vn -0.989773 0.119002 0.078663
vn -0.989773 0.119002 0.078663
vn -0.989773 0.119002 0.078663
vn -0.982352 0.114956 0.147545
vn -0.982352 0.114956 0.147545
vn -0.982352 0.114956 0.147545
vn -0.931115 0.339377 0.133597
vn -0.931115 0.339377 0.133597
vn -0.931115 0.339377 0.133597
vn -0.811547 0.516756 0.272679
vn -0.811547 0.516756 0.272679
vn -0.811547 0.516756 0.272679
vn -0.772739 0.581417 0.254616
vn -0.772739 0.581417 0.254616
vn -0.772739 0.581417 0.254616
vn -0.515278 0.765249 0.385853
vn -0.515278 0.765249 0.385853
vn -0.515278 0.765249 0.385853
vn -0.500181 0.820787 0.275913
vn -0.500181 0.820787 0.275913
vn -0.500180 0.820787 0.275913
vn -0.573105 0.751476 0.326857
vn -0.573105 0.751476 0.326857
vn -0.573105 0.751476 0.326857
vn -0.657882 0.752560 -0.029072
vn -0.657882 0.752560 -0.029072
vn -0.657882 0.752560 -0.029072
vn -0.652195 -0.246928 0.716707
vn -0.652195 -0.246928 0.716707
vn -0.652195 -0.246928 0.716707
vn -0.756955 -0.342346 0.556613
vn -0.756955 -0.342346 0.556613
vn -0.756955 -0.342346 0.556613
vn -0.868955 -0.018283 0.494553
vn -0.868955 -0.018283 0.494553
vn -0.868955 -0.018283 0.494553
vn -0.896495 -0.037481 0.441466
vn -0.896495 -0.037481 0.441466
vn -0.896495 -0.037481 0.441466
vn -0.902688 -0.102885 0.417815
vn -0.902688 -0.102885 0.417815
vn -0.902688 -0.102885 0.417815
vn -0.974193 -0.153599 0.165394
vn -0.974193 -0.153599 0.165394
vn -0.974193 -0.153599 0.165394
vn -0.978511 -0.119249 0.168215
vn -0.978511 -0.119249 0.168215
vn -0.978511 -0.119249 0.168215
vn -0.980264 -0.183385 -0.073844
vn -0.980264 -0.183385 -0.073844
vn -0.980264 -0.183385 -0.073844
vn -0.979352 -0.187753 -0.074957
vn -0.979352 -0.187753 -0.074957
vn -0.979352 -0.187753 -0.074957
vn -0.985575 -0.160006 0.055145
vn -0.985575 -0.160006 0.055145
vn -0.985575 -0.160006 0.055145
vn -0.994702 0.090005 0.049660
vn -0.994702 0.090005 0.049660
vn -0.994702 0.090005 0.049660
vn -0.982952 0.105110 0.150855
vn -0.982952 0.105110 0.150855
vn -0.982952 0.105110 0.150855
vn -0.982348 0.110349 0.151048
vn -0.982348 0.110349 0.151048
vn -0.982348 0.110349 0.151048
vn -0.892697 0.197081 0.405279
vn -0.892697 0.197081 0.405279
vn -0.892697 0.197081 0.405279
vn -0.697988 0.448887 0.557954
vn -0.697988 0.448887 0.557954
vn -0.697988 0.448887 0.557954
vn -0.616398 0.079823 0.783378
vn -0.616398 0.079823 0.783378
vn -0.616398 0.079823 0.783378
vn -0.419760 0.147633 0.895548
vn -0.419760 0.147633 0.895548
vn -0.419760 0.147633 0.895548
vn -0.443744 -0.404243 0.799799
vn -0.443744 -0.404243 0.799799
vn -0.443744 -0.404243 0.799799
vn -0.361271 -0.546384 0.755611
vn -0.361271 -0.546384 0.755611
vn -0.361271 -0.546384 0.755611
vn -0.394377 0.207621 0.895188
vn -0.394377 0.207621 0.895188
vn -0.394377 0.207621 0.895187
vn 0.095422 0.269688 0.958208
vn 0.095422 0.269688 0.958208
vn 0.095422 0.269688 0.958208
vn 0.044898 -0.573000 0.818325
vn 0.044898 -0.573000 0.818325
vn 0.044898 -0.573000 0.818325
vn -0.706787 0.562799 0.428613
vn -0.706787 0.562799 0.428613
vn -0.706787 0.562799 0.428613
vn -0.752645 0.474559 0.456419
vn -0.752645 0.474559 0.456419
vn -0.752645 0.474559 0.456419
vn -0.717589 0.372868 0.588248
vn -0.717589 0.372868 0.588248
vn -0.717589 0.372868 0.588248
vn -0.839613 0.147592 0.522749
vn -0.839613 0.147592 0.522749
vn -0.839613 0.147592 0.522749
vn -0.826944 0.323230 0.460093
vn -0.826944 0.323230 0.460093
vn -0.826944 0.323230 0.460093
vn -0.915395 0.024796 0.401793
vn -0.915395 0.024796 0.401793
vn -0.915395 0.024796 0.401793
vn -0.920499 0.189713 0.341599
vn -0.920499 0.189713 0.341599
vn -0.920499 0.189713 0.341599
vn -0.707589 -0.704715 0.051908
vn -0.707589 -0.704715 0.051908
vn -0.707589 -0.704715 0.051908
vn -0.688500 -0.719404 0.091791
vn -0.688500 -0.719404 0.091791
vn -0.688500 -0.719404 0.091791
vn -0.525605 -0.440630 0.727726
vn -0.525605 -0.440630 0.727726
vn -0.525605 -0.440630 0.727726
vn -0.524558 -0.443647 0.726647
vn -0.524558 -0.443647 0.726647
vn -0.524558 -0.443647 0.726647
vn -0.642649 -0.381917 0.664185
vn -0.642649 -0.381917 0.664184
vn -0.642649 -0.381917 0.664184
vn -0.600800 0.652318 0.462083
vn -0.600801 0.652318 0.462082
vn -0.600800 0.652318 0.462082
vn -0.585593 0.564020 0.582204
vn -0.585593 0.564020 0.582204
vn -0.585593 0.564020 0.582204
vn -0.648195 0.486666 0.585661
vn -0.648195 0.486666 0.585661
vn -0.648195 0.486665 0.585661
vn -0.681668 0.600601 0.417861
vn -0.681668 0.600601 0.417861
vn -0.681668 0.600601 0.417861
vn -0.870088 0.365761 0.330402
vn -0.870088 0.365761 0.330402
vn -0.870088 0.365761 0.330402
vn -0.887866 0.395781 0.234631
vn -0.887866 0.395781 0.234631
vn -0.887866 0.395781 0.234631
vn -0.946845 -0.121622 0.297814
vn -0.946845 -0.121622 0.297814
vn -0.946845 -0.121622 0.297814
vn -0.282056 -0.434688 0.855272
vn -0.282056 -0.434688 0.855272
vn -0.282056 -0.434688 0.855272
vn -0.232638 -0.829518 0.507720
vn -0.232638 -0.829518 0.507720
vn -0.232638 -0.829518 0.507720
vn 0.235071 -0.829021 0.507411
vn 0.235071 -0.829021 0.507411
vn 0.235071 -0.829021 0.507411
vn 0.223291 -0.820394 0.526398
vn 0.223291 -0.820394 0.526398
vn 0.223291 -0.820394 0.526398
vn 0.970496 0.042806 0.237286
vn 0.970496 0.042806 0.237286
vn 0.970496 0.042806 0.237286
vn 0.594751 -0.265983 0.758633
vn 0.594751 -0.265983 0.758633
vn 0.594751 -0.265983 0.758633
vn 0.595990 -0.261492 0.759222
vn 0.595990 -0.261492 0.759222
vn 0.595990 -0.261492 0.759222
vn 0.891557 0.331434 0.308671
vn 0.891557 0.331434 0.308671
vn 0.891557 0.331434 0.308671
vn 0.870068 0.365801 0.330411
vn 0.870068 0.365801 0.330411
vn 0.870068 0.365801 0.330411
vn 0.681725 0.600551 0.417839
vn 0.681725 0.600551 0.417839
vn 0.681725 0.600551 0.417839
vn 0.527990 0.703312 0.476003
vn 0.527990 0.703312 0.476003
vn 0.527990 0.703312 0.476003
vn 0.536003 0.648586 0.540404
vn 0.536003 0.648586 0.540404
vn 0.536003 0.648586 0.540404
vn -0.531891 0.650581 0.542067
vn -0.531891 0.650581 0.542067
vn -0.531891 0.650581 0.542067
vn -0.435558 0.653625 0.618922
vn -0.435558 0.653625 0.618922
vn -0.435558 0.653625 0.618922
vn -0.780758 0.333284 0.528525
vn -0.780758 0.333284 0.528525
vn -0.780758 0.333284 0.528525
vn -0.821452 0.415249 0.390876
vn -0.821452 0.415250 0.390876
vn -0.821452 0.415249 0.390876
vn -0.891522 0.331484 0.308719
vn -0.891521 0.331484 0.308719
vn -0.891522 0.331484 0.308719
vn -0.595927 -0.261498 0.759269
vn -0.595927 -0.261498 0.759269
vn -0.595927 -0.261498 0.759269
vn -0.956987 -0.154702 0.245446
vn -0.956987 -0.154702 0.245446
vn -0.956987 -0.154702 0.245446
vn -0.970496 0.042806 0.237286
vn -0.970496 0.042806 0.237286
vn -0.970496 0.042806 0.237286
vn -0.221250 -0.821060 0.526221
vn -0.221250 -0.821060 0.526221
vn -0.221250 -0.821060 0.526221
vn -0.233499 -0.753386 0.614726
vn -0.233499 -0.753386 0.614726
vn -0.233499 -0.753386 0.614726
vn 0.235573 -0.752997 0.614411
vn 0.235572 -0.752997 0.614411
vn 0.235573 -0.752997 0.614411
vn 0.162973 -0.648695 0.743394
vn 0.162973 -0.648695 0.743394
vn 0.162973 -0.648695 0.743394
vn 0.628367 -0.489430 0.604660
vn 0.628367 -0.489430 0.604660
vn 0.628367 -0.489430 0.604660
vn 0.541688 -0.451742 0.708875
vn 0.541688 -0.451742 0.708875
vn 0.541688 -0.451742 0.708875
vn 0.955320 0.154363 0.252065
vn 0.955320 0.154363 0.252065
vn 0.955320 0.154363 0.252065
vn 0.846581 0.357294 0.394515
vn 0.846581 0.357294 0.394515
vn 0.846581 0.357294 0.394515
vn 0.825909 0.329588 0.457435
vn 0.825909 0.329588 0.457435
vn 0.825909 0.329588 0.457435
vn 0.917216 0.024224 0.397654
vn 0.917216 0.024224 0.397654
vn 0.917216 0.024224 0.397654
vn 0.847629 0.040856 0.529015
vn 0.847629 0.040856 0.529015
vn 0.847629 0.040856 0.529015
vn 0.721356 -0.607243 0.333019
vn 0.721356 -0.607243 0.333019
vn 0.721356 -0.607243 0.333019
vn 0.722662 -0.555069 0.411897
vn 0.722662 -0.555069 0.411897
vn 0.722662 -0.555069 0.411897
vn 0.470452 -0.650219 0.596565
vn 0.470452 -0.650219 0.596565
vn 0.470452 -0.650220 0.596565
vn 0.583159 -0.336279 0.739488
vn 0.583159 -0.336279 0.739488
vn 0.583159 -0.336279 0.739488
vn 0.835114 0.114081 0.538117
vn 0.835114 0.114081 0.538118
vn 0.835114 0.114081 0.538117
vn 0.770388 -0.219419 0.598630
vn 0.770388 -0.219419 0.598630
vn 0.770388 -0.219419 0.598630
vn 0.982779 -0.063594 0.173500
vn 0.982778 -0.063594 0.173500
vn 0.982779 -0.063594 0.173500
vn 0.966184 -0.179437 0.185177
vn 0.966184 -0.179437 0.185177
vn 0.966184 -0.179437 0.185177
vn 0.955450 -0.173190 0.238999
vn 0.955450 -0.173190 0.238999
vn 0.955450 -0.173190 0.238999
vn 0.935670 -0.259353 0.239284
vn 0.935670 -0.259353 0.239284
vn 0.935671 -0.259353 0.239284
vn 0.896307 -0.155007 0.415458
vn 0.896307 -0.155007 0.415458
vn 0.896307 -0.155007 0.415458
vn 0.762676 -0.334053 0.553836
vn 0.762676 -0.334054 0.553836
vn 0.762676 -0.334053 0.553836
vn 0.419376 -0.314104 0.851740
vn 0.419377 -0.314104 0.851740
vn 0.419376 -0.314104 0.851740
vn 0.441098 -0.273421 0.854794
vn 0.441098 -0.273421 0.854794
vn 0.441098 -0.273421 0.854794
vn 0.146141 -0.374271 0.915731
vn 0.146141 -0.374271 0.915731
vn 0.146141 -0.374271 0.915731
vn 0.093382 -0.805542 0.585134
vn 0.093382 -0.805542 0.585134
vn 0.093382 -0.805542 0.585134
vn -0.092401 -0.805615 0.585190
vn -0.092401 -0.805615 0.585190
vn -0.092401 -0.805615 0.585190
vn -0.187817 -0.866897 0.461751
vn -0.187817 -0.866897 0.461751
vn -0.187817 -0.866897 0.461751
vn -0.442753 -0.759713 0.476241
vn -0.442753 -0.759713 0.476241
vn -0.442753 -0.759713 0.476241
vn -0.508489 -0.757636 0.409179
vn -0.508489 -0.757636 0.409179
vn -0.508489 -0.757636 0.409179
vn -0.762806 -0.333921 0.553737
vn -0.762806 -0.333921 0.553737
vn -0.762806 -0.333921 0.553737
vn -0.896308 -0.155007 0.415458
vn -0.896308 -0.155007 0.415458
vn -0.896308 -0.155007 0.415458
vn 0.821422 0.415280 0.390908
vn 0.821422 0.415280 0.390908
vn 0.821422 0.415280 0.390908
vn 0.780723 0.333308 0.528561
vn 0.780723 0.333308 0.528561
vn 0.780723 0.333308 0.528561
vn 0.648242 0.486604 0.585661
vn 0.648242 0.486604 0.585661
vn 0.648242 0.486604 0.585661
vn 0.585593 0.564022 0.582204
vn 0.585593 0.564022 0.582204
vn 0.585593 0.564022 0.582204
vn 0.438248 0.652265 0.618457
vn 0.438248 0.652265 0.618457
vn 0.438248 0.652265 0.618457
vn 0.411828 0.033200 0.910657
vn 0.411828 0.033200 0.910657
vn 0.411828 0.033200 0.910657
vn 0.163391 0.313302 0.935492
vn 0.163391 0.313302 0.935492
vn 0.163391 0.313302 0.935492
vn 0.182203 0.460060 0.868992
vn 0.182203 0.460060 0.868992
vn 0.182203 0.460060 0.868992
vn -0.181194 0.460151 0.869155
vn -0.181194 0.460151 0.869155
vn -0.181194 0.460151 0.869155
vn -0.268337 0.528431 0.805454
vn -0.268337 0.528431 0.805454
vn -0.268337 0.528431 0.805454
vn -0.466092 0.462588 0.754169
vn -0.466092 0.462588 0.754169
vn -0.466092 0.462588 0.754169
vn -0.469744 0.468514 0.748221
vn -0.469744 0.468514 0.748221
vn -0.469744 0.468514 0.748221
vn -0.775561 0.218871 0.592115
vn -0.775561 0.218871 0.592115
vn -0.775561 0.218871 0.592115
vn -0.761116 0.417097 0.496721
vn -0.761116 0.417097 0.496721
vn -0.761116 0.417097 0.496721
vn -0.489025 0.653811 0.577396
vn -0.489025 0.653811 0.577396
vn -0.489025 0.653811 0.577396
vn -0.447069 0.611169 0.653148
vn -0.447069 0.611169 0.653148
vn -0.447069 0.611169 0.653148
vn -0.265847 0.672693 0.690513
vn -0.265847 0.672693 0.690514
vn -0.265847 0.672693 0.690513
vn -0.265217 0.672253 0.691185
vn -0.265217 0.672253 0.691185
vn -0.265217 0.672253 0.691185
vn 0.266483 0.672010 0.690934
vn 0.266483 0.672010 0.690934
vn 0.266483 0.672010 0.690934
vn 0.269614 0.528096 0.805247
vn 0.269614 0.528096 0.805247
vn 0.269614 0.528096 0.805247
vn 0.466092 0.462588 0.754169
vn 0.466092 0.462588 0.754169
vn 0.466092 0.462588 0.754169
vn 0.504219 0.033998 0.862906
vn 0.504219 0.033998 0.862906
vn 0.504219 0.033998 0.862906
vn 0.422345 0.150745 0.893812
vn 0.422345 0.150745 0.893812
vn 0.422345 0.150745 0.893812
vn 0.439789 -0.362308 0.821778
vn 0.439789 -0.362308 0.821778
vn 0.439789 -0.362308 0.821778
vn 0.327209 -0.327766 0.886286
vn 0.327209 -0.327767 0.886286
vn 0.327209 -0.327767 0.886286
vn 0.812060 0.132822 0.568257
vn 0.812060 0.132822 0.568257
vn 0.812061 0.132822 0.568257
vn 0.698765 -0.451328 0.555005
vn 0.698765 -0.451328 0.555005
vn 0.698765 -0.451328 0.555005
vn 0.300564 -0.593030 0.746978
vn 0.300564 -0.593030 0.746978
vn 0.300564 -0.593030 0.746978
vn 0.423041 0.414455 0.805769
vn 0.423041 0.414455 0.805769
vn 0.423041 0.414455 0.805769
vn 0.748356 0.458700 0.479121
vn 0.748356 0.458700 0.479121
vn 0.748356 0.458700 0.479121
vn 0.717589 0.372868 0.588248
vn 0.717589 0.372868 0.588248
vn 0.717589 0.372868 0.588248
vn 0.450991 -0.159088 0.878236
vn 0.450991 -0.159088 0.878235
vn 0.450991 -0.159088 0.878236
vn 0.566584 -0.075461 0.820542
vn 0.566584 -0.075461 0.820542
vn 0.566584 -0.075461 0.820542
vn 0.603550 -0.238869 0.760703
vn 0.603550 -0.238869 0.760703
vn 0.603550 -0.238869 0.760703
vn 0.572680 -0.291663 0.766140
vn 0.572680 -0.291663 0.766140
vn 0.572680 -0.291663 0.766140
vn 0.617118 0.081693 0.782619
vn 0.617118 0.081693 0.782619
vn 0.617118 0.081693 0.782619
vn 0.698005 0.448850 0.557962
vn 0.698005 0.448850 0.557962
vn 0.698005 0.448850 0.557962
vn 0.775562 0.218871 0.592114
vn 0.775562 0.218871 0.592114
vn 0.775562 0.218871 0.592114
vn 0.761116 0.417097 0.496721
vn 0.761116 0.417097 0.496721
vn 0.761116 0.417097 0.496721
vn 0.489012 0.653819 0.577397
vn 0.489012 0.653819 0.577397
vn 0.489012 0.653819 0.577397
vn 0.467266 0.756350 0.457818
vn 0.467266 0.756350 0.457818
vn 0.467266 0.756350 0.457818
vn 0.255916 0.836282 0.484912
vn 0.255916 0.836282 0.484912
vn 0.255916 0.836282 0.484912
vn 0.195985 0.953060 0.230795
vn 0.195985 0.953060 0.230795
vn 0.195985 0.953060 0.230795
vn -0.195182 0.953216 0.230833
vn -0.195182 0.953216 0.230833
vn -0.195182 0.953216 0.230833
vn -0.077959 0.928037 0.364240
vn -0.077959 0.928037 0.364240
vn -0.077959 0.928037 0.364240
vn 0.469744 0.468514 0.748221
vn 0.469744 0.468514 0.748221
vn 0.469744 0.468514 0.748221
vn 0.447066 0.611183 0.653137
vn 0.447066 0.611183 0.653137
vn 0.447066 0.611183 0.653137
vn 0.267032 0.672390 0.690352
vn 0.267032 0.672390 0.690352
vn 0.267032 0.672390 0.690352
vn 0.226211 0.828912 0.511599
vn 0.226211 0.828912 0.511599
vn 0.226211 0.828912 0.511599
vn -0.225198 0.829112 0.511722
vn -0.225198 0.829112 0.511722
vn -0.225198 0.829112 0.511722
vn -0.254883 0.836560 0.484976
vn -0.254883 0.836560 0.484976
vn -0.254883 0.836560 0.484976
vn -0.467276 0.756351 0.457806
vn -0.467276 0.756351 0.457806
vn -0.467276 0.756351 0.457806
vn -0.946943 0.016882 0.320957
vn -0.946943 0.016882 0.320957
vn -0.946943 0.016882 0.320957
vn -0.943572 -0.042606 0.328415
vn -0.943572 -0.042606 0.328415
vn -0.943572 -0.042606 0.328415
vn -0.985297 -0.087425 -0.146789
vn -0.985297 -0.087425 -0.146789
vn -0.985297 -0.087425 -0.146789
vn -0.985655 -0.083954 -0.146413
vn -0.985655 -0.083954 -0.146413
vn -0.985655 -0.083954 -0.146413
vn -0.628835 0.291858 -0.720683
vn -0.628836 0.291858 -0.720683
vn -0.628836 0.291858 -0.720683
vn -0.617593 -0.101077 -0.779976
vn -0.617593 -0.101077 -0.779976
vn -0.617593 -0.101077 -0.779976
vn -0.548489 -0.018205 -0.835960
vn -0.548489 -0.018205 -0.835960
vn -0.548489 -0.018205 -0.835960
vn -0.443645 -0.296511 -0.845730
vn -0.443645 -0.296511 -0.845730
vn -0.443645 -0.296511 -0.845730
vn -0.425167 -0.239740 -0.872787
vn -0.425167 -0.239740 -0.872787
vn -0.425167 -0.239740 -0.872787
vn -0.112953 -0.425874 -0.897704
vn -0.112953 -0.425873 -0.897705
vn -0.112953 -0.425874 -0.897704
vn -0.097041 -0.457607 -0.883843
vn -0.097041 -0.457607 -0.883843
vn -0.097041 -0.457607 -0.883843
vn 0.106571 -0.457785 -0.882652
vn 0.106571 -0.457785 -0.882652
vn 0.106571 -0.457785 -0.882652
vn 0.048031 -0.141863 -0.988720
vn 0.048031 -0.141863 -0.988720
vn 0.048031 -0.141863 -0.988720
vn -0.485619 -0.059602 -0.872136
vn -0.485619 -0.059602 -0.872136
vn -0.485619 -0.059602 -0.872136
vn -0.483985 0.166845 -0.859023
vn -0.483985 0.166845 -0.859023
vn -0.483985 0.166845 -0.859023
vn -0.912020 0.220491 -0.345837
vn -0.912020 0.220491 -0.345837
vn -0.912020 0.220491 -0.345837
vn -0.896116 0.272006 -0.350698
vn -0.896116 0.272006 -0.350698
vn -0.896116 0.272006 -0.350698
vn -0.886415 0.414122 -0.206812
vn -0.886415 0.414122 -0.206812
vn -0.886415 0.414122 -0.206812
vn -0.547058 0.752361 -0.366987
vn -0.547058 0.752361 -0.366987
vn -0.547058 0.752361 -0.366987
vn -0.525377 0.836203 -0.157303
vn -0.525377 0.836203 -0.157303
vn -0.525377 0.836203 -0.157303
vn -0.399352 0.903479 -0.155704
vn -0.399352 0.903479 -0.155704
vn -0.399352 0.903479 -0.155704
vn -0.348552 0.936276 0.043574
vn -0.348552 0.936276 0.043574
vn -0.348552 0.936276 0.043574
vn 0.349589 0.935890 0.043556
vn 0.349589 0.935890 0.043556
vn 0.349589 0.935890 0.043556
vn 0.349414 0.935961 0.043445
vn 0.349414 0.935961 0.043445
vn 0.349414 0.935961 0.043445
vn 0.633322 0.772839 0.040297
vn 0.633322 0.772839 0.040297
vn 0.633322 0.772839 0.040297
vn 0.734299 0.665315 0.134764
vn 0.734299 0.665315 0.134764
vn 0.734299 0.665315 0.134764
vn 0.917374 0.375693 0.131452
vn 0.917374 0.375693 0.131452
vn 0.917374 0.375693 0.131452
vn 0.934126 0.310122 0.176731
vn 0.934126 0.310122 0.176731
vn 0.934126 0.310122 0.176731
vn 0.929866 0.322226 0.177540
vn 0.929866 0.322226 0.177540
vn 0.929866 0.322226 0.177540
vn 0.942988 0.166164 0.288379
vn 0.942988 0.166164 0.288379
vn 0.942988 0.166164 0.288379
vn 0.960826 0.071908 0.267661
vn 0.960826 0.071908 0.267661
vn 0.960826 0.071908 0.267661
vn 0.651821 -0.143936 0.744589
vn 0.651821 -0.143936 0.744589
vn 0.651821 -0.143936 0.744589
vn 0.658014 -0.358302 0.662298
vn 0.658014 -0.358302 0.662298
vn 0.658014 -0.358302 0.662298
vn 0.196043 -0.438150 0.877264
vn 0.196043 -0.438150 0.877264
vn 0.196043 -0.438150 0.877264
vn -0.208071 -0.772766 0.599616
vn -0.208071 -0.772766 0.599616
vn -0.208071 -0.772766 0.599616
vn 0.947243 0.319622 -0.023923
vn 0.947243 0.319622 -0.023923
vn 0.947243 0.319622 -0.023923
vn 0.964599 0.262233 0.027995
vn 0.964598 0.262233 0.027995
vn 0.964599 0.262233 0.027995
vn 0.931620 0.362157 0.030428
vn 0.931620 0.362157 0.030428
vn 0.931620 0.362157 0.030428
vn 0.911808 0.410531 -0.008406
vn 0.911808 0.410531 -0.008406
vn 0.911808 0.410531 -0.008406
vn 0.645062 0.763598 -0.028508
vn 0.645062 0.763598 -0.028508
vn 0.645062 0.763598 -0.028508
vn 0.525373 0.836204 -0.157307
vn 0.525373 0.836204 -0.157307
vn 0.525373 0.836204 -0.157307
vn 0.400514 0.902959 -0.155736
vn 0.400514 0.902959 -0.155736
vn 0.400514 0.902959 -0.155736
vn 0.365259 0.913165 -0.180872
vn 0.365259 0.913165 -0.180872
vn 0.365259 0.913165 -0.180872
vn -0.363997 0.913650 -0.180968
vn -0.363997 0.913650 -0.180968
vn -0.363997 0.913650 -0.180968
vn -0.388056 0.817451 -0.425660
vn -0.388056 0.817451 -0.425660
vn -0.388056 0.817451 -0.425660
vn -0.531772 0.714799 -0.454181
vn -0.531772 0.714799 -0.454181
vn -0.531772 0.714799 -0.454181
vn -0.404102 0.503281 -0.763812
vn -0.404102 0.503281 -0.763812
vn -0.404102 0.503282 -0.763812
vn -0.532812 0.338443 -0.775608
vn -0.532812 0.338443 -0.775608
vn -0.532812 0.338443 -0.775608
vn -0.144168 0.049971 -0.988291
vn -0.144168 0.049971 -0.988291
vn -0.144168 0.049971 -0.988291
vn -0.143975 0.000000 -0.989581
vn -0.143975 0.000000 -0.989581
vn -0.143975 0.000000 -0.989581
vn 0.144389 0.000000 -0.989521
vn 0.144389 0.000000 -0.989521
vn 0.144389 0.000000 -0.989521
vn 0.014540 0.112097 -0.993591
vn 0.014540 0.112097 -0.993591
vn 0.014540 0.112097 -0.993591
vn 0.008468 -0.190678 -0.981616
vn 0.008468 -0.190678 -0.981616
vn 0.008468 -0.190678 -0.981616
vn -0.008447 -0.190705 -0.981611
vn -0.008447 -0.190705 -0.981611
vn -0.008447 -0.190705 -0.981611
vn -0.014503 0.112091 -0.993592
vn -0.014503 0.112091 -0.993592
vn -0.014503 0.112091 -0.993592
vn -0.484879 0.166149 -0.858654
vn -0.484879 0.166149 -0.858654
vn -0.484879 0.166149 -0.858654
vn -0.461682 0.367647 -0.807270
vn -0.461682 0.367647 -0.807270
vn -0.461682 0.367647 -0.807270
vn -0.487808 0.340637 -0.803747
vn -0.487808 0.340637 -0.803747
vn -0.487808 0.340637 -0.803747
vn -0.486986 0.734161 -0.473130
vn -0.486986 0.734161 -0.473130
vn -0.486986 0.734161 -0.473130
vn -0.806294 0.558003 0.196273
vn -0.806294 0.558003 0.196273
vn -0.806294 0.558003 0.196273
vn -0.570756 -0.185469 -0.799900
vn -0.570756 -0.185469 -0.799900
vn -0.570756 -0.185469 -0.799900
vn -0.990208 -0.081679 -0.113210
vn -0.990208 -0.081679 -0.113210
vn -0.990208 -0.081679 -0.113210
vn -0.961351 -0.251624 -0.111757
vn -0.961351 -0.251624 -0.111757
vn -0.961351 -0.251624 -0.111757
vn -0.934129 -0.313210 -0.171179
vn -0.934129 -0.313210 -0.171179
vn -0.934129 -0.313210 -0.171179
vn -0.907890 -0.386964 -0.161226
vn -0.907891 -0.386964 -0.161226
vn -0.907891 -0.386964 -0.161226
vn -0.625952 -0.712036 -0.318102
vn -0.625952 -0.712036 -0.318102
vn -0.625952 -0.712036 -0.318102
vn -0.554707 -0.784156 -0.278209
vn -0.554707 -0.784156 -0.278209
vn -0.554707 -0.784156 -0.278209
vn 0.551582 -0.785960 -0.279329
vn 0.551582 -0.785960 -0.279329
vn 0.551582 -0.785960 -0.279329
vn 0.113872 -0.443082 -0.889220
vn 0.113872 -0.443082 -0.889220
vn 0.113872 -0.443082 -0.889220
vn 0.438197 -0.248929 -0.863723
vn 0.438197 -0.248929 -0.863723
vn 0.438197 -0.248929 -0.863723
vn -0.368224 -0.027827 -0.929320
vn -0.368224 -0.027827 -0.929320
vn -0.368224 -0.027827 -0.929320
vn -0.364088 0.006914 -0.931339
vn -0.364089 0.006914 -0.931339
vn -0.364089 0.006914 -0.931339
vn -0.918606 0.203950 -0.338478
vn -0.918606 0.203950 -0.338478
vn -0.918606 0.203950 -0.338478
vn -0.916539 0.214254 -0.337716
vn -0.916539 0.214254 -0.337716
vn -0.916539 0.214254 -0.337716
vn -0.964599 0.262233 0.027995
vn -0.964599 0.262233 0.027995
vn -0.964598 0.262233 0.027995
vn -0.931620 0.362157 0.030428
vn -0.931620 0.362157 0.030428
vn -0.931620 0.362157 0.030428
vn -0.917374 0.375693 0.131452
vn -0.917374 0.375693 0.131452
vn -0.917374 0.375693 0.131452
vn -0.734299 0.665315 0.134763
vn -0.734299 0.665315 0.134763
vn -0.734299 0.665315 0.134763
vn -0.750407 0.658813 0.053432
vn -0.750407 0.658813 0.053432
vn -0.750407 0.658813 0.053432
vn -0.241521 0.966084 0.091371
vn -0.241521 0.966084 0.091371
vn -0.241521 0.966084 0.091371
vn -0.234588 0.971176 0.042267
vn -0.234588 0.971176 0.042267
vn -0.234588 0.971176 0.042267
vn -0.213248 0.975563 0.052940
vn -0.213248 0.975563 0.052940
vn -0.213248 0.975563 0.052940
vn -0.227185 0.972389 -0.053345
vn -0.227185 0.972389 -0.053345
vn -0.227185 0.972389 -0.053345
vn 0.227936 0.972214 -0.053335
vn 0.227936 0.972214 -0.053335
vn 0.227936 0.972214 -0.053335
vn 0.371029 0.928565 0.010194
vn 0.371029 0.928565 0.010194
vn 0.371029 0.928565 0.010194
vn 0.786218 0.617906 -0.007305
vn 0.786218 0.617906 -0.007305
vn 0.786218 0.617906 -0.007305
vn 0.640718 0.762318 -0.091389
vn 0.640718 0.762318 -0.091389
vn 0.640718 0.762318 -0.091389
vn 0.944582 0.307872 -0.113931
vn 0.944582 0.307872 -0.113931
vn 0.944582 0.307872 -0.113931
vn 0.883662 0.429741 -0.185645
vn 0.883662 0.429741 -0.185645
vn 0.883662 0.429741 -0.185645
vn 0.964623 0.180586 -0.192070
vn 0.964623 0.180586 -0.192070
vn 0.964623 0.180586 -0.192070
vn 0.928350 0.225023 -0.295856
vn 0.928350 0.225023 -0.295856
vn 0.928350 0.225023 -0.295856
vn 0.915927 -0.092003 -0.390656
vn 0.915928 -0.092003 -0.390656
vn 0.915927 -0.092003 -0.390656
vn 0.798823 0.093576 -0.594243
vn 0.798823 0.093576 -0.594243
vn 0.798823 0.093576 -0.594243
vn 0.796322 -0.055520 -0.602320
vn 0.796322 -0.055520 -0.602320
vn 0.796322 -0.055520 -0.602320
vn 0.757982 0.005358 -0.652254
vn 0.757982 0.005358 -0.652254
vn 0.757982 0.005358 -0.652254
vn 0.787191 0.102775 -0.608085
vn 0.787191 0.102775 -0.608085
vn 0.787191 0.102775 -0.608085
vn 0.835326 -0.078924 -0.544060
vn 0.835326 -0.078924 -0.544060
vn 0.835326 -0.078924 -0.544060
vn 0.853233 -0.064789 -0.517490
vn 0.853233 -0.064789 -0.517490
vn 0.853233 -0.064789 -0.517490
vn 0.842308 -0.198675 -0.501045
vn 0.842308 -0.198675 -0.501045
vn 0.842308 -0.198675 -0.501044
vn -0.333324 -0.312300 -0.889586
vn -0.333324 -0.312300 -0.889586
vn -0.333324 -0.312300 -0.889586
vn -0.392147 -0.318460 -0.863020
vn -0.392147 -0.318460 -0.863020
vn -0.392147 -0.318460 -0.863020
vn -0.989812 -0.087722 -0.112146
vn -0.989812 -0.087722 -0.112146
vn -0.989812 -0.087722 -0.112146
vn -0.988837 -0.085040 -0.122353
vn -0.988837 -0.085040 -0.122353
vn -0.988837 -0.085040 -0.122353
vn 0.996806 0.060151 -0.052541
vn 0.996805 0.060151 -0.052541
vn 0.996805 0.060151 -0.052541
vn 0.994796 0.101059 -0.012966
vn 0.994796 0.101059 -0.012966
vn 0.994796 0.101059 -0.012966
vn 0.866758 -0.016844 0.498445
vn 0.866758 -0.016844 0.498445
vn 0.866758 -0.016844 0.498445
vn 0.896495 -0.037481 0.441465
vn 0.896495 -0.037481 0.441465
vn 0.896495 -0.037481 0.441465
vn 0.676664 -0.405387 0.614643
vn 0.676664 -0.405387 0.614644
vn 0.676664 -0.405387 0.614643
vn 0.854697 -0.413964 0.313253
vn 0.854697 -0.413964 0.313253
vn 0.854697 -0.413964 0.313253
vn 0.186053 -0.840126 0.509483
vn 0.186053 -0.840126 0.509483
vn 0.186053 -0.840126 0.509483
vn 0.177868 -0.816660 0.549026
vn 0.177868 -0.816660 0.549026
vn 0.177868 -0.816660 0.549026
vn -0.177387 -0.816733 0.549074
vn -0.177387 -0.816733 0.549074
vn -0.177387 -0.816733 0.549073
vn -0.092888 -0.848911 0.520309
vn -0.092888 -0.848911 0.520309
vn -0.092888 -0.848911 0.520309
vn -0.851566 -0.453359 0.263251
vn -0.851566 -0.453359 0.263251
vn -0.851566 -0.453359 0.263251
vn -0.633175 -0.761132 0.140595
vn -0.633175 -0.761132 0.140595
vn -0.633175 -0.761132 0.140595
vn -0.873193 -0.480442 0.081913
vn -0.873193 -0.480442 0.081913
vn -0.873193 -0.480442 0.081913
vn -0.872701 -0.485386 0.052863
vn -0.872701 -0.485386 0.052863
vn -0.872701 -0.485386 0.052863
vn -0.863258 -0.502952 0.042716
vn -0.863258 -0.502952 0.042716
vn -0.863258 -0.502952 0.042716
vn -0.841597 -0.484259 0.239180
vn -0.841597 -0.484259 0.239180
vn -0.841597 -0.484259 0.239180
vn -0.942885 -0.092317 0.320070
vn -0.942885 -0.092317 0.320070
vn -0.942885 -0.092317 0.320070
vn -0.796880 -0.070174 0.600049
vn -0.796880 -0.070174 0.600049
vn -0.796880 -0.070174 0.600049
vn -0.771409 0.096297 0.629011
vn -0.771409 0.096297 0.629011
vn -0.771409 0.096297 0.629011
vn -0.723858 0.102889 0.682235
vn -0.723858 0.102889 0.682235
vn -0.723858 0.102889 0.682235
vn -0.699555 0.236710 0.674234
vn -0.699555 0.236710 0.674234
vn -0.699555 0.236710 0.674234
vn -0.379937 0.419651 0.824343
vn -0.379937 0.419651 0.824343
vn -0.379937 0.419651 0.824343
vn -0.365336 -0.579811 0.728250
vn -0.365336 -0.579811 0.728250
vn -0.365336 -0.579811 0.728250
vn -0.376603 -0.602661 0.703541
vn -0.376603 -0.602661 0.703541
vn -0.376603 -0.602661 0.703541
vn -0.410281 0.185960 0.892798
vn -0.410281 0.185960 0.892798
vn -0.410281 0.185960 0.892798
vn -0.839359 -0.449424 0.305768
vn -0.839359 -0.449425 0.305768
vn -0.839359 -0.449424 0.305768
vn -0.854697 -0.413963 0.313253
vn -0.854697 -0.413963 0.313253
vn -0.854697 -0.413963 0.313253
vn -0.185558 -0.840225 0.509501
vn -0.185558 -0.840225 0.509500
vn -0.185558 -0.840225 0.509501
vn -0.208176 -0.830922 0.515976
vn -0.208176 -0.830922 0.515976
vn -0.208176 -0.830922 0.515976
vn 0.208638 -0.830839 0.515924
vn 0.208638 -0.830839 0.515924
vn 0.208638 -0.830839 0.515924
vn 0.203407 -0.824333 0.528300
vn 0.203407 -0.824333 0.528300
vn 0.203407 -0.824333 0.528300
vn -0.341659 -0.782464 0.520595
vn -0.341659 -0.782464 0.520595
vn -0.341659 -0.782464 0.520595
vn -0.706121 -0.263147 0.657378
vn -0.706121 -0.263147 0.657378
vn -0.706121 -0.263147 0.657378
vn 0.646326 -0.263486 0.716127
vn 0.646326 -0.263486 0.716127
vn 0.646326 -0.263486 0.716127
vn 0.625780 -0.256890 0.736483
vn 0.625780 -0.256890 0.736483
vn 0.625780 -0.256890 0.736483
vn 0.992688 -0.113605 0.040790
vn 0.992688 -0.113605 0.040790
vn 0.992688 -0.113605 0.040790
vn 0.997531 -0.057753 0.039952
vn 0.997531 -0.057753 0.039952
vn 0.997531 -0.057753 0.039952
vn 0.851812 -0.199217 -0.484488
vn 0.851812 -0.199217 -0.484488
vn 0.851812 -0.199217 -0.484488
vn 0.851148 -0.204103 -0.483621
vn 0.851148 -0.204103 -0.483621
vn 0.851148 -0.204103 -0.483621
vn -0.396600 -0.277085 -0.875176
vn -0.396600 -0.277085 -0.875176
vn -0.396600 -0.277085 -0.875176
vn -0.550927 -0.283879 -0.784788
vn -0.550928 -0.283879 -0.784788
vn -0.550927 -0.283879 -0.784788
vn -0.991627 -0.023501 -0.126980
vn -0.991627 -0.023501 -0.126980
vn -0.991627 -0.023501 -0.126980
vn -0.992167 -0.024226 -0.122543
vn -0.992167 -0.024226 -0.122543
vn -0.992167 -0.024226 -0.122543
vn -0.695372 -0.258356 0.670604
vn -0.695372 -0.258356 0.670604
vn -0.695372 -0.258356 0.670604
vn -0.727012 0.047206 0.685000
vn -0.727012 0.047206 0.685000
vn -0.727012 0.047206 0.685000
vn 0.655694 0.065771 0.752156
vn 0.655694 0.065771 0.752157
vn 0.655694 0.065771 0.752157
vn 0.638385 0.074063 0.766146
vn 0.638385 0.074063 0.766146
vn 0.638385 0.074063 0.766146
vn 0.998566 -0.052895 0.008258
vn 0.998566 -0.052895 0.008258
vn 0.998566 -0.052895 0.008258
vn 0.999761 -0.020896 0.006496
vn 0.999761 -0.020896 0.006496
vn 0.999761 -0.020896 0.006496
vn 0.713448 -0.187240 -0.675228
vn 0.713448 -0.187240 -0.675228
vn 0.713448 -0.187240 -0.675228
vn 0.718335 -0.117208 -0.685754
vn 0.718334 -0.117208 -0.685754
vn 0.718335 -0.117208 -0.685753
vn -0.567267 0.060887 -0.821280
vn -0.567267 0.060887 -0.821280
vn -0.567267 0.060887 -0.821280
vn -0.564460 0.062343 -0.823103
vn -0.564460 0.062343 -0.823103
vn -0.564460 0.062343 -0.823103
vn -0.943589 0.308572 -0.120095
vn -0.943589 0.308572 -0.120095
vn -0.943589 0.308572 -0.120095
vn -0.893500 0.392664 -0.217883
vn -0.893500 0.392664 -0.217883
vn -0.893500 0.392664 -0.217883
vn 0.984943 0.002551 -0.172862
vn 0.984943 0.002551 -0.172862
vn 0.984943 0.002551 -0.172862
vn 0.970420 0.173422 -0.167956
vn 0.970420 0.173422 -0.167956
vn 0.970420 0.173422 -0.167956
vn 0.399274 0.146340 -0.905077
vn 0.399274 0.146340 -0.905077
vn 0.399274 0.146340 -0.905077
vn 0.325827 -0.590193 -0.738586
vn 0.325827 -0.590192 -0.738586
vn 0.325827 -0.590192 -0.738586
vn -0.496606 -0.499844 -0.709604
vn -0.496606 -0.499844 -0.709604
vn -0.496606 -0.499844 -0.709604
vn -0.335992 -0.402534 -0.851513
vn -0.335992 -0.402534 -0.851513
vn -0.335992 -0.402534 -0.851513
vn -0.970652 0.059081 -0.233120
vn -0.970652 0.059081 -0.233120
vn -0.970652 0.059081 -0.233120
vn -0.945226 0.129736 -0.299526
vn -0.945226 0.129736 -0.299526
vn -0.945226 0.129736 -0.299526
vn 0.633015 0.212852 0.744302
vn 0.633015 0.212852 0.744302
vn 0.633015 0.212852 0.744302
vn 0.733529 0.233628 0.638242
vn 0.733529 0.233628 0.638242
vn 0.733529 0.233628 0.638242
vn 0.503001 0.764205 0.403710
vn 0.503001 0.764204 0.403710
vn 0.503001 0.764205 0.403710
vn 0.506024 0.829531 0.236260
vn 0.506024 0.829531 0.236260
vn 0.506024 0.829530 0.236260
vn 0.709175 0.616206 0.342580
vn 0.709175 0.616206 0.342580
vn 0.709175 0.616206 0.342580
vn 0.693220 0.496325 0.522597
vn 0.693220 0.496325 0.522597
vn 0.693220 0.496326 0.522597
vn 0.786304 0.146156 0.600304
vn 0.786304 0.146156 0.600304
vn 0.786304 0.146156 0.600304
vn 0.830839 0.256950 0.493643
vn 0.830839 0.256950 0.493643
vn 0.830839 0.256950 0.493643
vn 0.991850 0.115086 -0.054660
vn 0.991850 0.115086 -0.054660
vn 0.991850 0.115086 -0.054660
vn 0.986310 0.141014 -0.085487
vn 0.986310 0.141014 -0.085487
vn 0.986310 0.141014 -0.085487
vn 0.823109 0.563385 -0.071341
vn 0.823109 0.563385 -0.071341
vn 0.823109 0.563385 -0.071341
vn 0.888081 0.450536 0.091262
vn 0.888081 0.450536 0.091262
vn 0.888081 0.450536 0.091262
vn 0.774155 0.442267 -0.452861
vn 0.774155 0.442267 -0.452861
vn 0.774155 0.442267 -0.452861
vn 0.853590 -0.201820 -0.480264
vn 0.853590 -0.201820 -0.480264
vn 0.853590 -0.201820 -0.480264
vn 0.163227 -0.470595 -0.867120
vn 0.163227 -0.470595 -0.867120
vn 0.163227 -0.470595 -0.867120
vn 0.108036 -0.473090 -0.874365
vn 0.108036 -0.473090 -0.874365
vn 0.108036 -0.473090 -0.874365
vn 0.220282 -0.562069 -0.797216
vn 0.220282 -0.562069 -0.797216
vn 0.220282 -0.562069 -0.797216
vn -0.576890 0.554105 0.600138
vn -0.576890 0.554105 0.600138
vn -0.576890 0.554105 0.600138
vn -0.578474 0.529600 0.620396
vn -0.578474 0.529600 0.620397
vn -0.578474 0.529600 0.620396
vn 0.052025 0.201927 0.978018
vn 0.052025 0.201927 0.978018
vn 0.052025 0.201927 0.978018
vn 0.098282 0.139757 0.985296
vn 0.098282 0.139757 0.985296
vn 0.098282 0.139757 0.985296
vn -0.499878 0.111873 0.858840
vn -0.499878 0.111873 0.858840
vn -0.499878 0.111873 0.858840
vn -0.676488 0.302796 0.671326
vn -0.676488 0.302796 0.671326
vn -0.676488 0.302796 0.671326
vn -0.974750 0.179156 0.133288
vn -0.974750 0.179156 0.133288
vn -0.974750 0.179156 0.133288
vn -0.973680 0.160404 0.161920
vn -0.973680 0.160404 0.161920
vn -0.973680 0.160404 0.161920
vn -0.846142 0.516144 0.132814
vn -0.846142 0.516144 0.132814
vn -0.846142 0.516144 0.132814
vn -0.603442 0.571185 0.556422
vn -0.603442 0.571185 0.556422
vn -0.603442 0.571185 0.556422
vn -0.429240 0.817924 0.383083
vn -0.429240 0.817924 0.383083
vn -0.429240 0.817924 0.383083
vn 0.020670 0.769014 0.638898
vn 0.020670 0.769014 0.638898
vn 0.020670 0.769014 0.638898
vn -0.591625 0.552523 0.587110
vn -0.591625 0.552523 0.587110
vn -0.591625 0.552523 0.587110
vn 0.086010 0.499083 0.862275
vn 0.086010 0.499083 0.862275
vn 0.086010 0.499083 0.862275
vn 0.029161 0.432061 0.901373
vn 0.029161 0.432061 0.901373
vn 0.029161 0.432061 0.901373
vn -0.034992 -0.986126 -0.162270
vn -0.034992 -0.986126 -0.162270
vn -0.034992 -0.986126 -0.162270
vn -0.231227 -0.933588 -0.273764
vn -0.231227 -0.933588 -0.273764
vn -0.231227 -0.933588 -0.273764
vn -0.915238 0.082601 0.394355
vn -0.915238 0.082601 0.394355
vn -0.915238 0.082601 0.394355
vn -0.897289 -0.106888 0.428308
vn -0.897289 -0.106888 0.428308
vn -0.897289 -0.106888 0.428308
vn -0.229455 -0.938232 -0.258983
vn -0.229455 -0.938232 -0.258983
vn -0.229455 -0.938232 -0.258983
vn -0.059715 -0.983710 -0.169555
vn -0.059715 -0.983710 -0.169555
vn -0.059715 -0.983710 -0.169555
vn 0.659080 -0.337755 0.671964
vn 0.659080 -0.337755 0.671964
vn 0.659080 -0.337755 0.671964
vn 0.737908 -0.342036 0.581810
vn 0.737908 -0.342036 0.581810
vn 0.737908 -0.342036 0.581810
vn 0.648461 -0.257537 0.716361
vn 0.648461 -0.257537 0.716361
vn 0.648461 -0.257537 0.716361
vn 0.987538 -0.154372 -0.030640
vn 0.987538 -0.154372 -0.030640
vn 0.987538 -0.154372 -0.030640
vn 0.988632 -0.148728 -0.022083
vn 0.988632 -0.148728 -0.022083
vn 0.988632 -0.148728 -0.022083
vn 0.997378 -0.068991 -0.021826
vn 0.997378 -0.068991 -0.021826
vn 0.997378 -0.068991 -0.021826
vn -0.091631 -0.558805 -0.824222
vn -0.091631 -0.558805 -0.824221
vn -0.091631 -0.558805 -0.824222
vn -0.242983 -0.453390 -0.857553
vn -0.242983 -0.453390 -0.857553
vn -0.242983 -0.453390 -0.857553
vn 0.829533 -0.532443 -0.168463
vn 0.829533 -0.532443 -0.168463
vn 0.829533 -0.532443 -0.168463
vn 0.927860 -0.350315 -0.127884
vn 0.927860 -0.350315 -0.127884
vn 0.927860 -0.350315 -0.127884
vn 0.144583 0.050277 -0.988214
vn 0.144583 0.050277 -0.988214
vn 0.144583 0.050277 -0.988214
vn 0.532793 0.338443 -0.775621
vn 0.532793 0.338443 -0.775621
vn 0.532793 0.338443 -0.775621
vn 0.404096 0.503271 -0.763822
vn 0.404096 0.503271 -0.763822
vn 0.404096 0.503271 -0.763822
vn 0.905325 0.255701 -0.339121
vn 0.905325 0.255701 -0.339121
vn 0.905325 0.255701 -0.339121
vn 0.520057 0.689626 -0.503941
vn 0.520057 0.689626 -0.503941
vn 0.520057 0.689626 -0.503941
vn 0.637100 0.662800 -0.393445
vn 0.637100 0.662800 -0.393445
vn 0.637100 0.662800 -0.393445
vn -0.633146 0.665596 -0.395105
vn -0.633146 0.665596 -0.395105
vn -0.633146 0.665596 -0.395105
vn 0.337618 -0.403564 -0.850382
vn 0.337618 -0.403564 -0.850382
vn 0.337618 -0.403564 -0.850382
vn 0.496609 -0.499835 -0.709608
vn 0.496609 -0.499835 -0.709608
vn 0.496609 -0.499835 -0.709608
vn 0.564334 0.064950 -0.822988
vn 0.564334 0.064950 -0.822988
vn 0.564334 0.064950 -0.822988
vn 0.571079 0.061475 -0.818590
vn 0.571079 0.061475 -0.818590
vn 0.571079 0.061475 -0.818590
vn 0.554311 -0.286034 -0.781617
vn 0.554310 -0.286034 -0.781617
vn 0.554311 -0.286034 -0.781617
vn 0.396427 -0.278594 -0.874775
vn 0.396427 -0.278594 -0.874775
vn 0.396427 -0.278593 -0.874775
vn 0.392122 -0.318462 -0.863031
vn 0.392122 -0.318462 -0.863031
vn 0.392122 -0.318461 -0.863031
vn 0.333309 -0.312303 -0.889591
vn 0.333309 -0.312303 -0.889591
vn 0.333309 -0.312302 -0.889591
vn -0.324013 -0.590482 -0.739153
vn -0.324013 -0.590482 -0.739153
vn -0.324013 -0.590482 -0.739153
vn -0.397170 0.146084 -0.906044
vn -0.397170 0.146084 -0.906044
vn -0.397170 0.146084 -0.906044
vn -0.714554 -0.116755 -0.689769
vn -0.714554 -0.116755 -0.689769
vn -0.714554 -0.116755 -0.689769
vn -0.710002 -0.183936 -0.679754
vn -0.710002 -0.183936 -0.679754
vn -0.710002 -0.183936 -0.679754
vn -0.851622 -0.200796 -0.484171
vn -0.851622 -0.200796 -0.484171
vn -0.851622 -0.200796 -0.484171
vn -0.851835 -0.199208 -0.484452
vn -0.851835 -0.199208 -0.484452
vn -0.851835 -0.199208 -0.484452
vn -0.842326 -0.198666 -0.501017
vn -0.842326 -0.198666 -0.501017
vn -0.842326 -0.198666 -0.501017
vn -0.971331 0.173120 -0.162931
vn -0.971331 0.173120 -0.162931
vn -0.971330 0.173120 -0.162931
vn -0.985811 0.007795 -0.167675
vn -0.985811 0.007795 -0.167675
vn -0.985811 0.007795 -0.167675
vn -0.999871 -0.014835 0.006120
vn -0.999871 -0.014835 0.006120
vn -0.999871 -0.014835 0.006120
vn -0.998567 -0.052888 0.008213
vn -0.998567 -0.052888 0.008213
vn -0.998567 -0.052888 0.008213
vn -0.997531 -0.057753 0.039952
vn -0.997531 -0.057753 0.039952
vn -0.997531 -0.057753 0.039952
vn -0.992688 -0.113605 0.040790
vn -0.992688 -0.113605 0.040790
vn -0.992688 -0.113605 0.040790
vn -0.638385 0.074072 0.766145
vn -0.638385 0.074072 0.766145
vn -0.638385 0.074072 0.766145
vn -0.655694 0.065779 0.752156
vn -0.655694 0.065779 0.752156
vn -0.655694 0.065779 0.752156
vn -0.625780 -0.256890 0.736483
vn -0.625780 -0.256890 0.736483
vn -0.625780 -0.256890 0.736483
vn -0.646326 -0.263486 0.716127
vn -0.646326 -0.263486 0.716127
vn -0.646326 -0.263486 0.716127
vn 0.727012 0.047197 0.685000
vn 0.727012 0.047197 0.685000
vn 0.727012 0.047197 0.685000
vn 0.695132 -0.259446 0.670432
vn 0.695132 -0.259446 0.670432
vn 0.695132 -0.259446 0.670432
vn 0.704581 -0.263673 0.658819
vn 0.704581 -0.263673 0.658819
vn 0.704581 -0.263673 0.658819
vn 0.340781 -0.782501 0.521115
vn 0.340781 -0.782501 0.521115
vn 0.340781 -0.782501 0.521115
vn -0.659080 -0.337755 0.671964
vn -0.659080 -0.337755 0.671964
vn -0.659080 -0.337755 0.671964
vn -0.676664 -0.405387 0.614644
vn -0.676664 -0.405387 0.614644
vn -0.676664 -0.405387 0.614644
vn -0.203050 -0.824531 0.528128
vn -0.203050 -0.824531 0.528128
vn -0.203050 -0.824531 0.528128
vn -0.106892 -0.871518 0.478572
vn -0.106892 -0.871518 0.478572
vn -0.106892 -0.871518 0.478572
vn 0.106892 -0.871518 0.478572
vn 0.106892 -0.871518 0.478572
vn 0.106892 -0.871518 0.478572
vn 0.081561 -0.969042 -0.233036
vn 0.081561 -0.969042 -0.233036
vn 0.081561 -0.969042 -0.233036
vn -0.912939 -0.389089 -0.123093
vn -0.912939 -0.389089 -0.123093
vn -0.912939 -0.389089 -0.123093
vn -0.081570 -0.969072 -0.232909
vn -0.081570 -0.969071 -0.232909
vn -0.081570 -0.969071 -0.232909
vn -0.312987 -0.947211 -0.069498
vn -0.312987 -0.947211 -0.069498
vn -0.312987 -0.947211 -0.069498
vn 0.313649 -0.946994 -0.069483
vn 0.313649 -0.946994 -0.069483
vn 0.313649 -0.946994 -0.069483
vn -0.632811 0.215234 0.743791
vn -0.632811 0.215235 0.743791
vn -0.632811 0.215234 0.743791
vn -0.735647 0.236852 0.634606
vn -0.735647 0.236852 0.634606
vn -0.735647 0.236852 0.634606
vn 0.630325 0.226765 0.742474
vn 0.630325 0.226765 0.742474
vn 0.630325 0.226765 0.742474
vn 0.412250 0.798272 0.439104
vn 0.412250 0.798272 0.439104
vn 0.412250 0.798272 0.439104
vn 0.849975 0.487260 0.200300
vn 0.849975 0.487260 0.200300
vn 0.849975 0.487260 0.200300
vn 0.845470 0.518974 0.125884
vn 0.845470 0.518974 0.125884
vn 0.845470 0.518974 0.125884
vn 0.974079 0.165602 0.154096
vn 0.974079 0.165602 0.154096
vn 0.974079 0.165602 0.154096
vn 0.974619 0.175454 0.139044
vn 0.974619 0.175454 0.139044
vn 0.974619 0.175454 0.139044
vn 0.677287 0.299345 0.672068
vn 0.677287 0.299345 0.672068
vn 0.677287 0.299345 0.672068
vn 0.590248 0.555485 0.585699
vn 0.590248 0.555485 0.585699
vn 0.590248 0.555485 0.585699
vn -0.086037 0.498615 0.862543
vn -0.086037 0.498615 0.862543
vn -0.086037 0.498615 0.862543
vn -0.029163 0.431887 0.901456
vn -0.029163 0.431887 0.901456
vn -0.029163 0.431887 0.901456
vn -0.694905 0.492519 0.523958
vn -0.694905 0.492519 0.523958
vn -0.694905 0.492519 0.523958
vn -0.711390 0.612976 0.343780
vn -0.711390 0.612976 0.343780
vn -0.711390 0.612976 0.343780
vn -0.825452 0.560511 -0.066755
vn -0.825452 0.560511 -0.066755
vn -0.825452 0.560511 -0.066755
vn -0.886605 0.454435 0.086139
vn -0.886605 0.454435 0.086139
vn -0.886605 0.454435 0.086139
vn -0.772864 0.445186 -0.452206
vn -0.772864 0.445186 -0.452206
vn -0.772864 0.445186 -0.452206
vn 0.602000 0.574180 0.554900
vn 0.602000 0.574180 0.554899
vn 0.602000 0.574180 0.554900
vn 0.429250 0.817934 0.383051
vn 0.429250 0.817934 0.383051
vn 0.429250 0.817934 0.383051
vn -0.020669 0.769013 0.638899
vn -0.020669 0.769013 0.638899
vn -0.020669 0.769013 0.638899
vn -0.506024 0.829526 0.236276
vn -0.506024 0.829526 0.236276
vn -0.506024 0.829526 0.236276
vn 0.692497 0.066583 0.718341
vn 0.692497 0.066583 0.718341
vn 0.692497 0.066583 0.718341
vn 0.685297 0.232930 0.690008
vn 0.685297 0.232930 0.690008
vn 0.685297 0.232930 0.690008
vn -0.162481 0.313349 0.935635
vn -0.162481 0.313349 0.935635
vn -0.162481 0.313349 0.935635
vn -0.409412 0.033821 0.911723
vn -0.409412 0.033821 0.911723
vn -0.409412 0.033821 0.911723
vn -0.544681 -0.002572 0.838639
vn -0.544681 -0.002572 0.838639
vn -0.544681 -0.002572 0.838639
vn -0.423708 -0.052529 0.904275
vn -0.423708 -0.052529 0.904274
vn -0.423708 -0.052529 0.904275
vn -0.095594 -0.925473 -0.366554
vn -0.095594 -0.925473 -0.366554
vn -0.095594 -0.925473 -0.366554
vn -0.046396 -0.991573 -0.120959
vn -0.046396 -0.991573 -0.120959
vn -0.046396 -0.991573 -0.120959
vn -0.853737 0.458348 0.247083
vn -0.853737 0.458348 0.247083
vn -0.853737 0.458348 0.247083
vn -0.856363 0.451488 0.250602
vn -0.856363 0.451488 0.250602
vn -0.856363 0.451488 0.250602
vn -0.045909 -0.355874 -0.933406
vn -0.045909 -0.355874 -0.933406
vn -0.045909 -0.355874 -0.933406
vn -0.170183 0.162957 -0.971845
vn -0.170183 0.162957 -0.971845
vn -0.170183 0.162957 -0.971845
vn -0.292177 -0.544790 -0.786026
vn -0.292177 -0.544790 -0.786026
vn -0.292177 -0.544790 -0.786026
vn -0.133018 -0.645671 -0.751941
vn -0.133018 -0.645671 -0.751940
vn -0.133018 -0.645671 -0.751941
vn 0.839613 0.147592 0.522749
vn 0.839613 0.147592 0.522749
vn 0.839613 0.147592 0.522749
vn 0.726973 0.110401 0.677733
vn 0.726973 0.110401 0.677733
vn 0.726973 0.110401 0.677733
vn 0.723860 0.102869 0.682235
vn 0.723860 0.102869 0.682235
vn 0.723860 0.102869 0.682235
vn 0.771424 0.096271 0.628997
vn 0.771424 0.096271 0.628997
vn 0.771424 0.096271 0.628997
vn 0.666198 -0.191352 0.720808
vn 0.666198 -0.191352 0.720808
vn 0.666198 -0.191352 0.720808
vn 0.940090 -0.169405 0.295858
vn 0.940090 -0.169405 0.295858
vn 0.940090 -0.169405 0.295858
vn 0.982952 0.105110 0.150855
vn 0.982952 0.105110 0.150855
vn 0.982952 0.105110 0.150855
vn 0.994704 0.090001 0.049635
vn 0.994704 0.090001 0.049635
vn 0.994704 0.090001 0.049635
vn 0.994782 0.088448 0.050846
vn 0.994782 0.088448 0.050846
vn 0.994782 0.088448 0.050846
vn 0.992728 0.065795 -0.100807
vn 0.992728 0.065795 -0.100807
vn 0.992728 0.065795 -0.100807
vn 0.954924 0.231839 -0.185392
vn 0.954924 0.231839 -0.185392
vn 0.954924 0.231839 -0.185392
vn 0.952196 0.237369 -0.192299
vn 0.952196 0.237369 -0.192299
vn 0.952196 0.237369 -0.192299
vn 0.888632 0.401732 -0.221235
vn 0.888632 0.401732 -0.221235
vn 0.888632 0.401732 -0.221235
vn 0.736790 0.594648 -0.321767
vn 0.736790 0.594648 -0.321767
vn 0.736790 0.594648 -0.321767
vn 0.566260 0.775803 -0.278351
vn 0.566260 0.775803 -0.278351
vn 0.566260 0.775803 -0.278351
vn 0.401094 0.868034 -0.292645
vn 0.401094 0.868034 -0.292645
vn 0.401094 0.868034 -0.292645
vn 0.385907 0.835168 -0.391881
vn 0.385907 0.835168 -0.391881
vn 0.385907 0.835168 -0.391881
vn 0.184423 0.970617 -0.154565
vn 0.184423 0.970617 -0.154565
vn 0.184423 0.970617 -0.154565
vn 0.184400 0.970540 -0.155079
vn 0.184400 0.970540 -0.155079
vn 0.184400 0.970540 -0.155079
vn 0.051855 0.998599 -0.010515
vn 0.051855 0.998599 -0.010515
vn 0.051855 0.998599 -0.010515
vn 0.078274 0.928007 0.364248
vn 0.078274 0.928007 0.364248
vn 0.078274 0.928007 0.364248
vn 0.783062 -0.078650 0.616950
vn 0.783062 -0.078650 0.616950
vn 0.783062 -0.078650 0.616951
vn 0.791198 -0.080454 0.606245
vn 0.791198 -0.080454 0.606245
vn 0.791198 -0.080454 0.606245
vn 0.796887 -0.070141 0.600043
vn 0.796887 -0.070141 0.600043
vn 0.796887 -0.070141 0.600043
vn 0.942887 -0.092281 0.320075
vn 0.942887 -0.092281 0.320075
vn 0.942887 -0.092281 0.320075
vn 0.950702 -0.057631 0.304704
vn 0.950702 -0.057631 0.304704
vn 0.950702 -0.057631 0.304704
vn 0.998142 -0.040911 -0.045151
vn 0.998142 -0.040911 -0.045151
vn 0.998142 -0.040911 -0.045151
vn 0.985581 -0.159977 0.055120
vn 0.985581 -0.159977 0.055120
vn 0.985581 -0.159977 0.055120
vn 0.979360 -0.187716 -0.074948
vn 0.979360 -0.187716 -0.074948
vn 0.979360 -0.187716 -0.074948
vn 0.980264 -0.183385 -0.073844
vn 0.980264 -0.183385 -0.073844
vn 0.980264 -0.183385 -0.073844
vn 0.873193 -0.480442 0.081913
vn 0.873193 -0.480442 0.081913
vn 0.873193 -0.480442 0.081913
vn 0.633175 -0.761132 0.140595
vn 0.633176 -0.761132 0.140595
vn 0.633175 -0.761132 0.140595
vn 0.599656 -0.682658 0.417601
vn 0.599656 -0.682658 0.417601
vn 0.599656 -0.682658 0.417601
vn 0.086482 -0.886559 0.454460
vn 0.086482 -0.886559 0.454460
vn 0.086482 -0.886559 0.454460
vn 0.080856 -0.882638 0.463047
vn 0.080856 -0.882638 0.463047
vn 0.080856 -0.882638 0.463047
vn -0.080857 -0.882638 0.463047
vn -0.080857 -0.882638 0.463047
vn -0.080857 -0.882638 0.463047
vn -0.156743 -0.985784 0.060512
vn -0.156743 -0.985784 0.060512
vn -0.156743 -0.985784 0.060512
vn -0.306846 -0.945851 0.105884
vn -0.306846 -0.945851 0.105884
vn -0.306846 -0.945851 0.105884
vn -0.270158 -0.942244 0.197968
vn -0.270158 -0.942244 0.197968
vn -0.270158 -0.942244 0.197968
vn -0.678189 -0.541373 0.496966
vn -0.678189 -0.541373 0.496966
vn -0.678189 -0.541373 0.496966
vn -0.678967 -0.551984 0.484064
vn -0.678967 -0.551984 0.484064
vn -0.678967 -0.551984 0.484064
vn -0.791197 -0.080472 0.606243
vn -0.791197 -0.080472 0.606244
vn -0.791197 -0.080472 0.606244
vn -0.783052 -0.078664 0.616961
vn -0.783052 -0.078664 0.616961
vn -0.783052 -0.078664 0.616961
vn -0.726961 0.110395 0.677747
vn -0.726961 0.110395 0.677747
vn -0.726961 0.110395 0.677747
vn 0.368122 -0.925377 0.090356
vn 0.368122 -0.925377 0.090356
vn 0.368122 -0.925377 0.090356
vn 0.369582 -0.926756 0.067318
vn 0.369582 -0.926756 0.067318
vn 0.369582 -0.926756 0.067318
vn 0.306330 -0.945866 0.107238
vn 0.306330 -0.945866 0.107238
vn 0.306330 -0.945866 0.107238
vn 0.270158 -0.942244 0.197968
vn 0.270158 -0.942244 0.197968
vn 0.270158 -0.942244 0.197968
vn 0.478576 -0.873758 0.086678
vn 0.478576 -0.873758 0.086678
vn 0.478576 -0.873758 0.086678
vn 0.465224 -0.875830 0.128405
vn 0.465224 -0.875830 0.128405
vn 0.465224 -0.875830 0.128405
vn 0.560189 -0.825310 0.071075
vn 0.560189 -0.825310 0.071075
vn 0.560189 -0.825310 0.071075
vn 0.570061 -0.821316 -0.021678
vn 0.570061 -0.821316 -0.021678
vn 0.570061 -0.821316 -0.021678
vn 0.612391 -0.789637 -0.038084
vn 0.612391 -0.789637 -0.038084
vn 0.612391 -0.789637 -0.038084
vn 0.606714 -0.790551 0.083228
vn 0.606714 -0.790551 0.083228
vn 0.606714 -0.790551 0.083228
vn 0.555032 -0.826973 0.089748
vn 0.555032 -0.826973 0.089748
vn 0.555032 -0.826973 0.089748
vn 0.508464 -0.757599 0.409278
vn 0.508464 -0.757599 0.409278
vn 0.508464 -0.757599 0.409278
vn 0.442818 -0.759675 0.476242
vn 0.442818 -0.759675 0.476242
vn 0.442818 -0.759675 0.476242
vn 0.189483 -0.866428 0.461952
vn 0.189483 -0.866428 0.461952
vn 0.189483 -0.866427 0.461952
vn 0.190496 -0.981688 0.000000
vn 0.190496 -0.981688 0.000000
vn 0.190496 -0.981688 0.000000
vn 0.132074 -0.991010 0.021356
vn 0.132074 -0.991010 0.021356
vn 0.132074 -0.991010 0.021356
vn 0.135846 -0.980879 -0.139361
vn 0.135846 -0.980879 -0.139361
vn 0.135846 -0.980879 -0.139361
vn 0.136555 -0.980718 -0.139805
vn 0.136555 -0.980718 -0.139805
vn 0.136555 -0.980718 -0.139805
vn 0.126844 -0.991303 -0.035043
vn 0.126844 -0.991304 -0.035043
vn 0.126844 -0.991303 -0.035043
vn -0.188800 -0.982015 0.000000
vn -0.188800 -0.982015 0.000000
vn -0.188800 -0.982015 0.000000
vn -0.131243 -0.991123 0.021226
vn -0.131243 -0.991123 0.021226
vn -0.131243 -0.991123 0.021226
vn -0.134987 -0.980996 -0.139377
vn -0.134987 -0.980996 -0.139377
vn -0.134987 -0.980996 -0.139377
vn -0.135859 -0.980797 -0.139927
vn -0.135859 -0.980797 -0.139927
vn -0.135859 -0.980797 -0.139927
vn -0.126199 -0.991381 -0.035184
vn -0.126199 -0.991381 -0.035184
vn -0.126199 -0.991381 -0.035184
vn -0.560184 -0.825311 0.071101
vn -0.560184 -0.825311 0.071101
vn -0.560184 -0.825311 0.071101
vn -0.465238 -0.875821 0.128417
vn -0.465238 -0.875821 0.128417
vn -0.465238 -0.875821 0.128417
vn -0.792413 -0.418251 0.444014
vn -0.792413 -0.418251 0.444014
vn -0.792413 -0.418251 0.444014
vn -0.720119 -0.535280 0.441479
vn -0.720120 -0.535280 0.441479
vn -0.720119 -0.535280 0.441479
vn -0.583136 -0.336384 0.739459
vn -0.583136 -0.336384 0.739459
vn -0.583136 -0.336384 0.739459
vn -0.470489 -0.650149 0.596612
vn -0.470489 -0.650149 0.596612
vn -0.470489 -0.650149 0.596612
vn -0.458567 -0.832946 0.309706
vn -0.458567 -0.832946 0.309706
vn -0.458567 -0.832946 0.309706
vn -0.440373 -0.850652 0.287164
vn -0.440373 -0.850652 0.287164
vn -0.440372 -0.850652 0.287164
vn -0.602912 -0.797212 -0.030834
vn -0.602912 -0.797212 -0.030834
vn -0.602912 -0.797212 -0.030834
vn -0.835101 0.113804 0.538196
vn -0.835101 0.113804 0.538196
vn -0.835101 0.113804 0.538196
vn -0.770388 -0.219419 0.598630
vn -0.770387 -0.219419 0.598630
vn -0.770388 -0.219419 0.598630
vn -0.982786 -0.063579 0.173461
vn -0.982786 -0.063579 0.173461
vn -0.982786 -0.063579 0.173461
vn -0.966167 -0.179555 0.185151
vn -0.966167 -0.179555 0.185151
vn -0.966167 -0.179555 0.185151
vn -0.955429 -0.173305 0.239000
vn -0.955429 -0.173305 0.239000
vn -0.955429 -0.173305 0.239000
vn -0.935670 -0.259353 0.239284
vn -0.935671 -0.259353 0.239284
vn -0.935670 -0.259353 0.239284
vn -0.570061 -0.821317 -0.021678
vn -0.570061 -0.821316 -0.021678
vn -0.570061 -0.821316 -0.021678
vn -0.612425 -0.789610 -0.038098
vn -0.612425 -0.789610 -0.038098
vn -0.612425 -0.789610 -0.038098
vn -0.606746 -0.790525 0.083240
vn -0.606746 -0.790525 0.083240
vn -0.606746 -0.790525 0.083240
vn -0.555031 -0.826972 0.089763
vn -0.555031 -0.826972 0.089763
vn -0.555031 -0.826972 0.089763
vn 0.156629 -0.985756 0.061249
vn 0.156629 -0.985756 0.061249
vn 0.156629 -0.985756 0.061249
vn 0.058712 -0.983979 0.168337
vn 0.058712 -0.983979 0.168337
vn 0.058712 -0.983979 0.168337
vn -0.058502 -0.983992 0.168340
vn -0.058502 -0.983992 0.168340
vn -0.058502 -0.983992 0.168340
vn -0.077364 -0.996449 -0.033220
vn -0.077364 -0.996449 -0.033220
vn -0.077364 -0.996449 -0.033220
vn -0.478599 -0.873746 0.086664
vn -0.478599 -0.873746 0.086664
vn -0.478599 -0.873746 0.086664
vn 0.077634 -0.996431 -0.033139
vn 0.077634 -0.996431 -0.033139
vn 0.077634 -0.996431 -0.033139
vn 0.121661 -0.989355 -0.079844
vn 0.121661 -0.989355 -0.079844
vn 0.121661 -0.989355 -0.079844
vn -0.121126 -0.989420 -0.079850
vn -0.121126 -0.989420 -0.079850
vn -0.121126 -0.989420 -0.079850
vn -0.118540 -0.991822 -0.047299
vn -0.118540 -0.991822 -0.047299
vn -0.118540 -0.991822 -0.047299
vn 0.319111 0.855041 -0.408746
vn 0.319111 0.855041 -0.408746
vn 0.319111 0.855041 -0.408746
vn 0.469787 0.743340 -0.476178
vn 0.469787 0.743340 -0.476178
vn 0.469787 0.743340 -0.476178
vn 0.494855 0.677977 -0.543567
vn 0.494855 0.677977 -0.543567
vn 0.494855 0.677977 -0.543567
vn 0.800391 0.507155 -0.319636
vn 0.800391 0.507156 -0.319636
vn 0.800391 0.507155 -0.319636
vn 0.863448 0.368183 -0.344817
vn 0.863448 0.368183 -0.344817
vn 0.863448 0.368183 -0.344817
vn 0.925652 0.280016 -0.254480
vn 0.925652 0.280016 -0.254480
vn 0.925652 0.280016 -0.254480
vn 0.951252 0.189231 -0.243540
vn 0.951252 0.189231 -0.243540
vn 0.951252 0.189231 -0.243540
vn 0.994410 0.092494 0.050924
vn 0.994410 0.092494 0.050924
vn 0.994410 0.092494 0.050924
vn 0.930941 0.358705 -0.068404
vn 0.930941 0.358705 -0.068404
vn 0.930941 0.358705 -0.068404
vn 0.948119 0.301624 0.100469
vn 0.948119 0.301624 0.100469
vn 0.948119 0.301624 0.100469
vn 0.989766 0.119036 0.078699
vn 0.989766 0.119036 0.078699
vn 0.989766 0.119036 0.078699
vn 0.982352 0.114994 0.147516
vn 0.982352 0.114994 0.147516
vn 0.982352 0.114994 0.147516
vn 0.982348 0.110349 0.151048
vn 0.982348 0.110349 0.151048
vn 0.982348 0.110349 0.151048
vn 0.892671 0.197096 0.405329
vn 0.892671 0.197096 0.405329
vn 0.892671 0.197096 0.405329
vn 0.562981 -0.259778 0.784581
vn 0.562981 -0.259778 0.784581
vn 0.562981 -0.259778 0.784581
vn 0.931083 0.338229 0.136693
vn 0.931083 0.338229 0.136693
vn 0.931083 0.338229 0.136693
vn 0.827967 0.545162 0.131414
vn 0.827967 0.545162 0.131414
vn 0.827967 0.545162 0.131414
vn 0.772075 0.600337 0.208557
vn 0.772075 0.600337 0.208557
vn 0.772075 0.600337 0.208557
vn 0.619396 0.777378 0.109685
vn 0.619396 0.777378 0.109685
vn 0.619396 0.777378 0.109685
vn 0.500180 0.820788 0.275912
vn 0.500180 0.820788 0.275912
vn 0.500180 0.820788 0.275912
vn 0.573105 0.751476 0.326857
vn 0.573105 0.751476 0.326857
vn 0.573105 0.751476 0.326857
vn 0.772739 0.581417 0.254616
vn 0.772739 0.581417 0.254616
vn 0.772739 0.581417 0.254616
vn 0.811547 0.516757 0.272679
vn 0.811547 0.516757 0.272679
vn 0.811547 0.516757 0.272679
vn 0.931130 0.339345 0.133574
vn 0.931130 0.339345 0.133574
vn 0.931130 0.339345 0.133574
vn 0.657315 0.753227 -0.024220
vn 0.657315 0.753227 -0.024220
vn 0.657315 0.753227 -0.024220
vn 0.590124 0.807225 -0.011926
vn 0.590124 0.807225 -0.011926
vn 0.590124 0.807225 -0.011926
vn 0.580428 0.813710 0.031302
vn 0.580428 0.813710 0.031302
vn 0.580428 0.813710 0.031302
vn 0.764216 0.644405 0.026767
vn 0.764216 0.644405 0.026767
vn 0.764216 0.644405 0.026767
vn 0.344504 0.925915 0.154915
vn 0.344504 0.925915 0.154915
vn 0.344505 0.925915 0.154915
vn 0.330597 0.933550 0.138530
vn 0.330597 0.933550 0.138530
vn 0.330597 0.933550 0.138530
vn -0.086280 -0.886419 0.454771
vn -0.086280 -0.886419 0.454771
vn -0.086280 -0.886419 0.454771
vn -0.599137 -0.681714 0.419881
vn -0.599137 -0.681714 0.419881
vn -0.599137 -0.681714 0.419881
vn -0.366854 -0.925878 0.090381
vn -0.366854 -0.925877 0.090381
vn -0.366854 -0.925877 0.090381
vn -0.368338 -0.927284 0.066863
vn -0.368338 -0.927284 0.066863
vn -0.368338 -0.927284 0.066863
vn -0.818471 -0.517442 0.249717
vn -0.818471 -0.517442 0.249717
vn -0.818471 -0.517442 0.249717
vn -0.992726 0.065810 -0.100822
vn -0.992726 0.065810 -0.100822
vn -0.992726 0.065810 -0.100822
vn -0.994780 0.088467 0.050859
vn -0.994780 0.088467 0.050859
vn -0.994780 0.088467 0.050859
vn -0.419378 -0.314007 0.851776
vn -0.419378 -0.314006 0.851776
vn -0.419378 -0.314007 0.851776
vn -0.441038 -0.273464 0.854812
vn -0.441038 -0.273464 0.854812
vn -0.441038 -0.273464 0.854812
vn -0.144604 -0.374676 0.915810
vn -0.144604 -0.374676 0.915810
vn -0.144604 -0.374676 0.915810
vn -0.228556 -0.522049 0.821722
vn -0.228556 -0.522049 0.821722
vn -0.228556 -0.522049 0.821722
vn 0.231187 -0.521707 0.821203
vn 0.231187 -0.521707 0.821203
vn 0.231187 -0.521707 0.821203
vn -0.927861 -0.350315 -0.127883
vn -0.927861 -0.350315 -0.127883
vn -0.927861 -0.350315 -0.127883
vn -0.829608 -0.532334 -0.168439
vn -0.829608 -0.532334 -0.168439
vn -0.829608 -0.532334 -0.168439
vn 0.093137 -0.848894 0.520293
vn 0.093137 -0.848894 0.520293
vn 0.093137 -0.848894 0.520293
vn 0.851566 -0.453359 0.263251
vn 0.851566 -0.453359 0.263251
vn 0.851566 -0.453359 0.263251
vn 0.839359 -0.449425 0.305768
vn 0.839359 -0.449425 0.305768
vn 0.839359 -0.449425 0.305768
vn 0.974197 -0.153584 0.165386
vn 0.974197 -0.153584 0.165386
vn 0.974197 -0.153584 0.165386
vn 0.978512 -0.119251 0.168206
vn 0.978512 -0.119251 0.168206
vn 0.978512 -0.119251 0.168206
vn 0.943114 0.328973 -0.048081
vn 0.943114 0.328973 -0.048081
vn 0.943114 0.328973 -0.048081
vn 0.902687 -0.102868 0.417822
vn 0.902687 -0.102868 0.417822
vn 0.902687 -0.102868 0.417822
vn 0.951762 0.177823 0.250057
vn 0.951762 0.177823 0.250057
vn 0.951762 0.177823 0.250057
vn 0.798753 0.468581 0.377395
vn 0.798753 0.468581 0.377395
vn 0.798753 0.468581 0.377395
vn 0.322649 0.913314 -0.248505
vn 0.322649 0.913314 -0.248505
vn 0.322649 0.913314 -0.248505
vn 0.688674 0.723083 -0.053650
vn 0.688674 0.723083 -0.053650
vn 0.688674 0.723083 -0.053650
vn 0.925845 0.223222 -0.304932
vn 0.925845 0.223222 -0.304932
vn 0.925845 0.223222 -0.304932
vn 0.898173 0.439499 0.011192
vn 0.898173 0.439499 0.011192
vn 0.898173 0.439499 0.011192
vn 0.832560 0.551570 0.051136
vn 0.832560 0.551570 0.051136
vn 0.832560 0.551570 0.051136
vn 0.828438 0.544936 -0.129362
vn 0.828438 0.544936 -0.129362
vn 0.828438 0.544936 -0.129362
vn 0.724973 0.670842 -0.156155
vn 0.724973 0.670842 -0.156155
vn 0.724973 0.670842 -0.156155
vn 0.741111 0.651410 -0.162542
vn 0.741111 0.651410 -0.162542
vn 0.741111 0.651410 -0.162542
vn 0.262435 0.934093 -0.242070
vn 0.262435 0.934093 -0.242070
vn 0.262435 0.934093 -0.242070
vn 0.278996 0.892299 -0.354913
vn 0.278996 0.892299 -0.354913
vn 0.278996 0.892299 -0.354913
vn -0.278082 0.892545 -0.355011
vn -0.278082 0.892545 -0.355011
vn -0.278082 0.892545 -0.355011
vn -0.400113 0.868470 -0.292694
vn -0.400113 0.868470 -0.292694
vn -0.400113 0.868470 -0.292694
vn -0.566261 0.775803 -0.278348
vn -0.566261 0.775803 -0.278348
vn -0.566261 0.775803 -0.278348
vn -0.494855 0.677977 -0.543567
vn -0.494855 0.677977 -0.543567
vn -0.494855 0.677977 -0.543567
vn -0.800391 0.507155 -0.319636
vn -0.800391 0.507156 -0.319636
vn -0.800391 0.507155 -0.319636
vn 0.218162 0.939551 -0.263912
vn 0.218162 0.939551 -0.263912
vn 0.218162 0.939551 -0.263912
vn -0.217446 0.939705 -0.263955
vn -0.217446 0.939705 -0.263955
vn -0.217446 0.939705 -0.263955
vn -0.261570 0.934318 -0.242140
vn -0.261570 0.934318 -0.242140
vn -0.261570 0.934318 -0.242140
vn -0.741105 0.651415 -0.162547
vn -0.741105 0.651415 -0.162547
vn -0.741105 0.651415 -0.162547
vn -0.736785 0.594657 -0.321762
vn -0.736785 0.594657 -0.321762
vn -0.736785 0.594657 -0.321762
vn -0.888633 0.401734 -0.221225
vn -0.888633 0.401734 -0.221225
vn -0.888633 0.401734 -0.221225
vn -0.863448 0.368183 -0.344817
vn -0.863448 0.368183 -0.344817
vn -0.863448 0.368183 -0.344817
vn -0.925652 0.280016 -0.254480
vn -0.925652 0.280016 -0.254480
vn -0.925652 0.280016 -0.254480
vn -0.930941 0.358705 -0.068405
vn -0.930941 0.358705 -0.068405
vn -0.930941 0.358705 -0.068405
vn -0.948118 0.301634 0.100440
vn -0.948118 0.301634 0.100440
vn -0.948118 0.301634 0.100440
vn -0.931070 0.338267 0.136693
vn -0.931070 0.338267 0.136693
vn -0.931069 0.338267 0.136693
vn -0.245414 0.968601 0.039798
vn -0.245414 0.968601 0.039798
vn -0.245414 0.968601 0.039798
vn 0.246210 0.968399 0.039789
vn 0.246210 0.968399 0.039789
vn 0.246210 0.968399 0.039789
vn 0.371614 0.928325 -0.010755
vn 0.371614 0.928325 -0.010755
vn 0.371614 0.928325 -0.010755
vn 0.642396 0.766370 -0.002094
vn 0.642396 0.766370 -0.002094
vn 0.642396 0.766370 -0.002094
vn -0.370571 0.928742 -0.010784
vn -0.370571 0.928741 -0.010784
vn -0.370571 0.928741 -0.010784
vn -0.642396 0.766370 -0.002094
vn -0.642396 0.766370 -0.002094
vn -0.642396 0.766370 -0.002094
vn -0.718410 0.694130 0.045502
vn -0.718410 0.694130 0.045502
vn -0.718410 0.694130 0.045502
vn -0.834229 0.549035 0.051215
vn -0.834229 0.549035 0.051215
vn -0.834229 0.549035 0.051215
vn -0.830146 0.542455 -0.128840
vn -0.830146 0.542455 -0.128840
vn -0.830146 0.542455 -0.128840
vn -0.898156 0.439506 0.012279
vn -0.898156 0.439506 0.012279
vn -0.898156 0.439506 0.012279
vn -0.883662 0.429741 -0.185645
vn -0.883662 0.429741 -0.185645
vn -0.883662 0.429741 -0.185645
vn -0.964623 0.180586 -0.192070
vn -0.964623 0.180586 -0.192070
vn -0.964623 0.180586 -0.192070
vn -0.964617 0.179657 -0.192972
vn -0.964617 0.179657 -0.192972
vn -0.964617 0.179656 -0.192972
vn -0.975220 -0.114915 -0.189051
vn -0.975220 -0.114915 -0.189051
vn -0.975220 -0.114915 -0.189051
vn -0.980830 -0.095858 -0.169658
vn -0.980830 -0.095858 -0.169658
vn -0.980830 -0.095858 -0.169658
vn -0.829126 -0.534343 -0.164404
vn -0.829126 -0.534343 -0.164404
vn -0.829126 -0.534343 -0.164404
vn -0.881952 -0.465429 -0.074412
vn -0.881952 -0.465429 -0.074412
vn -0.881952 -0.465429 -0.074412
vn -0.323731 -0.934284 -0.149372
vn -0.323731 -0.934284 -0.149372
vn -0.323731 -0.934284 -0.149372
vn -0.397414 -0.915074 -0.068569
vn -0.397414 -0.915074 -0.068569
vn -0.397414 -0.915074 -0.068569
vn 0.398198 -0.914735 -0.068543
vn 0.398198 -0.914735 -0.068543
vn 0.398198 -0.914735 -0.068543
vn 0.398159 -0.914400 -0.073096
vn 0.398159 -0.914400 -0.073096
vn 0.398159 -0.914400 -0.073096
vn 0.419095 -0.903174 -0.092933
vn 0.419095 -0.903174 -0.092933
vn 0.419095 -0.903174 -0.092933
vn 0.413250 -0.896090 -0.162008
vn 0.413250 -0.896090 -0.162008
vn 0.413250 -0.896090 -0.162008
vn 0.869642 -0.459862 -0.179585
vn 0.869642 -0.459862 -0.179585
vn 0.869642 -0.459862 -0.179585
vn 0.812883 -0.578351 -0.068781
vn 0.812883 -0.578351 -0.068781
vn 0.812883 -0.578352 -0.068781
vn 0.991414 -0.120066 -0.051785
vn 0.991414 -0.120066 -0.051785
vn 0.991414 -0.120066 -0.051785
vn 0.984733 -0.174052 -0.002754
vn 0.984733 -0.174052 -0.002754
vn 0.984732 -0.174052 -0.002754
vn 0.994484 0.101333 0.027072
vn 0.994484 0.101333 0.027072
vn 0.994484 0.101333 0.027072
vn 0.991847 0.127238 0.007050
vn 0.991847 0.127238 0.007050
vn 0.991847 0.127238 0.007050
vn 0.957693 0.286998 0.021362
vn 0.957693 0.286998 0.021362
vn 0.957693 0.286998 0.021362
vn 0.957028 0.289293 0.020183
vn 0.957028 0.289293 0.020183
vn 0.957028 0.289292 0.020183
vn 0.758683 0.648850 0.058264
vn 0.758683 0.648850 0.058264
vn 0.758683 0.648850 0.058264
vn 0.750407 0.658813 0.053432
vn 0.750407 0.658813 0.053432
vn 0.750407 0.658813 0.053432
vn 0.242280 0.965897 0.091342
vn 0.242280 0.965897 0.091342
vn 0.242280 0.965897 0.091342
vn 0.323235 0.938854 0.118623
vn 0.323235 0.938855 0.118623
vn 0.323235 0.938854 0.118623
vn -0.322230 0.939195 0.118666
vn -0.322230 0.939195 0.118666
vn -0.322230 0.939195 0.118666
vn -0.348354 0.936356 0.043448
vn -0.348353 0.936356 0.043448
vn -0.348353 0.936356 0.043448
vn -0.633321 0.772839 0.040297
vn -0.633321 0.772839 0.040297
vn -0.633321 0.772839 0.040297
vn -0.645062 0.763598 -0.028508
vn -0.645062 0.763598 -0.028508
vn -0.645062 0.763598 -0.028508
vn -0.911808 0.410531 -0.008406
vn -0.911808 0.410531 -0.008406
vn -0.911808 0.410531 -0.008406
vn 0.882032 -0.465598 -0.072378
vn 0.882032 -0.465598 -0.072378
vn 0.882032 -0.465598 -0.072378
vn 0.881213 -0.467365 -0.070946
vn 0.881213 -0.467365 -0.070946
vn 0.881213 -0.467365 -0.070946
vn 0.993796 -0.100954 -0.046678
vn 0.993795 -0.100954 -0.046678
vn 0.993795 -0.100954 -0.046678
vn 0.992282 -0.119761 -0.032153
vn 0.992282 -0.119761 -0.032153
vn 0.992282 -0.119761 -0.032153
vn 0.984954 0.172144 -0.015237
vn 0.984954 0.172144 -0.015237
vn 0.984954 0.172144 -0.015237
vn 0.994137 0.101888 0.036194
vn 0.994137 0.101888 0.036194
vn 0.994137 0.101888 0.036194
vn 0.948812 0.313332 0.039734
vn 0.948812 0.313332 0.039734
vn 0.948812 0.313332 0.039734
vn 0.955842 0.288653 0.055182
vn 0.955842 0.288653 0.055182
vn 0.955842 0.288653 0.055182
vn 0.782458 0.620071 0.057193
vn 0.782458 0.620071 0.057193
vn 0.782458 0.620071 0.057193
vn 0.760129 0.648591 0.039150
vn 0.760129 0.648591 0.039150
vn 0.760129 0.648591 0.039150
vn 0.235332 0.970995 0.042273
vn 0.235332 0.970995 0.042273
vn 0.235332 0.970995 0.042273
vn 0.964617 0.179657 -0.192972
vn 0.964617 0.179656 -0.192972
vn 0.964617 0.179657 -0.192972
vn 0.976192 -0.105663 -0.189431
vn 0.976192 -0.105663 -0.189431
vn 0.976192 -0.105663 -0.189431
vn 0.979339 -0.095440 -0.178289
vn 0.979339 -0.095440 -0.178289
vn 0.979339 -0.095440 -0.178289
vn 0.801089 -0.562666 -0.204113
vn 0.801089 -0.562666 -0.204113
vn 0.801089 -0.562666 -0.204113
vn 0.881952 -0.465429 -0.074412
vn 0.881952 -0.465429 -0.074412
vn 0.881952 -0.465429 -0.074412
vn 0.324410 -0.934054 -0.149335
vn 0.324410 -0.934054 -0.149335
vn 0.324410 -0.934054 -0.149335
vn -0.019960 0.040291 -0.998989
vn -0.019960 0.040291 -0.998989
vn -0.019960 0.040291 -0.998989
vn -0.009511 -0.400450 -0.916269
vn -0.009511 -0.400450 -0.916269
vn -0.009511 -0.400450 -0.916269
vn -0.428120 -0.081389 -0.900050
vn -0.428120 -0.081389 -0.900050
vn -0.428120 -0.081389 -0.900050
vn -0.428368 -0.043890 -0.902538
vn -0.428368 -0.043890 -0.902538
vn -0.428367 -0.043890 -0.902538
vn -0.355413 -0.013960 -0.934605
vn -0.355413 -0.013960 -0.934605
vn -0.355413 -0.013960 -0.934605
vn -0.991571 -0.062017 -0.113755
vn -0.991571 -0.062017 -0.113755
vn -0.991571 -0.062017 -0.113755
vn -0.977391 -0.110834 -0.180061
vn -0.977391 -0.110834 -0.180061
vn -0.977391 -0.110834 -0.180061
vn 0.992761 0.118841 -0.017399
vn 0.992761 0.118841 -0.017399
vn 0.992761 0.118841 -0.017399
vn 0.981399 0.185509 0.049420
vn 0.981399 0.185509 0.049420
vn 0.981399 0.185509 0.049420
vn -0.687814 0.723947 -0.053033
vn -0.687814 0.723948 -0.053033
vn -0.687814 0.723948 -0.053033
vn -0.925419 0.226652 -0.303693
vn -0.925419 0.226652 -0.303693
vn -0.925419 0.226652 -0.303693
vn -0.926126 0.227229 -0.301095
vn -0.926126 0.227229 -0.301095
vn -0.926126 0.227229 -0.301095
vn -0.924518 -0.101768 -0.367299
vn -0.924519 -0.101768 -0.367299
vn -0.924518 -0.101768 -0.367299
vn -0.797924 0.109287 -0.592768
vn -0.797924 0.109287 -0.592768
vn -0.797924 0.109287 -0.592768
vn -0.795244 -0.050295 -0.604200
vn -0.795244 -0.050295 -0.604200
vn -0.795244 -0.050295 -0.604200
vn -0.757615 0.004304 -0.652687
vn -0.757615 0.004304 -0.652687
vn -0.757615 0.004304 -0.652687
vn -0.787198 0.102803 -0.608071
vn -0.787198 0.102803 -0.608071
vn -0.787198 0.102803 -0.608071
vn 0.019846 0.034400 -0.999211
vn 0.019846 0.034400 -0.999211
vn 0.019846 0.034400 -0.999211
vn 0.009511 -0.400450 -0.916269
vn 0.009511 -0.400450 -0.916269
vn 0.009511 -0.400450 -0.916269
vn 0.428120 -0.081404 -0.900048
vn 0.428120 -0.081404 -0.900048
vn 0.428120 -0.081404 -0.900048
vn -0.925955 -0.358444 0.118851
vn -0.925955 -0.358444 0.118851
vn -0.925955 -0.358444 0.118851
vn -0.921155 -0.366926 0.129762
vn -0.921155 -0.366926 0.129762
vn -0.921155 -0.366926 0.129762
vn -0.023329 0.197511 0.980023
vn -0.023329 0.197511 0.980023
vn -0.023329 0.197511 0.980023
vn 0.278947 0.053737 0.958802
vn 0.278947 0.053737 0.958802
vn 0.278947 0.053737 0.958802
vn -0.893941 -0.431267 0.121976
vn -0.893941 -0.431267 0.121976
vn -0.893941 -0.431267 0.121976
vn 0.051041 -0.412236 0.909646
vn 0.051041 -0.412236 0.909646
vn 0.051041 -0.412236 0.909646
vn 0.324086 -0.102884 0.940416
vn 0.324086 -0.102884 0.940416
vn 0.324086 -0.102884 0.940416
vn -0.912738 -0.347237 0.215257
vn -0.912738 -0.347237 0.215257
vn -0.912738 -0.347237 0.215257
vn -0.879587 -0.428130 0.207439
vn -0.879588 -0.428130 0.207439
vn -0.879587 -0.428130 0.207439
vn 0.061786 -0.498996 0.864399
vn 0.061786 -0.498996 0.864399
vn 0.061786 -0.498996 0.864399
vn 0.849721 -0.323278 0.416492
vn 0.849721 -0.323278 0.416492
vn 0.849721 -0.323278 0.416492
vn 0.815335 -0.160993 0.556157
vn 0.815335 -0.160993 0.556157
vn 0.815335 -0.160993 0.556157
vn 0.341395 0.163591 -0.925574
vn 0.341395 0.163591 -0.925574
vn 0.341395 0.163591 -0.925574
vn 0.458026 0.343130 -0.820045
vn 0.458026 0.343130 -0.820045
vn 0.458026 0.343130 -0.820045
vn 0.872701 -0.485381 0.052891
vn 0.872701 -0.485381 0.052891
vn 0.872701 -0.485381 0.052891
vn 0.863240 -0.502983 0.042722
vn 0.863240 -0.502983 0.042722
vn 0.863240 -0.502983 0.042722
vn 0.841581 -0.484292 0.239170
vn 0.841581 -0.484292 0.239170
vn 0.841581 -0.484292 0.239170
vn 0.818480 -0.517438 0.249697
vn 0.818480 -0.517438 0.249697
vn 0.818480 -0.517438 0.249697
vn 0.678189 -0.541373 0.496966
vn 0.678189 -0.541373 0.496966
vn 0.678189 -0.541373 0.496966
vn 0.678967 -0.551984 0.484064
vn 0.678967 -0.551984 0.484064
vn 0.678967 -0.551984 0.484064
vn 0.705955 -0.545699 0.451487
vn 0.705955 -0.545699 0.451487
vn 0.705955 -0.545699 0.451487
vn 0.720185 -0.535188 0.441483
vn 0.720185 -0.535188 0.441483
vn 0.720185 -0.535188 0.441483
vn 0.547054 0.752357 -0.367003
vn 0.547054 0.752357 -0.367003
vn 0.547054 0.752357 -0.367003
vn 0.886408 0.414121 -0.206842
vn 0.886408 0.414121 -0.206842
vn 0.886408 0.414121 -0.206842
vn 0.896107 0.272032 -0.350700
vn 0.896107 0.272032 -0.350700
vn 0.896107 0.272032 -0.350700
vn 0.912020 0.220491 -0.345837
vn 0.912020 0.220491 -0.345837
vn 0.912020 0.220491 -0.345837
vn 0.916539 0.214254 -0.337716
vn 0.916539 0.214254 -0.337716
vn 0.916539 0.214254 -0.337716
vn 0.918247 0.205776 -0.338345
vn 0.918247 0.205776 -0.338345
vn 0.918247 0.205776 -0.338345
vn 0.909920 0.217032 -0.353472
vn 0.909920 0.217032 -0.353472
vn 0.909920 0.217032 -0.353472
vn 0.969924 0.241785 -0.028068
vn 0.969924 0.241785 -0.028068
vn 0.969924 0.241785 -0.028068
vn 0.976822 0.214038 -0.002690
vn 0.976822 0.214038 -0.002690
vn 0.976822 0.214038 -0.002690
vn 0.905057 0.152389 0.397050
vn 0.905057 0.152389 0.397050
vn 0.905057 0.152389 0.397050
vn 0.925982 -0.063438 0.372200
vn 0.925982 -0.063438 0.372200
vn 0.925982 -0.063438 0.372200
vn 0.455109 -0.306998 0.835840
vn 0.455109 -0.306998 0.835840
vn 0.455109 -0.306998 0.835840
vn 0.386259 -0.609623 0.692216
vn 0.386259 -0.609623 0.692216
vn 0.386259 -0.609623 0.692216
vn -0.306954 -0.655715 0.689795
vn -0.306954 -0.655715 0.689795
vn -0.306954 -0.655715 0.689795
vn -0.656478 -0.636834 0.404324
vn -0.656478 -0.636835 0.404324
vn -0.656478 -0.636835 0.404324
vn 0.999507 0.023783 -0.020517
vn 0.999507 0.023783 -0.020517
vn 0.999507 0.023783 -0.020517
vn 0.940666 -0.074650 0.331021
vn 0.940666 -0.074650 0.331021
vn 0.940666 -0.074650 0.331021
vn 0.916997 -0.277067 0.286966
vn 0.916997 -0.277067 0.286966
vn 0.916997 -0.277067 0.286966
vn 0.279434 -0.594124 0.754276
vn 0.279435 -0.594124 0.754277
vn 0.279435 -0.594124 0.754277
vn 0.256328 -0.674955 0.691904
vn 0.256328 -0.674955 0.691904
vn 0.256328 -0.674955 0.691904
vn -0.836565 -0.372256 0.401976
vn -0.836565 -0.372256 0.401976
vn -0.836565 -0.372256 0.401976
vn -0.836264 -0.370616 0.404112
vn -0.836264 -0.370616 0.404112
vn -0.836264 -0.370616 0.404112
vn -0.925466 -0.169276 0.338908
vn -0.925466 -0.169276 0.338908
vn -0.925466 -0.169276 0.338908
vn 0.029042 -0.245520 0.968956
vn 0.029042 -0.245520 0.968956
vn 0.029042 -0.245520 0.968956
vn 0.029271 -0.632168 0.774279
vn 0.029271 -0.632168 0.774279
vn 0.029271 -0.632168 0.774279
vn 0.834709 -0.395792 0.382896
vn 0.834709 -0.395792 0.382896
vn 0.834709 -0.395792 0.382896
vn 0.862687 -0.283551 0.418773
vn 0.862687 -0.283551 0.418773
vn 0.862687 -0.283551 0.418773
vn 0.997724 -0.066777 -0.009375
vn 0.997724 -0.066777 -0.009375
vn 0.997724 -0.066777 -0.009375
vn 0.999331 0.036220 0.005086
vn 0.999331 0.036220 0.005086
vn 0.999331 0.036220 0.005086
vn 0.921947 0.055729 -0.383286
vn 0.921947 0.055729 -0.383286
vn 0.921947 0.055729 -0.383286
vn 0.928546 0.046972 -0.368233
vn 0.928546 0.046972 -0.368233
vn 0.928546 0.046972 -0.368233
vn 0.922448 0.027437 -0.385144
vn 0.922448 0.027437 -0.385144
vn 0.922448 0.027437 -0.385144
vn 0.996579 -0.070390 -0.043316
vn 0.996579 -0.070390 -0.043316
vn 0.996579 -0.070390 -0.043316
vn 0.994046 -0.096576 -0.050450
vn 0.994046 -0.096576 -0.050450
vn 0.994046 -0.096576 -0.050450
vn 0.805637 -0.405779 0.431617
vn 0.805637 -0.405779 0.431617
vn 0.805637 -0.405779 0.431617
vn 0.857161 -0.171583 0.485627
vn 0.857161 -0.171583 0.485627
vn 0.857161 -0.171583 0.485627
vn 0.153492 -0.294741 0.943169
vn 0.153492 -0.294741 0.943169
vn 0.153492 -0.294741 0.943169
vn 0.163821 0.288173 0.943461
vn 0.163821 0.288173 0.943461
vn 0.163821 0.288173 0.943461
vn -0.869539 0.098814 0.483877
vn -0.869539 0.098814 0.483877
vn -0.869539 0.098814 0.483877
vn -0.793381 0.183203 0.580502
vn -0.793381 0.183203 0.580502
vn -0.793381 0.183203 0.580502
vn 0.983245 -0.064147 -0.170629
vn 0.983245 -0.064147 -0.170629
vn 0.983245 -0.064147 -0.170629
vn 0.887636 0.120666 -0.444457
vn 0.887636 0.120666 -0.444457
vn 0.887636 0.120666 -0.444457
vn 0.881907 0.003035 -0.471413
vn 0.881907 0.003035 -0.471413
vn 0.881907 0.003035 -0.471413
vn 0.985375 -0.050440 -0.162765
vn 0.985375 -0.050440 -0.162765
vn 0.985375 -0.050440 -0.162765
vn 0.980662 -0.003494 -0.195676
vn 0.980662 -0.003494 -0.195676
vn 0.980662 -0.003494 -0.195676
vn 0.840710 -0.163468 0.516222
vn 0.840710 -0.163468 0.516222
vn 0.840710 -0.163468 0.516222
vn 0.789301 0.211302 0.576502
vn 0.789301 0.211302 0.576502
vn 0.789301 0.211302 0.576502
vn 0.812441 0.216179 0.541484
vn 0.812441 0.216179 0.541484
vn 0.812441 0.216179 0.541484
vn 0.125460 0.302874 0.944737
vn 0.125460 0.302874 0.944737
vn 0.125460 0.302874 0.944737
vn 0.091878 0.716167 0.691855
vn 0.091878 0.716167 0.691855
vn 0.091878 0.716167 0.691855
vn 0.048093 0.683136 0.728705
vn 0.048093 0.683136 0.728705
vn 0.048093 0.683136 0.728705
vn 0.032302 0.812261 0.582399
vn 0.032302 0.812261 0.582399
vn 0.032302 0.812261 0.582399
vn 0.016964 0.802227 0.596778
vn 0.016964 0.802227 0.596778
vn 0.016964 0.802227 0.596778
vn 0.023489 0.562632 0.826374
vn 0.023489 0.562632 0.826374
vn 0.023489 0.562632 0.826374
vn 0.071502 0.613839 0.786187
vn 0.071502 0.613839 0.786187
vn 0.071502 0.613839 0.786187
vn 0.090212 -0.089250 0.991915
vn 0.090212 -0.089250 0.991915
vn 0.090212 -0.089250 0.991915
vn -0.467155 -0.092696 0.879303
vn -0.467155 -0.092696 0.879303
vn -0.467154 -0.092696 0.879303
vn -0.664542 0.174366 0.726622
vn -0.664542 0.174366 0.726622
vn -0.664542 0.174366 0.726622
vn -0.519239 0.638792 0.567745
vn -0.519239 0.638792 0.567745
vn -0.519239 0.638792 0.567745
vn -0.498753 0.615871 0.609876
vn -0.498753 0.615871 0.609876
vn -0.498753 0.615871 0.609876
vn -0.303568 0.796964 0.522202
vn -0.303568 0.796964 0.522202
vn -0.303568 0.796964 0.522202
vn -0.242188 0.635836 0.732842
vn -0.242188 0.635836 0.732842
vn -0.242188 0.635836 0.732842
vn -0.677901 0.669419 0.303856
vn -0.677901 0.669419 0.303856
vn -0.677901 0.669419 0.303856
vn -0.909894 0.385621 0.152935
vn -0.909894 0.385621 0.152935
vn -0.909894 0.385621 0.152935
vn -0.888994 0.452340 0.071259
vn -0.888994 0.452340 0.071259
vn -0.888994 0.452340 0.071259
vn -0.973737 0.213877 0.078052
vn -0.973737 0.213878 0.078052
vn -0.973737 0.213877 0.078052
vn -0.979010 0.168713 0.114348
vn -0.979010 0.168713 0.114348
vn -0.979010 0.168713 0.114348
vn 0.048594 -0.019521 0.998628
vn 0.048594 -0.019521 0.998628
vn 0.048594 -0.019521 0.998628
vn 0.843433 0.178376 0.506757
vn 0.843433 0.178376 0.506757
vn 0.843433 0.178376 0.506757
vn 0.851132 0.219042 0.477068
vn 0.851132 0.219042 0.477068
vn 0.851132 0.219042 0.477068
vn 0.990486 0.121513 -0.064590
vn 0.990486 0.121513 -0.064590
vn 0.990486 0.121513 -0.064590
vn 0.991875 0.114647 -0.055145
vn 0.991875 0.114647 -0.055145
vn 0.991875 0.114647 -0.055145
vn 0.645570 -0.260792 -0.717793
vn 0.645570 -0.260792 -0.717793
vn 0.645570 -0.260792 -0.717793
vn 0.771891 -0.401709 -0.492761
vn 0.771891 -0.401709 -0.492761
vn 0.771891 -0.401709 -0.492761
vn 0.125776 -0.667934 -0.733516
vn 0.125776 -0.667934 -0.733516
vn 0.125776 -0.667934 -0.733516
vn 0.796798 0.326155 -0.508660
vn 0.796798 0.326155 -0.508660
vn 0.796798 0.326155 -0.508660
vn 0.927382 0.338265 0.159811
vn 0.927382 0.338265 0.159811
vn 0.927382 0.338265 0.159811
vn 0.859748 0.508477 -0.047799
vn 0.859748 0.508477 -0.047799
vn 0.859748 0.508477 -0.047799
vn 0.735609 0.491131 0.466551
vn 0.735609 0.491131 0.466551
vn 0.735609 0.491131 0.466551
vn 0.735008 0.538552 0.411977
vn 0.735008 0.538551 0.411977
vn 0.735008 0.538551 0.411977
vn 0.730907 0.605645 0.314594
vn 0.730907 0.605645 0.314594
vn 0.730907 0.605645 0.314594
vn 0.451774 0.600457 0.659812
vn 0.451774 0.600457 0.659812
vn 0.451774 0.600457 0.659812
vn 0.460562 0.781568 0.420753
vn 0.460562 0.781568 0.420753
vn 0.460562 0.781568 0.420753
vn 0.223680 -0.951027 -0.213343
vn 0.223680 -0.951027 -0.213343
vn 0.223680 -0.951027 -0.213343
vn 0.232156 -0.953006 -0.194634
vn 0.232156 -0.953006 -0.194634
vn 0.232156 -0.953006 -0.194634
vn -0.810597 -0.562239 0.163767
vn -0.810597 -0.562239 0.163768
vn -0.810597 -0.562239 0.163767
vn -0.700547 -0.211261 0.681617
vn -0.700547 -0.211261 0.681617
vn -0.700547 -0.211261 0.681617
vn 0.500013 0.109064 0.859123
vn 0.500013 0.109064 0.859123
vn 0.500013 0.109064 0.859123
vn -0.098274 0.140304 0.985219
vn -0.098274 0.140304 0.985219
vn -0.098274 0.140304 0.985219
vn -0.052212 0.201960 0.978001
vn -0.052212 0.201960 0.978001
vn -0.052212 0.201960 0.978001
vn -0.830821 0.256952 0.493673
vn -0.830821 0.256952 0.493673
vn -0.830821 0.256952 0.493673
vn -0.786300 0.146192 0.600299
vn -0.786300 0.146192 0.600299
vn -0.786300 0.146192 0.600299
vn -0.991843 0.115127 -0.054707
vn -0.991843 0.115127 -0.054707
vn -0.991843 0.115127 -0.054707
vn -0.987445 0.136287 -0.079856
vn -0.987445 0.136287 -0.079856
vn -0.987445 0.136287 -0.079856
vn -0.703312 0.004020 -0.710870
vn -0.703312 0.004020 -0.710870
vn -0.703312 0.004020 -0.710870
vn -0.853583 -0.201859 -0.480260
vn -0.853583 -0.201859 -0.480260
vn -0.853583 -0.201859 -0.480260
vn -0.162365 -0.470722 -0.867213
vn -0.162365 -0.470722 -0.867213
vn -0.162365 -0.470722 -0.867213
vn 0.000000 -1.000000 0.000000
vn 0.000000 -1.000000 0.000000
vn 0.000000 -1.000000 0.000000
vn 0.000000 -1.000000 0.000000
vn 0.000000 -1.000000 0.000000
vn 0.000000 -1.000000 0.000000
vn 0.000000 -1.000000 0.000000
vn 0.000000 -1.000000 0.000000
vn 0.000000 -1.000000 0.000000
vn 0.000000 -1.000000 0.000000
vn 0.000000 -1.000000 0.000000
vn 0.000000 -1.000000 0.000000
vn 0.000000 -1.000000 0.000000
vn 0.000000 -1.000000 0.000000
vn 0.000000 -1.000000 0.000000
vn 0.000000 -1.000000 0.000000
vn 0.000000 -1.000000 0.000000
vn 0.000000 -1.000000 0.000000
vn -0.000002 -1.000000 0.000000
vn -0.000002 -1.000000 0.000000
vn -0.000002 -1.000000 0.000000
vn 0.000000 -1.000000 0.000000
vn 0.000000 -1.000000 0.000000
vn 0.000000 -1.000000 0.000000
vn 0.000000 -1.000000 0.000000
vn 0.000000 -1.000000 0.000000
vn 0.000000 -1.000000 0.000000
vn 0.000000 -1.000000 0.000000
vn 0.000000 -1.000000 0.000000
vn 0.000000 -1.000000 0.000000
vn 0.000000 -1.000000 0.000000
vn 0.000000 -1.000000 0.000000
vn 0.000000 -1.000000 0.000000
vn 0.000000 -1.000000 0.000000
vn 0.000000 -1.000000 0.000000
vn 0.000000 -1.000000 0.000000
vn 0.000000 -1.000000 0.000000
vn 0.000000 -1.000000 0.000000
vn 0.000000 -1.000000 0.000000
vn 0.000000 -1.000000 0.000000
vn 0.000000 -1.000000 0.000000
vn 0.000000 -1.000000 0.000000
vn 0.806726 0.177801 0.563542
vn 0.806726 0.177801 0.563543
vn 0.806726 0.177801 0.563542
vn 0.849271 0.183283 0.495121
vn 0.849271 0.183283 0.495121
vn 0.849271 0.183283 0.495121
vn 0.462830 -0.610728 0.642494
vn 0.462830 -0.610729 0.642494
vn 0.462830 -0.610729 0.642494
vn -0.597402 0.442497 -0.668810
vn -0.597402 0.442497 -0.668810
vn -0.597402 0.442497 -0.668810
vn -0.480682 0.535093 -0.694709
vn -0.480682 0.535093 -0.694709
vn -0.480682 0.535093 -0.694709
vn 0.230284 -0.579870 -0.781486
vn 0.230284 -0.579870 -0.781486
vn 0.230284 -0.579870 -0.781486
vn 0.033357 -0.706546 -0.706881
vn 0.033357 -0.706546 -0.706881
vn 0.033357 -0.706545 -0.706881
vn -0.893692 0.440047 -0.087590
vn -0.893693 0.440047 -0.087590
vn -0.893693 0.440047 -0.087590
vn -0.896303 0.435253 -0.084834
vn -0.896303 0.435253 -0.084834
vn -0.896303 0.435253 -0.084834
vn 0.163091 -0.948589 -0.271257
vn 0.163091 -0.948589 -0.271257
vn 0.163091 -0.948589 -0.271257
vn 0.212225 -0.976512 -0.037218
vn 0.212225 -0.976512 -0.037218
vn 0.212225 -0.976512 -0.037218
vn 0.698962 0.625857 0.346056
vn 0.698962 0.625857 0.346056
vn 0.698962 0.625857 0.346056
vn 0.567837 0.688499 0.451143
vn 0.567837 0.688499 0.451143
vn 0.567837 0.688499 0.451143
vn 0.883109 0.152145 0.443814
vn 0.883109 0.152145 0.443814
vn 0.883109 0.152145 0.443814
vn 0.874237 0.174587 0.453022
vn 0.874237 0.174587 0.453022
vn 0.874237 0.174587 0.453022
vn 0.712771 0.605200 0.354528
vn 0.712771 0.605200 0.354528
vn 0.712771 0.605200 0.354528
vn 0.809877 0.555363 0.188866
vn 0.809878 0.555363 0.188866
vn 0.809877 0.555363 0.188866
vn -0.830560 0.463595 0.308626
vn -0.830560 0.463595 0.308626
vn -0.830560 0.463595 0.308626
vn -0.833281 0.454330 0.315005
vn -0.833280 0.454330 0.315005
vn -0.833280 0.454330 0.315005
vn 0.918992 0.215796 0.329979
vn 0.918992 0.215796 0.329979
vn 0.918992 0.215796 0.329979
vn 0.911421 0.235709 0.337273
vn 0.911421 0.235709 0.337273
vn 0.911421 0.235709 0.337273
vn 0.719394 0.657062 0.225260
vn 0.719394 0.657062 0.225260
vn 0.719394 0.657062 0.225260
vn 0.802385 0.595004 0.046347
vn 0.802386 0.595004 0.046347
vn 0.802385 0.595004 0.046347
vn -0.509521 0.368563 0.777528
vn -0.509521 0.368563 0.777528
vn -0.509521 0.368563 0.777528
vn -0.283450 0.351128 0.892393
vn -0.283450 0.351128 0.892393
vn -0.283450 0.351128 0.892393
vn 0.986347 0.155441 -0.054389
vn 0.986347 0.155441 -0.054389
vn 0.986347 0.155441 -0.054389
vn 0.974369 0.223639 -0.024315
vn 0.974369 0.223639 -0.024315
vn 0.974369 0.223639 -0.024315
vn -0.989018 0.074108 0.127873
vn -0.989018 0.074108 0.127873
vn -0.989018 0.074108 0.127873
vn -0.991037 0.041466 0.126988
vn -0.991037 0.041466 0.126988
vn -0.991037 0.041466 0.126988
vn 0.806784 0.521703 -0.277354
vn 0.806784 0.521703 -0.277354
vn 0.806784 0.521703 -0.277354
vn 0.805872 0.582250 -0.107495
vn 0.805872 0.582250 -0.107495
vn 0.805872 0.582250 -0.107495
vn 0.207938 -0.617622 -0.758488
vn 0.207938 -0.617622 -0.758488
vn 0.207938 -0.617623 -0.758488
vn 0.104768 -0.688773 -0.717367
vn 0.104768 -0.688773 -0.717367
vn 0.104768 -0.688773 -0.717367
vn -0.879526 0.467895 -0.086654
vn -0.879526 0.467895 -0.086654
vn -0.879526 0.467895 -0.086654
vn -0.891983 0.445920 -0.074303
vn -0.891983 0.445920 -0.074303
vn -0.891983 0.445920 -0.074303
vn 0.161286 -0.952832 -0.257096
vn 0.161286 -0.952832 -0.257096
vn 0.161286 -0.952832 -0.257096
vn 0.200165 -0.979151 -0.034600
vn 0.200165 -0.979151 -0.034600
vn 0.200165 -0.979151 -0.034600
vn 0.669242 0.654662 0.351471
vn 0.669242 0.654662 0.351471
vn 0.669242 0.654662 0.351471
vn 0.489993 0.724689 0.484492
vn 0.489993 0.724689 0.484492
vn 0.489993 0.724689 0.484492
vn -0.839699 0.199260 0.505173
vn -0.839699 0.199260 0.505173
vn -0.839699 0.199260 0.505173
vn -0.865626 0.207806 0.455531
vn -0.865626 0.207806 0.455531
vn -0.865626 0.207806 0.455531
vn -0.208671 0.970949 0.117108
vn -0.208671 0.970949 0.117108
vn -0.208671 0.970949 0.117108
vn -0.303847 0.929131 0.210697
vn -0.303847 0.929131 0.210696
vn -0.303847 0.929131 0.210696
vn -0.333589 0.932700 0.137073
vn -0.333589 0.932700 0.137073
vn -0.333589 0.932700 0.137073
vn -0.349983 0.923648 0.156162
vn -0.349983 0.923648 0.156162
vn -0.349983 0.923648 0.156162
vn 0.864687 0.501894 -0.020474
vn 0.864687 0.501894 -0.020474
vn 0.864687 0.501894 -0.020474
vn 0.857122 0.514766 -0.018911
vn 0.857122 0.514766 -0.018911
vn 0.857122 0.514766 -0.018911
vn 0.857010 0.188484 0.479591
vn 0.857010 0.188484 0.479591
vn 0.857010 0.188484 0.479591
vn 0.861022 0.179050 0.476006
vn 0.861022 0.179050 0.476006
vn 0.861022 0.179050 0.476006
vn -0.835333 0.472308 0.281326
vn -0.835333 0.472308 0.281326
vn -0.835333 0.472308 0.281326
vn -0.827486 0.491859 0.270817
vn -0.827486 0.491859 0.270817
vn -0.827486 0.491859 0.270817
vn 0.781641 0.589126 0.204862
vn 0.781641 0.589126 0.204862
vn 0.781641 0.589126 0.204862
vn 0.686999 0.631652 0.359232
vn 0.686999 0.631652 0.359232
vn 0.686999 0.631652 0.359232
vn 0.907856 0.222605 0.355308
vn 0.907856 0.222605 0.355308
vn 0.907856 0.222605 0.355308
vn 0.895133 0.253947 0.366399
vn 0.895133 0.253947 0.366399
vn 0.895133 0.253947 0.366399
vn -0.818950 0.457810 0.346022
vn -0.818950 0.457810 0.346022
vn -0.818950 0.457810 0.346022
vn -0.809337 0.489801 0.324144
vn -0.809337 0.489801 0.324144
vn -0.809337 0.489801 0.324144
vn 0.783377 0.618994 0.056275
vn 0.783377 0.618994 0.056275
vn 0.783377 0.618994 0.056275
vn 0.687891 0.681192 0.250568
vn 0.687891 0.681192 0.250568
vn 0.687891 0.681192 0.250568
vn -0.774386 0.557803 -0.298634
vn -0.774386 0.557803 -0.298634
vn -0.774386 0.557803 -0.298634
vn -0.772076 0.632350 -0.063492
vn -0.772076 0.632350 -0.063492
vn -0.772076 0.632350 -0.063492
vn -0.984107 0.165462 -0.064462
vn -0.984107 0.165462 -0.064462
vn -0.984107 0.165462 -0.064462
vn -0.966957 0.253488 -0.027157
vn -0.966957 0.253488 -0.027157
vn -0.966957 0.253488 -0.027157
vn -0.989438 -0.090332 0.113365
vn -0.989438 -0.090332 0.113365
vn -0.989438 -0.090332 0.113365
vn 0.869370 -0.423868 -0.254030
vn 0.869370 -0.423868 -0.254030
vn 0.869370 -0.423868 -0.254030
vn 0.912353 -0.339854 -0.228277
vn 0.912353 -0.339854 -0.228277
vn 0.912353 -0.339854 -0.228277
vn -0.783377 0.618995 0.056275
vn -0.783377 0.618995 0.056275
vn -0.783377 0.618995 0.056275
vn -0.687797 0.681228 0.250726
vn -0.687797 0.681228 0.250726
vn -0.687797 0.681228 0.250726
vn -0.408233 0.566517 -0.715824
vn -0.408233 0.566517 -0.715824
vn -0.408233 0.566517 -0.715824
vn -0.242357 0.719370 -0.650976
vn -0.242357 0.719370 -0.650976
vn -0.242357 0.719370 -0.650976
vn -0.687088 0.631634 0.359095
vn -0.687088 0.631634 0.359095
vn -0.687088 0.631634 0.359095
vn -0.781604 0.589160 0.204901
vn -0.781605 0.589160 0.204901
vn -0.781605 0.589160 0.204901
vn -0.998142 -0.040911 -0.045151
vn -0.998142 -0.040911 -0.045151
vn -0.998142 -0.040911 -0.045151
vn -0.950709 -0.057632 0.304682
vn -0.950709 -0.057632 0.304682
vn -0.950709 -0.057632 0.304682
vn -0.940103 -0.169368 0.295840
vn -0.940103 -0.169368 0.295840
vn -0.940103 -0.169368 0.295840
vn -0.666191 -0.191327 0.720822
vn -0.666191 -0.191327 0.720822
vn -0.666191 -0.191327 0.720822
vn -0.626459 -0.080891 0.775246
vn -0.626459 -0.080891 0.775246
vn -0.626459 -0.080891 0.775246
vn -0.556946 -0.075892 0.827074
vn -0.556946 -0.075892 0.827074
vn -0.556946 -0.075892 0.827074
vn -0.575781 -0.286574 0.765736
vn -0.575781 -0.286574 0.765736
vn -0.575781 -0.286574 0.765736
vn -0.342162 -0.370500 0.863513
vn -0.342162 -0.370500 0.863513
vn -0.342162 -0.370500 0.863513
vn -0.460816 -0.139876 0.876404
vn -0.460816 -0.139876 0.876404
vn -0.460816 -0.139876 0.876404
vn -0.748389 -0.419916 0.513405
vn -0.748389 -0.419916 0.513405
vn -0.748389 -0.419916 0.513405
vn -0.799883 0.141965 0.583124
vn -0.799883 0.141965 0.583124
vn -0.799883 0.141965 0.583124
vn -0.621391 0.291563 -0.727230
vn -0.621391 0.291563 -0.727231
vn -0.621391 0.291563 -0.727230
vn 0.414413 0.367047 -0.832790
vn 0.414413 0.367047 -0.832790
vn 0.414413 0.367047 -0.832790
vn 0.417295 0.429523 -0.800859
vn 0.417295 0.429524 -0.800859
vn 0.417295 0.429524 -0.800859
vn 0.965346 0.202951 0.164064
vn 0.965346 0.202951 0.164064
vn 0.965346 0.202951 0.164064
vn 0.971409 0.204225 0.121065
vn 0.971409 0.204225 0.121065
vn 0.971409 0.204225 0.121065
vn 0.924306 -0.182760 0.335047
vn 0.924306 -0.182760 0.335047
vn 0.924306 -0.182760 0.335047
vn -0.098199 -0.908243 -0.406757
vn -0.098199 -0.908243 -0.406757
vn -0.098199 -0.908243 -0.406757
vn -0.038192 -0.970264 -0.239016
vn -0.038192 -0.970264 -0.239016
vn -0.038192 -0.970264 -0.239016
vn 0.847196 0.006070 0.531245
vn 0.847196 0.006070 0.531245
vn 0.847196 0.006070 0.531245
vn 0.587703 0.808806 0.020925
vn 0.587703 0.808806 0.020925
vn 0.587703 0.808806 0.020925
vn -0.567156 0.539711 0.622131
vn -0.567156 0.539711 0.622131
vn -0.567156 0.539711 0.622131
vn -0.566102 0.556965 0.607716
vn -0.566102 0.556965 0.607716
vn -0.566102 0.556965 0.607716
vn -0.576822 -0.284853 0.765595
vn -0.576822 -0.284853 0.765595
vn -0.576822 -0.284853 0.765594
vn -0.567373 -0.256004 0.782656
vn -0.567373 -0.256004 0.782656
vn -0.567373 -0.256004 0.782656
vn 0.774381 0.557781 -0.298687
vn 0.774381 0.557781 -0.298687
vn 0.774381 0.557781 -0.298687
vn 0.772057 0.632392 -0.063311
vn 0.772057 0.632392 -0.063311
vn 0.772057 0.632392 -0.063311
vn 0.133287 -0.978739 -0.155899
vn 0.133287 -0.978739 -0.155899
vn 0.133287 -0.978739 -0.155899
vn -0.016366 -0.936488 -0.350318
vn -0.016366 -0.936488 -0.350318
vn -0.016366 -0.936488 -0.350318
vn -0.669285 0.654640 0.351432
vn -0.669285 0.654640 0.351432
vn -0.669285 0.654640 0.351432
vn -0.489993 0.724689 0.484492
vn -0.489993 0.724689 0.484492
vn -0.489993 0.724689 0.484492
vn 0.984119 0.165377 -0.064498
vn 0.984119 0.165377 -0.064498
vn 0.984119 0.165377 -0.064498
vn 0.966940 0.253558 -0.027127
vn 0.966940 0.253558 -0.027127
vn 0.966940 0.253558 -0.027127
vn 0.195083 -0.968661 -0.153747
vn 0.195083 -0.968661 -0.153747
vn 0.195083 -0.968661 -0.153747
vn 0.135358 -0.960251 -0.244123
vn 0.135358 -0.960251 -0.244123
vn 0.135358 -0.960251 -0.244123
vn 0.100270 -0.978630 -0.179524
vn 0.100270 -0.978630 -0.179524
vn 0.100270 -0.978630 -0.179524
vn 0.085687 -0.980126 -0.178918
vn 0.085687 -0.980126 -0.178918
vn 0.085687 -0.980126 -0.178918
vn 0.623327 -0.545600 0.560164
vn 0.623327 -0.545600 0.560164
vn 0.623327 -0.545600 0.560164
vn 0.865626 0.207807 0.455531
vn 0.865626 0.207807 0.455531
vn 0.865625 0.207807 0.455531
vn 0.997825 -0.060367 0.026483
vn 0.997825 -0.060367 0.026483
vn 0.997825 -0.060367 0.026483
vn 0.577719 0.786138 -0.219606
vn 0.577719 0.786138 -0.219606
vn 0.577719 0.786138 -0.219606
vn -0.017614 -0.930566 -0.365700
vn -0.017614 -0.930566 -0.365700
vn -0.017614 -0.930566 -0.365700
vn 0.130869 -0.979914 -0.150471
vn 0.130869 -0.979914 -0.150471
vn 0.130869 -0.979914 -0.150471
vn -0.879154 0.162277 0.448056
vn -0.879154 0.162277 0.448056
vn -0.879154 0.162277 0.448056
vn -0.880143 0.159760 0.447019
vn -0.880143 0.159760 0.447019
vn -0.880143 0.159760 0.447018
vn -0.803760 -0.306520 0.509917
vn -0.803760 -0.306520 0.509917
vn -0.803760 -0.306520 0.509917
vn -0.692515 0.629719 0.351962
vn -0.692515 0.629719 0.351962
vn -0.692515 0.629719 0.351962
vn -0.567837 0.688499 0.451143
vn -0.567837 0.688499 0.451143
vn -0.567837 0.688499 0.451143
vn -0.163103 -0.948590 -0.271246
vn -0.163103 -0.948590 -0.271246
vn -0.163103 -0.948590 -0.271246
vn -0.212238 -0.976507 -0.037260
vn -0.212238 -0.976507 -0.037260
vn -0.212238 -0.976507 -0.037260
vn 0.541159 -0.738595 -0.402024
vn 0.541159 -0.738595 -0.402024
vn 0.541159 -0.738595 -0.402024
vn 0.476132 -0.674882 -0.563767
vn 0.476132 -0.674881 -0.563767
vn 0.476132 -0.674882 -0.563767
vn -0.190786 -0.948448 -0.253076
vn -0.190786 -0.948448 -0.253076
vn -0.190786 -0.948448 -0.253076
vn -0.044737 -0.975072 -0.217332
vn -0.044737 -0.975072 -0.217332
vn -0.044737 -0.975072 -0.217332
vn 0.258455 -0.654590 -0.710432
vn 0.258455 -0.654590 -0.710432
vn 0.258455 -0.654590 -0.710432
vn 0.153930 -0.562854 -0.812097
vn 0.153930 -0.562854 -0.812097
vn 0.153930 -0.562854 -0.812097
vn 0.969684 0.189580 0.154180
vn 0.969684 0.189580 0.154180
vn 0.969684 0.189580 0.154180
vn 0.974326 0.188902 0.122496
vn 0.974326 0.188902 0.122496
vn 0.974326 0.188902 0.122496
vn 0.946129 -0.143260 0.290374
vn 0.946129 -0.143260 0.290374
vn 0.946129 -0.143260 0.290374
vn -0.385663 -0.641815 0.662826
vn -0.385663 -0.641815 0.662826
vn -0.385663 -0.641815 0.662826
vn -0.843198 0.018883 0.537271
vn -0.843198 0.018883 0.537271
vn -0.843198 0.018883 0.537271
vn -0.868887 0.467370 -0.163096
vn -0.868887 0.467370 -0.163096
vn -0.868887 0.467370 -0.163096
vn -0.884420 0.436166 -0.166011
vn -0.884420 0.436167 -0.166011
vn -0.884420 0.436166 -0.166011
vn -0.864688 0.501892 -0.020474
vn -0.864688 0.501892 -0.020474
vn -0.864688 0.501892 -0.020474
vn -0.959020 0.279757 -0.044901
vn -0.959020 0.279757 -0.044901
vn -0.959020 0.279757 -0.044901
vn 0.700734 -0.211565 0.681331
vn 0.700734 -0.211565 0.681331
vn 0.700734 -0.211565 0.681331
vn 0.810595 -0.562241 0.163767
vn 0.810595 -0.562241 0.163767
vn 0.810595 -0.562241 0.163767
vn 0.008617 -0.909215 -0.416237
vn 0.008617 -0.909215 -0.416237
vn 0.008617 -0.909215 -0.416237
vn 0.104066 -0.962513 -0.250476
vn 0.104066 -0.962513 -0.250476
vn 0.104066 -0.962513 -0.250476
vn 0.194221 0.971024 0.139250
vn 0.194221 0.971024 0.139250
vn 0.194221 0.971024 0.139250
vn 0.318803 0.939344 0.126483
vn 0.318803 0.939344 0.126483
vn 0.318803 0.939344 0.126483
vn 0.093026 -0.989552 -0.110152
vn 0.093026 -0.989552 -0.110152
vn 0.093026 -0.989552 -0.110152
vn 0.140653 -0.939403 -0.312632
vn 0.140653 -0.939403 -0.312632
vn 0.140653 -0.939403 -0.312632
vn 0.012076 -0.912477 -0.408949
vn 0.012076 -0.912477 -0.408949
vn 0.012076 -0.912477 -0.408949
vn 0.126656 -0.965918 -0.225743
vn 0.126656 -0.965918 -0.225743
vn 0.126656 -0.965918 -0.225743
vn -0.427401 -0.749180 -0.506022
vn -0.427401 -0.749180 -0.506022
vn -0.427401 -0.749180 -0.506022
vn -0.591058 -0.639433 -0.491706
vn -0.591058 -0.639434 -0.491706
vn -0.591058 -0.639433 -0.491706
vn 0.480682 0.535093 -0.694709
vn 0.480682 0.535093 -0.694709
vn 0.480682 0.535093 -0.694709
vn 0.597400 0.442498 -0.668812
vn 0.597400 0.442498 -0.668812
vn 0.597400 0.442498 -0.668812
vn 0.956987 -0.154702 0.245445
vn 0.956987 -0.154702 0.245445
vn 0.956987 -0.154702 0.245445
vn 0.946845 -0.121622 0.297813
vn 0.946845 -0.121622 0.297813
vn 0.946845 -0.121622 0.297813
vn 0.284929 -0.434216 0.854560
vn 0.284929 -0.434216 0.854560
vn 0.284929 -0.434216 0.854560
vn 0.341880 -0.503995 0.793162
vn 0.341880 -0.503995 0.793162
vn 0.341880 -0.503995 0.793162
vn -0.338494 -0.504651 0.794197
vn -0.338493 -0.504651 0.794197
vn -0.338493 -0.504651 0.794197
vn -0.266466 0.577713 0.771521
vn -0.266466 0.577713 0.771521
vn -0.266466 0.577713 0.771521
vn -0.293894 0.604709 0.740239
vn -0.293894 0.604709 0.740239
vn -0.293894 0.604709 0.740239
vn -0.253183 0.770211 0.585383
vn -0.253183 0.770211 0.585383
vn -0.253183 0.770211 0.585383
vn -0.523862 0.705561 0.477233
vn -0.523862 0.705561 0.477233
vn -0.523862 0.705561 0.477233
vn 0.256472 0.769521 0.584858
vn 0.256472 0.769521 0.584858
vn 0.256472 0.769521 0.584858
vn 0.297495 0.604652 0.738845
vn 0.297495 0.604652 0.738845
vn 0.297495 0.604652 0.738845
vn 0.887849 0.395825 0.234621
vn 0.887849 0.395825 0.234621
vn 0.887849 0.395825 0.234621
vn -0.090190 -0.986733 -0.134996
vn -0.090190 -0.986733 -0.134996
vn -0.090190 -0.986733 -0.134996
vn -0.168497 -0.973753 -0.153015
vn -0.168497 -0.973753 -0.153015
vn -0.168497 -0.973753 -0.153015
vn -0.188948 -0.975736 -0.110623
vn -0.188948 -0.975736 -0.110623
vn -0.188948 -0.975736 -0.110623
vn -0.175024 -0.979396 -0.100747
vn -0.175024 -0.979396 -0.100747
vn -0.175024 -0.979396 -0.100747
vn -0.196808 -0.979204 -0.049259
vn -0.196808 -0.979204 -0.049259
vn -0.196808 -0.979204 -0.049259
vn -0.239639 -0.967592 -0.079613
vn -0.239639 -0.967592 -0.079613
vn -0.239639 -0.967592 -0.079613
vn 0.576571 -0.711688 -0.401331
vn 0.576571 -0.711688 -0.401331
vn 0.576571 -0.711688 -0.401331
vn 0.503705 -0.650424 -0.568533
vn 0.503705 -0.650424 -0.568533
vn 0.503705 -0.650424 -0.568533
vn -0.912333 -0.339864 -0.228342
vn -0.912333 -0.339864 -0.228342
vn -0.912333 -0.339864 -0.228342
vn -0.869451 -0.423697 -0.254039
vn -0.869451 -0.423697 -0.254039
vn -0.869451 -0.423697 -0.254039
vn 0.942002 -0.077896 0.326443
vn 0.942002 -0.077896 0.326443
vn 0.942002 -0.077896 0.326443
vn 0.948977 0.018789 0.314785
vn 0.948977 0.018789 0.314785
vn 0.948977 0.018789 0.314785
vn -0.810001 0.513764 -0.282745
vn -0.810001 0.513764 -0.282745
vn -0.810001 0.513764 -0.282745
vn -0.024226 -0.322784 -0.946163
vn -0.024226 -0.322784 -0.946163
vn -0.024226 -0.322784 -0.946163
vn -0.455372 -0.726954 -0.513979
vn -0.455372 -0.726954 -0.513979
vn -0.455372 -0.726954 -0.513979
vn -0.621273 -0.609783 -0.492123
vn -0.621273 -0.609783 -0.492123
vn -0.621273 -0.609783 -0.492123
vn -0.249713 -0.453993 -0.855297
vn -0.249713 -0.453993 -0.855297
vn -0.249713 -0.453993 -0.855297
vn -0.070111 -0.588959 -0.805116
vn -0.070111 -0.588959 -0.805116
vn -0.070111 -0.588959 -0.805116
vn -0.289975 -0.548228 -0.784449
vn -0.289975 -0.548228 -0.784449
vn -0.289975 -0.548228 -0.784449
vn -0.167281 -0.622891 -0.764215
vn -0.167281 -0.622891 -0.764215
vn -0.167281 -0.622891 -0.764215
vn 0.721351 -0.422479 0.548784
vn 0.721351 -0.422479 0.548784
vn 0.721351 -0.422479 0.548784
vn 0.889907 0.169959 0.423296
vn 0.889907 0.169959 0.423296
vn 0.889907 0.169959 0.423296
vn -0.975094 0.010670 0.221534
vn -0.975094 0.010670 0.221534
vn -0.975094 0.010670 0.221534
vn -0.970246 -0.064052 0.233496
vn -0.970246 -0.064052 0.233496
vn -0.970246 -0.064052 0.233496
vn -0.483510 0.795204 -0.365882
vn -0.483510 0.795204 -0.365882
vn -0.483510 0.795204 -0.365882
vn -0.337007 0.875994 -0.345052
vn -0.337007 0.875994 -0.345052
vn -0.337007 0.875994 -0.345052
vn -0.970134 -0.061157 0.234732
vn -0.970134 -0.061157 0.234732
vn -0.970134 -0.061157 0.234732
vn -0.402413 0.809174 -0.428136
vn -0.402413 0.809174 -0.428136
vn -0.402413 0.809174 -0.428136
vn -0.397600 0.806944 -0.436755
vn -0.397600 0.806944 -0.436755
vn -0.397600 0.806944 -0.436755
vn -0.895142 -0.016745 0.445467
vn -0.895142 -0.016745 0.445467
vn -0.895142 -0.016745 0.445467
vn -0.862639 0.133059 0.488006
vn -0.862639 0.133058 0.488006
vn -0.862639 0.133059 0.488006
vn -0.497447 0.632742 -0.593450
vn -0.497447 0.632742 -0.593450
vn -0.497447 0.632742 -0.593450
vn -0.659213 0.259032 0.705933
vn -0.659213 0.259032 0.705933
vn -0.659213 0.259032 0.705933
vn -0.616720 0.338312 0.710775
vn -0.616720 0.338312 0.710775
vn -0.616720 0.338312 0.710775
vn -0.499197 -0.224644 0.836862
vn -0.499197 -0.224644 0.836862
vn -0.499197 -0.224644 0.836862
vn -0.022793 0.997348 0.069123
vn -0.022793 0.997348 0.069123
vn -0.022793 0.997348 0.069123
vn -0.075578 0.995564 0.056031
vn -0.075578 0.995564 0.056031
vn -0.075578 0.995564 0.056031
vn -0.077532 0.995332 0.057470
vn -0.077532 0.995332 0.057470
vn -0.077532 0.995332 0.057470
vn -0.000218 0.994550 0.104264
vn -0.000218 0.994550 0.104264
vn -0.000218 0.994550 0.104264
vn -0.035035 0.993339 0.109771
vn -0.035035 0.993339 0.109771
vn -0.035035 0.993339 0.109771
vn -0.023788 0.991247 0.129863
vn -0.023788 0.991247 0.129863
vn -0.023788 0.991247 0.129863
vn 0.023358 0.991256 0.129868
vn 0.023358 0.991256 0.129868
vn 0.023358 0.991256 0.129868
vn 0.034451 0.993370 0.109677
vn 0.034451 0.993370 0.109677
vn 0.034451 0.993370 0.109677
vn 0.000222 0.994550 0.104263
vn 0.000222 0.994550 0.104263
vn 0.000222 0.994550 0.104263
vn 0.077532 0.995332 0.057470
vn 0.077532 0.995332 0.057470
vn 0.077532 0.995332 0.057470
vn 0.075582 0.995564 0.056031
vn 0.075582 0.995564 0.056031
vn 0.075582 0.995564 0.056031
vn 0.022793 0.997348 0.069123
vn 0.022793 0.997348 0.069123
vn 0.022793 0.997348 0.069123
vn 0.171161 0.163247 -0.971624
vn 0.171161 0.163247 -0.971624
vn 0.171161 0.163247 -0.971624
vn 0.046162 -0.355872 -0.933394
vn 0.046162 -0.355873 -0.933394
vn 0.046162 -0.355873 -0.933394
vn 0.943730 0.263531 -0.199814
vn 0.943730 0.263531 -0.199814
vn 0.943730 0.263532 -0.199814
vn 0.961813 0.239517 -0.132464
vn 0.961813 0.239517 -0.132464
vn 0.961813 0.239517 -0.132464
vn 0.454818 -0.808830 0.372740
vn 0.454818 -0.808830 0.372740
vn 0.454818 -0.808830 0.372740
vn 0.361427 -0.772197 0.522573
vn 0.361427 -0.772197 0.522573
vn 0.361427 -0.772197 0.522573
vn 0.955529 0.269474 -0.119786
vn 0.955529 0.269474 -0.119786
vn 0.955529 0.269474 -0.119786
vn 0.667999 -0.343461 0.660160
vn 0.667999 -0.343461 0.660160
vn 0.667999 -0.343461 0.660160
vn 0.423776 -0.617046 0.663075
vn 0.423776 -0.617046 0.663075
vn 0.423776 -0.617046 0.663075
vn 0.947383 0.295439 -0.123214
vn 0.947383 0.295439 -0.123214
vn 0.947383 0.295439 -0.123214
vn 0.890334 0.452897 -0.046796
vn 0.890334 0.452897 -0.046796
vn 0.890334 0.452897 -0.046796
vn 0.671724 0.074107 0.737086
vn 0.671724 0.074107 0.737086
vn 0.671724 0.074107 0.737086
vn 0.265530 -0.628085 -0.731439
vn 0.265530 -0.628085 -0.731439
vn 0.265530 -0.628085 -0.731439
vn 0.185014 -0.562953 -0.805515
vn 0.185014 -0.562953 -0.805515
vn 0.185014 -0.562953 -0.805515
vn 0.915239 0.082598 0.394355
vn 0.915239 0.082598 0.394355
vn 0.915239 0.082598 0.394355
vn 0.889507 -0.145087 0.433275
vn 0.889507 -0.145087 0.433275
vn 0.889507 -0.145087 0.433275
vn 0.208670 0.970949 0.117108
vn 0.208670 0.970949 0.117108
vn 0.208670 0.970949 0.117108
vn 0.300729 0.930840 0.207602
vn 0.300729 0.930840 0.207602
vn 0.300729 0.930840 0.207602
vn 0.807854 0.589000 -0.021235
vn 0.807854 0.589000 -0.021235
vn 0.807854 0.589000 -0.021235
vn 0.113748 0.992776 0.038163
vn 0.113748 0.992776 0.038163
vn 0.113748 0.992776 0.038163
vn -0.873460 -0.300167 -0.383363
vn -0.873460 -0.300167 -0.383363
vn -0.873460 -0.300167 -0.383363
vn -0.869957 -0.305577 -0.387037
vn -0.869957 -0.305577 -0.387037
vn -0.869957 -0.305577 -0.387037
vn -0.717123 -0.315876 -0.621254
vn -0.717123 -0.315876 -0.621254
vn -0.717123 -0.315876 -0.621254
vn -0.811118 -0.208418 -0.546487
vn -0.811119 -0.208418 -0.546487
vn -0.811119 -0.208418 -0.546487
vn -0.315575 -0.270829 -0.909431
vn -0.315575 -0.270829 -0.909431
vn -0.315575 -0.270829 -0.909431
vn -0.445203 -0.152915 -0.882276
vn -0.445203 -0.152915 -0.882276
vn -0.445203 -0.152915 -0.882276
vn 0.436605 -0.153633 -0.886439
vn 0.436605 -0.153633 -0.886439
vn 0.436605 -0.153633 -0.886438
vn 0.309417 -0.270901 -0.911523
vn 0.309417 -0.270901 -0.911523
vn 0.309417 -0.270901 -0.911523
vn 0.811135 -0.208300 -0.546508
vn 0.811135 -0.208300 -0.546508
vn 0.811135 -0.208300 -0.546508
vn 0.717159 -0.315764 -0.621269
vn 0.717159 -0.315764 -0.621269
vn 0.717159 -0.315764 -0.621269
vn 0.870053 -0.305430 -0.386937
vn 0.870053 -0.305430 -0.386937
vn 0.870053 -0.305429 -0.386937
vn 0.873461 -0.300165 -0.383363
vn 0.873461 -0.300165 -0.383363
vn 0.873461 -0.300165 -0.383363
vn 0.185124 -0.982655 -0.010912
vn 0.185124 -0.982655 -0.010912
vn 0.185124 -0.982655 -0.010912
vn 0.989018 0.074108 0.127873
vn 0.989018 0.074108 0.127873
vn 0.989018 0.074108 0.127873
vn -0.904119 0.409881 -0.120692
vn -0.904119 0.409881 -0.120692
vn -0.904119 0.409881 -0.120692
vn -0.853003 0.507325 -0.122501
vn -0.853003 0.507325 -0.122501
vn -0.853003 0.507325 -0.122501
vn -0.397375 -0.914738 -0.073123
vn -0.397375 -0.914738 -0.073123
vn -0.397375 -0.914738 -0.073123
vn -0.418249 -0.903565 -0.092936
vn -0.418249 -0.903565 -0.092936
vn -0.418249 -0.903565 -0.092936
vn -0.412424 -0.896486 -0.161925
vn -0.412424 -0.896486 -0.161925
vn -0.412424 -0.896486 -0.161925
vn -0.869636 -0.459877 -0.179572
vn -0.869636 -0.459877 -0.179572
vn -0.869636 -0.459877 -0.179572
vn -0.834519 -0.540683 -0.106015
vn -0.834519 -0.540683 -0.106015
vn -0.834519 -0.540683 -0.106015
vn -0.990766 -0.120215 -0.062705
vn -0.990766 -0.120215 -0.062705
vn -0.990766 -0.120215 -0.062705
vn -0.981846 -0.189626 -0.004493
vn -0.981846 -0.189626 -0.004493
vn -0.981846 -0.189626 -0.004493
vn -0.994483 0.101350 0.027059
vn -0.994483 0.101350 0.027059
vn -0.994483 0.101350 0.027059
vn -0.991847 0.127238 0.007050
vn -0.991847 0.127238 0.007050
vn -0.991847 0.127238 0.007050
vn -0.957696 0.286988 0.021362
vn -0.957696 0.286988 0.021362
vn -0.957696 0.286988 0.021362
vn -0.957028 0.289291 0.020177
vn -0.957028 0.289291 0.020177
vn -0.957028 0.289291 0.020177
vn -0.758677 0.648856 0.058260
vn -0.758677 0.648856 0.058260
vn -0.758677 0.648856 0.058260
vn -0.881207 -0.467379 -0.070934
vn -0.881207 -0.467379 -0.070934
vn -0.881207 -0.467379 -0.070934
vn -0.993796 -0.100954 -0.046663
vn -0.993796 -0.100954 -0.046663
vn -0.993796 -0.100954 -0.046663
vn -0.992282 -0.119760 -0.032139
vn -0.992282 -0.119760 -0.032139
vn -0.992282 -0.119760 -0.032139
vn -0.984954 0.172143 -0.015224
vn -0.984954 0.172143 -0.015224
vn -0.984954 0.172143 -0.015224
vn -0.994135 0.101905 0.036194
vn -0.994135 0.101905 0.036194
vn -0.994135 0.101905 0.036194
vn -0.948812 0.313333 0.039734
vn -0.948812 0.313333 0.039734
vn -0.948812 0.313332 0.039734
vn -0.955844 0.288644 0.055188
vn -0.955845 0.288644 0.055188
vn -0.955845 0.288644 0.055188
vn -0.782457 0.620072 0.057198
vn -0.782457 0.620072 0.057198
vn -0.782457 0.620072 0.057198
vn -0.760123 0.648598 0.039150
vn -0.760123 0.648598 0.039150
vn -0.760123 0.648598 0.039150
vn -0.944582 0.307872 -0.113931
vn -0.944582 0.307872 -0.113931
vn -0.944582 0.307872 -0.113931
vn -0.640718 0.762318 -0.091389
vn -0.640718 0.762318 -0.091389
vn -0.640718 0.762318 -0.091389
vn -0.786218 0.617906 -0.007305
vn -0.786218 0.617906 -0.007305
vn -0.786218 0.617906 -0.007305
vn -0.369986 0.928981 0.010231
vn -0.369986 0.928981 0.010231
vn -0.369986 0.928981 0.010231
vn -0.893399 -0.355370 -0.274866
vn -0.893399 -0.355370 -0.274866
vn -0.893399 -0.355370 -0.274866
vn -0.897944 -0.345823 -0.272217
vn -0.897944 -0.345823 -0.272217
vn -0.897944 -0.345823 -0.272217
vn -0.934126 0.310122 0.176731
vn -0.934126 0.310122 0.176731
vn -0.934126 0.310122 0.176731
vn -0.929866 0.322226 0.177540
vn -0.929866 0.322226 0.177540
vn -0.929866 0.322226 0.177540
vn -0.942890 0.162747 0.290641
vn -0.942890 0.162747 0.290641
vn -0.942890 0.162747 0.290641
vn -0.957870 0.078081 0.276385
vn -0.957870 0.078081 0.276385
vn -0.957870 0.078081 0.276385
vn -0.651850 -0.125728 0.747853
vn -0.651850 -0.125728 0.747853
vn -0.651850 -0.125728 0.747853
vn -0.658977 -0.342864 0.669472
vn -0.658977 -0.342864 0.669472
vn -0.658977 -0.342864 0.669472
vn -0.212590 -0.419497 0.882512
vn -0.212591 -0.419497 0.882512
vn -0.212591 -0.419497 0.882512
vn 0.208071 -0.772766 0.599616
vn 0.208071 -0.772766 0.599616
vn 0.208071 -0.772766 0.599616
vn -0.802158 -0.581457 0.135833
vn -0.802158 -0.581457 0.135833
vn -0.802158 -0.581457 0.135833
vn -0.822807 -0.529264 0.207044
vn -0.822807 -0.529264 0.207044
vn -0.822807 -0.529264 0.207044
vn -0.962740 -0.231944 0.139045
vn -0.962740 -0.231944 0.139045
vn -0.962740 -0.231944 0.139045
vn -0.959965 -0.160928 0.229280
vn -0.959965 -0.160928 0.229280
vn -0.959965 -0.160928 0.229280
vn -0.964404 0.191411 0.182445
vn -0.964404 0.191411 0.182445
vn -0.964404 0.191411 0.182445
vn 0.112585 -0.980271 0.162460
vn 0.112585 -0.980271 0.162460
vn 0.112585 -0.980271 0.162460
vn -0.411872 -0.855173 -0.314707
vn -0.411872 -0.855173 -0.314707
vn -0.411872 -0.855173 -0.314707
vn -0.411874 -0.896660 -0.162359
vn -0.411874 -0.896660 -0.162359
vn -0.411874 -0.896660 -0.162359
vn 0.412911 -0.896198 -0.162275
vn 0.412911 -0.896198 -0.162275
vn 0.412911 -0.896198 -0.162275
vn 0.412910 -0.854732 -0.314545
vn 0.412910 -0.854732 -0.314545
vn 0.412910 -0.854732 -0.314545
vn -0.112904 -0.980238 0.162438
vn -0.112904 -0.980238 0.162438
vn -0.112904 -0.980238 0.162438
vn 0.778391 -0.611974 0.139984
vn 0.778391 -0.611974 0.139984
vn 0.778391 -0.611974 0.139984
vn 0.799325 -0.566314 0.200921
vn 0.799325 -0.566314 0.200921
vn 0.799324 -0.566314 0.200921
vn 0.961828 -0.238921 0.133430
vn 0.961828 -0.238921 0.133430
vn 0.961828 -0.238921 0.133430
vn 0.955084 -0.142301 0.259933
vn 0.955084 -0.142301 0.259933
vn 0.955084 -0.142301 0.259933
vn 0.964650 0.191075 0.181493
vn 0.964650 0.191075 0.181493
vn 0.964650 0.191075 0.181493
vn -0.947243 0.319622 -0.023923
vn -0.947243 0.319622 -0.023923
vn -0.947243 0.319622 -0.023923
vn -0.969924 0.241785 -0.028067
vn -0.969924 0.241785 -0.028067
vn -0.969924 0.241785 -0.028067
vn -0.976822 0.214038 -0.002690
vn -0.976822 0.214038 -0.002690
vn -0.976822 0.214038 -0.002690
vn -0.999507 0.023783 -0.020517
vn -0.999507 0.023783 -0.020517
vn -0.999507 0.023783 -0.020517
vn -0.940666 -0.074650 0.331021
vn -0.940666 -0.074650 0.331021
vn -0.940666 -0.074650 0.331021
vn -0.917000 -0.277056 0.286969
vn -0.917000 -0.277056 0.286969
vn -0.917000 -0.277056 0.286969
vn -0.279426 -0.594122 0.754281
vn -0.279426 -0.594122 0.754281
vn -0.279426 -0.594122 0.754281
vn -0.256320 -0.674957 0.691906
vn -0.256320 -0.674957 0.691906
vn -0.256319 -0.674957 0.691906
vn 0.836565 -0.372256 0.401976
vn 0.836565 -0.372256 0.401976
vn 0.836565 -0.372256 0.401976
vn 0.836264 -0.370616 0.404112
vn 0.836264 -0.370616 0.404112
vn 0.836264 -0.370616 0.404112
vn -0.906991 0.153366 0.392233
vn -0.906991 0.153366 0.392233
vn -0.906991 0.153366 0.392233
vn -0.923237 -0.061475 0.379282
vn -0.923237 -0.061475 0.379282
vn -0.923237 -0.061475 0.379282
vn -0.456845 -0.293445 0.839752
vn -0.456845 -0.293445 0.839752
vn -0.456845 -0.293445 0.839752
vn -0.386259 -0.609624 0.692216
vn -0.386259 -0.609624 0.692216
vn -0.386259 -0.609623 0.692216
vn 0.306954 -0.655715 0.689795
vn 0.306954 -0.655715 0.689795
vn 0.306954 -0.655715 0.689795
vn 0.656478 -0.636834 0.404324
vn 0.656478 -0.636835 0.404324
vn 0.656478 -0.636835 0.404324
vn 0.000000 -1.000000 0.000000
vn 0.000000 -1.000000 0.000000
vn 0.000000 -1.000000 0.000000
vn 0.000000 -1.000000 0.000000
vn 0.000000 -1.000000 0.000000
vn 0.000000 -1.000000 0.000000
vn 0.000000 -1.000000 0.000000
vn 0.000000 -1.000000 0.000000
vn 0.000000 -1.000000 0.000000
vn 0.000000 -1.000000 0.000000
vn 0.000000 -1.000000 0.000000
vn 0.000000 -1.000000 0.000000
vn 0.000000 -1.000000 0.000000
vn 0.000000 -1.000000 0.000000
vn 0.000000 -1.000000 0.000000
vn 0.000000 -1.000000 0.000000
vn 0.000000 -1.000000 0.000000
vn 0.000000 -1.000000 0.000000
vn -0.909125 0.216768 -0.355674
vn -0.909125 0.216767 -0.355674
vn -0.909125 0.216767 -0.355674
vn -0.927631 0.048214 -0.370374
vn -0.927631 0.048214 -0.370373
vn -0.927631 0.048214 -0.370373
vn -0.921947 0.055729 -0.383286
vn -0.921947 0.055729 -0.383286
vn -0.921947 0.055729 -0.383286
vn -0.922448 0.027438 -0.385144
vn -0.922448 0.027438 -0.385144
vn -0.922448 0.027438 -0.385144
vn -0.996579 -0.070390 -0.043316
vn -0.996579 -0.070390 -0.043316
vn -0.996579 -0.070390 -0.043316
vn -0.994046 -0.096576 -0.050450
vn -0.994046 -0.096576 -0.050450
vn -0.994046 -0.096576 -0.050450
vn -0.805660 -0.405762 0.431589
vn -0.805660 -0.405762 0.431589
vn -0.805660 -0.405762 0.431589
vn -0.857179 -0.171593 0.485592
vn -0.857179 -0.171593 0.485592
vn -0.857179 -0.171593 0.485592
vn -0.153492 -0.294744 0.943168
vn -0.153492 -0.294744 0.943168
vn -0.153492 -0.294744 0.943168
vn -0.163835 0.287743 0.943590
vn -0.163835 0.287743 0.943590
vn -0.163835 0.287743 0.943590
vn 0.869414 0.101222 0.483604
vn 0.869414 0.101222 0.483604
vn 0.869414 0.101222 0.483604
vn 0.796870 0.181744 0.576166
vn 0.796870 0.181744 0.576166
vn 0.796870 0.181744 0.576166
vn 0.865143 -0.074622 0.495942
vn 0.865143 -0.074622 0.495942
vn 0.865143 -0.074622 0.495942
vn 0.925466 -0.169276 0.338908
vn 0.925466 -0.169276 0.338908
vn 0.925466 -0.169276 0.338908
vn -0.029041 -0.245520 0.968956
vn -0.029041 -0.245520 0.968956
vn -0.029041 -0.245520 0.968957
vn -0.029269 -0.632167 0.774279
vn -0.029270 -0.632167 0.774279
vn -0.029270 -0.632167 0.774279
vn -0.834727 -0.395776 0.382875
vn -0.834727 -0.395776 0.382875
vn -0.834727 -0.395776 0.382875
vn -0.862702 -0.283539 0.418749
vn -0.862702 -0.283539 0.418749
vn -0.862702 -0.283539 0.418749
vn -0.997724 -0.066777 -0.009375
vn -0.997724 -0.066777 -0.009375
vn -0.997724 -0.066777 -0.009375
vn -0.999331 0.036220 0.005086
vn -0.999331 0.036220 0.005086
vn -0.999331 0.036220 0.005086
vn -0.084570 -0.985488 -0.147176
vn -0.084570 -0.985488 -0.147176
vn -0.084570 -0.985488 -0.147176
vn 0.048808 -0.991613 -0.119674
vn 0.048808 -0.991613 -0.119674
vn 0.048808 -0.991613 -0.119674
vn 0.010204 -0.994156 -0.107469
vn 0.010204 -0.994156 -0.107469
vn 0.010204 -0.994156 -0.107470
vn 0.047951 -0.994629 -0.091722
vn 0.047951 -0.994629 -0.091722
vn 0.047951 -0.994629 -0.091722
vn -0.026089 -0.996093 -0.084372
vn -0.026089 -0.996093 -0.084372
vn -0.026089 -0.996093 -0.084372
vn -0.113035 -0.978722 -0.171249
vn -0.113035 -0.978722 -0.171249
vn -0.113035 -0.978722 -0.171249
vn 0.110613 -0.978991 -0.171294
vn 0.110613 -0.978991 -0.171294
vn 0.110613 -0.978991 -0.171294
vn 0.025568 -0.996102 -0.084419
vn 0.025568 -0.996102 -0.084419
vn 0.025568 -0.996102 -0.084419
vn -0.047943 -0.994629 -0.091732
vn -0.047943 -0.994629 -0.091732
vn -0.047943 -0.994629 -0.091732
vn -0.010205 -0.994156 -0.107471
vn -0.010205 -0.994156 -0.107471
vn -0.010205 -0.994156 -0.107471
vn -0.048807 -0.991613 -0.119673
vn -0.048807 -0.991613 -0.119673
vn -0.048807 -0.991613 -0.119673
vn 0.084568 -0.985488 -0.147176
vn 0.084568 -0.985488 -0.147176
vn 0.084568 -0.985488 -0.147176
vn -0.425427 -0.050237 -0.903597
vn -0.425427 -0.050237 -0.903597
vn -0.425427 -0.050237 -0.903597
vn -0.423624 0.078201 -0.902456
vn -0.423624 0.078201 -0.902456
vn -0.423624 0.078201 -0.902456
vn -0.417252 0.081871 -0.905095
vn -0.417252 0.081871 -0.905095
vn -0.417252 0.081871 -0.905096
vn -0.419227 0.367684 -0.830095
vn -0.419227 0.367684 -0.830095
vn -0.419227 0.367684 -0.830094
vn -0.897624 0.116758 -0.425017
vn -0.897624 0.116758 -0.425017
vn -0.897624 0.116758 -0.425017
vn -0.902643 0.149708 -0.403514
vn -0.902643 0.149708 -0.403514
vn -0.902643 0.149708 -0.403514
vn -0.931856 -0.037576 -0.360878
vn -0.931856 -0.037576 -0.360878
vn -0.931856 -0.037576 -0.360878
vn -0.891088 -0.140142 -0.431651
vn -0.891088 -0.140142 -0.431651
vn -0.891088 -0.140142 -0.431651
vn -0.891632 -0.100618 -0.441440
vn -0.891631 -0.100618 -0.441440
vn -0.891631 -0.100618 -0.441440
vn -0.916558 -0.045965 -0.397251
vn -0.916558 -0.045965 -0.397251
vn -0.916558 -0.045965 -0.397251
vn -0.921248 -0.085494 -0.379463
vn -0.921248 -0.085494 -0.379463
vn -0.921248 -0.085494 -0.379463
vn -0.962573 0.003203 -0.271005
vn -0.962573 0.003203 -0.271005
vn -0.962573 0.003203 -0.271005
vn -0.949180 0.143625 -0.280052
vn -0.949180 0.143625 -0.280052
vn -0.949180 0.143625 -0.280052
vn -0.362491 -0.027043 -0.931595
vn -0.362491 -0.027043 -0.931595
vn -0.362491 -0.027043 -0.931595
vn -0.245219 -0.736681 -0.630214
vn -0.245219 -0.736681 -0.630213
vn -0.245219 -0.736681 -0.630213
vn 0.386092 -0.679030 -0.624380
vn 0.386092 -0.679030 -0.624380
vn 0.386092 -0.679030 -0.624380
vn 0.265102 -0.625628 -0.733696
vn 0.265102 -0.625628 -0.733696
vn 0.265102 -0.625628 -0.733696
vn 0.944211 -0.105765 -0.311896
vn 0.944211 -0.105765 -0.311896
vn 0.944211 -0.105765 -0.311896
vn 0.897921 -0.053126 -0.436938
vn 0.897921 -0.053126 -0.436938
vn 0.897921 -0.053126 -0.436938
vn 0.888587 0.352502 -0.293522
vn 0.888587 0.352502 -0.293522
vn 0.888587 0.352502 -0.293522
vn 0.958753 0.252244 -0.131013
vn 0.958753 0.252244 -0.131013
vn 0.958754 0.252244 -0.131013
vn 0.992742 -0.044362 -0.111785
vn 0.992742 -0.044362 -0.111785
vn 0.992742 -0.044362 -0.111785
vn 0.986207 -0.029886 -0.162794
vn 0.986207 -0.029886 -0.162794
vn 0.986207 -0.029886 -0.162794
vn 0.984609 -0.071401 -0.159523
vn 0.984609 -0.071401 -0.159523
vn 0.984609 -0.071401 -0.159523
vn 0.985465 -0.075499 -0.152182
vn 0.985465 -0.075499 -0.152182
vn 0.985465 -0.075499 -0.152182
vn 0.984008 -0.091508 -0.152824
vn 0.984008 -0.091508 -0.152824
vn 0.984008 -0.091508 -0.152824
vn 0.977730 -0.087813 -0.190614
vn 0.977730 -0.087813 -0.190614
vn 0.977730 -0.087813 -0.190614
vn 0.625066 0.509294 -0.591534
vn 0.625066 0.509294 -0.591534
vn 0.625066 0.509294 -0.591534
vn 0.339781 0.396950 -0.852631
vn 0.339781 0.396950 -0.852631
vn 0.339781 0.396950 -0.852631
vn -0.376273 0.406995 -0.832330
vn -0.376273 0.406995 -0.832330
vn -0.376273 0.406995 -0.832330
vn -0.250249 -0.375298 -0.892483
vn -0.250249 -0.375298 -0.892483
vn -0.250249 -0.375298 -0.892484
vn -0.127614 -0.315598 -0.940273
vn -0.127614 -0.315598 -0.940273
vn -0.127614 -0.315598 -0.940273
vn -0.137623 -0.144677 -0.979861
vn -0.137623 -0.144677 -0.979861
vn -0.137623 -0.144677 -0.979861
vn -0.358828 -0.218636 -0.907437
vn -0.358828 -0.218636 -0.907437
vn -0.358828 -0.218636 -0.907437
vn -0.371530 -0.028307 -0.927989
vn -0.371530 -0.028307 -0.927989
vn -0.371530 -0.028307 -0.927989
vn -0.491392 -0.065551 -0.868468
vn -0.491392 -0.065551 -0.868468
vn -0.491392 -0.065551 -0.868468
vn -0.490336 -0.107206 -0.864915
vn -0.490336 -0.107206 -0.864915
vn -0.490336 -0.107205 -0.864915
vn 0.574365 -0.021411 -0.818319
vn 0.574365 -0.021411 -0.818319
vn 0.574365 -0.021411 -0.818319
vn 0.575049 -0.043846 -0.816943
vn 0.575049 -0.043846 -0.816943
vn 0.575049 -0.043846 -0.816943
vn 0.470275 -0.085945 -0.878325
vn 0.470275 -0.085945 -0.878325
vn 0.470275 -0.085945 -0.878325
vn 0.472943 -0.148853 -0.868428
vn 0.472943 -0.148853 -0.868428
vn 0.472944 -0.148853 -0.868428
vn 0.451585 -0.160603 -0.877655
vn 0.451585 -0.160603 -0.877655
vn 0.451585 -0.160603 -0.877655
vn 0.494983 -0.469098 -0.731395
vn 0.494983 -0.469098 -0.731395
vn 0.494983 -0.469098 -0.731395
vn -0.881925 0.003044 -0.471381
vn -0.881925 0.003044 -0.471381
vn -0.881925 0.003044 -0.471381
vn -0.887652 0.120647 -0.444431
vn -0.887652 0.120647 -0.444431
vn -0.887652 0.120647 -0.444431
vn -0.983245 -0.064147 -0.170629
vn -0.983245 -0.064147 -0.170629
vn -0.983245 -0.064147 -0.170629
vn -0.985375 -0.050440 -0.162766
vn -0.985375 -0.050440 -0.162766
vn -0.985375 -0.050440 -0.162766
vn -0.981124 -0.006983 -0.193252
vn -0.981124 -0.006983 -0.193252
vn -0.981124 -0.006983 -0.193252
vn -0.843620 -0.164881 0.510998
vn -0.843620 -0.164881 0.510998
vn -0.843620 -0.164881 0.510998
vn -0.792236 0.211941 0.572226
vn -0.792236 0.211941 0.572226
vn -0.792236 0.211941 0.572226
vn -0.812412 0.216190 0.541524
vn -0.812412 0.216190 0.541524
vn -0.812412 0.216190 0.541524
vn -0.730871 0.605677 0.314614
vn -0.730871 0.605677 0.314614
vn -0.730871 0.605677 0.314614
vn -0.451746 0.600470 0.659819
vn -0.451746 0.600470 0.659819
vn -0.451746 0.600470 0.659819
vn -0.460535 0.781576 0.420769
vn -0.460535 0.781576 0.420769
vn -0.460535 0.781576 0.420769
vn -0.032303 0.812261 0.582398
vn -0.032303 0.812261 0.582398
vn -0.032303 0.812261 0.582398
vn -0.016964 0.802227 0.596778
vn -0.016964 0.802227 0.596778
vn -0.016964 0.802227 0.596778
vn 0.303568 0.796964 0.522202
vn 0.303568 0.796964 0.522202
vn 0.303568 0.796964 0.522202
vn 0.498753 0.615871 0.609876
vn 0.498753 0.615871 0.609876
vn 0.498753 0.615871 0.609876
vn 0.888994 0.452340 0.071259
vn 0.888994 0.452340 0.071259
vn 0.888994 0.452340 0.071259
vn 0.973737 0.213877 0.078052
vn 0.973737 0.213877 0.078052
vn 0.973737 0.213877 0.078052
vn -0.927392 0.338242 0.159798
vn -0.927392 0.338242 0.159798
vn -0.927392 0.338242 0.159798
vn -0.859764 0.508449 -0.047800
vn -0.859764 0.508449 -0.047800
vn -0.859764 0.508449 -0.047800
vn -0.735608 0.491101 0.466584
vn -0.735608 0.491101 0.466584
vn -0.735608 0.491101 0.466584
vn -0.735008 0.538552 0.411977
vn -0.735008 0.538551 0.411977
vn -0.735008 0.538551 0.411977
vn -0.023489 0.562633 0.826373
vn -0.023489 0.562633 0.826373
vn -0.023489 0.562633 0.826373
vn -0.071502 0.613839 0.786187
vn -0.071502 0.613839 0.786187
vn -0.071502 0.613839 0.786187
vn 0.519238 0.638794 0.567745
vn 0.519238 0.638794 0.567745
vn 0.519239 0.638794 0.567745
vn 0.664543 0.174366 0.726622
vn 0.664543 0.174366 0.726622
vn 0.664543 0.174366 0.726622
vn 0.979010 0.168713 0.114348
vn 0.979010 0.168713 0.114348
vn 0.979010 0.168713 0.114348
vn -0.796812 0.326135 -0.508651
vn -0.796812 0.326135 -0.508651
vn -0.796812 0.326135 -0.508651
vn -0.771897 -0.401714 -0.492747
vn -0.771897 -0.401714 -0.492747
vn -0.771897 -0.401714 -0.492747
vn -0.645570 -0.260792 -0.717793
vn -0.645570 -0.260792 -0.717793
vn -0.645570 -0.260792 -0.717793
vn -0.991875 0.114647 -0.055145
vn -0.991875 0.114647 -0.055145
vn -0.991875 0.114647 -0.055145
vn -0.990486 0.121512 -0.064590
vn -0.990486 0.121512 -0.064590
vn -0.990486 0.121512 -0.064590
vn -0.851132 0.219042 0.477068
vn -0.851132 0.219042 0.477068
vn -0.851132 0.219042 0.477068
vn -0.843433 0.178375 0.506757
vn -0.843433 0.178375 0.506757
vn -0.843433 0.178375 0.506757
vn -0.048595 -0.019519 0.998628
vn -0.048595 -0.019519 0.998628
vn -0.048595 -0.019519 0.998628
vn -0.090212 -0.089244 0.991916
vn -0.090212 -0.089244 0.991916
vn -0.090212 -0.089244 0.991916
vn 0.467134 -0.092720 0.879312
vn 0.467134 -0.092720 0.879312
vn 0.467134 -0.092720 0.879312
vn -0.124638 0.302861 0.944849
vn -0.124638 0.302861 0.944849
vn -0.124638 0.302861 0.944849
vn -0.091261 0.716276 0.691824
vn -0.091261 0.716276 0.691824
vn -0.091261 0.716276 0.691824
vn -0.048064 0.683418 0.728443
vn -0.048064 0.683418 0.728443
vn -0.048064 0.683418 0.728443
vn 0.241677 0.634494 0.734173
vn 0.241677 0.634494 0.734173
vn 0.241677 0.634494 0.734173
vn 0.682102 0.666005 0.301950
vn 0.682102 0.666005 0.301950
vn 0.682102 0.666005 0.301950
vn -0.417295 0.429523 -0.800859
vn -0.417295 0.429523 -0.800859
vn -0.417295 0.429524 -0.800859
vn -0.414413 0.367047 -0.832790
vn -0.414413 0.367047 -0.832790
vn -0.414413 0.367047 -0.832790
vn 0.621391 0.291563 -0.727231
vn 0.621391 0.291563 -0.727231
vn 0.621391 0.291563 -0.727231
vn 0.628836 0.291858 -0.720683
vn 0.628836 0.291858 -0.720683
vn 0.628835 0.291858 -0.720683
vn 0.985655 -0.083954 -0.146413
vn 0.985655 -0.083954 -0.146413
vn 0.985655 -0.083954 -0.146413
vn 0.990208 -0.081679 -0.113210
vn 0.990208 -0.081679 -0.113210
vn 0.990208 -0.081679 -0.113210
vn 0.961351 -0.251624 -0.111757
vn 0.961351 -0.251624 -0.111757
vn 0.961351 -0.251624 -0.111757
vn 0.617593 -0.101077 -0.779975
vn 0.617593 -0.101077 -0.779975
vn 0.617593 -0.101077 -0.779975
vn 0.548480 -0.018194 -0.835966
vn 0.548480 -0.018194 -0.835966
vn 0.548480 -0.018194 -0.835966
vn 0.449359 -0.284201 -0.846939
vn 0.449359 -0.284201 -0.846939
vn 0.449359 -0.284201 -0.846939
vn 0.909331 -0.383348 -0.161745
vn 0.909331 -0.383348 -0.161745
vn 0.909331 -0.383348 -0.161745
vn 0.934129 -0.313210 -0.171179
vn 0.934129 -0.313210 -0.171179
vn 0.934129 -0.313210 -0.171179
vn 0.923079 -0.347060 0.165754
vn 0.923079 -0.347060 0.165754
vn 0.923079 -0.347060 0.165754
vn 0.623779 -0.712775 -0.320704
vn 0.623779 -0.712775 -0.320704
vn 0.623779 -0.712775 -0.320704
vn 0.685990 -0.722834 -0.083242
vn 0.685990 -0.722834 -0.083242
vn 0.685990 -0.722834 -0.083242
vn 0.108648 -0.977567 0.180442
vn 0.108648 -0.977567 0.180442
vn 0.108648 -0.977567 0.180442
vn -0.687337 -0.721570 -0.083097
vn -0.687337 -0.721570 -0.083097
vn -0.687337 -0.721570 -0.083097
vn -0.108945 -0.977528 0.180471
vn -0.108945 -0.977528 0.180471
vn -0.108945 -0.977528 0.180471
vn -0.926531 -0.335591 0.170057
vn -0.926531 -0.335591 0.170057
vn -0.926531 -0.335591 0.170057
vn -0.923079 -0.347060 0.165754
vn -0.923079 -0.347060 0.165754
vn -0.923079 -0.347060 0.165754
vn -0.128429 0.977611 0.166683
vn -0.128429 0.977611 0.166683
vn -0.128429 0.977611 0.166683
vn -0.089944 0.980043 0.177272
vn -0.089944 0.980043 0.177272
vn -0.089944 0.980043 0.177272
vn -0.136078 0.953702 0.268208
vn -0.136078 0.953702 0.268208
vn -0.136078 0.953702 0.268208
vn -0.117591 0.951251 0.285122
vn -0.117591 0.951251 0.285122
vn -0.117591 0.951251 0.285122
vn -0.113892 0.954339 0.276163
vn -0.113892 0.954339 0.276163
vn -0.113892 0.954339 0.276163
vn -0.143156 0.958632 0.246031
vn -0.143156 0.958632 0.246031
vn -0.143156 0.958632 0.246031
vn 0.883664 -0.287276 0.369608
vn 0.883664 -0.287276 0.369608
vn 0.883664 -0.287276 0.369608
vn 0.933995 -0.087723 0.346349
vn 0.933995 -0.087723 0.346349
vn 0.933995 -0.087723 0.346349
vn 0.818662 -0.237626 0.522806
vn 0.818662 -0.237626 0.522806
vn 0.818662 -0.237626 0.522806
vn 0.724395 -0.409944 0.554254
vn 0.724395 -0.409944 0.554254
vn 0.724395 -0.409944 0.554254
vn 0.214263 -0.616426 0.757701
vn 0.214263 -0.616426 0.757701
vn 0.214263 -0.616426 0.757701
vn 0.236343 -0.599894 0.764375
vn 0.236343 -0.599894 0.764375
vn 0.236343 -0.599894 0.764375
vn -0.231762 -0.600573 0.765244
vn -0.231762 -0.600573 0.765244
vn -0.231762 -0.600573 0.765244
vn -0.209773 -0.617221 0.758310
vn -0.209773 -0.617221 0.758310
vn -0.209773 -0.617221 0.758310
vn -0.724501 -0.409787 0.554232
vn -0.724501 -0.409787 0.554232
vn -0.724501 -0.409787 0.554232
vn -0.818548 -0.237884 0.522867
vn -0.818548 -0.237884 0.522867
vn -0.818548 -0.237884 0.522867
vn -0.933986 -0.087933 0.346322
vn -0.933986 -0.087933 0.346322
vn -0.933985 -0.087933 0.346322
vn -0.883702 -0.287233 0.369552
vn -0.883702 -0.287233 0.369552
vn -0.883702 -0.287233 0.369551
vn 0.358044 0.521971 -0.774177
vn 0.358044 0.521971 -0.774177
vn 0.358044 0.521971 -0.774177
vn 0.275176 0.477244 -0.834575
vn 0.275176 0.477244 -0.834575
vn 0.275176 0.477244 -0.834575
vn -0.936463 -0.059177 0.345740
vn -0.936463 -0.059177 0.345740
vn -0.936463 -0.059177 0.345740
vn -0.930234 -0.029783 0.365756
vn -0.930234 -0.029783 0.365756
vn -0.930234 -0.029783 0.365756
vn -0.079694 -0.098950 -0.991896
vn -0.079694 -0.098950 -0.991896
vn -0.079694 -0.098950 -0.991896
vn -0.104769 -0.688778 -0.717362
vn -0.104769 -0.688779 -0.717362
vn -0.104769 -0.688779 -0.717362
vn 0.593846 -0.174382 0.785454
vn 0.593846 -0.174382 0.785454
vn 0.593846 -0.174382 0.785454
vn 0.679055 0.270408 0.682468
vn 0.679055 0.270408 0.682468
vn 0.679055 0.270408 0.682468
vn 0.670413 0.286938 0.684261
vn 0.670413 0.286938 0.684261
vn 0.670413 0.286938 0.684261
vn 0.251989 0.961215 0.112107
vn 0.251989 0.961215 0.112107
vn 0.251989 0.961215 0.112107
vn 0.289777 0.940320 0.178403
vn 0.289777 0.940320 0.178403
vn 0.289777 0.940320 0.178403
vn 0.336683 0.927243 0.163907
vn 0.336683 0.927243 0.163907
vn 0.336683 0.927243 0.163907
vn 0.335700 0.927319 0.165484
vn 0.335700 0.927319 0.165484
vn 0.335700 0.927319 0.165484
vn 0.117706 0.975475 0.185995
vn 0.117706 0.975475 0.185995
vn 0.117706 0.975475 0.185995
vn 0.231360 0.944960 0.231352
vn 0.231360 0.944960 0.231352
vn 0.231360 0.944960 0.231352
vn -0.226113 0.946157 0.231645
vn -0.226113 0.946157 0.231645
vn -0.226113 0.946157 0.231645
vn -0.115230 0.975735 0.186181
vn -0.115230 0.975735 0.186181
vn -0.115230 0.975735 0.186181
vn -0.335679 0.927320 0.165520
vn -0.335679 0.927320 0.165520
vn -0.335679 0.927320 0.165520
vn -0.336683 0.927242 0.163908
vn -0.336684 0.927242 0.163908
vn -0.336684 0.927242 0.163908
vn -0.289809 0.940312 0.178391
vn -0.289809 0.940312 0.178391
vn -0.289809 0.940312 0.178391
vn -0.665361 0.296427 0.685147
vn -0.665361 0.296427 0.685147
vn -0.665361 0.296427 0.685147
vn -0.679060 0.270483 0.682434
vn -0.679060 0.270483 0.682434
vn -0.679060 0.270483 0.682434
vn -0.591800 -0.180189 0.785687
vn -0.591800 -0.180189 0.785687
vn -0.591800 -0.180189 0.785687
vn 0.903257 0.420289 -0.086512
vn 0.903257 0.420289 -0.086512
vn 0.903257 0.420289 -0.086512
vn 0.893877 0.437813 -0.096457
vn 0.893877 0.437813 -0.096457
vn 0.893877 0.437813 -0.096457
vn -0.733269 -0.415728 0.538039
vn -0.733269 -0.415728 0.538039
vn -0.733269 -0.415728 0.538039
vn -0.896560 0.172742 0.407848
vn -0.896560 0.172742 0.407848
vn -0.896560 0.172741 0.407848
vn -0.860480 0.158255 0.484282
vn -0.860480 0.158255 0.484282
vn -0.860480 0.158255 0.484282
vn 0.219736 -0.594938 -0.773152
vn 0.219736 -0.594938 -0.773152
vn 0.219736 -0.594938 -0.773152
vn 0.087719 -0.480272 -0.872722
vn 0.087719 -0.480272 -0.872722
vn 0.087719 -0.480272 -0.872722
vn 0.930270 -0.029866 0.365657
vn 0.930270 -0.029866 0.365657
vn 0.930270 -0.029866 0.365657
vn 0.936475 -0.059153 0.345711
vn 0.936475 -0.059153 0.345711
vn 0.936475 -0.059153 0.345711
vn 0.090207 -0.986731 -0.135000
vn 0.090207 -0.986731 -0.135000
vn 0.090207 -0.986731 -0.135000
vn 0.168497 -0.973753 -0.153015
vn 0.168497 -0.973753 -0.153015
vn 0.168497 -0.973753 -0.153015
vn 0.188949 -0.975736 -0.110622
vn 0.188949 -0.975736 -0.110622
vn 0.188949 -0.975736 -0.110622
vn 0.175024 -0.979396 -0.100747
vn 0.175024 -0.979396 -0.100747
vn 0.175024 -0.979396 -0.100747
vn 0.196814 -0.979203 -0.049245
vn 0.196814 -0.979203 -0.049245
vn 0.196814 -0.979203 -0.049245
vn 0.239722 -0.967569 -0.079649
vn 0.239722 -0.967569 -0.079649
vn 0.239722 -0.967569 -0.079649
vn -0.801566 0.183491 0.569054
vn -0.801566 0.183491 0.569054
vn -0.801566 0.183491 0.569054
vn -0.849617 0.190076 0.491957
vn -0.849617 0.190076 0.491957
vn -0.849617 0.190076 0.491957
vn -0.953680 0.234594 -0.188307
vn -0.953680 0.234594 -0.188307
vn -0.953680 0.234594 -0.188307
vn -0.965687 0.217582 -0.141799
vn -0.965687 0.217582 -0.141799
vn -0.965687 0.217583 -0.141799
vn -0.955413 0.269862 -0.119838
vn -0.955413 0.269862 -0.119838
vn -0.955413 0.269862 -0.119838
vn -0.668036 -0.343244 0.660236
vn -0.668036 -0.343244 0.660236
vn -0.668036 -0.343244 0.660236
vn -0.671724 0.074107 0.737085
vn -0.671724 0.074107 0.737086
vn -0.671724 0.074107 0.737085
vn -0.459567 -0.810152 0.363939
vn -0.459567 -0.810152 0.363939
vn -0.459567 -0.810152 0.363939
vn -0.361346 -0.772205 0.522617
vn -0.361346 -0.772205 0.522617
vn -0.361346 -0.772205 0.522617
vn -0.423677 -0.617055 0.663129
vn -0.423677 -0.617055 0.663129
vn -0.423677 -0.617055 0.663129
vn -0.914989 0.226489 0.333912
vn -0.914989 0.226489 0.333912
vn -0.914989 0.226489 0.333912
vn -0.911421 0.235709 0.337274
vn -0.911421 0.235709 0.337274
vn -0.911421 0.235709 0.337274
vn -0.832002 -0.304593 0.463676
vn -0.832002 -0.304593 0.463676
vn -0.832002 -0.304593 0.463676
vn -0.890334 0.452897 -0.046796
vn -0.890334 0.452897 -0.046796
vn -0.890334 0.452897 -0.046796
vn -0.947383 0.295437 -0.123213
vn -0.947383 0.295437 -0.123213
vn -0.947383 0.295437 -0.123213
vn -0.005273 -0.113755 -0.993495
vn -0.005273 -0.113755 -0.993495
vn -0.005273 -0.113755 -0.993495
vn -0.032773 -0.706856 -0.706598
vn -0.032773 -0.706856 -0.706598
vn -0.032773 -0.706856 -0.706598
vn 0.985008 -0.089683 0.147362
vn 0.985008 -0.089683 0.147362
vn 0.985008 -0.089683 0.147362
vn 0.623684 0.752910 -0.210109
vn 0.623684 0.752910 -0.210109
vn 0.623684 0.752910 -0.210109
vn -0.692497 0.066592 0.718340
vn -0.692497 0.066592 0.718340
vn -0.692497 0.066592 0.718340
vn -0.684893 0.236751 0.689108
vn -0.684893 0.236751 0.689108
vn -0.684893 0.236751 0.689108
vn -0.629920 0.230282 0.741735
vn -0.629920 0.230283 0.741735
vn -0.629920 0.230283 0.741735
vn -0.412250 0.798272 0.439104
vn -0.412250 0.798272 0.439104
vn -0.412250 0.798272 0.439104
vn -0.799631 0.598069 0.053888
vn -0.799631 0.598069 0.053888
vn -0.799631 0.598069 0.053888
vn -0.478491 -0.233354 -0.846518
vn -0.478491 -0.233354 -0.846518
vn -0.478491 -0.233354 -0.846518
vn 0.794116 0.193925 0.575997
vn 0.794116 0.193925 0.575997
vn 0.794116 0.193925 0.575997
vn 0.799241 0.194776 0.568574
vn 0.799241 0.194776 0.568574
vn 0.799241 0.194776 0.568574
vn 0.314721 -0.678293 0.663980
vn 0.314721 -0.678293 0.663980
vn 0.314721 -0.678293 0.663980
vn 0.491786 0.351169 0.796760
vn 0.491786 0.351169 0.796760
vn 0.491786 0.351169 0.796760
vn 0.314093 0.332289 0.889342
vn 0.314093 0.332289 0.889342
vn 0.314093 0.332289 0.889342
vn 0.153270 -0.464404 0.872260
vn 0.153270 -0.464404 0.872260
vn 0.153270 -0.464404 0.872260
vn -0.907856 0.222605 0.355308
vn -0.907856 0.222605 0.355308
vn -0.907856 0.222605 0.355308
vn -0.895133 0.253947 0.366399
vn -0.895133 0.253947 0.366399
vn -0.895133 0.253947 0.366399
vn -0.780337 -0.368690 0.505116
vn -0.780337 -0.368690 0.505116
vn -0.780337 -0.368690 0.505116
vn 0.835332 0.472310 0.281326
vn 0.835332 0.472310 0.281326
vn 0.835332 0.472310 0.281326
vn 0.827476 0.491883 0.270804
vn 0.827476 0.491883 0.270804
vn 0.827476 0.491883 0.270804
vn -0.314721 -0.678293 0.663980
vn -0.314721 -0.678293 0.663980
vn -0.314721 -0.678293 0.663980
vn -0.799241 0.194776 0.568574
vn -0.799241 0.194776 0.568574
vn -0.799241 0.194776 0.568574
vn -0.794116 0.193925 0.575997
vn -0.794116 0.193925 0.575997
vn -0.794116 0.193925 0.575997
vn -0.161300 -0.952832 -0.257087
vn -0.161300 -0.952832 -0.257087
vn -0.161300 -0.952832 -0.257087
vn -0.200176 -0.979148 -0.034635
vn -0.200176 -0.979148 -0.034635
vn -0.200176 -0.979148 -0.034635
vn -0.847650 0.040904 0.528976
vn -0.847650 0.040904 0.528976
vn -0.847650 0.040904 0.528976
vn -0.721349 -0.607286 0.332957
vn -0.721349 -0.607286 0.332957
vn -0.721349 -0.607286 0.332957
vn -0.722659 -0.554991 0.412006
vn -0.722659 -0.554991 0.412006
vn -0.722659 -0.554991 0.412006
vn -0.706046 -0.545676 0.451372
vn -0.706046 -0.545676 0.451372
vn -0.706046 -0.545676 0.451372
vn -0.965350 0.202883 0.164127
vn -0.965350 0.202883 0.164127
vn -0.965350 0.202883 0.164127
vn -0.971418 0.204160 0.121104
vn -0.971418 0.204160 0.121104
vn -0.971418 0.204160 0.121104
vn 0.892064 0.445783 -0.074155
vn 0.892064 0.445783 -0.074155
vn 0.892064 0.445783 -0.074155
vn 0.879523 0.467911 -0.086592
vn 0.879523 0.467911 -0.086592
vn 0.879523 0.467911 -0.086592
vn 0.499197 -0.224644 0.836862
vn 0.499197 -0.224644 0.836862
vn 0.499197 -0.224644 0.836862
vn 0.616720 0.338312 0.710775
vn 0.616720 0.338312 0.710775
vn 0.616720 0.338312 0.710775
vn 0.659178 0.259101 0.705940
vn 0.659178 0.259101 0.705940
vn 0.659178 0.259101 0.705940
vn -0.153290 -0.464414 0.872251
vn -0.153290 -0.464414 0.872251
vn -0.153290 -0.464414 0.872251
vn -0.314137 0.332296 0.889324
vn -0.314137 0.332296 0.889324
vn -0.314137 0.332296 0.889324
vn -0.491786 0.351169 0.796760
vn -0.491786 0.351169 0.796760
vn -0.491786 0.351169 0.796760
vn 0.967468 0.186360 -0.171101
vn 0.967468 0.186360 -0.171101
vn 0.967468 0.186360 -0.171101
vn 0.967943 0.170458 -0.184471
vn 0.967943 0.170458 -0.184471
vn 0.967943 0.170458 -0.184471
vn -0.057944 -0.402150 -0.913738
vn -0.057944 -0.402150 -0.913738
vn -0.057944 -0.402150 -0.913738
vn 0.078879 -0.243164 -0.966773
vn 0.078879 -0.243164 -0.966773
vn 0.078879 -0.243164 -0.966773
vn 0.969096 0.162957 -0.185195
vn 0.969096 0.162957 -0.185195
vn 0.969096 0.162957 -0.185195
vn 0.241817 -0.204970 -0.948426
vn 0.241817 -0.204970 -0.948426
vn 0.241817 -0.204970 -0.948426
vn 0.041524 -0.128006 -0.990904
vn 0.041524 -0.128006 -0.990904
vn 0.041524 -0.128006 -0.990904
vn 0.995888 0.059847 -0.068015
vn 0.995888 0.059847 -0.068015
vn 0.995888 0.059847 -0.068015
vn 0.995890 -0.027422 -0.086323
vn 0.995890 -0.027422 -0.086323
vn 0.995890 -0.027422 -0.086323
vn 0.163258 0.079481 -0.983377
vn 0.163258 0.079481 -0.983377
vn 0.163258 0.079481 -0.983377
vn -0.987865 0.143399 -0.059660
vn -0.987865 0.143399 -0.059660
vn -0.987865 0.143399 -0.059660
vn -0.974378 0.223593 -0.024366
vn -0.974378 0.223593 -0.024366
vn -0.974378 0.223593 -0.024366
vn -0.992911 -0.063756 0.100318
vn -0.992911 -0.063756 0.100318
vn -0.992911 -0.063756 0.100318
vn -0.103737 0.983264 0.149767
vn -0.103737 0.983264 0.149767
vn -0.103737 0.983264 0.149767
vn -0.115747 0.980055 0.161541
vn -0.115747 0.980055 0.161541
vn -0.115747 0.980055 0.161541
vn -0.984396 0.096257 0.147303
vn -0.984396 0.096257 0.147303
vn -0.984396 0.096257 0.147303
vn -0.985431 0.088782 0.145063
vn -0.985431 0.088782 0.145063
vn -0.985431 0.088782 0.145063
vn -0.179798 0.973610 0.140559
vn -0.179798 0.973610 0.140559
vn -0.179798 0.973610 0.140559
vn -0.194221 0.971024 0.139250
vn -0.194221 0.971024 0.139250
vn -0.194221 0.971024 0.139250
vn -0.341396 0.163583 -0.925575
vn -0.341396 0.163583 -0.925575
vn -0.341396 0.163583 -0.925575
vn -0.458026 0.343130 -0.820045
vn -0.458026 0.343130 -0.820045
vn -0.458026 0.343130 -0.820045
vn 0.985428 0.088782 0.145087
vn 0.985428 0.088782 0.145087
vn 0.985428 0.088782 0.145087
vn 0.984395 0.096238 0.147324
vn 0.984395 0.096238 0.147324
vn 0.984395 0.096238 0.147324
vn -0.856976 0.188506 0.479643
vn -0.856976 0.188506 0.479643
vn -0.856976 0.188506 0.479643
vn -0.861027 0.178982 0.476023
vn -0.861027 0.178982 0.476023
vn -0.861027 0.178982 0.476024
vn -0.744634 -0.414012 0.523559
vn -0.744634 -0.414012 0.523559
vn -0.744634 -0.414012 0.523559
vn 0.566099 0.556995 0.607691
vn 0.566099 0.556995 0.607691
vn 0.566099 0.556995 0.607691
vn 0.567156 0.539711 0.622131
vn 0.567156 0.539711 0.622131
vn 0.567156 0.539711 0.622131
vn 0.502909 0.368378 0.781908
vn 0.502909 0.368378 0.781908
vn 0.502909 0.368378 0.781908
vn 0.289646 0.351881 0.890104
vn 0.289646 0.351881 0.890104
vn 0.289646 0.351881 0.890104
vn 0.113290 -0.398170 0.910289
vn 0.113290 -0.398170 0.910289
vn 0.113290 -0.398170 0.910289
vn 0.818949 0.457811 0.346022
vn 0.818949 0.457811 0.346022
vn 0.818949 0.457811 0.346022
vn 0.809337 0.489801 0.324144
vn 0.809337 0.489801 0.324144
vn 0.809337 0.489801 0.324144
vn -0.051646 0.998610 -0.010515
vn -0.051646 0.998610 -0.010515
vn -0.051646 0.998610 -0.010515
vn -0.183822 0.970621 -0.155255
vn -0.183822 0.970621 -0.155255
vn -0.183822 0.970621 -0.155255
vn -0.183852 0.970723 -0.154582
vn -0.183852 0.970723 -0.154582
vn -0.183852 0.970723 -0.154582
vn -0.384921 0.835497 -0.392148
vn -0.384921 0.835497 -0.392148
vn -0.384921 0.835497 -0.392148
vn -0.319109 0.855041 -0.408746
vn -0.319109 0.855041 -0.408746
vn -0.319109 0.855041 -0.408746
vn -0.469787 0.743340 -0.476178
vn -0.469787 0.743340 -0.476178
vn -0.469787 0.743340 -0.476178
vn 0.897944 -0.345823 -0.272217
vn 0.897944 -0.345823 -0.272217
vn 0.897944 -0.345823 -0.272217
vn 0.893398 -0.355370 -0.274866
vn 0.893398 -0.355370 -0.274866
vn 0.893398 -0.355371 -0.274866
vn 0.000000 -1.000000 0.000000
vn 0.000000 -1.000000 0.000000
vn 0.000000 -1.000000 0.000000
vn -0.000000 -1.000000 0.000000
vn -0.000000 -1.000000 0.000000
vn -0.000000 -1.000000 0.000000
vn 0.000001 -1.000000 0.000000
vn 0.000001 -1.000000 0.000000
vn 0.000001 -1.000000 0.000000
vn 0.000000 -1.000000 0.000000
vn 0.000000 -1.000000 0.000000
vn 0.000000 -1.000000 0.000000
vn -0.000000 -1.000000 0.000000
vn -0.000000 -1.000000 0.000000
vn -0.000000 -1.000000 0.000000
vn 0.000000 -1.000000 0.000000
vn 0.000000 -1.000000 0.000000
vn 0.000000 -1.000000 0.000000
vn -0.951801 -0.146750 0.269330
vn -0.951801 -0.146750 0.269330
vn -0.951801 -0.146750 0.269330
vn -0.977150 0.188267 0.098662
vn -0.977150 0.188267 0.098662
vn -0.977150 0.188267 0.098662
vn -0.966545 0.189884 0.172440
vn -0.966545 0.189884 0.172440
vn -0.966545 0.189884 0.172440
vn -0.594680 -0.266016 0.758677
vn -0.594680 -0.266016 0.758677
vn -0.594680 -0.266016 0.758677
vn -0.628288 -0.489488 0.604695
vn -0.628288 -0.489488 0.604695
vn -0.628288 -0.489488 0.604695
vn -0.161535 -0.648912 0.743518
vn -0.161535 -0.648912 0.743518
vn -0.161535 -0.648912 0.743518
vn -0.161282 -0.464108 0.870972
vn -0.161282 -0.464108 0.870972
vn -0.161282 -0.464108 0.870972
vn -0.061827 -0.735192 0.675034
vn -0.061827 -0.735192 0.675034
vn -0.061827 -0.735192 0.675034
vn -0.023245 -0.966981 0.253785
vn -0.023245 -0.966981 0.253785
vn -0.023245 -0.966981 0.253785
vn 0.023461 -0.966976 0.253784
vn 0.023461 -0.966976 0.253785
vn 0.023461 -0.966976 0.253784
vn 0.052401 -0.992827 0.107461
vn 0.052401 -0.992827 0.107461
vn 0.052401 -0.992827 0.107461
vn 0.344700 -0.931178 0.118696
vn 0.344700 -0.931178 0.118696
vn 0.344700 -0.931178 0.118696
vn 0.246141 -0.875396 0.416048
vn 0.246141 -0.875396 0.416048
vn 0.246141 -0.875396 0.416048
vn 0.900333 -0.340920 0.270507
vn 0.900333 -0.340920 0.270507
vn 0.900333 -0.340920 0.270507
vn 0.688631 -0.719270 0.091859
vn 0.688631 -0.719270 0.091859
vn 0.688631 -0.719270 0.091859
vn 0.707722 -0.704575 0.051982
vn 0.707722 -0.704576 0.051982
vn 0.707723 -0.704576 0.051982
vn 0.602982 -0.797160 -0.030811
vn 0.602982 -0.797160 -0.030811
vn 0.602982 -0.797160 -0.030811
vn 0.440408 -0.850618 0.287209
vn 0.440408 -0.850618 0.287209
vn 0.440408 -0.850618 0.287209
vn 0.458524 -0.832990 0.309651
vn 0.458524 -0.832990 0.309651
vn 0.458524 -0.832990 0.309651
vn 0.922565 0.181834 0.340309
vn 0.922565 0.181834 0.340309
vn 0.922565 0.181834 0.340309
vn 0.918741 0.181081 0.350892
vn 0.918741 0.181081 0.350892
vn 0.918741 0.181081 0.350892
vn 0.938112 -0.097304 0.332381
vn 0.938112 -0.097304 0.332381
vn 0.938112 -0.097304 0.332381
vn 0.537370 -0.422978 0.729605
vn 0.537370 -0.422978 0.729605
vn 0.537370 -0.422978 0.729605
vn 0.539461 -0.417841 0.731020
vn 0.539461 -0.417841 0.731020
vn 0.539461 -0.417841 0.731020
vn 0.162721 -0.464067 0.870726
vn 0.162721 -0.464067 0.870726
vn 0.162721 -0.464067 0.870726
vn 0.062400 -0.735171 0.675004
vn 0.062400 -0.735171 0.675003
vn 0.062400 -0.735171 0.675003
vn -0.051924 -0.992854 0.107445
vn -0.051924 -0.992854 0.107445
vn -0.051924 -0.992854 0.107445
vn -0.344723 -0.931163 0.118751
vn -0.344723 -0.931163 0.118751
vn -0.344723 -0.931163 0.118751
vn -0.246179 -0.875380 0.416059
vn -0.246179 -0.875380 0.416059
vn -0.246179 -0.875380 0.416059
vn -0.900318 -0.340952 0.270517
vn -0.900318 -0.340952 0.270517
vn -0.900318 -0.340952 0.270517
vn -0.539461 -0.417841 0.731020
vn -0.539461 -0.417841 0.731020
vn -0.539461 -0.417841 0.731020
vn -0.537370 -0.422973 0.729608
vn -0.537370 -0.422973 0.729607
vn -0.537371 -0.422973 0.729608
vn -0.938105 -0.097318 0.332397
vn -0.938105 -0.097318 0.332397
vn -0.938105 -0.097318 0.332397
vn -0.917087 0.189010 0.351037
vn -0.917087 0.189010 0.351037
vn -0.917087 0.189010 0.351037
vn -0.541698 -0.451806 0.708826
vn -0.541698 -0.451806 0.708826
vn -0.541698 -0.451806 0.708826
vn -0.955361 0.154245 0.251981
vn -0.955361 0.154245 0.251981
vn -0.955361 0.154245 0.251981
vn -0.849553 0.353233 0.391773
vn -0.849553 0.353233 0.391773
vn -0.849553 0.353233 0.391773
vn 0.386709 0.920416 0.057367
vn 0.386709 0.920416 0.057367
vn 0.386709 0.920416 0.057367
vn 0.375375 0.873169 0.310917
vn 0.375375 0.873169 0.310917
vn 0.375375 0.873169 0.310917
vn 0.159704 0.968854 0.189251
vn 0.159704 0.968854 0.189251
vn 0.159704 0.968854 0.189251
vn 0.232022 0.629696 0.741383
vn 0.232022 0.629696 0.741383
vn 0.232022 0.629696 0.741383
vn 0.077224 0.900479 0.427988
vn 0.077224 0.900479 0.427988
vn 0.077224 0.900479 0.427988
vn 0.166481 -0.636267 0.753291
vn 0.166481 -0.636267 0.753291
vn 0.166481 -0.636267 0.753291
vn 0.207289 -0.841374 0.499121
vn 0.207289 -0.841374 0.499121
vn 0.207289 -0.841374 0.499121
vn 0.099361 -0.992593 -0.069905
vn 0.099361 -0.992593 -0.069905
vn 0.099361 -0.992593 -0.069905
vn 0.225590 -0.950733 -0.212642
vn 0.225590 -0.950733 -0.212642
vn 0.225590 -0.950733 -0.212642
vn 0.223397 -0.941489 -0.252374
vn 0.223397 -0.941489 -0.252374
vn 0.223397 -0.941489 -0.252374
vn 0.628717 0.767120 0.127445
vn 0.628717 0.767120 0.127445
vn 0.628717 0.767120 0.127445
vn 0.089367 0.981713 0.168085
vn 0.089367 0.981713 0.168085
vn 0.089367 0.981713 0.168085
vn 0.084700 0.930446 0.356504
vn 0.084700 0.930446 0.356504
vn 0.084700 0.930446 0.356504
vn 0.056232 0.926421 0.372266
vn 0.056232 0.926421 0.372266
vn 0.056232 0.926421 0.372266
vn 0.113221 0.652201 0.749543
vn 0.113221 0.652201 0.749543
vn 0.113221 0.652201 0.749543
vn 0.066119 0.535065 0.842219
vn 0.066119 0.535065 0.842219
vn 0.066119 0.535065 0.842219
vn 0.070001 -0.447253 0.891664
vn 0.070001 -0.447253 0.891664
vn 0.070001 -0.447253 0.891664
vn -0.070557 -0.447230 0.891632
vn -0.070557 -0.447230 0.891632
vn -0.070557 -0.447230 0.891632
vn -0.161599 -0.636649 0.754032
vn -0.161599 -0.636649 0.754032
vn -0.161599 -0.636649 0.754032
vn -0.166486 -0.636270 0.753288
vn -0.166486 -0.636270 0.753288
vn -0.166486 -0.636270 0.753288
vn -0.207293 -0.841354 0.499152
vn -0.207293 -0.841354 0.499152
vn -0.207293 -0.841354 0.499152
vn 0.160338 -0.636740 0.754224
vn 0.160338 -0.636740 0.754224
vn 0.160338 -0.636740 0.754224
vn 0.044402 -0.992679 -0.112325
vn 0.044402 -0.992679 -0.112325
vn 0.044402 -0.992679 -0.112325
vn -0.044592 -0.996873 -0.065241
vn -0.044592 -0.996873 -0.065241
vn -0.044592 -0.996873 -0.065241
vn -0.042547 -0.951238 -0.305509
vn -0.042547 -0.951238 -0.305509
vn -0.042547 -0.951238 -0.305509
vn -0.086069 -0.948738 -0.304119
vn -0.086069 -0.948738 -0.304119
vn -0.086069 -0.948738 -0.304119
vn -0.044761 -0.992663 -0.112324
vn -0.044761 -0.992663 -0.112324
vn -0.044761 -0.992663 -0.112324
vn 0.044977 -0.996856 -0.065226
vn 0.044977 -0.996856 -0.065226
vn 0.044977 -0.996856 -0.065226
vn 0.042915 -0.951225 -0.305498
vn 0.042915 -0.951225 -0.305498
vn 0.042915 -0.951225 -0.305498
vn 0.086059 -0.948739 -0.304118
vn 0.086059 -0.948739 -0.304118
vn 0.086059 -0.948739 -0.304118
vn -0.099361 -0.992593 -0.069905
vn -0.099361 -0.992593 -0.069905
vn -0.099361 -0.992593 -0.069905
vn -0.225589 -0.950733 -0.212641
vn -0.225589 -0.950733 -0.212641
vn -0.225589 -0.950733 -0.212641
vn -0.223396 -0.941489 -0.252374
vn -0.223396 -0.941489 -0.252374
vn -0.223396 -0.941489 -0.252374
vn 0.642717 0.723470 -0.252003
vn 0.642717 0.723470 -0.252003
vn 0.642717 0.723470 -0.252003
vn 0.359778 0.784093 -0.505725
vn 0.359778 0.784093 -0.505725
vn 0.359778 0.784093 -0.505725
vn 0.061633 0.886185 -0.459213
vn 0.061633 0.886185 -0.459213
vn 0.061633 0.886185 -0.459213
vn 0.149823 0.908531 -0.390032
vn 0.149823 0.908531 -0.390032
vn 0.149823 0.908531 -0.390032
vn -0.151602 0.908282 -0.389925
vn -0.151602 0.908282 -0.389925
vn -0.151602 0.908282 -0.389925
vn -0.062179 0.886082 -0.459338
vn -0.062179 0.886082 -0.459338
vn -0.062179 0.886082 -0.459338
vn -0.069093 0.984643 0.160328
vn -0.069093 0.984643 0.160328
vn -0.069093 0.984643 0.160328
vn 0.068481 0.984684 0.160335
vn 0.068481 0.984684 0.160335
vn 0.068481 0.984684 0.160335
vn -0.090149 0.981645 0.168067
vn -0.090149 0.981645 0.168067
vn -0.090149 0.981645 0.168067
vn -0.085443 0.930407 0.356429
vn -0.085443 0.930407 0.356429
vn -0.085444 0.930407 0.356429
vn -0.056662 0.926399 0.372257
vn -0.056662 0.926399 0.372257
vn -0.056662 0.926398 0.372257
vn -0.114086 0.652068 0.749527
vn -0.114086 0.652068 0.749527
vn -0.114086 0.652068 0.749527
vn -0.066644 0.535041 0.842194
vn -0.066644 0.535040 0.842194
vn -0.066644 0.535040 0.842194
vn -0.628716 0.767120 0.127445
vn -0.628716 0.767120 0.127445
vn -0.628716 0.767120 0.127445
vn -0.386727 0.920408 0.057372
vn -0.386727 0.920408 0.057372
vn -0.386727 0.920408 0.057372
vn -0.375393 0.873163 0.310913
vn -0.375393 0.873163 0.310913
vn -0.375393 0.873163 0.310913
vn -0.159703 0.968856 0.189244
vn -0.159703 0.968856 0.189245
vn -0.159703 0.968856 0.189245
vn -0.232022 0.629698 0.741381
vn -0.232022 0.629698 0.741381
vn -0.232022 0.629698 0.741381
vn -0.077229 0.900474 0.427998
vn -0.077229 0.900474 0.427998
vn -0.077229 0.900474 0.427998
vn -0.642719 0.723468 -0.252004
vn -0.642719 0.723468 -0.252004
vn -0.642719 0.723468 -0.252004
vn -0.359778 0.784093 -0.505725
vn -0.359778 0.784093 -0.505725
vn -0.359778 0.784093 -0.505725
vn -0.052816 -0.958715 -0.279421
vn -0.052816 -0.958715 -0.279421
vn -0.052816 -0.958715 -0.279421
vn 0.052339 -0.958739 -0.279428
vn 0.052339 -0.958739 -0.279428
vn 0.052339 -0.958739 -0.279428
vn -0.822772 -0.566596 0.044887
vn -0.822772 -0.566596 0.044887
vn -0.822772 -0.566596 0.044887
vn -0.279545 0.323132 0.904124
vn -0.279545 0.323132 0.904124
vn -0.279545 0.323132 0.904124
vn -0.091300 -0.286631 0.953681
vn -0.091300 -0.286631 0.953681
vn -0.091300 -0.286631 0.953681
vn 0.026870 -0.102593 0.994361
vn 0.026870 -0.102593 0.994360
vn 0.026870 -0.102593 0.994360
vn 0.140606 -0.275224 0.951042
vn 0.140606 -0.275224 0.951042
vn 0.140606 -0.275224 0.951042
vn 0.130308 -0.287253 0.948950
vn 0.130308 -0.287253 0.948950
vn 0.130308 -0.287253 0.948950
vn 0.139578 -0.296759 0.944697
vn 0.139578 -0.296759 0.944697
vn 0.139578 -0.296759 0.944697
vn -0.150514 -0.463883 0.873017
vn -0.150514 -0.463883 0.873017
vn -0.150514 -0.463883 0.873017
vn -0.891862 -0.452207 0.009536
vn -0.891862 -0.452207 0.009536
vn -0.891862 -0.452207 0.009536
vn -0.913285 -0.362116 -0.186500
vn -0.913285 -0.362116 -0.186500
vn -0.913285 -0.362116 -0.186500
vn -0.480793 -0.010753 -0.876768
vn -0.480793 -0.010753 -0.876768
vn -0.480793 -0.010753 -0.876768
vn -0.475080 0.012161 -0.879859
vn -0.475080 0.012161 -0.879859
vn -0.475080 0.012161 -0.879859
vn 0.271176 0.394960 -0.877764
vn 0.271176 0.394960 -0.877764
vn 0.271176 0.394960 -0.877764
vn 0.293435 0.505996 -0.811088
vn 0.293435 0.505996 -0.811088
vn 0.293435 0.505997 -0.811088
vn 0.717577 0.614496 -0.327838
vn 0.717577 0.614495 -0.327838
vn 0.717577 0.614496 -0.327838
vn 0.735594 0.497272 -0.460024
vn 0.735594 0.497272 -0.460024
vn 0.735594 0.497272 -0.460024
vn 0.778847 0.567575 0.266940
vn 0.778847 0.567575 0.266940
vn 0.778847 0.567575 0.266940
vn 0.686032 0.671474 0.280149
vn 0.686032 0.671474 0.280149
vn 0.686032 0.671474 0.280149
vn 0.634706 0.632427 0.444054
vn 0.634706 0.632427 0.444054
vn 0.634706 0.632427 0.444054
vn 0.266120 0.897334 0.352097
vn 0.266120 0.897334 0.352097
vn 0.266120 0.897334 0.352097
vn 0.225890 0.875164 0.427857
vn 0.225890 0.875164 0.427857
vn 0.225890 0.875164 0.427857
vn -0.560036 0.828379 -0.012147
vn -0.560036 0.828379 -0.012147
vn -0.560036 0.828379 -0.012147
vn -0.449115 0.883779 -0.131264
vn -0.449115 0.883779 -0.131264
vn -0.449115 0.883779 -0.131264
vn -0.787706 0.149758 -0.597572
vn -0.787706 0.149758 -0.597572
vn -0.787706 0.149758 -0.597572
vn 0.379836 0.799428 -0.465446
vn 0.379836 0.799428 -0.465446
vn 0.379836 0.799428 -0.465446
vn 0.497683 0.677266 -0.541870
vn 0.497683 0.677266 -0.541870
vn 0.497683 0.677266 -0.541870
vn 0.229205 0.509798 -0.829199
vn 0.229205 0.509798 -0.829199
vn 0.229205 0.509798 -0.829199
vn 0.242855 0.566465 -0.787489
vn 0.242855 0.566465 -0.787489
vn 0.242855 0.566465 -0.787489
vn -0.537668 0.173807 -0.825048
vn -0.537668 0.173807 -0.825048
vn -0.537668 0.173807 -0.825048
vn -0.561185 0.124273 -0.818308
vn -0.561185 0.124273 -0.818308
vn -0.561185 0.124273 -0.818308
vn -0.959880 -0.224044 -0.168627
vn -0.959880 -0.224044 -0.168627
vn -0.959880 -0.224044 -0.168627
vn -0.968545 -0.246725 -0.032376
vn -0.968545 -0.246725 -0.032376
vn -0.968545 -0.246725 -0.032376
vn -0.993735 0.110812 0.014544
vn -0.993735 0.110812 0.014544
vn -0.993735 0.110812 0.014544
vn -0.623151 0.298806 -0.722771
vn -0.623151 0.298806 -0.722771
vn -0.623151 0.298806 -0.722771
vn 0.029230 0.670668 -0.741182
vn 0.029230 0.670668 -0.741182
vn 0.029230 0.670668 -0.741182
vn -0.853717 -0.520370 -0.019569
vn -0.853717 -0.520370 -0.019569
vn -0.853717 -0.520370 -0.019569
vn -0.645490 -0.092958 -0.758091
vn -0.645490 -0.092958 -0.758091
vn -0.645490 -0.092958 -0.758091
vn -0.635635 0.308527 -0.707657
vn -0.635635 0.308527 -0.707657
vn -0.635635 0.308527 -0.707657
vn -0.120228 0.522523 -0.844106
vn -0.120228 0.522523 -0.844106
vn -0.120228 0.522523 -0.844106
vn -0.271751 -0.224781 0.935748
vn -0.271751 -0.224781 0.935748
vn -0.271751 -0.224781 0.935748
vn -0.271824 -0.225131 0.935643
vn -0.271824 -0.225131 0.935643
vn -0.271824 -0.225131 0.935643
vn -0.130308 -0.409954 0.902750
vn -0.130308 -0.409954 0.902750
vn -0.130308 -0.409954 0.902750
vn -0.135180 -0.423239 0.895876
vn -0.135180 -0.423239 0.895877
vn -0.135180 -0.423239 0.895876
vn -0.097129 -0.472167 0.876142
vn -0.097129 -0.472167 0.876142
vn -0.097129 -0.472167 0.876142
vn -0.344551 -0.637440 0.689169
vn -0.344551 -0.637440 0.689169
vn -0.344551 -0.637440 0.689169
vn -0.430229 -0.557191 0.710240
vn -0.430229 -0.557191 0.710240
vn -0.430229 -0.557191 0.710240
vn -0.442439 -0.608973 0.658331
vn -0.442439 -0.608973 0.658331
vn -0.442439 -0.608973 0.658331
vn -0.575125 -0.467787 0.671123
vn -0.575125 -0.467787 0.671123
vn -0.575125 -0.467787 0.671123
vn -0.565332 -0.404976 0.718605
vn -0.565332 -0.404976 0.718605
vn -0.565332 -0.404976 0.718605
vn -0.453571 -0.337925 0.824670
vn -0.453571 -0.337925 0.824670
vn -0.453571 -0.337925 0.824670
vn -0.964132 -0.145549 0.221959
vn -0.964132 -0.145549 0.221959
vn -0.964132 -0.145549 0.221959
vn -0.950310 -0.029684 0.309886
vn -0.950310 -0.029684 0.309886
vn -0.950310 -0.029684 0.309885
vn -0.901683 0.318664 -0.292269
vn -0.901683 0.318664 -0.292269
vn -0.901683 0.318664 -0.292269
vn -0.912802 0.312045 -0.263477
vn -0.912802 0.312045 -0.263477
vn -0.912802 0.312045 -0.263477
vn -0.747554 0.466430 -0.472869
vn -0.747554 0.466430 -0.472869
vn -0.747554 0.466430 -0.472869
vn -0.580981 0.506937 -0.636770
vn -0.580981 0.506937 -0.636770
vn -0.580981 0.506937 -0.636770
vn 0.583598 0.505769 -0.635304
vn 0.583598 0.505769 -0.635304
vn 0.583598 0.505769 -0.635304
vn 0.559314 0.339360 -0.756308
vn 0.559314 0.339360 -0.756308
vn 0.559314 0.339360 -0.756308
vn 0.925312 0.191876 -0.327081
vn 0.925312 0.191877 -0.327081
vn 0.925312 0.191876 -0.327081
vn 0.935097 0.176757 -0.307167
vn 0.935096 0.176757 -0.307167
vn 0.935096 0.176757 -0.307167
vn 0.954360 0.012628 0.298393
vn 0.954360 0.012628 0.298393
vn 0.954360 0.012628 0.298393
vn 0.955854 0.016089 0.293402
vn 0.955854 0.016089 0.293402
vn 0.955854 0.016089 0.293402
vn 0.548832 -0.108593 0.828849
vn 0.548832 -0.108593 0.828849
vn 0.548832 -0.108593 0.828849
vn 0.618492 -0.071854 0.782499
vn 0.618492 -0.071854 0.782499
vn 0.618492 -0.071854 0.782499
vn -0.616104 -0.066637 0.784841
vn -0.616104 -0.066637 0.784841
vn -0.616104 -0.066637 0.784841
vn -0.593387 -0.355981 0.721920
vn -0.593387 -0.355982 0.721920
vn -0.593387 -0.355981 0.721920
vn -0.545717 -0.352706 0.760126
vn -0.545717 -0.352706 0.760126
vn -0.545717 -0.352706 0.760126
vn -0.508619 -0.557793 0.655876
vn -0.508619 -0.557793 0.655876
vn -0.508619 -0.557793 0.655876
vn -0.563574 -0.552331 0.614260
vn -0.563574 -0.552331 0.614260
vn -0.563574 -0.552331 0.614260
vn -0.518730 -0.752915 0.405017
vn -0.518730 -0.752915 0.405017
vn -0.518730 -0.752915 0.405017
vn -0.932378 -0.352431 0.080390
vn -0.932379 -0.352431 0.080390
vn -0.932378 -0.352431 0.080390
vn -0.945442 -0.324278 0.031365
vn -0.945442 -0.324278 0.031365
vn -0.945442 -0.324278 0.031365
vn -0.931932 0.135040 -0.336552
vn -0.931932 0.135040 -0.336552
vn -0.931932 0.135040 -0.336552
vn -0.940923 0.123712 -0.315214
vn -0.940923 0.123712 -0.315214
vn -0.940923 0.123712 -0.315214
vn -0.466077 0.568991 -0.677511
vn -0.466077 0.568991 -0.677511
vn -0.466077 0.568991 -0.677511
vn -0.531192 0.558388 -0.637211
vn -0.531192 0.558388 -0.637211
vn -0.531192 0.558388 -0.637211
vn 0.533898 0.557267 -0.635929
vn 0.533898 0.557267 -0.635929
vn 0.533898 0.557267 -0.635929
vn 0.598818 0.051626 -0.799219
vn 0.598818 0.051626 -0.799219
vn 0.598818 0.051626 -0.799219
vn 0.722938 -0.185211 -0.665626
vn 0.722938 -0.185211 -0.665626
vn 0.722938 -0.185211 -0.665626
vn 0.719092 -0.200295 -0.665423
vn 0.719092 -0.200295 -0.665423
vn 0.719092 -0.200295 -0.665423
vn 0.724292 -0.600314 -0.339153
vn 0.724292 -0.600314 -0.339153
vn 0.724292 -0.600314 -0.339153
vn -0.722627 -0.601833 -0.340010
vn -0.722627 -0.601833 -0.340010
vn -0.722627 -0.601833 -0.340010
vn -0.714958 -0.597031 -0.363853
vn -0.714958 -0.597031 -0.363853
vn -0.714958 -0.597031 -0.363853
vn -0.599421 -0.694613 0.397753
vn -0.599421 -0.694613 0.397753
vn -0.599421 -0.694613 0.397753
vn -0.688348 -0.666561 -0.286134
vn -0.688348 -0.666561 -0.286134
vn -0.688348 -0.666561 -0.286134
vn 0.690825 -0.664393 -0.285205
vn 0.690825 -0.664393 -0.285205
vn 0.690825 -0.664393 -0.285205
vn 0.717071 -0.595828 -0.361660
vn 0.717071 -0.595828 -0.361660
vn 0.717071 -0.595828 -0.361660
vn 0.945442 -0.324276 0.031365
vn 0.945442 -0.324276 0.031365
vn 0.945442 -0.324276 0.031365
vn 0.931932 0.135041 -0.336551
vn 0.931932 0.135041 -0.336551
vn 0.931932 0.135041 -0.336551
vn 0.942250 0.215820 -0.256100
vn 0.942250 0.215820 -0.256100
vn 0.942250 0.215820 -0.256100
vn 0.372750 0.612802 -0.696800
vn 0.372750 0.612802 -0.696800
vn 0.372750 0.612802 -0.696800
vn 0.383946 0.408596 -0.828031
vn 0.383946 0.408596 -0.828031
vn 0.383946 0.408596 -0.828031
vn -0.291404 0.422635 -0.858174
vn -0.291404 0.422635 -0.858174
vn -0.291404 0.422635 -0.858174
vn -0.448878 0.453270 -0.770101
vn -0.448878 0.453270 -0.770101
vn -0.448878 0.453270 -0.770101
vn -0.931177 0.227086 -0.285204
vn -0.931177 0.227086 -0.285204
vn -0.931177 0.227086 -0.285204
vn -0.934791 0.182882 -0.304500
vn -0.934791 0.182882 -0.304500
vn -0.934791 0.182882 -0.304500
vn -0.954165 0.013894 0.298958
vn -0.954165 0.013894 0.298958
vn -0.954165 0.013894 0.298958
vn -0.957374 -0.007421 0.288758
vn -0.957374 -0.007421 0.288758
vn -0.957373 -0.007421 0.288758
vn -0.538895 -0.217738 0.813746
vn -0.538895 -0.217738 0.813746
vn -0.538895 -0.217738 0.813746
vn -0.473910 -0.205981 0.856143
vn -0.473910 -0.205981 0.856143
vn -0.473910 -0.205981 0.856143
vn 0.477320 -0.201876 0.855226
vn 0.477320 -0.201876 0.855226
vn 0.477320 -0.201876 0.855226
vn 0.456443 -0.337561 0.823233
vn 0.456443 -0.337561 0.823233
vn 0.456443 -0.337561 0.823232
vn 0.964131 -0.145528 0.221975
vn 0.964131 -0.145528 0.221976
vn 0.964131 -0.145528 0.221975
vn 0.899056 0.338315 -0.277923
vn 0.899056 0.338315 -0.277923
vn 0.899056 0.338315 -0.277923
vn 0.901682 0.318666 -0.292268
vn 0.901682 0.318666 -0.292268
vn 0.901683 0.318666 -0.292268
vn 0.912803 0.312044 -0.263477
vn 0.912803 0.312044 -0.263477
vn 0.912803 0.312044 -0.263477
vn -0.925086 0.198231 -0.323915
vn -0.925086 0.198231 -0.323915
vn -0.925086 0.198231 -0.323915
vn -0.558670 0.349687 -0.752068
vn -0.558670 0.349687 -0.752068
vn -0.558670 0.349687 -0.752068
vn -0.468056 0.344395 -0.813828
vn -0.468056 0.344395 -0.813828
vn -0.468056 0.344395 -0.813828
vn 0.500651 0.336594 -0.797530
vn 0.500651 0.336594 -0.797530
vn 0.500651 0.336594 -0.797530
vn 0.495434 0.426707 -0.756615
vn 0.495434 0.426707 -0.756615
vn 0.495434 0.426707 -0.756615
vn 0.931919 0.217116 -0.290496
vn 0.931919 0.217116 -0.290496
vn 0.931919 0.217116 -0.290496
vn 0.941078 0.197481 -0.274541
vn 0.941078 0.197481 -0.274541
vn 0.941078 0.197481 -0.274541
vn 0.960806 -0.070702 0.268056
vn 0.960806 -0.070702 0.268056
vn 0.960805 -0.070702 0.268056
vn 0.940973 -0.123875 0.315001
vn 0.940973 -0.123875 0.315001
vn 0.940973 -0.123875 0.315001
vn 0.547405 -0.351236 0.759593
vn 0.547405 -0.351236 0.759593
vn 0.547405 -0.351236 0.759593
vn 0.510175 -0.557196 0.655174
vn 0.510175 -0.557196 0.655174
vn 0.510175 -0.557196 0.655174
vn 0.940548 0.217265 -0.261085
vn 0.940548 0.217265 -0.261085
vn 0.940548 0.217265 -0.261085
vn 0.945557 -0.222849 0.237193
vn 0.945557 -0.222849 0.237193
vn 0.945557 -0.222849 0.237193
vn 0.932378 -0.352431 0.080390
vn 0.932378 -0.352431 0.080390
vn 0.932378 -0.352431 0.080390
vn 0.520238 -0.752239 0.404338
vn 0.520238 -0.752239 0.404338
vn 0.520238 -0.752239 0.404338
vn 0.602049 -0.692899 0.396772
vn 0.602049 -0.692899 0.396772
vn 0.602049 -0.692899 0.396772
vn 0.565170 -0.551604 0.613446
vn 0.565170 -0.551604 0.613446
vn 0.565170 -0.551604 0.613446
vn 0.942555 -0.225894 0.246094
vn 0.942555 -0.225894 0.246094
vn 0.942555 -0.225894 0.246094
vn 0.550751 -0.214349 0.806677
vn 0.550751 -0.214349 0.806677
vn 0.550751 -0.214349 0.806677
vn 0.957366 -0.007445 0.288781
vn 0.957366 -0.007445 0.288781
vn 0.957366 -0.007445 0.288781
vn 0.950310 -0.029686 0.309885
vn 0.950310 -0.029686 0.309885
vn 0.950310 -0.029686 0.309885
vn 0.940923 0.123713 -0.315214
vn 0.940923 0.123713 -0.315214
vn 0.940923 0.123713 -0.315214
vn 0.467630 0.568250 -0.677063
vn 0.467630 0.568250 -0.677062
vn 0.467630 0.568250 -0.677062
vn 0.468467 0.613014 -0.636201
vn 0.468467 0.613014 -0.636201
vn 0.468467 0.613015 -0.636201
vn -0.466906 0.613587 -0.636796
vn -0.466907 0.613587 -0.636797
vn -0.466906 0.613587 -0.636796
vn -0.264097 0.604059 -0.751908
vn -0.264097 0.604059 -0.751908
vn -0.264097 0.604059 -0.751908
vn -0.941362 0.202212 -0.270090
vn -0.941362 0.202212 -0.270090
vn -0.941362 0.202212 -0.270090
vn -0.953252 0.192336 -0.233059
vn -0.953252 0.192336 -0.233059
vn -0.953252 0.192336 -0.233059
vn -0.945557 -0.222849 0.237194
vn -0.945557 -0.222849 0.237194
vn -0.945557 -0.222849 0.237194
vn -0.942563 -0.225887 0.246071
vn -0.942563 -0.225887 0.246071
vn -0.942563 -0.225887 0.246071
vn -0.953240 0.176344 -0.245431
vn -0.953240 0.176344 -0.245431
vn -0.953240 0.176344 -0.245431
vn -0.963419 -0.065430 0.259889
vn -0.963419 -0.065430 0.259889
vn -0.963419 -0.065430 0.259889
vn -0.956631 0.019887 0.290623
vn -0.956631 0.019887 0.290623
vn -0.956631 0.019887 0.290623
vn -0.536971 -0.108977 0.836532
vn -0.536971 -0.108977 0.836532
vn -0.536971 -0.108977 0.836532
vn 0.750808 0.464276 -0.469825
vn 0.750808 0.464276 -0.469825
vn 0.750808 0.464276 -0.469825
vn 0.751874 0.485254 -0.446335
vn 0.751874 0.485254 -0.446335
vn 0.751874 0.485254 -0.446335
vn 0.919099 0.295414 -0.260743
vn 0.919099 0.295414 -0.260743
vn 0.919099 0.295414 -0.260743
vn 0.637311 0.609649 -0.471341
vn 0.637311 0.609649 -0.471341
vn 0.637311 0.609649 -0.471341
vn -0.633357 0.612224 -0.473330
vn -0.633357 0.612224 -0.473330
vn -0.633357 0.612224 -0.473330
vn -0.748652 0.487858 -0.448904
vn -0.748652 0.487858 -0.448904
vn -0.748652 0.487858 -0.448904
vn -0.919074 0.295456 -0.260785
vn -0.919074 0.295456 -0.260785
vn -0.919074 0.295456 -0.260785
vn -0.596092 0.051754 -0.801247
vn -0.596092 0.051754 -0.801247
vn -0.596092 0.051754 -0.801247
vn -0.720935 -0.187019 -0.667290
vn -0.720935 -0.187019 -0.667290
vn -0.720935 -0.187019 -0.667290
vn -0.062768 -0.952064 -0.299390
vn -0.062768 -0.952064 -0.299390
vn -0.062768 -0.952064 -0.299390
vn -0.639789 -0.764221 -0.081466
vn -0.639789 -0.764221 -0.081466
vn -0.639789 -0.764221 -0.081466
vn -0.948136 0.285083 0.140590
vn -0.948136 0.285083 0.140590
vn -0.948136 0.285083 0.140590
vn -0.620924 0.714343 0.322748
vn -0.620925 0.714343 0.322748
vn -0.620924 0.714343 0.322748
vn 0.060207 0.965241 0.254330
vn 0.060207 0.965241 0.254330
vn 0.060207 0.965241 0.254330
vn 0.047430 0.967769 0.247332
vn 0.047430 0.967769 0.247332
vn 0.047430 0.967769 0.247332
vn -0.047798 0.967752 0.247328
vn -0.047798 0.967752 0.247328
vn -0.047798 0.967752 0.247328
vn -0.042069 0.975112 0.217683
vn -0.042069 0.975112 0.217683
vn -0.042069 0.975112 0.217683
vn -0.018348 0.972620 0.231676
vn -0.018348 0.972620 0.231676
vn -0.018348 0.972620 0.231676
vn -0.013348 0.978838 0.204201
vn -0.013348 0.978838 0.204201
vn -0.013348 0.978838 0.204201
vn 0.710080 0.673912 0.204033
vn 0.710080 0.673912 0.204033
vn 0.710080 0.673912 0.204033
vn 0.617238 0.761361 0.198362
vn 0.617238 0.761361 0.198362
vn 0.617238 0.761361 0.198362
vn 0.774978 -0.630153 -0.048118
vn 0.774978 -0.630153 -0.048118
vn 0.774978 -0.630153 -0.048118
vn 0.751474 -0.657713 -0.051963
vn 0.751474 -0.657713 -0.051963
vn 0.751474 -0.657713 -0.051963
vn 0.027912 -0.984558 -0.172822
vn 0.027912 -0.984558 -0.172822
vn 0.027912 -0.984557 -0.172822
vn -0.036716 -0.988446 -0.147058
vn -0.036716 -0.988446 -0.147058
vn -0.036716 -0.988446 -0.147058
vn 0.036343 -0.988460 -0.147060
vn 0.036343 -0.988460 -0.147060
vn 0.036343 -0.988460 -0.147060
vn -0.017090 -0.995599 -0.092144
vn -0.017090 -0.995599 -0.092144
vn -0.017090 -0.995599 -0.092144
vn -0.690224 -0.722181 0.045220
vn -0.690224 -0.722181 0.045220
vn -0.690225 -0.722181 0.045220
vn -0.730996 -0.678457 0.073074
vn -0.730996 -0.678457 0.073074
vn -0.730996 -0.678457 0.073074
vn -0.650905 0.738061 0.177733
vn -0.650905 0.738060 0.177733
vn -0.650905 0.738060 0.177733
vn -0.651812 0.718894 0.241522
vn -0.651812 0.718894 0.241522
vn -0.651812 0.718894 0.241522
vn -0.789399 0.577347 0.208611
vn -0.789399 0.577347 0.208611
vn -0.789399 0.577348 0.208611
vn -0.793810 0.464194 0.392924
vn -0.793810 0.464194 0.392924
vn -0.793810 0.464194 0.392924
vn -0.887709 0.284054 0.362335
vn -0.887709 0.284054 0.362335
vn -0.887709 0.284054 0.362335
vn -0.568050 -0.005984 0.822972
vn -0.568050 -0.005984 0.822972
vn -0.568050 -0.005984 0.822972
vn -0.566294 0.000000 0.824204
vn -0.566294 0.000000 0.824204
vn -0.566294 0.000000 0.824204
vn 0.577096 0.000000 0.816676
vn 0.577096 0.000000 0.816676
vn 0.577096 0.000000 0.816676
vn 0.032998 0.997749 -0.058372
vn 0.032998 0.997749 -0.058372
vn 0.032998 0.997749 -0.058372
vn 0.026478 0.998551 -0.046843
vn 0.026478 0.998551 -0.046843
vn 0.026478 0.998551 -0.046843
vn 0.023961 0.998343 -0.052316
vn 0.023961 0.998343 -0.052316
vn 0.023961 0.998343 -0.052316
vn -0.035192 0.999337 -0.009300
vn -0.035192 0.999337 -0.009300
vn -0.035192 0.999337 -0.009300
vn -0.052673 0.991591 0.118206
vn -0.052673 0.991591 0.118206
vn -0.052673 0.991591 0.118206
vn -0.023706 0.994589 0.101145
vn -0.023706 0.994589 0.101145
vn -0.023706 0.994589 0.101145
vn -0.017378 0.978533 0.205354
vn -0.017378 0.978534 0.205354
vn -0.017378 0.978533 0.205354
vn -0.025885 0.998555 -0.047097
vn -0.025885 0.998555 -0.047097
vn -0.025885 0.998555 -0.047097
vn -0.023527 0.998353 -0.052316
vn -0.023527 0.998353 -0.052316
vn -0.023527 0.998353 -0.052316
vn 0.034723 0.999355 -0.009176
vn 0.034723 0.999355 -0.009176
vn 0.034723 0.999355 -0.009176
vn 0.051947 0.991629 0.118211
vn 0.051947 0.991629 0.118211
vn 0.051947 0.991629 0.118211
vn 0.023439 0.994592 0.101182
vn 0.023439 0.994592 0.101182
vn 0.023439 0.994592 0.101182
vn 0.017183 0.978537 0.205354
vn 0.017183 0.978537 0.205354
vn 0.017183 0.978537 0.205354
vn 0.013233 0.978837 0.204212
vn 0.013233 0.978837 0.204212
vn 0.013233 0.978837 0.204212
vn 0.018188 0.972620 0.231689
vn 0.018188 0.972620 0.231689
vn 0.018188 0.972620 0.231689
vn -0.620536 0.751606 0.223659
vn -0.620536 0.751606 0.223659
vn -0.620536 0.751606 0.223659
vn -0.710079 0.673913 0.204033
vn -0.710079 0.673913 0.204033
vn -0.710079 0.673913 0.204033
vn -0.711378 0.663222 0.232546
vn -0.711378 0.663222 0.232546
vn -0.711378 0.663222 0.232546
vn -0.777758 -0.626243 -0.053963
vn -0.777758 -0.626243 -0.053963
vn -0.777758 -0.626243 -0.053963
vn -0.667942 -0.735578 -0.113041
vn -0.667943 -0.735578 -0.113041
vn -0.667943 -0.735578 -0.113041
vn -0.005118 -0.975713 -0.218993
vn -0.005118 -0.975713 -0.218993
vn -0.005118 -0.975713 -0.218993
vn -0.008933 -0.967230 -0.253744
vn -0.008933 -0.967230 -0.253744
vn -0.008933 -0.967230 -0.253744
vn 0.008933 -0.967230 -0.253744
vn 0.008933 -0.967230 -0.253744
vn 0.008933 -0.967230 -0.253744
vn 0.063117 -0.951949 -0.299681
vn 0.063117 -0.951949 -0.299681
vn 0.063117 -0.951949 -0.299681
vn 0.654482 -0.752058 -0.077860
vn 0.654482 -0.752058 -0.077860
vn 0.654482 -0.752058 -0.077860
vn 0.948136 0.285083 0.140590
vn 0.948136 0.285083 0.140590
vn 0.948136 0.285083 0.140590
vn 0.620924 0.714344 0.322748
vn 0.620924 0.714344 0.322748
vn 0.620924 0.714344 0.322748
vn -0.060556 0.965238 0.254260
vn -0.060556 0.965238 0.254260
vn -0.060556 0.965238 0.254260
vn 0.005115 -0.975718 -0.218972
vn 0.005115 -0.975718 -0.218972
vn 0.005115 -0.975718 -0.218972
vn 0.011125 -0.975062 -0.221653
vn 0.011125 -0.975062 -0.221653
vn 0.011125 -0.975062 -0.221653
vn -0.011034 -0.975063 -0.221653
vn -0.011034 -0.975063 -0.221653
vn -0.011034 -0.975063 -0.221653
vn -0.027678 -0.984560 -0.172843
vn -0.027678 -0.984560 -0.172843
vn -0.027678 -0.984560 -0.172843
vn -0.751474 -0.657713 -0.051963
vn -0.751474 -0.657713 -0.051963
vn -0.751474 -0.657713 -0.051963
vn -0.774978 -0.630153 -0.048118
vn -0.774978 -0.630153 -0.048118
vn -0.774978 -0.630153 -0.048118
vn -0.617238 0.761361 0.198362
vn -0.617238 0.761361 0.198362
vn -0.617238 0.761361 0.198362
vn 0.616694 0.769597 0.165557
vn 0.616694 0.769597 0.165557
vn 0.616694 0.769597 0.165557
vn 0.650905 0.738060 0.177733
vn 0.650905 0.738060 0.177733
vn 0.650905 0.738060 0.177733
vn 0.730838 -0.678633 0.073031
vn 0.730838 -0.678633 0.073031
vn 0.730838 -0.678633 0.073031
vn 0.577585 -0.797328 0.175110
vn 0.577585 -0.797328 0.175110
vn 0.577585 -0.797328 0.175110
vn -0.000000 -1.000000 0.000000
vn -0.000000 -1.000000 0.000000
vn -0.000000 -1.000000 0.000000
vn -0.051242 -0.997797 0.042131
vn -0.051242 -0.997797 0.042131
vn -0.051242 -0.997797 0.042131
vn 0.014237 -0.999724 0.018710
vn 0.014237 -0.999724 0.018710
vn 0.014237 -0.999724 0.018710
vn 0.214215 -0.935338 0.281520
vn 0.214215 -0.935338 0.281520
vn 0.214215 -0.935338 0.281520
vn 0.207589 -0.933061 0.293774
vn 0.207589 -0.933061 0.293774
vn 0.207589 -0.933061 0.293774
vn -0.202976 -0.933986 0.294060
vn -0.202976 -0.933986 0.294060
vn -0.202976 -0.933986 0.294060
vn -0.209316 -0.936270 0.282110
vn -0.209316 -0.936270 0.282110
vn -0.209316 -0.936270 0.282110
vn -0.013883 -0.999729 0.018710
vn -0.013883 -0.999729 0.018710
vn -0.013883 -0.999729 0.018710
vn 0.050775 -0.997808 0.042429
vn 0.050775 -0.997808 0.042429
vn 0.050775 -0.997808 0.042429
vn 0.000000 -1.000000 0.000000
vn 0.000000 -1.000000 0.000000
vn 0.000000 -1.000000 0.000000
vn -0.577636 -0.797270 0.175204
vn -0.577636 -0.797270 0.175204
vn -0.577636 -0.797270 0.175204
vn -0.602037 -0.766673 0.223078
vn -0.602037 -0.766673 0.223078
vn -0.602037 -0.766673 0.223078
vn -0.388272 -0.867296 0.311516
vn -0.388272 -0.867296 0.311516
vn -0.388272 -0.867296 0.311516
vn -0.395210 -0.882776 0.253997
vn -0.395210 -0.882776 0.253997
vn -0.395210 -0.882776 0.253997
vn 0.395210 -0.882776 0.253997
vn 0.395210 -0.882776 0.253997
vn 0.395210 -0.882776 0.253997
vn 0.388270 -0.867298 0.311514
vn 0.388270 -0.867298 0.311514
vn 0.388270 -0.867298 0.311514
vn 0.602037 -0.766673 0.223078
vn 0.602037 -0.766673 0.223078
vn 0.602037 -0.766673 0.223078
vn 0.680701 -0.724734 -0.106804
vn 0.680701 -0.724734 -0.106804
vn 0.680701 -0.724734 -0.106804
vn 0.777759 -0.626241 -0.053964
vn 0.777759 -0.626241 -0.053964
vn 0.777759 -0.626241 -0.053964
vn 0.711378 0.663222 0.232546
vn 0.711378 0.663222 0.232546
vn 0.711378 0.663222 0.232546
vn 0.620536 0.751606 0.223659
vn 0.620536 0.751606 0.223659
vn 0.620536 0.751606 0.223659
vn 0.577085 0.000076 0.816684
vn 0.577085 0.000076 0.816684
vn 0.577085 0.000076 0.816684
vn 0.887709 0.284054 0.362334
vn 0.887709 0.284054 0.362334
vn 0.887709 0.284054 0.362334
vn 0.793814 0.464187 0.392925
vn 0.793814 0.464187 0.392925
vn 0.793814 0.464187 0.392925
vn 0.789400 0.577347 0.208610
vn 0.789400 0.577347 0.208610
vn 0.789400 0.577347 0.208610
vn 0.690193 -0.722209 0.045264
vn 0.690193 -0.722209 0.045264
vn 0.690193 -0.722209 0.045264
vn 0.017300 -0.995599 -0.092108
vn 0.017300 -0.995599 -0.092108
vn 0.017300 -0.995599 -0.092108
vn 0.355379 -0.499115 0.790310
vn 0.355379 -0.499115 0.790310
vn 0.355379 -0.499115 0.790310
vn 0.543563 -0.385018 0.745856
vn 0.543563 -0.385018 0.745856
vn 0.543563 -0.385018 0.745856
vn 0.524559 -0.443647 0.726647
vn 0.524559 -0.443647 0.726647
vn 0.524559 -0.443647 0.726647
vn 0.642650 -0.381916 0.664185
vn 0.642650 -0.381916 0.664185
vn 0.642650 -0.381916 0.664185
vn 0.600802 0.652316 0.462083
vn 0.600802 0.652316 0.462083
vn 0.600802 0.652316 0.462083
vn 0.672862 0.594091 0.440809
vn 0.672862 0.594091 0.440809
vn 0.672862 0.594091 0.440809
vn -0.065924 -0.646807 0.759799
vn -0.065924 -0.646807 0.759799
vn -0.065924 -0.646807 0.759799
vn -0.083523 0.257537 0.962652
vn -0.083523 0.257537 0.962652
vn -0.083523 0.257537 0.962652
vn 0.402062 0.197223 0.894119
vn 0.402062 0.197223 0.894119
vn 0.402062 0.197223 0.894119
vn 0.416704 0.177074 0.891629
vn 0.416704 0.177074 0.891629
vn 0.416704 0.177074 0.891629
vn 0.333270 -0.681645 0.651377
vn 0.333270 -0.681645 0.651377
vn 0.333270 -0.681645 0.651377
vn 0.427183 -0.051165 0.902717
vn 0.427183 -0.051165 0.902717
vn 0.427183 -0.051165 0.902717
vn 0.544681 -0.002572 0.838639
vn 0.544681 -0.002572 0.838639
vn 0.544681 -0.002572 0.838639
vn 0.645490 -0.092958 -0.758091
vn 0.645490 -0.092958 -0.758091
vn 0.645490 -0.092958 -0.758091
vn 0.635635 0.308527 -0.707657
vn 0.635635 0.308527 -0.707657
vn 0.635635 0.308527 -0.707657
vn 0.480793 -0.010753 -0.876768
vn 0.480793 -0.010753 -0.876768
vn 0.480793 -0.010753 -0.876768
vn 0.475080 0.012161 -0.879859
vn 0.475080 0.012161 -0.879859
vn 0.475080 0.012161 -0.879859
vn 0.561185 0.124273 -0.818308
vn 0.561185 0.124273 -0.818308
vn 0.561185 0.124273 -0.818308
vn 0.537660 0.173824 -0.825050
vn 0.537660 0.173824 -0.825050
vn 0.537660 0.173824 -0.825050
vn 0.623129 0.298813 -0.722787
vn 0.623129 0.298813 -0.722787
vn 0.623129 0.298813 -0.722787
vn -0.029230 0.670669 -0.741180
vn -0.029230 0.670669 -0.741180
vn -0.029230 0.670669 -0.741180
vn -0.031050 0.681720 -0.730954
vn -0.031050 0.681720 -0.730954
vn -0.031050 0.681720 -0.730954
vn -0.379836 0.799428 -0.465446
vn -0.379836 0.799428 -0.465446
vn -0.379836 0.799428 -0.465446
vn -0.266128 0.897344 0.352066
vn -0.266128 0.897344 0.352066
vn -0.266128 0.897344 0.352066
vn -0.634730 0.632454 0.443982
vn -0.634730 0.632454 0.443982
vn -0.634730 0.632454 0.443982
vn 0.120228 0.522523 -0.844106
vn 0.120228 0.522523 -0.844106
vn 0.120228 0.522523 -0.844106
vn 0.025785 0.792523 -0.609297
vn 0.025785 0.792523 -0.609297
vn 0.025785 0.792523 -0.609297
vn -0.271176 0.394960 -0.877764
vn -0.271176 0.394960 -0.877764
vn -0.271176 0.394960 -0.877764
vn -0.293433 0.505985 -0.811096
vn -0.293433 0.505985 -0.811096
vn -0.293433 0.505985 -0.811096
vn -0.242850 0.566460 -0.787494
vn -0.242850 0.566460 -0.787494
vn -0.242850 0.566460 -0.787494
vn -0.229205 0.509802 -0.829196
vn -0.229205 0.509802 -0.829196
vn -0.229205 0.509802 -0.829196
vn -0.497673 0.677279 -0.541863
vn -0.497673 0.677279 -0.541863
vn -0.497673 0.677279 -0.541863
vn -0.619700 0.649886 -0.440022
vn -0.619700 0.649886 -0.440022
vn -0.619700 0.649886 -0.440022
vn -0.686036 0.671468 0.280152
vn -0.686036 0.671468 0.280152
vn -0.686036 0.671468 0.280152
vn -0.778845 0.567577 0.266939
vn -0.778845 0.567577 0.266939
vn -0.778845 0.567577 0.266939
vn -0.735607 0.497282 -0.459993
vn -0.735607 0.497282 -0.459993
vn -0.735607 0.497282 -0.459993
vn -0.717593 0.614477 -0.327838
vn -0.717593 0.614477 -0.327838
vn -0.717593 0.614477 -0.327838
vn -0.225886 0.875166 0.427854
vn -0.225886 0.875166 0.427854
vn -0.225886 0.875166 0.427854
vn 0.560036 0.828379 -0.012147
vn 0.560036 0.828379 -0.012147
vn 0.560036 0.828379 -0.012147
vn 0.449115 0.883779 -0.131263
vn 0.449116 0.883779 -0.131263
vn 0.449116 0.883779 -0.131263
vn 0.787706 0.149758 -0.597572
vn 0.787706 0.149758 -0.597572
vn 0.787705 0.149758 -0.597572
vn 0.993735 0.110812 0.014543
vn 0.993735 0.110812 0.014543
vn 0.993735 0.110812 0.014543
vn 0.968545 -0.246725 -0.032376
vn 0.968545 -0.246725 -0.032376
vn 0.968545 -0.246725 -0.032376
vn 0.959880 -0.224044 -0.168627
vn 0.959880 -0.224044 -0.168627
vn 0.959880 -0.224044 -0.168627
vn 0.913285 -0.362117 -0.186500
vn 0.913285 -0.362117 -0.186500
vn 0.913285 -0.362117 -0.186500
vn -0.139578 -0.296759 0.944697
vn -0.139578 -0.296759 0.944697
vn -0.139578 -0.296759 0.944697
vn -0.130308 -0.287256 0.948949
vn -0.130308 -0.287256 0.948949
vn -0.130308 -0.287256 0.948949
vn -0.140606 -0.275224 0.951042
vn -0.140606 -0.275224 0.951042
vn -0.140606 -0.275224 0.951042
vn -0.026870 -0.102593 0.994360
vn -0.026870 -0.102593 0.994360
vn -0.026870 -0.102593 0.994360
vn 0.091295 -0.286629 0.953682
vn 0.091295 -0.286629 0.953682
vn 0.091295 -0.286629 0.953682
vn 0.279530 0.323149 0.904122
vn 0.279530 0.323150 0.904122
vn 0.279530 0.323149 0.904122
vn 0.822772 -0.566596 0.044887
vn 0.822772 -0.566596 0.044887
vn 0.822772 -0.566596 0.044887
vn 0.853717 -0.520370 -0.019569
vn 0.853717 -0.520370 -0.019569
vn 0.853717 -0.520370 -0.019569
vn 0.891862 -0.452207 0.009536
vn 0.891862 -0.452207 0.009536
vn 0.891862 -0.452207 0.009536
vn 0.150514 -0.463883 0.873017
vn 0.150514 -0.463883 0.873017
vn 0.150514 -0.463883 0.873017
vn 0.097969 -0.472048 0.876112
vn 0.097969 -0.472048 0.876112
vn 0.097969 -0.472048 0.876112
vn 0.135511 -0.424139 0.895401
vn 0.135511 -0.424139 0.895401
vn 0.135511 -0.424139 0.895401
vn 0.441069 -0.610232 0.658084
vn 0.441069 -0.610232 0.658084
vn 0.441069 -0.610232 0.658084
vn 0.575125 -0.467789 0.671122
vn 0.575125 -0.467789 0.671122
vn 0.575125 -0.467789 0.671122
vn 0.564752 -0.401783 0.720851
vn 0.564752 -0.401783 0.720851
vn 0.564752 -0.401783 0.720851
vn 0.272504 -0.224161 0.935678
vn 0.272504 -0.224161 0.935678
vn 0.272504 -0.224161 0.935678
vn 0.130308 -0.409954 0.902750
vn 0.130308 -0.409954 0.902750
vn 0.130308 -0.409954 0.902750
vn 0.344111 -0.634827 0.691796
vn 0.344111 -0.634827 0.691796
vn 0.344111 -0.634827 0.691796
vn 0.428124 -0.555247 0.713029
vn 0.428124 -0.555247 0.713029
vn 0.428124 -0.555247 0.713029
vn -0.578442 0.815120 0.031367
vn -0.578442 0.815120 0.031367
vn -0.578442 0.815120 0.031367
vn -0.764242 0.644372 0.026807
vn -0.764242 0.644372 0.026807
vn -0.764242 0.644372 0.026807
vn -0.827967 0.545162 0.131414
vn -0.827967 0.545162 0.131414
vn -0.827967 0.545162 0.131414
vn -0.772075 0.600337 0.208556
vn -0.772075 0.600337 0.208556
vn -0.772075 0.600337 0.208556
vn -0.619396 0.777378 0.109685
vn -0.619396 0.777378 0.109685
vn -0.619396 0.777378 0.109685
vn -0.588985 0.807986 -0.015966
vn -0.588985 0.807986 -0.015966
vn -0.588985 0.807986 -0.015966
vn 0.625958 -0.079654 0.775778
vn 0.625958 -0.079654 0.775778
vn 0.625958 -0.079654 0.775778
vn 0.792413 -0.418251 0.444014
vn 0.792413 -0.418251 0.444014
vn 0.792413 -0.418251 0.444014
vn 0.696949 0.247645 0.673004
vn 0.696949 0.247645 0.673003
vn 0.696949 0.247645 0.673003
vn 0.912479 -0.389653 -0.124710
vn 0.912479 -0.389653 -0.124710
vn 0.912479 -0.389653 -0.124710
vn 0.926531 -0.335591 0.170057
vn 0.926531 -0.335591 0.170057
vn 0.926531 -0.335591 0.170057
vn -0.503240 0.765902 0.400179
vn -0.503240 0.765902 0.400179
vn -0.503240 0.765902 0.400179
vn 0.031050 0.681720 -0.730954
vn 0.031050 0.681720 -0.730954
vn 0.031050 0.681720 -0.730954
vn -0.025785 0.792523 -0.609297
vn -0.025785 0.792523 -0.609297
vn -0.025785 0.792523 -0.609297
vn 0.005369 -0.113738 -0.993496
vn 0.005369 -0.113738 -0.993496
vn 0.005369 -0.113738 -0.993496
vn 0.795815 -0.312892 0.518437
vn 0.795815 -0.312892 0.518437
vn 0.795815 -0.312892 0.518437
vn -0.462748 -0.610749 0.642534
vn -0.462748 -0.610749 0.642534
vn -0.462748 -0.610749 0.642534
vn 0.832002 -0.304594 0.463677
vn 0.832002 -0.304594 0.463677
vn 0.832002 -0.304594 0.463677
vn -0.111058 -0.397386 0.910907
vn -0.111058 -0.397385 0.910906
vn -0.111058 -0.397385 0.910907
vn 0.991532 -0.075790 0.105452
vn 0.991532 -0.075790 0.105452
vn 0.991532 -0.075790 0.105452
vn -0.924306 -0.182760 0.335047
vn -0.924306 -0.182760 0.335047
vn -0.924306 -0.182760 0.335047
vn 0.079693 -0.098950 -0.991896
vn 0.079693 -0.098950 -0.991896
vn 0.079693 -0.098950 -0.991896
vn -0.623364 -0.545552 0.560170
vn -0.623364 -0.545552 0.560170
vn -0.623364 -0.545552 0.560170
vn 0.744600 -0.414081 0.523552
vn 0.744600 -0.414081 0.523552
vn 0.744600 -0.414081 0.523552
vn 0.780337 -0.368690 0.505116
vn 0.780337 -0.368690 0.505116
vn 0.780337 -0.368690 0.505116
vn 0.989439 -0.090274 0.113407
vn 0.989439 -0.090274 0.113407
vn 0.989439 -0.090274 0.113407
vn -0.356975 -0.406127 -0.841207
vn -0.356975 -0.406127 -0.841207
vn -0.356975 -0.406127 -0.841207
vn 0.291316 0.002098 -0.956625
vn 0.291316 0.002098 -0.956625
vn 0.291316 0.002098 -0.956625
vn 0.165906 -0.968199 -0.187258
vn 0.165906 -0.968199 -0.187258
vn 0.165906 -0.968199 -0.187258
vn -0.346463 -0.434287 -0.831479
vn -0.346463 -0.434287 -0.831479
vn -0.346463 -0.434287 -0.831479
vn 0.296882 0.110796 -0.948465
vn 0.296882 0.110796 -0.948465
vn 0.296882 0.110796 -0.948465
vn 0.365121 0.227720 -0.902680
vn 0.365121 0.227720 -0.902680
vn 0.365121 0.227720 -0.902680
vn 0.653237 -0.029971 -0.756560
vn 0.653237 -0.029971 -0.756560
vn 0.653237 -0.029971 -0.756560
vn 0.356975 -0.406127 -0.841207
vn 0.356975 -0.406127 -0.841207
vn 0.356975 -0.406127 -0.841207
vn -0.684203 -0.031024 -0.728632
vn -0.684203 -0.031024 -0.728632
vn -0.684203 -0.031024 -0.728632
vn 0.346463 -0.434287 -0.831479
vn 0.346463 -0.434287 -0.831480
vn 0.346463 -0.434287 -0.831479
vn -0.296882 0.110834 -0.948460
vn -0.296882 0.110834 -0.948460
vn -0.296882 0.110834 -0.948460
vn -0.365121 0.227720 -0.902680
vn -0.365121 0.227720 -0.902680
vn -0.365121 0.227720 -0.902680
vn -0.653266 -0.029998 -0.756534
vn -0.653266 -0.029998 -0.756534
vn -0.653266 -0.029998 -0.756534
vn 0.031267 -0.289185 -0.956763
vn 0.031267 -0.289185 -0.956763
vn 0.031267 -0.289185 -0.956762
vn -0.058767 -0.371822 -0.926442
vn -0.058767 -0.371822 -0.926442
vn -0.058767 -0.371822 -0.926442
vn -0.503162 -0.367271 -0.782266
vn -0.503162 -0.367271 -0.782266
vn -0.503162 -0.367271 -0.782266
vn 0.058763 -0.371824 -0.926441
vn 0.058763 -0.371824 -0.926441
vn 0.058763 -0.371824 -0.926441
vn 0.503172 -0.367232 -0.782278
vn 0.503172 -0.367232 -0.782278
vn 0.503172 -0.367232 -0.782278
vn -0.031268 -0.289182 -0.956764
vn -0.031268 -0.289182 -0.956763
vn -0.031268 -0.289182 -0.956764
vn 0.692698 -0.038129 -0.720219
vn 0.692698 -0.038129 -0.720219
vn 0.692698 -0.038129 -0.720219
vn 0.370658 0.189258 -0.909282
vn 0.370658 0.189258 -0.909282
vn 0.370658 0.189258 -0.909282
vn -0.026903 -0.976050 -0.215875
vn -0.026903 -0.976050 -0.215875
vn -0.026903 -0.976050 -0.215875
vn -0.040521 -0.961987 -0.270073
vn -0.040521 -0.961987 -0.270073
vn -0.040521 -0.961987 -0.270073
vn -0.370616 0.189244 -0.909302
vn -0.370616 0.189244 -0.909302
vn -0.370616 0.189244 -0.909302
vn -0.291465 0.006323 -0.956560
vn -0.291465 0.006323 -0.956560
vn -0.291465 0.006323 -0.956560
vn 0.035540 -0.271035 -0.961913
vn 0.035540 -0.271035 -0.961913
vn 0.035540 -0.271035 -0.961913
vn -0.082132 -0.370571 -0.925165
vn -0.082132 -0.370571 -0.925166
vn -0.082132 -0.370571 -0.925166
vn -0.522867 -0.377780 -0.764129
vn -0.522867 -0.377780 -0.764129
vn -0.522867 -0.377780 -0.764129
vn -0.032084 0.997779 -0.058372
vn -0.032084 0.997779 -0.058372
vn -0.032084 0.997779 -0.058372
vn 0.213957 0.975408 0.052932
vn 0.213957 0.975408 0.052932
vn 0.213957 0.975408 0.052932
vn 0.962777 0.267043 0.041802
vn 0.962777 0.267043 0.041802
vn 0.962777 0.267043 0.041802
vn -0.041919 -0.147427 -0.988184
vn -0.041919 -0.147427 -0.988184
vn -0.041919 -0.147427 -0.988184
vn -0.865143 -0.074622 0.495942
vn -0.865143 -0.074622 0.495942
vn -0.865143 -0.074622 0.495942
vn -0.662152 -0.563570 0.493906
vn -0.662152 -0.563570 0.493906
vn -0.662152 -0.563570 0.493906
vn -0.284256 -0.390065 -0.875813
vn -0.284256 -0.390065 -0.875813
vn -0.284256 -0.390064 -0.875813
vn -0.849995 0.487232 0.200282
vn -0.849995 0.487232 0.200282
vn -0.849995 0.487232 0.200282
vn 0.700355 0.007212 -0.713759
vn 0.700355 0.007212 -0.713759
vn 0.700355 0.007212 -0.713759
vn -0.525943 0.002052 -0.850517
vn -0.525943 0.002052 -0.850518
vn -0.525943 0.002052 -0.850518
vn 0.594350 -0.354285 0.721963
vn 0.594350 -0.354285 0.721963
vn 0.594350 -0.354285 0.721963
vn 0.718410 0.694130 0.045502
vn 0.718410 0.694130 0.045502
vn 0.718410 0.694130 0.045502
vn 0.272719 -0.225166 0.935374
vn 0.272719 -0.225166 0.935374
vn 0.272719 -0.225166 0.935374
vn 0.515277 0.765250 0.385853
vn 0.515277 0.765250 0.385853
vn 0.515277 0.765250 0.385853
vn 0.119064 -0.991759 -0.047296
vn 0.119064 -0.991759 -0.047296
vn 0.119064 -0.991759 -0.047296
vn 0.269266 0.577246 0.770897
vn 0.269266 0.577247 0.770897
vn 0.269266 0.577247 0.770897
vn 0.000000 -1.000000 0.000000
vn 0.000000 -1.000000 0.000000
vn 0.000000 -1.000000 0.000000
vn 0.000001 -1.000000 0.000000
vn 0.000001 -1.000000 0.000000
vn 0.000001 -1.000000 0.000000
vn -0.230308 -0.579849 -0.781494
vn -0.230308 -0.579849 -0.781494
vn -0.230308 -0.579849 -0.781494
vn 0.866703 0.160660 0.472244
vn 0.866703 0.160660 0.472244
vn 0.866703 0.160660 0.472244
vn -0.207956 -0.617625 -0.758481
vn -0.207956 -0.617625 -0.758481
vn -0.207956 -0.617625 -0.758481
vn 0.839700 0.199260 0.505173
vn 0.839700 0.199260 0.505173
vn 0.839700 0.199260 0.505173
vn -0.882032 -0.465598 -0.072378
vn -0.882032 -0.465598 -0.072378
vn -0.882032 -0.465598 -0.072378
vn 0.976950 -0.112033 -0.181708
vn 0.976950 -0.112033 -0.181708
vn 0.976950 -0.112033 -0.181708
vn -0.951766 0.177824 0.250039
vn -0.951766 0.177824 0.250039
vn -0.951766 0.177824 0.250039
vn 0.662152 -0.563570 0.493906
vn 0.662152 -0.563570 0.493906
vn 0.662152 -0.563570 0.493906
vn 0.284279 -0.390063 -0.875806
vn 0.284279 -0.390063 -0.875806
vn 0.284279 -0.390063 -0.875806
vn 0.985297 -0.087425 -0.146789
vn 0.985297 -0.087425 -0.146789
vn 0.985297 -0.087425 -0.146789
vn 0.909889 0.385644 0.152907
vn 0.909889 0.385644 0.152907
vn 0.909889 0.385644 0.152907
vn 0.525933 0.002046 -0.850523
vn 0.525933 0.002046 -0.850524
vn 0.525933 0.002046 -0.850524
vn -0.125776 -0.667935 -0.733514
vn -0.125776 -0.667935 -0.733514
vn -0.125776 -0.667935 -0.733514
vn -0.941155 -0.125954 0.313629
vn -0.941155 -0.125954 0.313629
vn -0.941155 -0.125954 0.313629
vn -0.899059 0.338295 -0.277939
vn -0.899059 0.338295 -0.277939
vn -0.899059 0.338295 -0.277939
vn -0.717415 -0.200793 -0.667081
vn -0.717415 -0.200793 -0.667081
vn -0.717415 -0.200793 -0.667081
vn -0.724973 0.670841 -0.156162
vn -0.724973 0.670841 -0.156162
vn -0.724973 0.670841 -0.156162
vn 0.619690 0.649878 -0.440049
vn 0.619690 0.649878 -0.440049
vn 0.619690 0.649878 -0.440049
vn -0.504178 0.032515 0.862987
vn -0.504178 0.032515 0.862987
vn -0.504178 0.032515 0.862987
vn 0.651810 0.718896 0.241522
vn 0.651810 0.718896 0.241522
vn 0.651809 0.718896 0.241522
vn 0.166998 -0.964932 -0.202529
vn 0.166998 -0.964932 -0.202529
vn 0.166998 -0.964932 -0.202529
vn 0.041744 0.975126 0.217686
vn 0.041744 0.975126 0.217686
vn 0.041744 0.975126 0.217686
vn -0.616694 0.769597 0.165557
vn -0.616694 0.769597 0.165557
vn -0.616694 0.769597 0.165557
vn -0.252012 0.961212 0.112076
vn -0.252012 0.961212 0.112076
vn -0.252012 0.961212 0.112076
s off
g NewFox1
usemtl UBFPDAE1O491M98RA9VNDVJV:TexMap
f 1/1/1 2/2/2 3/3/3
f 2/2/4 4/4/5 3/3/6
f 5/5/7 6/6/8 7/7/9
f 6/6/10 8/8/11 7/7/12
f 9/9/13 10/10/14 11/11/15
f 10/10/16 12/12/17 11/11/18
f 13/13/19 14/14/20 15/15/21
f 14/14/22 16/16/23 15/15/24
f 15/15/25 16/16/26 17/17/27
f 16/16/28 18/18/29 17/17/30
f 17/17/31 18/18/32 19/19/33
f 14/14/34 20/20/35 16/16/36
f 20/20/37 21/21/38 16/16/39
f 16/16/40 21/21/41 18/18/42
f 22/22/43 23/23/44 24/24/45
f 23/23/46 25/25/47 24/24/48
f 26/26/49 27/27/50 28/28/51
f 27/27/52 29/29/53 28/28/54
f 30/30/55 31/31/56 32/32/57
f 31/31/58 33/33/59 32/32/60
f 31/31/61 34/34/62 33/33/63
f 34/34/64 35/35/65 33/33/66
f 34/34/67 36/36/68 35/35/69
f 36/36/70 37/37/71 35/35/72
f 37/37/73 36/36/74 38/38/75
f 36/36/76 39/39/77 38/38/78
f 38/38/79 39/39/80 40/40/81
f 39/39/82 41/41/83 40/40/84
f 40/40/85 41/41/86 42/42/87
f 41/41/88 43/43/89 42/42/90
f 15/15/91 17/17/92 44/44/93
f 17/17/94 19/19/95 44/44/96
f 29/29/97 45/45/98 28/28/99
f 45/45/100 46/46/101 28/28/102
f 45/45/103 47/47/104 46/46/105
f 47/47/106 48/48/107 46/46/108
f 48/48/109 47/47/110 49/49/111
f 47/47/112 50/50/113 49/49/114
f 49/49/115 50/50/116 51/51/117
f 49/49/118 51/51/119 52/52/120
f 51/51/121 53/53/122 52/52/123
f 51/51/124 54/54/125 53/53/126
f 54/54/127 55/55/128 53/53/129
f 56/56/130 57/57/131 58/58/132
f 57/57/133 59/59/134 58/58/135
f 60/60/136 7/7/137 61/61/138
f 7/7/139 8/8/140 61/61/141
f 62/62/142 63/63/143 64/64/144
f 63/63/145 65/65/146 64/64/147
f 66/66/148 67/67/149 68/68/150
f 67/67/151 69/69/152 68/68/153
f 68/68/154 69/69/155 70/70/156
f 69/69/157 71/71/158 70/70/159
f 70/70/160 71/71/161 72/72/162
f 67/67/163 73/73/164 69/69/165
f 73/73/166 74/74/167 69/69/168
f 69/69/169 74/74/170 71/71/171
f 75/75/172 76/76/173 77/77/174
f 76/76/175 78/78/176 77/77/177
f 77/77/178 78/78/179 79/79/180
f 78/78/181 80/80/182 79/79/183
f 79/79/184 80/80/185 81/81/186
f 76/76/187 82/82/188 78/78/189
f 82/82/190 83/83/191 78/78/192
f 78/78/193 83/83/194 80/80/195
f 84/84/196 85/85/197 86/86/198
f 85/85/199 87/87/200 86/86/201
f 88/88/202 89/89/203 90/90/204
f 91/91/205 3/3/206 90/90/207
f 68/68/208 70/70/209 92/92/210
f 70/70/211 72/72/212 92/92/213
f 77/77/214 79/79/215 93/93/216
f 79/79/217 81/81/218 93/93/219
f 94/94/220 95/95/221 88/88/222
f 95/95/223 96/96/224 88/88/225
f 88/88/226 96/96/227 97/97/228
f 96/96/229 98/98/230 99/99/231
f 100/100/232 98/98/233 2/2/234
f 98/98/235 101/101/236 2/2/237
f 102/102/238 103/103/239 104/104/240
f 103/103/241 105/105/242 104/104/243
f 103/103/244 106/106/245 105/105/246
f 106/106/247 107/107/248 105/105/249
f 106/106/250 108/108/251 107/107/252
f 108/108/253 109/109/254 107/107/255
f 109/109/256 108/108/257 110/110/258
f 108/108/259 111/111/260 110/110/261
f 110/110/262 111/111/263 112/112/264
f 111/111/265 113/113/266 112/112/267
f 112/112/268 113/113/269 114/114/270
f 113/113/271 115/115/272 114/114/273
f 116/116/274 117/117/275 118/118/276
f 117/117/277 119/119/278 118/118/279
f 118/118/280 119/119/281 120/120/282
f 119/119/283 121/121/284 120/120/285
f 120/120/286 121/121/287 122/122/288
f 121/121/289 123/123/290 122/122/291
f 122/122/292 123/123/293 124/124/294
f 123/123/295 125/125/296 124/124/297
f 124/124/298 125/125/299 126/126/300
f 125/125/301 127/127/302 126/126/303
f 126/126/304 127/127/305 128/128/306
f 127/127/307 129/129/308 128/128/309
f 128/128/310 129/129/311 130/130/312
f 129/129/313 131/131/314 130/130/315
f 130/130/316 131/131/317 132/132/318
f 131/131/319 133/133/320 132/132/321
f 132/132/322 133/133/323 134/134/324
f 133/133/325 135/135/326 134/134/327
f 134/134/328 135/135/329 136/136/330
f 135/135/331 137/137/332 136/136/333
f 136/136/334 137/137/335 138/138/336
f 137/137/337 139/139/338 138/138/339
f 138/138/340 139/139/341 140/140/342
f 139/139/343 141/141/344 140/140/345
f 140/140/346 141/141/347 142/142/348
f 141/141/349 143/143/350 142/142/351
f 142/142/352 143/143/353 144/144/354
f 143/143/355 145/145/356 144/144/357
f 144/144/358 145/145/359 146/146/360
f 145/145/361 147/147/362 146/146/363
f 146/146/364 147/147/365 148/148/366
f 147/147/367 149/149/368 148/148/369
f 148/148/370 149/149/371 150/150/372
f 123/123/373 151/151/374 125/125/375
f 151/151/376 152/152/377 125/125/378
f 125/125/379 152/152/380 127/127/381
f 152/152/382 153/153/383 127/127/384
f 127/127/385 153/153/386 129/129/387
f 153/153/388 154/154/389 129/129/390
f 129/129/391 154/154/392 155/155/393
f 154/154/394 156/156/395 155/155/396
f 155/155/397 156/156/398 157/157/399
f 156/156/400 158/158/401 157/157/402
f 157/157/403 158/158/404 159/159/405
f 158/158/406 160/160/407 159/159/408
f 159/159/409 160/160/410 161/161/411
f 160/160/412 162/162/413 161/161/414
f 161/161/415 162/162/416 163/163/417
f 162/162/418 119/119/419 163/163/420
f 163/163/421 119/119/422 117/117/423
f 123/123/424 121/121/425 151/151/426
f 121/121/427 162/162/428 151/151/429
f 151/151/430 162/162/431 152/152/432
f 162/162/433 160/160/434 152/152/435
f 152/152/436 160/160/437 153/153/438
f 160/160/439 158/158/440 153/153/441
f 153/153/442 158/158/443 156/156/444
f 164/164/445 165/165/446 166/166/447
f 165/165/448 167/167/449 166/166/450
f 166/166/451 167/167/452 168/168/453
f 167/167/454 169/169/455 168/168/456
f 168/168/457 169/169/458 170/170/459
f 169/169/460 171/171/461 170/170/462
f 170/170/463 171/171/464 172/172/465
f 171/171/466 173/173/467 172/172/468
f 172/172/469 173/173/470 174/174/471
f 173/173/472 175/175/473 174/174/474
f 174/174/475 175/175/476 176/176/477
f 175/175/478 177/177/479 176/176/480
f 176/176/481 177/177/482 178/178/483
f 177/177/484 179/179/485 178/178/486
f 178/178/487 179/179/488 180/180/489
f 179/179/490 181/181/491 180/180/492
f 180/180/493 181/181/494 182/182/495
f 181/181/496 183/183/497 182/182/498
f 182/182/499 183/183/500 184/184/501
f 183/183/502 185/185/503 184/184/504
f 184/184/505 185/185/506 186/186/507
f 185/185/508 187/187/509 186/186/510
f 186/186/511 187/187/512 188/188/513
f 187/187/514 189/189/515 188/188/516
f 188/188/517 189/189/518 190/190/519
f 189/189/520 191/191/521 190/190/522
f 190/190/523 191/191/524 192/192/525
f 191/191/526 193/193/527 192/192/528
f 192/192/529 193/193/530 194/194/531
f 193/193/532 195/195/533 194/194/534
f 194/194/535 195/195/536 196/196/537
f 195/195/538 197/197/539 196/196/540
f 196/196/541 197/197/542 198/198/543
f 197/197/544 199/199/545 198/198/546
f 198/198/547 199/199/548 200/200/549
f 199/199/550 201/201/551 200/200/552
f 200/200/553 201/201/554 202/202/555
f 179/179/556 203/203/557 181/181/558
f 203/203/559 204/204/560 181/181/561
f 181/181/562 204/204/563 183/183/564
f 204/204/565 205/205/566 183/183/567
f 183/183/568 205/205/569 187/187/570
f 205/205/571 206/206/572 187/187/573
f 187/187/574 206/206/575 189/189/576
f 206/206/577 207/207/578 189/189/579
f 189/189/580 207/207/581 208/208/582
f 207/207/583 209/209/584 208/208/585
f 208/208/586 209/209/587 193/193/588
f 209/209/589 210/210/590 193/193/591
f 193/193/592 210/210/593 195/195/594
f 210/210/595 211/211/596 195/195/597
f 195/195/598 211/211/599 212/212/600
f 211/211/601 213/213/602 212/212/603
f 212/212/604 213/213/605 214/214/606
f 213/213/607 215/215/608 214/214/609
f 214/214/610 215/215/611 216/216/612
f 215/215/613 217/217/614 216/216/615
f 216/216/616 217/217/617 218/218/618
f 217/217/619 219/219/620 218/218/621
f 218/218/622 219/219/623 220/220/624
f 219/219/625 221/221/626 220/220/627
f 220/220/628 221/221/629 222/222/630
f 221/221/631 223/223/632 222/222/633
f 222/222/634 223/223/635 224/224/636
f 223/223/637 225/225/638 224/224/639
f 224/224/640 225/225/641 226/226/642
f 225/225/643 227/227/644 226/226/645
f 226/226/646 227/227/647 228/228/648
f 214/214/649 216/216/650 229/229/651
f 216/216/652 218/218/653 229/229/654
f 229/229/655 218/218/656 230/230/657
f 218/218/658 220/220/659 230/230/660
f 230/230/661 220/220/662 231/231/663
f 220/220/664 232/232/665 231/231/666
f 231/231/667 232/232/668 233/233/669
f 232/232/670 234/234/671 233/233/672
f 233/233/673 234/234/674 235/235/675
f 234/234/676 236/236/677 235/235/678
f 235/235/679 236/236/680 237/237/681
f 236/236/682 238/238/683 237/237/684
f 237/237/685 238/238/686 239/239/687
f 238/238/688 240/240/689 239/239/690
f 239/239/691 240/240/692 241/241/693
f 240/240/694 242/242/695 241/241/696
f 241/241/697 242/242/698 243/243/699
f 242/242/700 244/244/701 243/243/702
f 243/243/703 244/244/704 245/245/705
f 244/244/706 246/246/707 245/245/708
f 245/245/709 246/246/710 247/247/711
f 246/246/712 248/248/713 247/247/714
f 247/247/715 248/248/716 231/231/717
f 248/248/718 230/230/719 231/231/720
f 220/220/721 222/222/722 232/232/723
f 222/222/724 249/249/725 232/232/726
f 232/232/727 249/249/728 234/234/729
f 249/249/730 250/250/731 234/234/732
f 234/234/733 250/250/734 236/236/735
f 250/250/736 251/251/737 236/236/738
f 236/236/739 251/251/740 238/238/741
f 251/251/742 252/252/743 238/238/744
f 238/238/745 252/252/746 240/240/747
f 252/252/748 253/253/749 240/240/750
f 240/240/751 253/253/752 242/242/753
f 253/253/754 254/254/755 242/242/756
f 242/242/757 254/254/758 255/255/759
f 254/254/760 256/256/761 255/255/762
f 255/255/763 256/256/764 257/257/765
f 256/256/766 258/258/767 257/257/768
f 257/257/769 258/258/770 259/259/771
f 258/258/772 260/260/773 259/259/774
f 259/259/775 260/260/776 261/261/777
f 260/260/778 262/262/779 261/261/780
f 261/261/781 262/262/782 263/263/783
f 262/262/784 264/264/785 263/263/786
f 263/263/787 264/264/788 265/265/789
f 264/264/790 266/266/791 265/265/792
f 265/265/793 266/266/794 267/267/795
f 266/266/796 268/268/797 267/267/798
f 267/267/799 268/268/800 269/269/801
f 268/268/802 270/270/803 269/269/804
f 269/269/805 270/270/806 271/271/807
f 270/270/808 272/272/809 271/271/810
f 271/271/811 272/272/812 273/273/813
f 272/272/814 274/274/815 273/273/816
f 273/273/817 274/274/818 275/275/819
f 274/274/820 276/276/821 275/275/822
f 275/275/823 276/276/824 277/277/825
f 276/276/826 278/278/827 277/277/828
f 277/277/829 278/278/830 279/279/831
f 278/278/832 280/280/833 279/279/834
f 279/279/835 280/280/836 281/281/837
f 242/242/838 255/255/839 244/244/840
f 255/255/841 282/282/842 244/244/843
f 244/244/844 282/282/845 246/246/846
f 282/282/847 283/283/848 246/246/849
f 246/246/850 283/283/851 248/248/852
f 283/283/853 284/284/854 248/248/855
f 248/248/856 284/284/857 285/285/858
f 284/284/859 286/286/860 285/285/861
f 285/285/862 286/286/863 287/287/864
f 286/286/865 288/288/866 287/287/867
f 287/287/868 288/288/869 212/212/870
f 288/288/871 289/289/872 212/212/873
f 212/212/874 289/289/875 195/195/876
f 289/289/877 197/197/878 195/195/879
f 197/197/880 289/289/881 290/290/882
f 289/289/883 288/288/884 290/290/885
f 290/290/886 288/288/887 291/291/888
f 288/288/889 286/286/890 291/291/891
f 291/291/892 286/286/893 292/292/894
f 286/286/895 284/284/896 292/292/897
f 292/292/898 284/284/899 293/293/900
f 284/284/901 294/294/902 293/293/903
f 293/293/904 294/294/905 295/295/906
f 294/294/907 296/296/908 295/295/909
f 295/295/910 296/296/911 297/297/912
f 296/296/913 298/298/914 297/297/915
f 297/297/916 298/298/917 299/299/918
f 298/298/919 300/300/920 299/299/921
f 299/299/922 300/300/923 301/301/924
f 300/300/925 282/282/926 301/301/927
f 301/301/928 282/282/929 255/255/930
f 299/299/931 302/302/932 297/297/933
f 302/302/934 303/303/935 297/297/936
f 297/297/937 303/303/938 295/295/939
f 303/303/940 304/304/941 295/295/942
f 295/295/943 304/304/944 293/293/945
f 304/304/946 305/305/947 293/293/948
f 293/293/949 305/305/950 306/306/951
f 305/305/952 307/307/953 306/306/954
f 306/306/955 307/307/956 308/308/957
f 307/307/958 309/309/959 308/308/960
f 308/308/961 309/309/962 310/310/963
f 309/309/964 311/311/965 310/310/966
f 310/310/967 311/311/968 199/199/969
f 311/311/970 201/201/971 199/199/972
f 293/293/973 306/306/974 292/292/975
f 306/306/976 308/308/977 292/292/978
f 292/292/979 308/308/980 291/291/981
f 308/308/982 310/310/983 291/291/984
f 291/291/985 310/310/986 290/290/987
f 310/310/988 199/199/989 290/290/990
f 290/290/991 199/199/992 197/197/993
f 312/312/994 313/313/995 314/314/996
f 313/313/997 315/315/998 314/314/999
f 159/159/1000 316/316/1001 157/157/1002
f 316/316/1003 317/317/1004 157/157/1005
f 157/157/1006 317/317/1007 133/133/1008
f 317/317/1009 318/318/1010 133/133/1011
f 133/133/1012 318/318/1013 135/135/1014
f 318/318/1015 319/319/1016 135/135/1017
f 135/135/1018 319/319/1019 137/137/1020
f 319/319/1021 320/320/1022 137/137/1023
f 137/137/1024 320/320/1025 321/321/1026
f 320/320/1027 322/322/1028 321/321/1029
f 321/321/1030 322/322/1031 323/323/1032
f 322/322/1033 324/324/1034 323/323/1035
f 323/323/1036 324/324/1037 325/325/1038
f 324/324/1039 326/326/1040 325/325/1041
f 325/325/1042 326/326/1043 327/327/1044
f 326/326/1045 328/328/1046 327/327/1047
f 327/327/1048 328/328/1049 329/329/1050
f 328/328/1051 330/330/1052 329/329/1053
f 329/329/1054 330/330/1055 331/331/1056
f 330/330/1057 332/332/1058 331/331/1059
f 331/331/1060 332/332/1061 333/333/1062
f 332/332/1063 334/334/1064 333/333/1065
f 333/333/1066 334/334/1067 335/335/1068
f 334/334/1069 336/336/1070 335/335/1071
f 335/335/1072 336/336/1073 337/337/1074
f 336/336/1075 338/338/1076 337/337/1077
f 337/337/1078 338/338/1079 339/339/1080
f 338/338/1081 340/340/1082 339/339/1083
f 339/339/1084 340/340/1085 341/341/1086
f 340/340/1087 342/342/1088 341/341/1089
f 341/341/1090 342/342/1091 343/343/1092
f 342/342/1093 344/344/1094 343/343/1095
f 343/343/1096 344/344/1097 345/345/1098
f 339/339/1099 346/346/1100 337/337/1101
f 346/346/1102 347/347/1103 337/337/1104
f 337/337/1105 347/347/1106 335/335/1107
f 347/347/1108 348/348/1109 335/335/1110
f 335/335/1111 348/348/1112 333/333/1113
f 348/348/1114 144/144/1115 333/333/1116
f 333/333/1117 144/144/1118 331/331/1119
f 144/144/1120 146/146/1121 331/331/1122
f 331/331/1123 146/146/1124 329/329/1125
f 146/146/1126 148/148/1127 329/329/1128
f 329/329/1129 148/148/1130 349/349/1131
f 148/148/1132 150/150/1133 349/349/1134
f 349/349/1135 150/150/1136 350/350/1137
f 150/150/1138 351/351/1139 350/350/1140
f 350/350/1141 351/351/1142 352/352/1143
f 351/351/1144 141/141/1145 352/352/1146
f 352/352/1147 141/141/1148 139/139/1149
f 139/139/1150 321/321/1151 352/352/1152
f 321/321/1153 323/323/1154 352/352/1155
f 352/352/1156 323/323/1157 350/350/1158
f 323/323/1159 325/325/1160 350/350/1161
f 350/350/1162 325/325/1163 327/327/1164
f 350/350/1165 327/327/1166 349/349/1167
f 327/327/1168 329/329/1169 349/349/1170
f 353/353/1171 354/354/1172 355/355/1173
f 354/354/1174 356/356/1175 355/355/1176
f 316/316/1177 357/357/1178 317/317/1179
f 357/357/1180 318/318/1181 317/317/1182
f 357/357/1183 358/358/1184 318/318/1185
f 358/358/1186 319/319/1187 318/318/1188
f 358/358/1189 359/359/1190 319/319/1191
f 359/359/1192 320/320/1193 319/319/1194
f 359/359/1195 360/360/1196 320/320/1197
f 360/360/1198 322/322/1199 320/320/1200
f 360/360/1201 361/361/1202 322/322/1203
f 361/361/1204 362/362/1205 322/322/1206
f 322/322/1207 362/362/1208 324/324/1209
f 362/362/1210 363/363/1211 324/324/1212
f 324/324/1213 363/363/1214 326/326/1215
f 363/363/1216 364/364/1217 326/326/1218
f 326/326/1219 364/364/1220 365/365/1221
f 364/364/1222 366/366/1223 365/365/1224
f 365/365/1225 366/366/1226 367/367/1227
f 366/366/1228 368/368/1229 367/367/1230
f 367/367/1231 368/368/1232 369/369/1233
f 368/368/1234 370/370/1235 369/369/1236
f 369/369/1237 370/370/1238 371/371/1239
f 370/370/1240 372/372/1241 371/371/1242
f 371/371/1243 372/372/1244 373/373/1245
f 372/372/1246 374/374/1247 373/373/1248
f 373/373/1249 374/374/1250 375/375/1251
f 374/374/1252 376/376/1253 375/375/1254
f 375/375/1255 376/376/1256 377/377/1257
f 376/376/1258 378/378/1259 377/377/1260
f 377/377/1261 378/378/1262 379/379/1263
f 378/378/1264 380/380/1265 379/379/1266
f 379/379/1267 380/380/1268 381/381/1269
f 380/380/1270 382/382/1271 381/381/1272
f 381/381/1273 382/382/1274 383/383/1275
f 382/382/1276 384/384/1277 383/383/1278
f 383/383/1279 384/384/1280 385/385/1281
f 384/384/1282 386/386/1283 385/385/1284
f 385/385/1285 386/386/1286 387/387/1287
f 386/386/1288 388/388/1289 387/387/1290
f 387/387/1291 388/388/1292 389/389/1293
f 388/388/1294 390/390/1295 389/389/1296
f 389/389/1297 390/390/1298 391/391/1299
f 390/390/1300 392/392/1301 391/391/1302
f 382/382/1303 380/380/1304 393/393/1305
f 380/380/1306 394/394/1307 393/393/1308
f 393/393/1309 394/394/1310 395/395/1311
f 394/394/1312 396/396/1313 395/395/1314
f 395/395/1315 396/396/1316 397/397/1317
f 396/396/1318 398/398/1319 397/397/1320
f 397/397/1321 398/398/1322 399/399/1323
f 398/398/1324 400/400/1325 399/399/1326
f 399/399/1327 400/400/1328 401/401/1329
f 400/400/1330 402/402/1331 401/401/1332
f 401/401/1333 402/402/1334 206/206/1335
f 402/402/1336 403/403/1337 206/206/1338
f 206/206/1339 403/403/1340 207/207/1341
f 403/403/1342 404/404/1343 207/207/1344
f 207/207/1345 404/404/1346 405/405/1347
f 404/404/1348 406/406/1349 405/405/1350
f 405/405/1351 406/406/1352 407/407/1353
f 406/406/1354 408/408/1355 407/407/1356
f 407/407/1357 408/408/1358 409/409/1359
f 408/408/1360 221/221/1361 409/409/1362
f 409/409/1363 221/221/1364 410/410/1365
f 221/221/1366 219/219/1367 410/410/1368
f 410/410/1369 219/219/1370 411/411/1371
f 219/219/1372 217/217/1373 411/411/1374
f 411/411/1375 217/217/1376 215/215/1377
f 206/206/1378 205/205/1379 401/401/1380
f 205/205/1381 412/412/1382 401/401/1383
f 401/401/1384 412/412/1385 399/399/1386
f 412/412/1387 413/413/1388 399/399/1389
f 399/399/1390 413/413/1391 397/397/1392
f 413/413/1393 414/414/1394 397/397/1395
f 397/397/1396 414/414/1397 415/415/1398
f 414/414/1399 416/416/1400 415/415/1401
f 415/415/1402 416/416/1403 417/417/1404
f 416/416/1405 418/418/1406 417/417/1407
f 417/417/1408 418/418/1409 386/386/1410
f 418/418/1411 419/419/1412 386/386/1413
f 386/386/1414 419/419/1415 388/388/1416
f 419/419/1417 420/420/1418 388/388/1419
f 388/388/1420 420/420/1421 390/390/1422
f 420/420/1423 421/421/1424 390/390/1425
f 390/390/1426 421/421/1427 392/392/1428
f 421/421/1429 422/422/1430 392/392/1431
f 414/414/1432 423/423/1433 416/416/1434
f 423/423/1435 424/424/1436 416/416/1437
f 416/416/1438 424/424/1439 418/418/1440
f 424/424/1441 425/425/1442 418/418/1443
f 418/418/1444 425/425/1445 419/419/1446
f 425/425/1447 426/426/1448 419/419/1449
f 419/419/1450 426/426/1451 420/420/1452
f 426/426/1453 427/427/1454 420/420/1455
f 420/420/1456 427/427/1457 421/421/1458
f 427/427/1459 428/428/1460 421/421/1461
f 421/421/1462 428/428/1463 422/422/1464
f 428/428/1465 429/429/1466 422/422/1467
f 425/425/1468 430/430/1469 426/426/1470
f 430/430/1471 431/431/1472 426/426/1473
f 426/426/1474 431/431/1475 427/427/1476
f 431/431/1477 432/432/1478 427/427/1479
f 427/427/1480 432/432/1481 428/428/1482
f 432/432/1483 433/433/1484 428/428/1485
f 428/428/1486 433/433/1487 429/429/1488
f 433/433/1489 434/434/1490 429/429/1491
f 425/425/1492 424/424/1493 430/430/1494
f 424/424/1495 435/435/1496 430/430/1497
f 430/430/1498 435/435/1499 436/436/1500
f 435/435/1501 437/437/1502 436/436/1503
f 436/436/1504 437/437/1505 438/438/1506
f 437/437/1507 439/439/1508 438/438/1509
f 438/438/1510 439/439/1511 440/440/1512
f 439/439/1513 441/441/1514 440/440/1515
f 440/440/1516 442/442/1517 438/438/1518
f 442/442/1519 443/443/1520 438/438/1521
f 438/438/1522 443/443/1523 436/436/1524
f 443/443/1525 430/430/1526 436/436/1527
f 430/430/1528 443/443/1529 431/431/1530
f 443/443/1531 444/444/1532 431/431/1533
f 431/431/1534 444/444/1535 432/432/1536
f 355/355/1537 445/445/1538 446/446/1539
f 445/445/1540 447/447/1541 446/446/1542
f 448/448/1543 449/449/1544 450/450/1545
f 449/449/1546 451/451/1547 450/450/1548
f 441/441/1549 439/439/1550 452/452/1551
f 439/439/1552 453/453/1553 452/452/1554
f 452/452/1555 453/453/1556 454/454/1557
f 453/453/1558 455/455/1559 454/454/1560
f 454/454/1561 455/455/1562 456/456/1563
f 455/455/1564 457/457/1565 456/456/1566
f 457/457/1567 455/455/1568 458/458/1569
f 455/455/1570 459/459/1571 458/458/1572
f 458/458/1573 459/459/1574 435/435/1575
f 459/459/1576 437/437/1577 435/435/1578
f 455/455/1579 453/453/1580 459/459/1581
f 453/453/1582 439/439/1583 459/459/1584
f 459/459/1585 439/439/1586 437/437/1587
f 460/460/1588 461/461/1589 462/462/1590
f 461/461/1591 463/463/1592 462/462/1593
f 464/464/1594 465/465/1595 315/315/1596
f 465/465/1597 314/314/1598 315/315/1599
f 466/466/1600 451/451/1601 467/467/1602
f 451/451/1603 449/449/1604 467/467/1605
f 397/397/1606 415/415/1607 395/395/1608
f 415/415/1609 393/393/1610 395/395/1611
f 415/415/1612 417/417/1613 393/393/1614
f 417/417/1615 382/382/1616 393/393/1617
f 382/382/1618 417/417/1619 384/384/1620
f 417/417/1621 386/386/1622 384/384/1623
f 468/468/1624 469/469/1625 470/470/1626
f 469/469/1627 471/471/1628 470/470/1629
f 472/472/1630 473/473/1631 474/474/1632
f 473/473/1633 475/475/1634 474/474/1635
f 351/351/1636 476/476/1637 141/141/1638
f 476/476/1639 143/143/1640 141/141/1641
f 143/143/1642 476/476/1643 145/145/1644
f 476/476/1645 477/477/1646 145/145/1647
f 145/145/1648 477/477/1649 147/147/1650
f 477/477/1651 478/478/1652 147/147/1653
f 147/147/1654 478/478/1655 149/149/1656
f 165/165/1657 479/479/1658 167/167/1659
f 479/479/1660 480/480/1661 167/167/1662
f 167/167/1663 480/480/1664 169/169/1665
f 480/480/1666 481/481/1667 169/169/1668
f 169/169/1669 481/481/1670 171/171/1671
f 481/481/1672 482/482/1673 171/171/1674
f 171/171/1675 482/482/1676 173/173/1677
f 482/482/1678 175/175/1679 173/173/1680
f 479/479/1681 483/483/1682 480/480/1683
f 483/483/1684 484/484/1685 480/480/1686
f 480/480/1687 484/484/1688 481/481/1689
f 484/484/1690 485/485/1691 481/481/1692
f 481/481/1693 485/485/1694 482/482/1695
f 485/485/1696 177/177/1697 482/482/1698
f 482/482/1699 177/177/1700 175/175/1701
f 483/483/1702 486/486/1703 484/484/1704
f 486/486/1705 487/487/1706 484/484/1707
f 484/484/1708 487/487/1709 485/485/1710
f 487/487/1711 488/488/1712 485/485/1713
f 485/485/1714 488/488/1715 177/177/1716
f 488/488/1717 179/179/1718 177/177/1719
f 487/487/1720 489/489/1721 488/488/1722
f 489/489/1723 490/490/1724 488/488/1725
f 488/488/1726 490/490/1727 179/179/1728
f 490/490/1729 203/203/1730 179/179/1731
f 489/489/1732 491/491/1733 490/490/1734
f 491/491/1735 492/492/1736 490/490/1737
f 490/490/1738 492/492/1739 203/203/1740
f 492/492/1741 412/412/1742 203/203/1743
f 203/203/1744 412/412/1745 204/204/1746
f 412/412/1747 205/205/1748 204/204/1749
f 412/412/1750 492/492/1751 413/413/1752
f 492/492/1753 493/493/1754 413/413/1755
f 413/413/1756 493/493/1757 414/414/1758
f 493/493/1759 494/494/1760 414/414/1761
f 414/414/1762 494/494/1763 495/495/1764
f 492/492/1765 496/496/1766 493/493/1767
f 496/496/1768 497/497/1769 493/493/1770
f 493/493/1771 497/497/1772 494/494/1773
f 487/487/1774 486/486/1775 489/489/1776
f 486/486/1777 498/498/1778 489/489/1779
f 489/489/1780 498/498/1781 499/499/1782
f 498/498/1783 500/500/1784 499/499/1785
f 499/499/1786 500/500/1787 501/501/1788
f 500/500/1789 502/502/1790 501/501/1791
f 501/501/1792 502/502/1793 503/503/1794
f 502/502/1795 504/504/1796 503/503/1797
f 504/504/1798 502/502/1799 505/505/1800
f 502/502/1801 506/506/1802 505/505/1803
f 505/505/1804 506/506/1805 507/507/1806
f 506/506/1807 508/508/1808 507/507/1809
f 507/507/1810 508/508/1811 509/509/1812
f 508/508/1813 510/510/1814 509/509/1815
f 509/509/1816 510/510/1817 511/511/1818
f 510/510/1819 486/486/1820 511/511/1821
f 511/511/1822 486/486/1823 483/483/1824
f 502/502/1825 500/500/1826 506/506/1827
f 500/500/1828 498/498/1829 506/506/1830
f 506/506/1831 498/498/1832 508/508/1833
f 498/498/1834 510/510/1835 508/508/1836
f 491/491/1837 489/489/1838 512/512/1839
f 489/489/1840 499/499/1841 512/512/1842
f 285/285/1843 287/287/1844 248/248/1845
f 287/287/1846 230/230/1847 248/248/1848
f 230/230/1849 287/287/1850 229/229/1851
f 287/287/1852 214/214/1853 229/229/1854
f 513/513/1855 514/514/1856 515/515/1857
f 514/514/1858 516/516/1859 515/515/1860
f 517/517/1861 518/518/1862 519/519/1863
f 518/518/1864 468/468/1865 519/519/1866
f 520/520/1867 521/521/1868 522/522/1869
f 521/521/1870 523/523/1871 522/522/1872
f 524/524/1873 525/525/1874 526/526/1875
f 525/525/1876 527/527/1877 526/526/1878
f 255/255/1879 257/257/1880 301/301/1881
f 257/257/1882 528/528/1883 301/301/1884
f 301/301/1885 528/528/1886 302/302/1887
f 528/528/1888 529/529/1889 302/302/1890
f 302/302/1891 529/529/1892 530/530/1893
f 529/529/1894 531/531/1895 530/530/1896
f 530/530/1897 531/531/1898 532/532/1899
f 531/531/1900 533/533/1901 532/532/1902
f 532/532/1903 533/533/1904 534/534/1905
f 533/533/1906 535/535/1907 534/534/1908
f 534/534/1909 535/535/1910 536/536/1911
f 535/535/1912 537/537/1913 536/536/1914
f 536/536/1915 537/537/1916 538/538/1917
f 537/537/1918 539/539/1919 538/538/1920
f 538/538/1921 539/539/1922 540/540/1923
f 539/539/1924 541/541/1925 540/540/1926
f 540/540/1927 541/541/1928 542/542/1929
f 541/541/1930 543/543/1931 542/542/1932
f 542/542/1933 543/543/1934 544/544/1935
f 543/543/1936 311/311/1937 544/544/1938
f 544/544/1939 311/311/1940 309/309/1941
f 257/257/1942 259/259/1943 528/528/1944
f 259/259/1945 545/545/1946 528/528/1947
f 528/528/1948 545/545/1949 529/529/1950
f 545/545/1951 546/546/1952 529/529/1953
f 529/529/1954 546/546/1955 531/531/1956
f 546/546/1957 547/547/1958 531/531/1959
f 531/531/1960 547/547/1961 533/533/1962
f 547/547/1963 535/535/1964 533/533/1965
f 535/535/1966 547/547/1967 548/548/1968
f 547/547/1969 549/549/1970 548/548/1971
f 548/548/1972 549/549/1973 550/550/1974
f 549/549/1975 551/551/1976 550/550/1977
f 550/550/1978 551/551/1979 400/400/1980
f 551/551/1981 552/552/1982 400/400/1983
f 400/400/1984 552/552/1985 553/553/1986
f 552/552/1987 554/554/1988 553/553/1989
f 553/553/1990 554/554/1991 555/555/1992
f 554/554/1993 556/556/1994 555/555/1995
f 555/555/1996 556/556/1997 406/406/1998
f 556/556/1999 557/557/2000 406/406/2001
f 406/406/2002 557/557/2003 408/408/2004
f 557/557/2005 223/223/2006 408/408/2007
f 408/408/2008 223/223/2009 221/221/2010
f 549/549/2011 558/558/2012 551/551/2013
f 558/558/2014 559/559/2015 551/551/2016
f 551/551/2017 559/559/2018 560/560/2019
f 559/559/2020 561/561/2021 560/560/2022
f 560/560/2023 561/561/2024 562/562/2025
f 561/561/2026 265/265/2027 562/562/2028
f 562/562/2029 265/265/2030 563/563/2031
f 265/265/2032 267/267/2033 563/563/2034
f 563/563/2035 267/267/2036 564/564/2037
f 267/267/2038 269/269/2039 564/564/2040
f 564/564/2041 269/269/2042 565/565/2043
f 269/269/2044 271/271/2045 565/565/2046
f 565/565/2047 271/271/2048 273/273/2049
f 273/273/2050 275/275/2051 565/565/2052
f 275/275/2053 566/566/2054 565/565/2055
f 565/565/2056 566/566/2057 564/564/2058
f 566/566/2059 567/567/2060 564/564/2061
f 564/564/2062 567/567/2063 563/563/2064
f 567/567/2065 562/562/2066 563/563/2067
f 275/275/2068 277/277/2069 566/566/2070
f 277/277/2071 568/568/2072 566/566/2073
f 566/566/2074 568/568/2075 567/567/2076
f 568/568/2077 569/569/2078 567/567/2079
f 567/567/2080 569/569/2081 570/570/2082
f 569/569/2083 571/571/2084 570/570/2085
f 570/570/2086 571/571/2087 556/556/2088
f 571/571/2089 572/572/2090 556/556/2091
f 556/556/2092 572/572/2093 573/573/2094
f 572/572/2095 574/574/2096 573/573/2097
f 573/573/2098 574/574/2099 575/575/2100
f 574/574/2101 576/576/2102 575/575/2103
f 575/575/2104 576/576/2105 225/225/2106
f 576/576/2107 227/227/2108 225/225/2109
f 574/574/2110 572/572/2111 577/577/2112
f 572/572/2113 571/571/2114 577/577/2115
f 577/577/2116 571/571/2117 578/578/2118
f 571/571/2119 579/579/2120 578/578/2121
f 578/578/2122 579/579/2123 281/281/2124
f 579/579/2125 279/279/2126 281/281/2127
f 571/571/2128 569/569/2129 579/579/2130
f 569/569/2131 568/568/2132 579/579/2133
f 579/579/2134 568/568/2135 279/279/2136
f 568/568/2137 277/277/2138 279/279/2139
f 551/551/2140 560/560/2141 552/552/2142
f 560/560/2143 580/580/2144 552/552/2145
f 552/552/2146 580/580/2147 554/554/2148
f 580/580/2149 570/570/2150 554/554/2151
f 554/554/2152 570/570/2153 556/556/2154
f 560/560/2155 562/562/2156 580/580/2157
f 562/562/2158 581/581/2159 580/580/2160
f 580/580/2161 581/581/2162 570/570/2163
f 581/581/2164 567/567/2165 570/570/2166
f 542/542/2167 582/582/2168 540/540/2169
f 582/582/2170 583/583/2171 540/540/2172
f 540/540/2173 583/583/2174 538/538/2175
f 583/583/2176 584/584/2177 538/538/2178
f 538/538/2179 584/584/2180 536/536/2181
f 584/584/2182 585/585/2183 536/536/2184
f 536/536/2185 585/585/2186 534/534/2187
f 585/585/2188 532/532/2189 534/534/2190
f 584/584/2191 586/586/2192 585/585/2193
f 586/586/2194 587/587/2195 585/585/2196
f 585/585/2197 587/587/2198 532/532/2199
f 587/587/2200 305/305/2201 532/532/2202
f 532/532/2203 305/305/2204 530/530/2205
f 305/305/2206 304/304/2207 530/530/2208
f 530/530/2209 304/304/2210 303/303/2211
f 587/587/2212 586/586/2213 588/588/2214
f 586/586/2215 589/589/2216 588/588/2217
f 588/588/2218 589/589/2219 590/590/2220
f 589/589/2221 591/591/2222 590/590/2223
f 590/590/2224 591/591/2225 309/309/2226
f 591/591/2227 544/544/2228 309/309/2229
f 590/590/2230 307/307/2231 588/588/2232
f 307/307/2233 305/305/2234 588/588/2235
f 588/588/2236 305/305/2237 587/587/2238
f 544/544/2239 591/591/2240 592/592/2241
f 591/591/2242 589/589/2243 592/592/2244
f 592/592/2245 589/589/2246 593/593/2247
f 589/589/2248 586/586/2249 593/593/2250
f 594/594/2251 595/595/2252 596/596/2253
f 595/595/2254 597/597/2255 596/596/2256
f 400/400/2257 553/553/2258 402/402/2259
f 553/553/2260 403/403/2261 402/402/2262
f 403/403/2263 553/553/2264 404/404/2265
f 553/553/2266 555/555/2267 404/404/2268
f 404/404/2269 555/555/2270 406/406/2271
f 189/189/2272 208/208/2273 191/191/2274
f 208/208/2275 193/193/2276 191/191/2277
f 280/280/2278 278/278/2279 598/598/2280
f 278/278/2281 276/276/2282 598/598/2283
f 598/598/2284 276/276/2285 274/274/2286
f 598/598/2287 274/274/2288 599/599/2289
f 274/274/2290 272/272/2291 599/599/2292
f 600/600/2293 601/601/2294 602/602/2295
f 601/601/2296 603/603/2297 602/602/2298
f 400/400/2299 398/398/2300 550/550/2301
f 398/398/2302 548/548/2303 550/550/2304
f 398/398/2305 396/396/2306 548/548/2307
f 396/396/2308 604/604/2309 548/548/2310
f 548/548/2311 604/604/2312 535/535/2313
f 604/604/2314 537/537/2315 535/535/2316
f 396/396/2317 394/394/2318 604/604/2319
f 394/394/2320 605/605/2321 604/604/2322
f 604/604/2323 605/605/2324 606/606/2325
f 605/605/2326 607/607/2327 606/606/2328
f 606/606/2329 607/607/2330 378/378/2331
f 607/607/2332 380/380/2333 378/378/2334
f 378/378/2335 376/376/2336 606/606/2337
f 376/376/2338 608/608/2339 606/606/2340
f 606/606/2341 608/608/2342 537/537/2343
f 608/608/2344 609/609/2345 537/537/2346
f 537/537/2347 609/609/2348 539/539/2349
f 609/609/2350 610/610/2351 539/539/2352
f 539/539/2353 610/610/2354 541/541/2355
f 610/610/2356 611/611/2357 541/541/2358
f 541/541/2359 611/611/2360 612/612/2361
f 611/611/2362 613/613/2363 612/612/2364
f 612/612/2365 613/613/2366 614/614/2367
f 613/613/2368 615/615/2369 614/614/2370
f 609/609/2371 616/616/2372 610/610/2373
f 616/616/2374 617/617/2375 610/610/2376
f 610/610/2377 617/617/2378 611/611/2379
f 617/617/2380 188/188/2381 611/611/2382
f 611/611/2383 188/188/2384 613/613/2385
f 188/188/2386 190/190/2387 613/613/2388
f 613/613/2389 190/190/2390 615/615/2391
f 190/190/2392 192/192/2393 615/615/2394
f 615/615/2395 192/192/2396 618/618/2397
f 192/192/2398 194/194/2399 618/618/2400
f 618/618/2401 194/194/2402 196/196/2403
f 617/617/2404 616/616/2405 372/372/2406
f 616/616/2407 609/609/2408 372/372/2409
f 372/372/2410 609/609/2411 374/374/2412
f 609/609/2413 376/376/2414 374/374/2415
f 372/372/2416 619/619/2417 617/617/2418
f 619/619/2419 620/620/2420 617/617/2421
f 617/617/2422 620/620/2423 621/621/2424
f 620/620/2425 186/186/2426 621/621/2427
f 621/621/2428 186/186/2429 188/188/2430
f 186/186/2431 620/620/2432 622/622/2433
f 620/620/2434 623/623/2435 622/622/2436
f 622/622/2437 623/623/2438 624/624/2439
f 623/623/2440 625/625/2441 624/624/2442
f 624/624/2443 625/625/2444 626/626/2445
f 625/625/2446 627/627/2447 626/626/2448
f 626/626/2449 627/627/2450 628/628/2451
f 627/627/2452 629/629/2453 628/628/2454
f 628/628/2455 629/629/2456 630/630/2457
f 629/629/2458 631/631/2459 630/630/2460
f 630/630/2461 631/631/2462 632/632/2463
f 631/631/2464 633/633/2465 632/632/2466
f 632/632/2467 633/633/2468 634/634/2469
f 633/633/2470 635/635/2471 634/634/2472
f 634/634/2473 635/635/2474 636/636/2475
f 635/635/2476 637/637/2477 636/636/2478
f 636/636/2479 637/637/2480 638/638/2481
f 637/637/2482 639/639/2483 638/638/2484
f 638/638/2485 639/639/2486 640/640/2487
f 639/639/2488 338/338/2489 640/640/2490
f 640/640/2491 338/338/2492 641/641/2493
f 338/338/2494 336/336/2495 641/641/2496
f 641/641/2497 336/336/2498 642/642/2499
f 336/336/2500 334/334/2501 642/642/2502
f 642/642/2503 334/334/2504 369/369/2505
f 334/334/2506 332/332/2507 369/369/2508
f 369/369/2509 332/332/2510 367/367/2511
f 332/332/2512 330/330/2513 367/367/2514
f 367/367/2515 330/330/2516 365/365/2517
f 330/330/2518 328/328/2519 365/365/2520
f 365/365/2521 328/328/2522 326/326/2523
f 632/632/2524 634/634/2525 643/643/2526
f 634/634/2527 636/636/2528 643/643/2529
f 643/643/2530 636/636/2531 644/644/2532
f 636/636/2533 638/638/2534 644/644/2535
f 644/644/2536 638/638/2537 377/377/2538
f 638/638/2539 640/640/2540 377/377/2541
f 377/377/2542 640/640/2543 375/375/2544
f 640/640/2545 641/641/2546 375/375/2547
f 375/375/2548 641/641/2549 373/373/2550
f 641/641/2551 642/642/2552 373/373/2553
f 373/373/2554 642/642/2555 369/369/2556
f 377/377/2557 379/379/2558 644/644/2559
f 379/379/2560 381/381/2561 644/644/2562
f 644/644/2563 381/381/2564 643/643/2565
f 381/381/2566 645/645/2567 643/643/2568
f 643/643/2569 645/645/2570 632/632/2571
f 645/645/2572 630/630/2573 632/632/2574
f 381/381/2575 383/383/2576 645/645/2577
f 383/383/2578 646/646/2579 645/645/2580
f 383/383/2581 385/385/2582 646/646/2583
f 385/385/2584 387/387/2585 646/646/2586
f 646/646/2587 387/387/2588 389/389/2589
f 389/389/2590 391/391/2591 646/646/2592
f 391/391/2593 647/647/2594 646/646/2595
f 380/380/2596 607/607/2597 394/394/2598
f 607/607/2599 605/605/2600 394/394/2601
f 186/186/2602 622/622/2603 184/184/2604
f 622/622/2605 182/182/2606 184/184/2607
f 622/622/2608 624/624/2609 182/182/2610
f 624/624/2611 626/626/2612 182/182/2613
f 182/182/2614 626/626/2615 180/180/2616
f 626/626/2617 648/648/2618 180/180/2619
f 180/180/2620 648/648/2621 178/178/2622
f 648/648/2623 176/176/2624 178/178/2625
f 626/626/2626 628/628/2627 648/648/2628
f 628/628/2629 174/174/2630 648/648/2631
f 648/648/2632 174/174/2633 176/176/2634
f 649/649/2635 650/650/2636 651/651/2637
f 650/650/2638 652/652/2639 651/651/2640
f 651/651/2641 652/652/2642 653/653/2643
f 652/652/2644 654/654/2645 653/653/2646
f 650/650/2647 655/655/2648 652/652/2649
f 655/655/2650 656/656/2651 652/652/2652
f 652/652/2653 656/656/2654 654/654/2655
f 650/650/2656 657/657/2657 655/655/2658
f 657/657/2659 658/658/2660 655/655/2661
f 655/655/2662 658/658/2663 656/656/2664
f 659/659/2665 660/660/2666 661/661/2667
f 660/660/2668 662/662/2669 661/661/2670
f 663/663/2671 664/664/2672 665/665/2673
f 664/664/2674 666/666/2675 665/665/2676
f 549/549/2677 547/547/2678 558/558/2679
f 547/547/2680 546/546/2681 558/558/2682
f 558/558/2683 546/546/2684 545/545/2685
f 558/558/2686 545/545/2687 559/559/2688
f 545/545/2689 561/561/2690 559/559/2691
f 545/545/2692 259/259/2693 561/561/2694
f 259/259/2695 261/261/2696 561/561/2697
f 561/561/2698 261/261/2699 263/263/2700
f 144/144/2701 348/348/2702 142/142/2703
f 348/348/2704 347/347/2705 142/142/2706
f 142/142/2707 347/347/2708 140/140/2709
f 347/347/2710 138/138/2711 140/140/2712
f 347/347/2713 346/346/2714 138/138/2715
f 346/346/2716 136/136/2717 138/138/2718
f 136/136/2719 346/346/2720 667/667/2721
f 346/346/2722 339/339/2723 667/667/2724
f 667/667/2725 339/339/2726 668/668/2727
f 339/339/2728 341/341/2729 668/668/2730
f 668/668/2731 341/341/2732 669/669/2733
f 341/341/2734 343/343/2735 669/669/2736
f 669/669/2737 343/343/2738 670/670/2739
f 343/343/2740 345/345/2741 670/670/2742
f 670/670/2743 345/345/2744 671/671/2745
f 667/667/2746 668/668/2747 672/672/2748
f 668/668/2749 669/669/2750 672/672/2751
f 672/672/2752 669/669/2753 673/673/2754
f 669/669/2755 670/670/2756 673/673/2757
f 673/673/2758 670/670/2759 674/674/2760
f 670/670/2761 675/675/2762 674/674/2763
f 674/674/2764 675/675/2765 676/676/2766
f 676/676/2767 677/677/2768 674/674/2769
f 677/677/2770 678/678/2771 674/674/2772
f 674/674/2773 678/678/2774 673/673/2775
f 678/678/2776 679/679/2777 673/673/2778
f 673/673/2779 679/679/2780 672/672/2781
f 679/679/2782 680/680/2783 672/672/2784
f 672/672/2785 680/680/2786 667/667/2787
f 680/680/2788 134/134/2789 667/667/2790
f 667/667/2791 134/134/2792 136/136/2793
f 134/134/2794 680/680/2795 681/681/2796
f 680/680/2797 679/679/2798 681/681/2799
f 681/681/2800 679/679/2801 682/682/2802
f 679/679/2803 678/678/2804 682/682/2805
f 682/682/2806 678/678/2807 683/683/2808
f 678/678/2809 677/677/2810 683/683/2811
f 683/683/2812 677/677/2813 684/684/2814
f 677/677/2815 685/685/2816 684/684/2817
f 684/684/2818 685/685/2819 686/686/2820
f 682/682/2821 130/130/2822 681/681/2823
f 130/130/2824 132/132/2825 681/681/2826
f 681/681/2827 132/132/2828 134/134/2829
f 130/130/2830 682/682/2831 128/128/2832
f 682/682/2833 126/126/2834 128/128/2835
f 682/682/2836 683/683/2837 126/126/2838
f 683/683/2839 124/124/2840 126/126/2841
f 124/124/2842 683/683/2843 687/687/2844
f 683/683/2845 684/684/2846 687/687/2847
f 687/687/2848 684/684/2849 688/688/2850
f 684/684/2851 689/689/2852 688/688/2853
f 688/688/2854 689/689/2855 690/690/2856
f 689/689/2857 691/691/2858 690/690/2859
f 690/690/2860 691/691/2861 692/692/2862
f 691/691/2863 693/693/2864 692/692/2865
f 692/692/2866 693/693/2867 694/694/2868
f 693/693/2869 695/695/2870 694/694/2871
f 695/695/2872 693/693/2873 696/696/2874
f 693/693/2875 691/691/2876 696/696/2877
f 696/696/2878 691/691/2879 697/697/2880
f 691/691/2881 689/689/2882 697/697/2883
f 697/697/2884 689/689/2885 684/684/2886
f 684/684/2887 686/686/2888 697/697/2889
f 686/686/2890 698/698/2891 697/697/2892
f 697/697/2893 698/698/2894 696/696/2895
f 698/698/2896 699/699/2897 696/696/2898
f 696/696/2899 699/699/2900 695/695/2901
f 694/694/2902 700/700/2903 692/692/2904
f 700/700/2905 701/701/2906 692/692/2907
f 692/692/2908 701/701/2909 702/702/2910
f 701/701/2911 703/703/2912 702/702/2913
f 702/702/2914 703/703/2915 704/704/2916
f 703/703/2917 705/705/2918 704/704/2919
f 704/704/2920 705/705/2921 122/122/2922
f 705/705/2923 120/120/2924 122/122/2925
f 122/122/2926 124/124/2927 704/704/2928
f 124/124/2929 706/706/2930 704/704/2931
f 704/704/2932 706/706/2933 702/702/2934
f 706/706/2935 690/690/2936 702/702/2937
f 702/702/2938 690/690/2939 692/692/2940
f 124/124/2941 687/687/2942 706/706/2943
f 687/687/2944 688/688/2945 706/706/2946
f 706/706/2947 688/688/2948 690/690/2949
f 707/707/2950 708/708/2951 709/709/2952
f 708/708/2953 710/710/2954 709/709/2955
f 597/597/2956 595/595/2957 711/711/2958
f 595/595/2959 712/712/2960 711/711/2961
f 504/504/2962 505/505/2963 713/713/2964
f 505/505/2965 507/507/2966 713/713/2967
f 713/713/2968 507/507/2969 714/714/2970
f 507/507/2971 715/715/2972 714/714/2973
f 507/507/2974 509/509/2975 715/715/2976
f 509/509/2977 716/716/2978 715/715/2979
f 509/509/2980 511/511/2981 716/716/2982
f 511/511/2983 717/717/2984 716/716/2985
f 511/511/2986 483/483/2987 717/717/2988
f 483/483/2989 479/479/2990 717/717/2991
f 718/718/2992 719/719/2993 720/720/2994
f 719/719/2995 721/721/2996 720/720/2997
f 719/719/2998 722/722/2999 721/721/3000
f 722/722/3001 723/723/3002 721/721/3003
f 721/721/3004 723/723/3005 724/724/3006
f 723/723/3007 725/725/3008 724/724/3009
f 724/724/3010 725/725/3011 726/726/3012
f 727/727/3013 728/728/3014 729/729/3015
f 728/728/3016 730/730/3017 729/729/3018
f 729/729/3019 730/730/3020 731/731/3021
f 731/731/3022 732/732/3023 729/729/3024
f 732/732/3025 733/733/3026 729/729/3027
f 732/732/3028 734/734/3029 733/733/3030
f 734/734/3031 735/735/3032 733/733/3033
f 736/736/3034 737/737/3035 738/738/3036
f 737/737/3037 739/739/3038 738/738/3039
f 738/738/3040 739/739/3041 740/740/3042
f 741/741/3043 742/742/3044 743/743/3045
f 742/742/3046 744/744/3047 743/743/3048
f 745/745/3049 746/746/3050 747/747/3051
f 746/746/3052 748/748/3053 747/747/3054
f 749/749/3055 750/750/3056 751/751/3057
f 750/750/3058 752/752/3059 751/751/3060
f 745/745/3061 747/747/3062 753/753/3063
f 747/747/3064 754/754/3065 753/753/3066
f 751/751/3067 755/755/3068 749/749/3069
f 755/755/3070 756/756/3071 749/749/3072
f 519/519/3073 757/757/3074 469/469/3075
f 757/757/3076 471/471/3077 469/469/3078
f 758/758/3079 517/517/3080 469/469/3081
f 517/517/3082 519/519/3083 469/469/3084
f 759/759/3085 760/760/3086 761/761/3087
f 760/760/3088 762/762/3089 761/761/3090
f 761/761/3091 763/763/3092 764/764/3093
f 763/763/3094 765/765/3095 764/764/3096
f 766/766/3097 759/759/3098 764/764/3099
f 759/759/3100 761/761/3101 764/764/3102
f 451/451/3103 767/767/3104 450/450/3105
f 767/767/3106 768/768/3107 450/450/3108
f 450/450/3109 768/768/3110 466/466/3111
f 768/768/3112 769/769/3113 466/466/3114
f 313/313/3115 312/312/3116 770/770/3117
f 312/312/3118 771/771/3119 770/770/3120
f 450/450/3121 466/466/3122 448/448/3123
f 466/466/3124 467/467/3125 448/448/3126
f 772/772/3127 773/773/3128 774/774/3129
f 773/773/3130 775/775/3131 774/774/3132
f 776/776/3133 777/777/3134 778/778/3135
f 777/777/3136 779/779/3137 778/778/3138
f 772/772/3139 774/774/3140 780/780/3141
f 774/774/3142 781/781/3143 780/780/3144
f 778/778/3145 782/782/3146 776/776/3147
f 782/782/3148 783/783/3149 776/776/3150
f 784/784/3151 785/785/3152 786/786/3153
f 785/785/3154 787/787/3155 786/786/3156
f 788/788/3157 789/789/3158 790/790/3159
f 789/789/3160 791/791/3161 790/790/3162
f 792/792/3163 793/793/3164 794/794/3165
f 793/793/3166 795/795/3167 794/794/3168
f 94/94/3169 88/88/3170 796/796/3171
f 88/88/3172 90/90/3173 796/796/3174
f 786/786/3175 787/787/3176 797/797/3177
f 787/787/3178 798/798/3179 797/797/3180
f 784/784/3181 786/786/3182 799/799/3183
f 786/786/3184 800/800/3185 799/799/3186
f 786/786/3187 797/797/3188 800/800/3189
f 797/797/3190 801/801/3191 800/800/3192
f 802/802/3193 803/803/3194 526/526/3195
f 803/803/3196 524/524/3197 526/526/3198
f 527/527/3199 802/802/3200 804/804/3201
f 802/802/3202 805/805/3203 804/804/3204
f 802/802/3205 526/526/3206 805/805/3207
f 526/526/3208 806/806/3209 805/805/3210
f 807/807/3211 808/808/3212 809/809/3213
f 808/808/3214 810/810/3215 809/809/3216
f 807/807/3217 809/809/3218 811/811/3219
f 809/809/3220 812/812/3221 811/811/3222
f 811/811/3223 812/812/3224 813/813/3225
f 814/814/3226 815/815/3227 816/816/3228
f 815/815/3229 817/817/3230 816/816/3231
f 818/818/3232 819/819/3233 515/515/3234
f 819/819/3235 513/513/3236 515/515/3237
f 820/820/3238 821/821/3239 822/822/3240
f 821/821/3241 823/823/3242 822/822/3243
f 824/824/3244 825/825/3245 826/826/3246
f 825/825/3247 827/827/3248 826/826/3249
f 207/207/3250 405/405/3251 209/209/3252
f 405/405/3253 407/407/3254 209/209/3255
f 209/209/3256 407/407/3257 210/210/3258
f 407/407/3259 409/409/3260 210/210/3261
f 210/210/3262 409/409/3263 828/828/3264
f 409/409/3265 829/829/3266 828/828/3267
f 828/828/3268 829/829/3269 213/213/3270
f 829/829/3271 215/215/3272 213/213/3273
f 409/409/3274 410/410/3275 829/829/3276
f 410/410/3277 411/411/3278 829/829/3279
f 829/829/3280 411/411/3281 215/215/3282
f 157/157/3283 133/133/3284 155/155/3285
f 133/133/3286 131/131/3287 155/155/3288
f 155/155/3289 131/131/3290 129/129/3291
f 830/830/3292 831/831/3293 832/832/3294
f 831/831/3295 833/833/3296 832/832/3297
f 832/832/3298 833/833/3299 834/834/3300
f 824/824/3301 835/835/3302 825/825/3303
f 835/835/3304 836/836/3305 825/825/3306
f 837/837/3307 838/838/3308 839/839/3309
f 838/838/3310 840/840/3311 839/839/3312
f 462/462/3313 841/841/3314 460/460/3315
f 841/841/3316 842/842/3317 460/460/3318
f 213/213/3319 211/211/3320 828/828/3321
f 211/211/3322 210/210/3323 828/828/3324
f 841/841/3325 463/463/3326 842/842/3327
f 463/463/3328 461/461/3329 842/842/3330
f 760/760/3331 766/766/3332 762/762/3333
f 766/766/3334 764/764/3335 762/762/3336
f 831/831/3337 843/843/3338 844/844/3339
f 843/843/3340 845/845/3341 844/844/3342
f 841/841/3343 846/846/3344 463/463/3345
f 846/846/3346 847/847/3347 463/463/3348
f 848/848/3349 849/849/3350 850/850/3351
f 849/849/3352 851/851/3353 850/850/3354
f 664/664/3355 852/852/3356 666/666/3357
f 852/852/3358 853/853/3359 666/666/3360
f 854/854/3361 855/855/3362 856/856/3363
f 855/855/3364 827/827/3365 856/856/3366
f 354/354/3367 353/353/3368 356/356/3369
f 353/353/3370 445/445/3371 356/356/3372
f 526/526/3373 527/527/3374 806/806/3375
f 527/527/3376 804/804/3377 806/806/3378
f 353/353/3379 355/355/3380 857/857/3381
f 355/355/3382 446/446/3383 857/857/3384
f 857/857/3385 446/446/3386 858/858/3387
f 859/859/3388 860/860/3389 861/861/3390
f 860/860/3391 862/862/3392 861/861/3393
f 863/863/3394 864/864/3395 865/865/3396
f 864/864/3397 866/866/3398 865/865/3399
f 867/867/3400 812/812/3401 868/868/3402
f 812/812/3403 809/809/3404 868/868/3405
f 869/869/3406 870/870/3407 871/871/3408
f 870/870/3409 872/872/3410 871/871/3411
f 873/873/3412 874/874/3413 516/516/3414
f 874/874/3415 515/515/3416 516/516/3417
f 875/875/3418 859/859/3419 876/876/3420
f 859/859/3421 877/877/3422 876/876/3423
f 876/876/3424 877/877/3425 878/878/3426
f 879/879/3427 708/708/3428 880/880/3429
f 708/708/3430 707/707/3431 880/880/3432
f 881/881/3433 882/882/3434 883/883/3435
f 882/882/3436 884/884/3437 883/883/3438
f 885/885/3439 886/886/3440 884/884/3441
f 886/886/3442 883/883/3443 884/884/3444
f 887/887/3445 793/793/3446 888/888/3447
f 793/793/3448 792/792/3449 888/888/3450
f 797/797/3451 784/784/3452 801/801/3453
f 784/784/3454 799/799/3455 801/801/3456
f 889/889/3457 890/890/3458 891/891/3459
f 890/890/3460 892/892/3461 891/891/3462
f 868/868/3463 809/809/3464 893/893/3465
f 809/809/3466 810/810/3467 893/893/3468
f 469/469/3469 468/468/3470 758/758/3471
f 468/468/3472 518/518/3473 758/758/3474
f 462/462/3475 463/463/3476 894/894/3477
f 463/463/3478 847/847/3479 894/894/3480
f 895/895/3481 896/896/3482 897/897/3483
f 896/896/3484 898/898/3485 897/897/3486
f 241/241/3487 243/243/3488 239/239/3489
f 243/243/3490 899/899/3491 239/239/3492
f 239/239/3493 899/899/3494 237/237/3495
f 899/899/3496 900/900/3497 237/237/3498
f 237/237/3499 900/900/3500 235/235/3501
f 900/900/3502 901/901/3503 235/235/3504
f 235/235/3505 901/901/3506 233/233/3507
f 901/901/3508 247/247/3509 233/233/3510
f 233/233/3511 247/247/3512 231/231/3513
f 247/247/3514 901/901/3515 245/245/3516
f 901/901/3517 899/899/3518 245/245/3519
f 245/245/3520 899/899/3521 243/243/3522
f 603/603/3523 902/902/3524 602/602/3525
f 902/902/3526 903/903/3527 602/602/3528
f 602/602/3529 903/903/3530 904/904/3531
f 903/903/3532 905/905/3533 904/904/3534
f 904/904/3535 905/905/3536 906/906/3537
f 905/905/3538 907/907/3539 906/906/3540
f 908/908/3541 909/909/3542 840/840/3543
f 909/909/3544 910/910/3545 840/840/3546
f 904/904/3547 906/906/3548 911/911/3549
f 906/906/3550 912/912/3551 911/911/3552
f 913/913/3553 914/914/3554 915/915/3555
f 914/914/3556 916/916/3557 915/915/3558
f 838/838/3559 837/837/3560 910/910/3561
f 837/837/3562 839/839/3563 910/910/3564
f 451/451/3565 466/466/3566 767/767/3567
f 466/466/3568 769/769/3569 767/767/3570
f 798/798/3571 785/785/3572 797/797/3573
f 785/785/3574 784/784/3575 797/797/3576
f 765/765/3577 917/917/3578 764/764/3579
f 917/917/3580 762/762/3581 764/764/3582
f 858/858/3583 447/447/3584 857/857/3585
f 447/447/3586 353/353/3587 857/857/3588
f 918/918/3589 919/919/3590 920/920/3591
f 919/919/3592 921/921/3593 920/920/3594
f 920/920/3595 921/921/3596 922/922/3597
f 921/921/3598 923/923/3599 922/922/3600
f 919/919/3601 924/924/3602 921/921/3603
f 924/924/3604 925/925/3605 921/921/3606
f 921/921/3607 925/925/3608 923/923/3609
f 919/919/3610 926/926/3611 924/924/3612
f 926/926/3613 927/927/3614 924/924/3615
f 924/924/3616 927/927/3617 925/925/3618
f 831/831/3619 844/844/3620 833/833/3621
f 844/844/3622 928/928/3623 833/833/3624
f 833/833/3625 928/928/3626 834/834/3627
f 114/114/3628 929/929/3629 112/112/3630
f 929/929/3631 930/930/3632 112/112/3633
f 112/112/3634 930/930/3635 110/110/3636
f 930/930/3637 931/931/3638 110/110/3639
f 110/110/3640 931/931/3641 109/109/3642
f 931/931/3643 932/932/3644 109/109/3645
f 109/109/3646 932/932/3647 933/933/3648
f 109/109/3649 933/933/3650 107/107/3651
f 933/933/3652 934/934/3653 107/107/3654
f 107/107/3655 934/934/3656 105/105/3657
f 934/934/3658 935/935/3659 105/105/3660
f 105/105/3661 935/935/3662 104/104/3663
f 936/936/3664 937/937/3665 522/522/3666
f 937/937/3667 520/520/3668 522/522/3669
f 938/938/3670 939/939/3671 940/940/3672
f 939/939/3673 941/941/3674 940/940/3675
f 940/940/3676 941/941/3677 942/942/3678
f 941/941/3679 943/943/3680 942/942/3681
f 939/939/3682 944/944/3683 941/941/3684
f 944/944/3685 945/945/3686 941/941/3687
f 941/941/3688 945/945/3689 943/943/3690
f 939/939/3691 946/946/3692 944/944/3693
f 946/946/3694 947/947/3695 944/944/3696
f 944/944/3697 947/947/3698 945/945/3699
f 738/738/3700 948/948/3701 736/736/3702
f 948/948/3703 949/949/3704 736/736/3705
f 950/950/3706 913/913/3707 951/951/3708
f 913/913/3709 915/915/3710 951/951/3711
f 952/952/3712 953/953/3713 954/954/3714
f 953/953/3715 955/955/3716 954/954/3717
f 891/891/3718 892/892/3719 956/956/3720
f 892/892/3721 957/957/3722 956/956/3723
f 958/958/3724 959/959/3725 960/960/3726
f 959/959/3727 961/961/3728 960/960/3729
f 959/959/3730 962/962/3731 961/961/3732
f 962/962/3733 963/963/3734 961/961/3735
f 962/962/3736 964/964/3737 963/963/3738
f 964/964/3739 965/965/3740 963/963/3741
f 965/965/3742 964/964/3743 966/966/3744
f 964/964/3745 967/967/3746 966/966/3747
f 966/966/3748 967/967/3749 968/968/3750
f 967/967/3751 969/969/3752 968/968/3753
f 968/968/3754 969/969/3755 970/970/3756
f 969/969/3757 971/971/3758 970/970/3759
f 972/972/3760 916/916/3761 973/973/3762
f 916/916/3763 914/914/3764 973/973/3765
f 882/882/3766 881/881/3767 974/974/3768
f 881/881/3769 975/975/3770 974/974/3771
f 631/631/3772 629/629/3773 633/633/3774
f 629/629/3775 976/976/3776 633/633/3777
f 633/633/3778 976/976/3779 977/977/3780
f 976/976/3781 978/978/3782 977/977/3783
f 977/977/3784 978/978/3785 979/979/3786
f 978/978/3787 980/980/3788 979/979/3789
f 979/979/3790 980/980/3791 981/981/3792
f 980/980/3793 982/982/3794 981/981/3795
f 981/981/3796 982/982/3797 983/983/3798
f 982/982/3799 984/984/3800 983/983/3801
f 983/983/3802 984/984/3803 366/366/3804
f 984/984/3805 368/368/3806 366/366/3807
f 976/976/3808 627/627/3809 978/978/3810
f 627/627/3811 625/625/3812 978/978/3813
f 978/978/3814 625/625/3815 980/980/3816
f 625/625/3817 623/623/3818 980/980/3819
f 980/980/3820 623/623/3821 982/982/3822
f 623/623/3823 985/985/3824 982/982/3825
f 982/982/3826 985/985/3827 984/984/3828
f 985/985/3829 370/370/3830 984/984/3831
f 984/984/3832 370/370/3833 368/368/3834
f 623/623/3835 620/620/3836 985/985/3837
f 620/620/3838 619/619/3839 985/985/3840
f 985/985/3841 619/619/3842 370/370/3843
f 619/619/3844 372/372/3845 370/370/3846
f 602/602/3847 904/904/3848 600/600/3849
f 904/904/3850 911/911/3851 600/600/3852
f 366/366/3853 364/364/3854 983/983/3855
f 364/364/3856 986/986/3857 983/983/3858
f 983/983/3859 986/986/3860 987/987/3861
f 986/986/3862 988/988/3863 987/987/3864
f 987/987/3865 988/988/3866 989/989/3867
f 988/988/3868 990/990/3869 989/989/3870
f 989/989/3871 990/990/3872 991/991/3873
f 990/990/3874 992/992/3875 991/991/3876
f 991/991/3877 977/977/3878 989/989/3879
f 977/977/3880 979/979/3881 989/989/3882
f 989/989/3883 979/979/3884 987/987/3885
f 979/979/3886 981/981/3887 987/987/3888
f 987/987/3889 981/981/3890 983/983/3891
f 991/991/3892 993/993/3893 977/977/3894
f 993/993/3895 994/994/3896 977/977/3897
f 977/977/3898 994/994/3899 633/633/3900
f 994/994/3901 635/635/3902 633/633/3903
f 994/994/3904 993/993/3905 635/635/3906
f 993/993/3907 344/344/3908 635/635/3909
f 635/635/3910 344/344/3911 342/342/3912
f 635/635/3913 342/342/3914 637/637/3915
f 342/342/3916 340/340/3917 637/637/3918
f 637/637/3919 340/340/3920 639/639/3921
f 340/340/3922 338/338/3923 639/639/3924
f 364/364/3925 363/363/3926 986/986/3927
f 363/363/3928 995/995/3929 986/986/3930
f 986/986/3931 995/995/3932 996/996/3933
f 995/995/3934 997/997/3935 996/996/3936
f 996/996/3937 997/997/3938 998/998/3939
f 997/997/3940 999/999/3941 998/998/3942
f 998/998/3943 999/999/3944 1000/1000/3945
f 999/999/3946 1001/1001/3947 1000/1000/3948
f 1000/1000/3949 1001/1001/3950 1002/1002/3951
f 1001/1001/3952 1003/1003/3953 1002/1002/3954
f 986/986/3955 996/996/3956 988/988/3957
f 996/996/3958 998/998/3959 988/988/3960
f 988/988/3961 998/998/3962 990/990/3963
f 998/998/3964 1000/1000/3965 990/990/3966
f 990/990/3967 1000/1000/3968 992/992/3969
f 1000/1000/3970 1004/1004/3971 992/992/3972
f 1005/1005/3973 1006/1006/3974 1007/1007/3975
f 1006/1006/3976 1008/1008/3977 1007/1007/3978
f 1008/1008/3979 1006/1006/3980 1009/1009/3981
f 1006/1006/3982 1010/1010/3983 1009/1009/3984
f 1006/1006/3985 1011/1011/3986 1010/1010/3987
f 1011/1011/3988 1012/1012/3989 1010/1010/3990
f 363/363/3991 362/362/3992 995/995/3993
f 362/362/3994 1013/1013/3995 995/995/3996
f 995/995/3997 1013/1013/3998 1014/1014/3999
f 1013/1013/4000 1015/1015/4001 1014/1014/4002
f 1014/1014/4003 1015/1015/4004 1016/1016/4005
f 1015/1015/4006 1017/1017/4007 1016/1016/4008
f 1016/1016/4009 1017/1017/4010 1018/1018/4011
f 1017/1017/4012 1019/1019/4013 1018/1018/4014
f 1018/1018/4015 1019/1019/4016 1020/1020/4017
f 1019/1019/4018 1021/1021/4019 1020/1020/4020
f 1020/1020/4021 1021/1021/4022 1022/1022/4023
f 1021/1021/4024 1023/1023/4025 1022/1022/4026
f 1022/1022/4027 1003/1003/4028 1020/1020/4029
f 1003/1003/4030 1001/1001/4031 1020/1020/4032
f 1020/1020/4033 1001/1001/4034 1018/1018/4035
f 1001/1001/4036 999/999/4037 1018/1018/4038
f 1018/1018/4039 999/999/4040 1016/1016/4041
f 999/999/4042 997/997/4043 1016/1016/4044
f 1016/1016/4045 997/997/4046 1014/1014/4047
f 997/997/4048 995/995/4049 1014/1014/4050
f 1024/1024/4051 1025/1025/4052 1026/1026/4053
f 1025/1025/4054 1027/1027/4055 1026/1026/4056
f 1025/1025/4057 1028/1028/4058 1027/1027/4059
f 1028/1028/4060 1029/1029/4061 1027/1027/4062
f 1028/1028/4063 1030/1030/4064 1029/1029/4065
f 1030/1030/4066 1031/1031/4067 1029/1029/4068
f 1031/1031/4069 1030/1030/4070 1032/1032/4071
f 1030/1030/4072 1033/1033/4073 1032/1032/4074
f 1032/1032/4075 1033/1033/4076 1034/1034/4077
f 1033/1033/4078 1035/1035/4079 1034/1034/4080
f 1034/1034/4081 1035/1035/4082 1036/1036/4083
f 1035/1035/4084 1037/1037/4085 1036/1036/4086
f 362/362/4087 361/361/4088 1013/1013/4089
f 361/361/4090 1038/1038/4091 1013/1013/4092
f 1013/1013/4093 1038/1038/4094 1039/1039/4095
f 1038/1038/4096 1040/1040/4097 1039/1039/4098
f 1039/1039/4099 1040/1040/4100 1041/1041/4101
f 1040/1040/4102 1042/1042/4103 1041/1041/4104
f 1041/1041/4105 1042/1042/4106 1043/1043/4107
f 1042/1042/4108 1044/1044/4109 1043/1043/4110
f 1043/1043/4111 1044/1044/4112 1045/1045/4113
f 1044/1044/4114 1046/1046/4115 1045/1045/4116
f 1045/1045/4117 1046/1046/4118 1047/1047/4119
f 1046/1046/4120 1048/1048/4121 1047/1047/4122
f 1047/1047/4123 1048/1048/4124 1049/1049/4125
f 1048/1048/4126 1050/1050/4127 1049/1049/4128
f 1049/1049/4129 1050/1050/4130 1051/1051/4131
f 1050/1050/4132 1052/1052/4133 1051/1051/4134
f 1051/1051/4135 1052/1052/4136 1053/1053/4137
f 1052/1052/4138 1054/1054/4139 1053/1053/4140
f 1053/1053/4141 1054/1054/4142 1055/1055/4143
f 1054/1054/4144 1052/1052/4145 1056/1056/4146
f 1052/1052/4147 1057/1057/4148 1056/1056/4149
f 1056/1056/4150 1057/1057/4151 1058/1058/4152
f 1057/1057/4153 1059/1059/4154 1058/1058/4155
f 1058/1058/4156 1059/1059/4157 1060/1060/4158
f 1059/1059/4159 1061/1061/4160 1060/1060/4161
f 1060/1060/4162 1061/1061/4163 1062/1062/4164
f 1061/1061/4165 1063/1063/4166 1062/1062/4167
f 1062/1062/4168 1063/1063/4169 1064/1064/4170
f 1063/1063/4171 1065/1065/4172 1064/1064/4173
f 1064/1064/4174 1065/1065/4175 1042/1042/4176
f 1065/1065/4177 1066/1066/4178 1042/1042/4179
f 1042/1042/4180 1066/1066/4181 1044/1044/4182
f 1066/1066/4183 1067/1067/4184 1044/1044/4185
f 1044/1044/4186 1067/1067/4187 1046/1046/4188
f 1067/1067/4189 1068/1068/4190 1046/1046/4191
f 1046/1046/4192 1068/1068/4193 1048/1048/4194
f 1068/1068/4195 1050/1050/4196 1048/1048/4197
f 1050/1050/4198 1068/1068/4199 1057/1057/4200
f 1068/1068/4201 1067/1067/4202 1057/1057/4203
f 1057/1057/4204 1067/1067/4205 1059/1059/4206
f 1067/1067/4207 1066/1066/4208 1059/1059/4209
f 1059/1059/4210 1066/1066/4211 1061/1061/4212
f 1066/1066/4213 1063/1063/4214 1061/1061/4215
f 1013/1013/4216 1039/1039/4217 1015/1015/4218
f 1039/1039/4219 1041/1041/4220 1015/1015/4221
f 1015/1015/4222 1041/1041/4223 1017/1017/4224
f 1041/1041/4225 1043/1043/4226 1017/1017/4227
f 1017/1017/4228 1043/1043/4229 1045/1045/4230
f 1017/1017/4231 1045/1045/4232 1019/1019/4233
f 1045/1045/4234 1047/1047/4235 1019/1019/4236
f 1019/1019/4237 1047/1047/4238 1069/1069/4239
f 1047/1047/4240 1070/1070/4241 1069/1069/4242
f 1069/1069/4243 1070/1070/4244 1071/1071/4245
f 1070/1070/4246 1072/1072/4247 1071/1071/4248
f 1071/1071/4249 1072/1072/4250 1073/1073/4251
f 1072/1072/4252 1074/1074/4253 1073/1073/4254
f 1073/1073/4255 1074/1074/4256 1075/1075/4257
f 1074/1074/4258 1076/1076/4259 1075/1075/4260
f 1075/1075/4261 1076/1076/4262 1077/1077/4263
f 1076/1076/4264 1078/1078/4265 1077/1077/4266
f 1047/1047/4267 1079/1079/4268 1070/1070/4269
f 1079/1079/4270 1080/1080/4271 1070/1070/4272
f 1070/1070/4273 1080/1080/4274 1072/1072/4275
f 1080/1080/4276 1081/1081/4277 1072/1072/4278
f 1072/1072/4279 1081/1081/4280 1074/1074/4281
f 1081/1081/4282 1082/1082/4283 1074/1074/4284
f 1074/1074/4285 1082/1082/4286 1076/1076/4287
f 1082/1082/4288 1083/1083/4289 1076/1076/4290
f 1076/1076/4291 1083/1083/4292 1078/1078/4293
f 1047/1047/4294 1049/1049/4295 1079/1079/4296
f 1049/1049/4297 1084/1084/4298 1079/1079/4299
f 1079/1079/4300 1084/1084/4301 1085/1085/4302
f 1079/1079/4303 1085/1085/4304 1080/1080/4305
f 1085/1085/4306 1086/1086/4307 1080/1080/4308
f 1080/1080/4309 1086/1086/4310 1081/1081/4311
f 1086/1086/4312 1087/1087/4313 1081/1081/4314
f 1081/1081/4315 1087/1087/4316 1088/1088/4317
f 1081/1081/4318 1088/1088/4319 1082/1082/4320
f 1088/1088/4321 1083/1083/4322 1082/1082/4323
f 1019/1019/4324 1069/1069/4325 1021/1021/4326
f 1069/1069/4327 1071/1071/4328 1021/1021/4329
f 1021/1021/4330 1071/1071/4331 1073/1073/4332
f 1073/1073/4333 1075/1075/4334 1021/1021/4335
f 1075/1075/4336 1023/1023/4337 1021/1021/4338
f 1042/1042/4339 1040/1040/4340 1064/1064/4341
f 1040/1040/4342 1038/1038/4343 1064/1064/4344
f 1064/1064/4345 1038/1038/4346 1062/1062/4347
f 1038/1038/4348 1089/1089/4349 1062/1062/4350
f 1062/1062/4351 1089/1089/4352 1090/1090/4353
f 1089/1089/4354 1091/1091/4355 1090/1090/4356
f 1091/1091/4357 1089/1089/4358 1092/1092/4359
f 1089/1089/4360 1038/1038/4361 1092/1092/4362
f 1092/1092/4363 1038/1038/4364 361/361/4365
f 361/361/4366 360/360/4367 1092/1092/4368
f 360/360/4369 1093/1093/4370 1092/1092/4371
f 1092/1092/4372 1093/1093/4373 1091/1091/4374
f 1093/1093/4375 1094/1094/4376 1091/1091/4377
f 360/360/4378 359/359/4379 1093/1093/4380
f 359/359/4381 1095/1095/4382 1093/1093/4383
f 1093/1093/4384 1095/1095/4385 1096/1096/4386
f 359/359/4387 358/358/4388 1095/1095/4389
f 358/358/4390 1097/1097/4391 1095/1095/4392
f 1097/1097/4393 358/358/4394 1098/1098/4395
f 358/358/4396 357/357/4397 1098/1098/4398
f 885/885/4399 884/884/4400 1099/1099/4401
f 884/884/4402 1100/1100/4403 1099/1099/4404
f 884/884/4405 882/882/4406 1100/1100/4407
f 882/882/4408 1101/1101/4409 1100/1100/4410
f 882/882/4411 974/974/4412 1101/1101/4413
f 974/974/4414 1102/1102/4415 1101/1101/4416
f 1103/1103/4417 1104/1104/4418 1024/1024/4419
f 1104/1104/4420 1025/1025/4421 1024/1024/4422
f 1104/1104/4423 1105/1105/4424 1025/1025/4425
f 1105/1105/4426 1028/1028/4427 1025/1025/4428
f 1105/1105/4429 1106/1106/4430 1028/1028/4431
f 1106/1106/4432 1030/1030/4433 1028/1028/4434
f 1030/1030/4435 1106/1106/4436 1033/1033/4437
f 1106/1106/4438 1107/1107/4439 1033/1033/4440
f 1033/1033/4441 1107/1107/4442 1035/1035/4443
f 1107/1107/4444 1108/1108/4445 1035/1035/4446
f 1035/1035/4447 1108/1108/4448 1037/1037/4449
f 1108/1108/4450 1109/1109/4451 1037/1037/4452
f 1110/1110/4453 1111/1111/4454 55/55/4455
f 1111/1111/4456 1112/1112/4457 55/55/4458
f 1113/1113/4459 12/12/4460 1114/1114/4461
f 12/12/4462 10/10/4463 1114/1114/4464
f 1115/1115/4465 1116/1116/4466 1117/1117/4467
f 1116/1116/4468 1118/1118/4469 1117/1117/4470
f 1119/1119/4471 1120/1120/4472 1121/1121/4473
f 1120/1120/4474 755/755/4475 1121/1121/4476
f 1121/1121/4477 755/755/4478 751/751/4479
f 895/895/4480 1122/1122/4481 896/896/4482
f 1122/1122/4483 1123/1123/4484 896/896/4485
f 1122/1122/4486 1124/1124/4487 1123/1123/4488
f 1124/1124/4489 1125/1125/4490 1123/1123/4491
f 1125/1125/4492 1124/1124/4493 1126/1126/4494
f 1124/1124/4495 1127/1127/4496 1126/1126/4497
f 1126/1126/4498 1127/1127/4499 1128/1128/4500
f 1126/1126/4501 1128/1128/4502 1129/1129/4503
f 1128/1128/4504 1130/1130/4505 1129/1129/4506
f 1128/1128/4507 1131/1131/4508 1130/1130/4509
f 1131/1131/4510 742/742/4511 1130/1130/4512
f 859/859/4513 861/861/4514 877/877/4515
f 861/861/4516 1132/1132/4517 877/877/4518
f 877/877/4519 1132/1132/4520 878/878/4521
f 875/875/4522 1133/1133/4523 859/859/4524
f 1133/1133/4525 860/860/4526 859/859/4527
f 1134/1134/4528 757/757/4529 470/470/4530
f 757/757/4531 519/519/4532 470/470/4533
f 470/470/4534 519/519/4535 468/468/4536
f 855/855/4537 1135/1135/4538 836/836/4539
f 1135/1135/4540 825/825/4541 836/836/4542
f 661/661/4543 662/662/4544 1136/1136/4545
f 662/662/4546 1137/1137/4547 1136/1136/4548
f 472/472/4549 474/474/4550 1138/1138/4551
f 474/474/4552 1139/1139/4553 1138/1138/4554
f 474/474/4555 817/817/4556 1139/1139/4557
f 817/817/4558 1140/1140/4559 1139/1139/4560
f 817/817/4561 815/815/4562 1140/1140/4563
f 815/815/4564 1141/1141/4565 1140/1140/4566
f 762/762/4567 917/917/4568 761/761/4569
f 917/917/4570 763/763/4571 761/761/4572
f 1142/1142/4573 1143/1143/4574 1144/1144/4575
f 1143/1143/4576 1145/1145/4577 1144/1144/4578
f 1144/1144/4579 1145/1145/4580 1146/1146/4581
f 1145/1145/4582 1147/1147/4583 1146/1146/4584
f 1146/1146/4585 1147/1147/4586 1148/1148/4587
f 1143/1143/4588 1149/1149/4589 1145/1145/4590
f 1149/1149/4591 1150/1150/4592 1145/1145/4593
f 1145/1145/4594 1150/1150/4595 1147/1147/4596
f 737/737/4597 949/949/4598 739/739/4599
f 949/949/4600 948/948/4601 739/739/4602
f 739/739/4603 948/948/4604 740/740/4605
f 1148/1148/4606 1151/1151/4607 1146/1146/4608
f 1151/1151/4609 1144/1144/4610 1146/1146/4611
f 1152/1152/4612 1153/1153/4613 1154/1154/4614
f 1153/1153/4615 865/865/4616 1154/1154/4617
f 1155/1155/4618 737/737/4619 1156/1156/4620
f 737/737/4621 736/736/4622 1156/1156/4623
f 423/423/4624 1157/1157/4625 424/424/4626
f 1157/1157/4627 1158/1158/4628 424/424/4629
f 424/424/4630 1158/1158/4631 435/435/4632
f 1158/1158/4633 458/458/4634 435/435/4635
f 737/737/4636 1155/1155/4637 949/949/4638
f 1155/1155/4639 1156/1156/4640 949/949/4641
f 516/516/4642 818/818/4643 873/873/4644
f 818/818/4645 1159/1159/4646 873/873/4647
f 873/873/4648 1159/1159/4649 1160/1160/4650
f 868/868/4651 807/807/4652 867/867/4653
f 807/807/4654 811/811/4655 867/867/4656
f 867/867/4657 811/811/4658 813/813/4659
f 818/818/4660 515/515/4661 1159/1159/4662
f 515/515/4663 874/874/4664 1159/1159/4665
f 1159/1159/4666 874/874/4667 1160/1160/4668
f 836/836/4669 835/835/4670 827/827/4671
f 835/835/4672 826/826/4673 827/827/4674
f 1161/1161/4675 803/803/4676 525/525/4677
f 803/803/4678 802/802/4679 525/525/4680
f 525/525/4681 802/802/4682 527/527/4683
f 1162/1162/4684 1163/1163/4685 1118/1118/4686
f 1163/1163/4687 1164/1164/4688 1118/1118/4689
f 223/223/4690 557/557/4691 225/225/4692
f 557/557/4693 575/575/4694 225/225/4695
f 575/575/4696 557/557/4697 573/573/4698
f 557/557/4699 556/556/4700 573/573/4701
f 779/779/4702 1165/1165/4703 778/778/4704
f 1165/1165/4705 1166/1166/4706 778/778/4707
f 830/830/4708 1167/1167/4709 831/831/4710
f 1167/1167/4711 843/843/4712 831/831/4713
f 1168/1168/4714 1169/1169/4715 1166/1166/4716
f 1169/1169/4717 782/782/4718 1166/1166/4719
f 1166/1166/4720 782/782/4721 778/778/4722
f 1170/1170/4723 846/846/4724 894/894/4725
f 846/846/4726 841/841/4727 894/894/4728
f 894/894/4729 841/841/4730 462/462/4731
f 1171/1171/4732 1172/1172/4733 1173/1173/4734
f 1172/1172/4735 1174/1174/4736 1173/1173/4737
f 1173/1173/4738 1174/1174/4739 1175/1175/4740
f 1174/1174/4741 1176/1176/4742 1175/1175/4743
f 1172/1172/4744 1177/1177/4745 1174/1174/4746
f 1177/1177/4747 1178/1178/4748 1174/1174/4749
f 1174/1174/4750 1178/1178/4751 1176/1176/4752
f 1172/1172/4753 1179/1179/4754 1177/1177/4755
f 1179/1179/4756 1180/1180/4757 1177/1177/4758
f 1177/1177/4759 1180/1180/4760 1178/1178/4761
f 838/838/4762 910/910/4763 1181/1181/4764
f 910/910/4765 909/909/4766 1181/1181/4767
f 1181/1181/4768 909/909/4769 1182/1182/4770
f 1183/1183/4771 1184/1184/4772 1185/1185/4773
f 1184/1184/4774 1186/1186/4775 1185/1185/4776
f 1114/1114/4777 1187/1187/4778 1113/1113/4779
f 1187/1187/4780 1188/1188/4781 1113/1113/4782
f 822/822/4783 1189/1189/4784 820/820/4785
f 1189/1189/4786 1190/1190/4787 820/820/4788
f 1191/1191/4789 1192/1192/4790 56/56/4791
f 1192/1192/4792 57/57/4793 56/56/4794
f 1193/1193/4795 1194/1194/4796 1137/1137/4797
f 1194/1194/4798 1136/1136/4799 1137/1137/4800
f 827/827/4801 825/825/4802 856/856/4803
f 825/825/4804 1135/1135/4805 856/856/4806
f 856/856/4807 1135/1135/4808 854/854/4809
f 808/808/4810 807/807/4811 893/893/4812
f 807/807/4813 868/868/4814 893/893/4815
f 840/840/4816 838/838/4817 908/908/4818
f 838/838/4819 1181/1181/4820 908/908/4821
f 908/908/4822 1181/1181/4823 1182/1182/4824
f 516/516/4825 514/514/4826 818/818/4827
f 514/514/4828 819/819/4829 818/818/4830
f 311/311/4831 543/543/4832 201/201/4833
f 543/543/4834 1195/1195/4835 201/201/4836
f 543/543/4837 541/541/4838 1195/1195/4839
f 541/541/4840 612/612/4841 1195/1195/4842
f 1195/1195/4843 612/612/4844 1196/1196/4845
f 612/612/4846 614/614/4847 1196/1196/4848
f 816/816/4849 817/817/4850 475/475/4851
f 817/817/4852 474/474/4853 475/475/4854
f 1197/1197/4855 1198/1198/4856 1199/1199/4857
f 1198/1198/4858 1200/1200/4859 1199/1199/4860
f 1199/1199/4861 1200/1200/4862 1201/1201/4863
f 1200/1200/4864 1202/1202/4865 1201/1201/4866
f 1200/1200/4867 1203/1203/4868 1202/1202/4869
f 1203/1203/4870 1204/1204/4871 1202/1202/4872
f 1119/1119/4873 1121/1121/4874 1205/1205/4875
f 1121/1121/4876 751/751/4877 1205/1205/4878
f 1205/1205/4879 751/751/4880 752/752/4881
f 250/250/4882 249/249/4883 251/251/4884
f 249/249/4885 1206/1206/4886 251/251/4887
f 251/251/4888 1206/1206/4889 252/252/4890
f 1206/1206/4891 1207/1207/4892 252/252/4893
f 252/252/4894 1207/1207/4895 1208/1208/4896
f 1207/1207/4897 1209/1209/4898 1208/1208/4899
f 1208/1208/4900 1209/1209/4901 1210/1210/4902
f 1209/1209/4903 1211/1211/4904 1210/1210/4905
f 1210/1210/4906 1211/1211/4907 1212/1212/4908
f 1211/1211/4909 1213/1213/4910 1212/1212/4911
f 1212/1212/4912 1213/1213/4913 1214/1214/4914
f 1213/1213/4915 1215/1215/4916 1214/1214/4917
f 1214/1214/4918 1215/1215/4919 258/258/4920
f 1215/1215/4921 1216/1216/4922 258/258/4923
f 258/258/4924 1216/1216/4925 260/260/4926
f 1216/1216/4927 262/262/4928 260/260/4929
f 258/258/4930 256/256/4931 1214/1214/4932
f 256/256/4933 254/254/4934 1214/1214/4935
f 1214/1214/4936 254/254/4937 1212/1212/4938
f 254/254/4939 253/253/4940 1212/1212/4941
f 1212/1212/4942 253/253/4943 1210/1210/4944
f 253/253/4945 252/252/4946 1210/1210/4947
f 1210/1210/4948 252/252/4949 1208/1208/4950
f 1209/1209/4951 1207/1207/4952 1217/1217/4953
f 1207/1207/4954 1218/1218/4955 1217/1217/4956
f 1217/1217/4957 1218/1218/4958 228/228/4959
f 1218/1218/4960 226/226/4961 228/228/4962
f 1207/1207/4963 1206/1206/4964 1218/1218/4965
f 1206/1206/4966 1219/1219/4967 1218/1218/4968
f 1218/1218/4969 1219/1219/4970 226/226/4971
f 1219/1219/4972 224/224/4973 226/226/4974
f 1206/1206/4975 249/249/4976 1219/1219/4977
f 249/249/4978 222/222/4979 1219/1219/4980
f 1219/1219/4981 222/222/4982 224/224/4983
f 1220/1220/4984 1221/1221/4985 1222/1222/4986
f 1221/1221/4987 1223/1223/4988 1222/1222/4989
f 1222/1222/4990 1223/1223/4991 1224/1224/4992
f 1223/1223/4993 1225/1225/4994 1224/1224/4995
f 1224/1224/4996 1225/1225/4997 1226/1226/4998
f 1225/1225/4999 1227/1227/5000 1226/1226/5001
f 1226/1226/5002 1227/1227/5003 1228/1228/5004
f 1227/1227/5005 1229/1229/5006 1228/1228/5007
f 1228/1228/5008 1229/1229/5009 1230/1230/5010
f 1229/1229/5011 1231/1231/5012 1230/1230/5013
f 1220/1220/5014 1232/1232/5015 1221/1221/5016
f 1232/1232/5017 1233/1233/5018 1221/1221/5019
f 1221/1221/5020 1233/1233/5021 1223/1223/5022
f 1233/1233/5023 1234/1234/5024 1223/1223/5025
f 1223/1223/5026 1234/1234/5027 1225/1225/5028
f 1234/1234/5029 1235/1235/5030 1225/1225/5031
f 1225/1225/5032 1235/1235/5033 1236/1236/5034
f 1235/1235/5035 1237/1237/5036 1236/1236/5037
f 1236/1236/5038 1237/1237/5039 1238/1238/5040
f 1237/1237/5041 1239/1239/5042 1238/1238/5043
f 1238/1238/5044 1239/1239/5045 1240/1240/5046
f 1225/1225/5047 1236/1236/5048 1227/1227/5049
f 1236/1236/5050 1241/1241/5051 1227/1227/5052
f 1227/1227/5053 1241/1241/5054 1229/1229/5055
f 1241/1241/5056 1242/1242/5057 1229/1229/5058
f 1229/1229/5059 1242/1242/5060 1231/1231/5061
f 1236/1236/5062 1238/1238/5063 1241/1241/5064
f 1238/1238/5065 1243/1243/5066 1241/1241/5067
f 1241/1241/5068 1243/1243/5069 1244/1244/5070
f 1243/1243/5071 1245/1245/5072 1244/1244/5073
f 1238/1238/5074 1240/1240/5075 1243/1243/5076
f 1240/1240/5077 1246/1246/5078 1243/1243/5079
f 1243/1243/5080 1246/1246/5081 1245/1245/5082
f 1220/1220/5083 1247/1247/5084 1232/1232/5085
f 1247/1247/5086 1248/1248/5087 1232/1232/5088
f 1232/1232/5089 1248/1248/5090 1249/1249/5091
f 1248/1248/5092 1250/1250/5093 1249/1249/5094
f 1249/1249/5095 1250/1250/5096 1251/1251/5097
f 1251/1251/5098 1252/1252/5099 1249/1249/5100
f 1252/1252/5101 1233/1233/5102 1249/1249/5103
f 1249/1249/5104 1233/1233/5105 1232/1232/5106
f 1252/1252/5107 1253/1253/5108 1233/1233/5109
f 1253/1253/5110 1254/1254/5111 1233/1233/5112
f 1233/1233/5113 1254/1254/5114 1234/1234/5115
f 1254/1254/5116 1237/1237/5117 1234/1234/5118
f 1234/1234/5119 1237/1237/5120 1235/1235/5121
f 1252/1252/5122 1255/1255/5123 1253/1253/5124
f 1255/1255/5125 1256/1256/5126 1253/1253/5127
f 1253/1253/5128 1256/1256/5129 1254/1254/5130
f 1256/1256/5131 1257/1257/5132 1254/1254/5133
f 1254/1254/5134 1257/1257/5135 1237/1237/5136
f 1257/1257/5137 1239/1239/5138 1237/1237/5139
f 1255/1255/5140 1252/1252/5141 1258/1258/5142
f 1252/1252/5143 1251/1251/5144 1258/1258/5145
f 1244/1244/5146 1259/1259/5147 1241/1241/5148
f 1259/1259/5149 1242/1242/5150 1241/1241/5151
f 1260/1260/5152 1261/1261/5153 1262/1262/5154
f 1261/1261/5155 1263/1263/5156 1262/1262/5157
f 1262/1262/5158 1263/1263/5159 1264/1264/5160
f 1263/1263/5161 1265/1265/5162 1264/1264/5163
f 1264/1264/5164 1265/1265/5165 1266/1266/5166
f 1265/1265/5167 1267/1267/5168 1266/1266/5169
f 1266/1266/5170 1267/1267/5171 1268/1268/5172
f 1267/1267/5173 1269/1269/5174 1268/1268/5175
f 1262/1262/5176 1264/1264/5177 1270/1270/5178
f 1264/1264/5179 1271/1271/5180 1270/1270/5181
f 1270/1270/5182 1271/1271/5183 1272/1272/5184
f 1271/1271/5185 1273/1273/5186 1272/1272/5187
f 1272/1272/5188 1273/1273/5189 1274/1274/5190
f 1273/1273/5191 1275/1275/5192 1274/1274/5193
f 1274/1274/5194 1275/1275/5195 1276/1276/5196
f 1275/1275/5197 1277/1277/5198 1276/1276/5199
f 1276/1276/5200 1277/1277/5201 1278/1278/5202
f 1277/1277/5203 1279/1279/5204 1278/1278/5205
f 1278/1278/5206 1279/1279/5207 1280/1280/5208
f 1279/1279/5209 1281/1281/5210 1280/1280/5211
f 1280/1280/5212 1281/1281/5213 1282/1282/5214
f 1281/1281/5215 1283/1283/5216 1282/1282/5217
f 1282/1282/5218 1283/1283/5219 1268/1268/5220
f 1283/1283/5221 1266/1266/5222 1268/1268/5223
f 1281/1281/5224 1279/1279/5225 1284/1284/5226
f 1279/1279/5227 1275/1275/5228 1284/1284/5229
f 1284/1284/5230 1275/1275/5231 1285/1285/5232
f 1275/1275/5233 1273/1273/5234 1285/1285/5235
f 1285/1285/5236 1273/1273/5237 1286/1286/5238
f 1273/1273/5239 1271/1271/5240 1286/1286/5241
f 1286/1286/5242 1271/1271/5243 1264/1264/5244
f 1264/1264/5245 1266/1266/5246 1286/1286/5247
f 1266/1266/5248 1283/1283/5249 1286/1286/5250
f 1286/1286/5251 1283/1283/5252 1285/1285/5253
f 1283/1283/5254 1284/1284/5255 1285/1285/5256
f 1262/1262/5257 1270/1270/5258 1260/1260/5259
f 1270/1270/5260 1287/1287/5261 1260/1260/5262
f 1270/1270/5263 1272/1272/5264 1287/1287/5265
f 1272/1272/5266 1288/1288/5267 1287/1287/5268
f 1263/1263/5269 1289/1289/5270 1265/1265/5271
f 1289/1289/5272 1290/1290/5273 1265/1265/5274
f 1265/1265/5275 1290/1290/5276 1267/1267/5277
f 1290/1290/5278 1291/1291/5279 1267/1267/5280
f 1267/1267/5281 1291/1291/5282 1269/1269/5283
f 1291/1291/5284 1292/1292/5285 1269/1269/5286
f 1292/1292/5287 1291/1291/5288 1293/1293/5289
f 1291/1291/5290 1290/1290/5291 1293/1293/5292
f 1293/1293/5293 1290/1290/5294 1294/1294/5295
f 1290/1290/5296 1289/1289/5297 1294/1294/5298
f 1295/1295/5299 1296/1296/5300 1297/1297/5301
f 1296/1296/5302 1298/1298/5303 1297/1297/5304
f 1297/1297/5305 1298/1298/5306 1299/1299/5307
f 1298/1298/5308 1300/1300/5309 1299/1299/5310
f 1299/1299/5311 1300/1300/5312 1301/1301/5313
f 1300/1300/5314 1302/1302/5315 1301/1301/5316
f 1301/1301/5317 1302/1302/5318 1303/1303/5319
f 1302/1302/5320 1304/1304/5321 1303/1303/5322
f 1303/1303/5323 1304/1304/5324 1305/1305/5325
f 1304/1304/5326 1306/1306/5327 1305/1305/5328
f 1305/1305/5329 1306/1306/5330 1307/1307/5331
f 1306/1306/5332 1308/1308/5333 1307/1307/5334
f 1307/1307/5335 1308/1308/5336 1309/1309/5337
f 1308/1308/5338 1310/1310/5339 1309/1309/5340
f 1309/1309/5341 1310/1310/5342 1311/1311/5343
f 1310/1310/5344 1312/1312/5345 1311/1311/5346
f 1311/1311/5347 1312/1312/5348 1313/1313/5349
f 1312/1312/5350 1314/1314/5351 1313/1313/5352
f 1313/1313/5353 1314/1314/5354 1315/1315/5355
f 1314/1314/5356 1316/1316/5357 1315/1315/5358
f 1315/1315/5359 1316/1316/5360 1317/1317/5361
f 1316/1316/5362 1318/1318/5363 1317/1317/5364
f 1317/1317/5365 1318/1318/5366 1319/1319/5367
f 1318/1318/5368 1320/1320/5369 1319/1319/5370
f 1319/1319/5371 1320/1320/5372 1321/1321/5373
f 1320/1320/5374 1322/1322/5375 1321/1321/5376
f 1321/1321/5377 1322/1322/5378 1323/1323/5379
f 1322/1322/5380 1324/1324/5381 1323/1323/5382
f 1323/1323/5383 1324/1324/5384 1325/1325/5385
f 1324/1324/5386 1326/1326/5387 1325/1325/5388
f 1325/1325/5389 1326/1326/5390 1327/1327/5391
f 1326/1326/5392 1328/1328/5393 1327/1327/5394
f 1327/1327/5395 1328/1328/5396 1319/1319/5397
f 1328/1328/5398 1317/1317/5399 1319/1319/5400
f 1315/1315/5401 1317/1317/5402 1329/1329/5403
f 1317/1317/5404 1328/1328/5405 1329/1329/5406
f 1329/1329/5407 1328/1328/5408 1330/1330/5409
f 1328/1328/5410 1326/1326/5411 1330/1330/5412
f 1330/1330/5413 1326/1326/5414 1331/1331/5415
f 1326/1326/5416 1332/1332/5417 1331/1331/5418
f 1331/1331/5419 1332/1332/5420 1333/1333/5421
f 1332/1332/5422 1334/1334/5423 1333/1333/5424
f 1333/1333/5425 1334/1334/5426 1335/1335/5427
f 1334/1334/5428 1336/1336/5429 1335/1335/5430
f 1335/1335/5431 1336/1336/5432 1337/1337/5433
f 1336/1336/5434 1338/1338/5435 1337/1337/5436
f 1337/1337/5437 1338/1338/5438 1299/1299/5439
f 1338/1338/5440 1339/1339/5441 1299/1299/5442
f 1299/1299/5443 1339/1339/5444 1297/1297/5445
f 1339/1339/5446 1310/1310/5447 1297/1297/5448
f 1297/1297/5449 1310/1310/5450 1295/1295/5451
f 1310/1310/5452 1340/1340/5453 1295/1295/5454
f 1295/1295/5455 1340/1340/5456 1341/1341/5457
f 1340/1340/5458 1342/1342/5459 1341/1341/5460
f 1341/1341/5461 1342/1342/5462 1343/1343/5463
f 1342/1342/5464 1306/1306/5465 1343/1343/5466
f 1343/1343/5467 1306/1306/5468 1304/1304/5469
f 1299/1299/5470 1301/1301/5471 1337/1337/5472
f 1301/1301/5473 1303/1303/5474 1337/1337/5475
f 1337/1337/5476 1303/1303/5477 1335/1335/5478
f 1303/1303/5479 1305/1305/5480 1335/1335/5481
f 1335/1335/5482 1305/1305/5483 1333/1333/5484
f 1305/1305/5485 1307/1307/5486 1333/1333/5487
f 1333/1333/5488 1307/1307/5489 1344/1344/5490
f 1307/1307/5491 1309/1309/5492 1344/1344/5493
f 1344/1344/5494 1309/1309/5495 1345/1345/5496
f 1309/1309/5497 1313/1313/5498 1345/1345/5499
f 1345/1345/5500 1313/1313/5501 1315/1315/5502
f 1333/1333/5503 1344/1344/5504 1331/1331/5505
f 1344/1344/5506 1346/1346/5507 1331/1331/5508
f 1331/1331/5509 1346/1346/5510 1330/1330/5511
f 1346/1346/5512 1315/1315/5513 1330/1330/5514
f 1330/1330/5515 1315/1315/5516 1329/1329/5517
f 1315/1315/5518 1346/1346/5519 1345/1345/5520
f 1346/1346/5521 1344/1344/5522 1345/1345/5523
f 1310/1310/5524 1308/1308/5525 1340/1340/5526
f 1308/1308/5527 1306/1306/5528 1340/1340/5529
f 1340/1340/5530 1306/1306/5531 1342/1342/5532
f 1326/1326/5533 1324/1324/5534 1332/1332/5535
f 1324/1324/5536 1322/1322/5537 1332/1332/5538
f 1332/1332/5539 1322/1322/5540 1334/1334/5541
f 1322/1322/5542 1320/1320/5543 1334/1334/5544
f 1334/1334/5545 1320/1320/5546 1336/1336/5547
f 1320/1320/5548 1318/1318/5549 1336/1336/5550
f 1336/1336/5551 1318/1318/5552 1347/1347/5553
f 1318/1318/5554 1316/1316/5555 1347/1347/5556
f 1347/1347/5557 1316/1316/5558 1314/1314/5559
f 1336/1336/5560 1347/1347/5561 1338/1338/5562
f 1347/1347/5563 1312/1312/5564 1338/1338/5565
f 1338/1338/5566 1312/1312/5567 1339/1339/5568
f 1312/1312/5569 1310/1310/5570 1339/1339/5571
f 1304/1304/5572 1302/1302/5573 1343/1343/5574
f 1302/1302/5575 1348/1348/5576 1343/1343/5577
f 1343/1343/5578 1348/1348/5579 1341/1341/5580
f 1348/1348/5581 1302/1302/5582 1349/1349/5583
f 1302/1302/5584 1350/1350/5585 1349/1349/5586
f 1302/1302/5587 1300/1300/5588 1350/1350/5589
f 1300/1300/5590 1296/1296/5591 1350/1350/5592
f 1323/1323/5593 1325/1325/5594 1321/1321/5595
f 1325/1325/5596 1319/1319/5597 1321/1321/5598
f 1351/1351/5599 1352/1352/5600 1353/1353/5601
f 1352/1352/5602 1354/1354/5603 1353/1353/5604
f 1353/1353/5605 1354/1354/5606 523/523/5607
f 1354/1354/5608 1355/1355/5609 523/523/5610
f 523/523/5611 1355/1355/5612 522/522/5613
f 1355/1355/5614 1356/1356/5615 522/522/5616
f 522/522/5617 1356/1356/5618 1357/1357/5619
f 1356/1356/5620 1358/1358/5621 1357/1357/5622
f 1357/1357/5623 1358/1358/5624 1359/1359/5625
f 1358/1358/5626 1360/1360/5627 1359/1359/5628
f 1359/1359/5629 1360/1360/5630 1361/1361/5631
f 1360/1360/5632 1362/1362/5633 1361/1361/5634
f 1361/1361/5635 1362/1362/5636 1363/1363/5637
f 1362/1362/5638 1364/1364/5639 1363/1363/5640
f 1363/1363/5641 1364/1364/5642 1365/1365/5643
f 1364/1364/5644 1366/1366/5645 1365/1365/5646
f 1365/1365/5647 1366/1366/5648 1367/1367/5649
f 1366/1366/5650 1368/1368/5651 1367/1367/5652
f 1367/1367/5653 1368/1368/5654 1369/1369/5655
f 1368/1368/5656 1370/1370/5657 1369/1369/5658
f 1369/1369/5659 1370/1370/5660 1371/1371/5661
f 1370/1370/5662 1372/1372/5663 1371/1371/5664
f 1371/1371/5665 1372/1372/5666 1373/1373/5667
f 1372/1372/5668 1374/1374/5669 1373/1373/5670
f 1373/1373/5671 1374/1374/5672 1375/1375/5673
f 1374/1374/5674 1376/1376/5675 1375/1375/5676
f 1375/1375/5677 1376/1376/5678 1377/1377/5679
f 1376/1376/5680 1378/1378/5681 1377/1377/5682
f 1377/1377/5683 1378/1378/5684 1379/1379/5685
f 1378/1378/5686 1380/1380/5687 1379/1379/5688
f 1379/1379/5689 1380/1380/5690 1381/1381/5691
f 1380/1380/5692 1382/1382/5693 1381/1381/5694
f 1381/1381/5695 1382/1382/5696 1383/1383/5697
f 1382/1382/5698 1360/1360/5699 1383/1383/5700
f 1383/1383/5701 1360/1360/5702 1358/1358/5703
f 1375/1375/5704 1379/1379/5705 1373/1373/5706
f 1379/1379/5707 1381/1381/5708 1373/1373/5709
f 1373/1373/5710 1381/1381/5711 1371/1371/5712
f 1381/1381/5713 1383/1383/5714 1371/1371/5715
f 1371/1371/5716 1383/1383/5717 1384/1384/5718
f 1383/1383/5719 1358/1358/5720 1384/1384/5721
f 1384/1384/5722 1358/1358/5723 1385/1385/5724
f 1358/1358/5725 1355/1355/5726 1385/1385/5727
f 1385/1385/5728 1355/1355/5729 1354/1354/5730
f 1384/1384/5731 1385/1385/5732 1386/1386/5733
f 1385/1385/5734 1354/1354/5735 1386/1386/5736
f 1386/1386/5737 1354/1354/5738 1387/1387/5739
f 1354/1354/5740 1352/1352/5741 1387/1387/5742
f 1387/1387/5743 1352/1352/5744 1388/1388/5745
f 1352/1352/5746 1351/1351/5747 1388/1388/5748
f 1388/1388/5749 1351/1351/5750 1389/1389/5751
f 1351/1351/5752 1390/1390/5753 1389/1389/5754
f 1389/1389/5755 1390/1390/5756 1391/1391/5757
f 1390/1390/5758 936/936/5759 1391/1391/5760
f 1391/1391/5761 936/936/5762 1357/1357/5763
f 936/936/5764 522/522/5765 1357/1357/5766
f 1389/1389/5767 1363/1363/5768 1388/1388/5769
f 1363/1363/5770 1365/1365/5771 1388/1388/5772
f 1388/1388/5773 1365/1365/5774 1387/1387/5775
f 1365/1365/5776 1367/1367/5777 1387/1387/5778
f 1387/1387/5779 1367/1367/5780 1369/1369/5781
f 1387/1387/5782 1369/1369/5783 1386/1386/5784
f 1369/1369/5785 1384/1384/5786 1386/1386/5787
f 1360/1360/5788 1382/1382/5789 1362/1362/5790
f 1382/1382/5791 1392/1392/5792 1362/1362/5793
f 1362/1362/5794 1392/1392/5795 1393/1393/5796
f 1392/1392/5797 1394/1394/5798 1393/1393/5799
f 1393/1393/5800 1394/1394/5801 1366/1366/5802
f 1394/1394/5803 1395/1395/5804 1366/1366/5805
f 1366/1366/5806 1395/1395/5807 1396/1396/5808
f 1395/1395/5809 1397/1397/5810 1396/1396/5811
f 1396/1396/5812 1397/1397/5813 1398/1398/5814
f 1398/1398/5815 1399/1399/5816 1396/1396/5817
f 1399/1399/5818 1400/1400/5819 1396/1396/5820
f 1396/1396/5821 1400/1400/5822 1366/1366/5823
f 1400/1400/5824 1401/1401/5825 1366/1366/5826
f 1366/1366/5827 1401/1401/5828 1368/1368/5829
f 1401/1401/5830 1370/1370/5831 1368/1368/5832
f 1370/1370/5833 1401/1401/5834 1402/1402/5835
f 1401/1401/5836 1400/1400/5837 1402/1402/5838
f 1402/1402/5839 1400/1400/5840 1399/1399/5841
f 1397/1397/5842 1395/1395/5843 1403/1403/5844
f 1395/1395/5845 1394/1394/5846 1403/1403/5847
f 1403/1403/5848 1394/1394/5849 1392/1392/5850
f 1389/1389/5851 1391/1391/5852 1363/1363/5853
f 1391/1391/5854 1361/1361/5855 1363/1363/5856
f 1361/1361/5857 1391/1391/5858 1359/1359/5859
f 1391/1391/5860 1357/1357/5861 1359/1359/5862
f 1376/1376/5863 1404/1404/5864 1378/1378/5865
f 1404/1404/5866 1380/1380/5867 1378/1378/5868
f 1404/1404/5869 1405/1405/5870 1380/1380/5871
f 1405/1405/5872 1382/1382/5873 1380/1380/5874
f 1362/1362/5875 1393/1393/5876 1364/1364/5877
f 1393/1393/5878 1366/1366/5879 1364/1364/5880
f 296/296/5881 294/294/5882 1406/1406/5883
f 294/294/5884 1407/1407/5885 1406/1406/5886
f 1406/1406/5887 1407/1407/5888 1408/1408/5889
f 1407/1407/5890 283/283/5891 1408/1408/5892
f 1408/1408/5893 283/283/5894 282/282/5895
f 282/282/5896 300/300/5897 1408/1408/5898
f 300/300/5899 1409/1409/5900 1408/1408/5901
f 1408/1408/5902 1409/1409/5903 1406/1406/5904
f 1409/1409/5905 296/296/5906 1406/1406/5907
f 296/296/5908 1409/1409/5909 298/298/5910
f 1409/1409/5911 300/300/5912 298/298/5913
f 294/294/5914 284/284/5915 1407/1407/5916
f 284/284/5917 283/283/5918 1407/1407/5919
f 1410/1410/5920 1411/1411/5921 1412/1412/5922
f 1411/1411/5923 1413/1413/5924 1412/1412/5925
f 1412/1412/5926 1413/1413/5927 1414/1414/5928
f 1413/1413/5929 1415/1415/5930 1414/1414/5931
f 1414/1414/5932 1415/1415/5933 1416/1416/5934
f 1415/1415/5935 1417/1417/5936 1416/1416/5937
f 1416/1416/5938 1417/1417/5939 1418/1418/5940
f 1417/1417/5941 1419/1419/5942 1418/1418/5943
f 1418/1418/5944 1419/1419/5945 1420/1420/5946
f 1419/1419/5947 1421/1421/5948 1420/1420/5949
f 1420/1420/5950 1421/1421/5951 1422/1422/5952
f 1421/1421/5953 1423/1423/5954 1422/1422/5955
f 1411/1411/5956 1424/1424/5957 1413/1413/5958
f 1424/1424/5959 1425/1425/5960 1413/1413/5961
f 1413/1413/5962 1425/1425/5963 1415/1415/5964
f 1425/1425/5965 1426/1426/5966 1415/1415/5967
f 1415/1415/5968 1426/1426/5969 1417/1417/5970
f 1426/1426/5971 1419/1419/5972 1417/1417/5973
f 1419/1419/5974 1426/1426/5975 1421/1421/5976
f 1426/1426/5977 1427/1427/5978 1421/1421/5979
f 1421/1421/5980 1427/1427/5981 1423/1423/5982
f 1427/1427/5983 1428/1428/5984 1423/1423/5985
f 1427/1427/5986 1426/1426/5987 1428/1428/5988
f 1426/1426/5989 1425/1425/5990 1428/1428/5991
f 1422/1422/5992 1429/1429/5993 1420/1420/5994
f 1429/1429/5995 1418/1418/5996 1420/1420/5997
f 1429/1429/5998 1430/1430/5999 1418/1418/6000
f 1430/1430/6001 1431/1431/6002 1418/1418/6003
f 1418/1418/6004 1431/1431/6005 1416/1416/6006
f 1431/1431/6007 1432/1432/6008 1416/1416/6009
f 1416/1416/6010 1432/1432/6011 1414/1414/6012
f 1432/1432/6013 1412/1412/6014 1414/1414/6015
f 1430/1430/6016 1433/1433/6017 1431/1431/6018
f 1433/1433/6019 1434/1434/6020 1431/1431/6021
f 1431/1431/6022 1434/1434/6023 1432/1432/6024
f 1434/1434/6025 1435/1435/6026 1432/1432/6027
f 1432/1432/6028 1435/1435/6029 1436/1436/6030
f 1435/1435/6031 1437/1437/6032 1436/1436/6033
f 1436/1436/6034 1437/1437/6035 1410/1410/6036
f 1410/1410/6037 1412/1412/6038 1436/1436/6039
f 1412/1412/6040 1432/1432/6041 1436/1436/6042
f 1430/1430/6043 1438/1438/6044 1433/1433/6045
f 1438/1438/6046 1439/1439/6047 1433/1433/6048
f 1433/1433/6049 1439/1439/6050 1440/1440/6051
f 1439/1439/6052 1441/1441/6053 1440/1440/6054
f 1440/1440/6055 1441/1441/6056 1442/1442/6057
f 1442/1442/6058 1443/1443/6059 1440/1440/6060
f 1443/1443/6061 1434/1434/6062 1440/1440/6063
f 1440/1440/6064 1434/1434/6065 1433/1433/6066
f 1438/1438/6067 1444/1444/6068 1439/1439/6069
f 1444/1444/6070 1441/1441/6071 1439/1439/6072
f 202/202/6073 1445/1445/6074 1446/1446/6075
f 1445/1445/6076 618/618/6077 1446/1446/6078
f 1446/1446/6079 618/618/6080 196/196/6081
f 196/196/6082 198/198/6083 1446/1446/6084
f 198/198/6085 200/200/6086 1446/1446/6087
f 1446/1446/6088 200/200/6089 202/202/6090
f 530/530/6091 303/303/6092 302/302/6093
f 561/561/6094 263/263/6095 265/265/6096
f 299/299/6097 301/301/6098 302/302/6099
f 496/496/6100 492/492/6101 1447/1447/6102
f 1096/1096/6103 1094/1094/6104 1093/1093/6105
f 498/498/6106 486/486/6107 510/510/6108
f 1284/1284/6109 1283/1283/6110 1281/1281/6111
f 1288/1288/6112 1272/1272/6113 1274/1274/6114
f 1448/1448/6115 748/748/6116 746/746/6117
f 1134/1134/6118 471/471/6119 757/757/6120
f 1449/1449/6121 763/763/6122 917/917/6123
f 1449/1449/6124 765/765/6125 763/763/6126
f 1450/1450/6127 768/768/6128 767/767/6129
f 1450/1450/6130 769/769/6131 768/768/6132
f 1168/1168/6133 1166/1166/6134 1165/1165/6135
f 1451/1451/6136 775/775/6137 773/773/6138
f 1452/1452/6139 787/787/6140 785/785/6141
f 1452/1452/6142 798/798/6143 787/787/6144
f 1161/1161/6145 524/524/6146 803/803/6147
f 1170/1170/6148 847/847/6149 846/846/6150
f 1453/1453/6151 1454/1454/6152 1455/1455/6153
f 858/858/6154 446/446/6155 447/447/6156
f 910/910/6157 839/839/6158 840/840/6159
f 1456/1456/6160 1457/1457/6161 1458/1458/6162
f 854/854/6163 1135/1135/6164 855/855/6165
f 1160/1160/6166 874/874/6167 873/873/6168
f 813/813/6169 812/812/6170 867/867/6171
f 1459/1459/6172 1460/1460/6173 1461/1461/6174
f 767/767/6175 769/769/6176 1450/1450/6177
f 1462/1462/6178 1463/1463/6179 1464/1464/6180
f 785/785/6181 798/798/6182 1452/1452/6183
f 525/525/6184 524/524/6185 1161/1161/6186
f 894/894/6187 847/847/6188 1170/1170/6189
f 799/799/6190 800/800/6191 801/801/6192
f 804/804/6193 805/805/6194 806/806/6195
f 460/460/6196 842/842/6197 461/461/6198
f 513/513/6199 819/819/6200 514/514/6201
f 810/810/6202 808/808/6203 893/893/6204
f 824/824/6205 826/826/6206 835/835/6207
f 908/908/6208 1182/1182/6209 909/909/6210
f 738/738/6211 740/740/6212 948/948/6213
f 1156/1156/6214 736/736/6215 949/949/6216
f 356/356/6217 445/445/6218 355/355/6219
f 765/765/6220 1449/1449/6221 917/917/6222
f 471/471/6223 1134/1134/6224 470/470/6225
f 518/518/6226 517/517/6227 758/758/6228
f 760/760/6229 759/759/6230 766/766/6231
f 449/449/6232 448/448/6233 467/467/6234
f 1379/1379/6235 1375/1375/6236 1377/1377/6237
f 369/369/6238 371/371/6239 373/373/6240
f 537/537/6241 604/604/6242 606/606/6243
f 321/321/6244 139/139/6245 137/137/6246
f 676/676/6247 685/685/6248 677/677/6249
f 675/675/6250 670/670/6251 671/671/6252
f 156/156/6253 154/154/6254 153/153/6255
f 457/457/6256 458/458/6257 1158/1158/6258
f 443/443/6259 442/442/6260 444/444/6261
f 121/121/6262 119/119/6263 162/162/6264
f 1313/1313/6265 1309/1309/6266 1311/1311/6267
f 376/376/6268 609/609/6269 608/608/6270
f 1443/1443/6271 1435/1435/6272 1434/1434/6273
f 307/307/6274 590/590/6275 309/309/6276
f 567/567/6277 581/581/6278 562/562/6279
f 899/899/6280 901/901/6281 900/900/6282
f 1011/1011/6283 1465/1465/6284 1012/1012/6285
f 1203/1203/6286 1466/1466/6287 1204/1204/6288
f 1153/1153/6289 863/863/6290 865/865/6291
f 447/447/6292 445/445/6293 353/353/6294
f 1116/1116/6295 1162/1162/6296 1118/1118/6297
f 855/855/6298 836/836/6299 827/827/6300
f 976/976/6301 629/629/6302 627/627/6303
f 172/172/6304 174/174/6305 1467/1467/6306
f 185/185/6307 183/183/6308 187/187/6309
f 1002/1002/6310 1004/1004/6311 1000/1000/6312
f 1063/1063/6313 1066/1066/6314 1065/1065/6315
f 1062/1062/6316 1090/1090/6317 1060/1060/6318
f 1077/1077/6319 1023/1023/6320 1075/1075/6321
f 1050/1050/6322 1057/1057/6323 1052/1052/6324
f 1049/1049/6325 1051/1051/6326 1084/1084/6327
f 1312/1312/6328 1347/1347/6329 1314/1314/6330
f 1296/1296/6331 1300/1300/6332 1298/1298/6333
f 1325/1325/6334 1327/1327/6335 1319/1319/6336
f 188/188/6337 617/617/6338 621/621/6339
f 1275/1275/6340 1279/1279/6341 1277/1277/6342
f 212/212/6343 214/214/6344 287/287/6345
f 1405/1405/6346 1392/1392/6347 1382/1382/6348
f 54/54/6349 1110/1110/6350 55/55/6351
f 1355/1355/6352 1358/1358/6353 1356/1356/6354
f 1369/1369/6355 1371/1371/6356 1384/1384/6357
f 1131/1131/6358 744/744/6359 742/742/6360
