# This file uses centimeters as units for non-parametric coordinates.

mtllib Windmill.mtl
g default
v 1130.283810 103.688763 -937.623125
v 1117.427153 103.688763 -962.855782
v 1097.402326 103.688763 -982.880515
v 1072.169739 103.688763 -995.737219
v 1044.199121 103.688763 -1000.167311
v 1016.228503 103.688763 -995.737219
v 990.995822 103.688763 -982.880515
v 970.971089 103.688763 -962.855759
v 958.114338 103.688763 -937.623101
v 953.684153 103.688763 -909.652483
v 958.114338 103.688763 -881.681865
v 970.971089 103.688763 -856.449219
v 990.995822 103.688763 -836.424486
v 1016.228503 103.688763 -823.567800
v 1044.199121 103.688763 -819.137708
v 1072.169739 103.688763 -823.567800
v 1097.402326 103.688763 -836.424486
v 1117.427153 103.688763 -856.449219
v 1130.283810 103.688763 -881.681877
v 1134.713832 103.688763 -909.652483
v 1130.283810 124.641482 -937.623125
v 1117.427153 124.641482 -962.855782
v 1097.402326 124.641482 -982.880515
v 1072.169739 124.641482 -995.737219
v 1044.199121 124.641482 -1000.167311
v 1016.228503 124.641482 -995.737219
v 990.995822 124.641482 -982.880515
v 970.971089 124.641482 -962.855759
v 958.114338 124.641482 -937.623101
v 953.684153 124.641482 -909.652483
v 958.114338 124.641482 -881.681865
v 970.971089 124.641482 -856.449219
v 990.995822 124.641482 -836.424486
v 1016.228503 124.641482 -823.567800
v 1044.199121 124.641482 -819.137708
v 1072.169739 124.641482 -823.567800
v 1097.402326 124.641482 -836.424486
v 1117.427153 124.641482 -856.449219
v 1130.283810 124.641482 -881.681877
v 1134.713832 124.641482 -909.652483
v 1061.416059 124.641482 -904.058355
v 1062.302068 124.641482 -909.652483
v 1061.416059 124.641482 -915.246611
v 1058.844699 124.641482 -920.293159
v 1054.839809 124.641482 -924.298102
v 1049.793109 124.641482 -926.869433
v 1044.199121 124.641482 -927.755436
v 1038.604876 124.641482 -926.869433
v 1033.558433 124.641482 -924.298085
v 1029.553449 124.641482 -920.293136
v 1026.982183 124.641482 -915.246611
v 1026.096174 124.641482 -909.652483
v 1026.982183 124.641482 -904.058355
v 1029.553449 124.641482 -899.011830
v 1033.558433 124.641482 -895.006884
v 1038.604876 124.641482 -892.435545
v 1044.199121 124.641482 -891.549531
v 1049.793109 124.641482 -892.435545
v 1054.839809 124.641482 -895.006884
v 1058.844699 124.641482 -899.011830
v 1061.416059 103.688763 -904.058355
v 1058.844699 103.688763 -899.011830
v 1054.839809 103.688763 -895.006884
v 1049.793109 103.688763 -892.435545
v 1044.199121 103.688763 -891.549531
v 1038.604876 103.688763 -892.435545
v 1033.558433 103.688763 -895.006884
v 1029.553449 103.688763 -899.011830
v 1026.982183 103.688763 -904.058355
v 1026.096174 103.688763 -909.652483
v 1026.982183 103.688763 -915.246611
v 1029.553449 103.688763 -920.293136
v 1033.558433 103.688763 -924.298085
v 1038.604876 103.688763 -926.869433
v 1044.199121 103.688763 -927.755459
v 1049.793109 103.688763 -926.869433
v 1054.839809 103.688763 -924.298102
v 1058.844699 103.688763 -920.293159
v 1061.416059 103.688763 -915.246611
v 1062.302068 103.688763 -909.652483
v 1129.594679 128.624081 -937.623125
v 1116.738022 128.624081 -962.855782
v 1096.713195 128.624081 -982.880515
v 1071.480608 128.624081 -995.737219
v 1043.509990 128.624081 -1000.167311
v 1015.539372 128.624081 -995.737219
v 990.306691 128.624081 -982.880515
v 970.281958 128.624081 -962.855759
v 957.425207 128.624081 -937.623101
v 952.995022 128.624081 -909.652483
v 957.425207 128.624081 -881.681865
v 970.281958 128.624081 -856.449219
v 990.306691 128.624081 -836.424486
v 1015.539372 128.624081 -823.567800
v 1043.509990 128.624081 -819.137708
v 1071.480608 128.624081 -823.567800
v 1096.713195 128.624081 -836.424486
v 1116.738022 128.624081 -856.449219
v 1129.594679 128.624081 -881.681877
v 1134.024700 128.624081 -909.652483
v 1129.594679 149.576800 -937.623125
v 1116.738022 149.576800 -962.855782
v 1096.713195 149.576800 -982.880515
v 1071.480608 149.576800 -995.737219
v 1043.509990 149.576800 -1000.167311
v 1015.539372 149.576800 -995.737219
v 990.306691 149.576800 -982.880515
v 970.281958 149.576800 -962.855759
v 957.425207 149.576800 -937.623101
v 952.995022 149.576800 -909.652483
v 957.425207 149.576800 -881.681865
v 970.281958 149.576800 -856.449219
v 990.306691 149.576800 -836.424486
v 1015.539372 149.576800 -823.567800
v 1043.509990 149.576800 -819.137708
v 1071.480608 149.576800 -823.567800
v 1096.713195 149.576800 -836.424486
v 1116.738022 149.576800 -856.449219
v 1129.594679 149.576800 -881.681877
v 1134.024700 149.576800 -909.652483
v 1060.726928 149.576800 -904.058355
v 1061.612937 149.576800 -909.652483
v 1060.726928 149.576800 -915.246611
v 1058.155568 149.576800 -920.293159
v 1054.150678 149.576800 -924.298102
v 1049.103978 149.576800 -926.869433
v 1043.509990 149.576800 -927.755436
v 1037.915745 149.576800 -926.869433
v 1032.869302 149.576800 -924.298085
v 1028.864318 149.576800 -920.293136
v 1026.293052 149.576800 -915.246611
v 1025.407043 149.576800 -909.652483
v 1026.293052 149.576800 -904.058355
v 1028.864318 149.576800 -899.011830
v 1032.869302 149.576800 -895.006884
v 1037.915745 149.576800 -892.435545
v 1043.509990 149.576800 -891.549531
v 1049.103978 149.576800 -892.435545
v 1054.150678 149.576800 -895.006884
v 1058.155568 149.576800 -899.011830
v 1060.726928 128.624081 -904.058355
v 1058.155568 128.624081 -899.011830
v 1054.150678 128.624081 -895.006884
v 1049.103978 128.624081 -892.435545
v 1043.509990 128.624081 -891.549531
v 1037.915745 128.624081 -892.435545
v 1032.869302 128.624081 -895.006884
v 1028.864318 128.624081 -899.011830
v 1026.293052 128.624081 -904.058355
v 1025.407043 128.624081 -909.652483
v 1026.293052 128.624081 -915.246611
v 1028.864318 128.624081 -920.293136
v 1032.869302 128.624081 -924.298085
v 1037.915745 128.624081 -926.869433
v 1043.509990 128.624081 -927.755459
v 1049.103978 128.624081 -926.869433
v 1054.150678 128.624081 -924.298102
v 1058.155568 128.624081 -920.293159
v 1060.726928 128.624081 -915.246611
v 1061.612937 128.624081 -909.652483
v 1044.453980 118.194474 -1002.038878
v 1041.500320 112.392327 -1004.396877
v 1036.899933 107.787732 -1006.268211
v 1031.103082 104.831419 -1007.469678
v 1024.677209 103.812744 -1007.883633
v 1018.251335 104.831419 -1007.469678
v 1012.454507 107.787743 -1006.268211
v 1007.854097 112.392339 -1004.396877
v 1004.900437 118.194474 -1002.038878
v 1044.453980 151.432996 -1118.204550
v 1041.500320 145.630884 -1120.562596
v 1036.899933 141.026289 -1122.433789
v 1031.103082 138.069964 -1123.635396
v 1024.677209 137.051277 -1124.049399
v 1018.251335 138.069964 -1123.635396
v 1012.454507 141.026289 -1122.433789
v 1007.854097 145.630884 -1120.562596
v 1004.900437 151.432996 -1118.204550
v 1044.453980 124.253688 -1000.416254
v 1041.500320 118.451554 -1002.774207
v 1036.899933 113.846958 -1004.645540
v 1031.103082 110.890645 -1005.847007
v 1024.677209 109.871958 -1006.260963
v 1018.251335 110.890645 -1005.847007
v 1012.454507 113.846970 -1004.645540
v 1007.854097 118.451554 -1002.774207
v 1004.900437 124.253700 -1000.416254
v 1044.453980 157.492234 -1116.581926
v 1041.500320 151.690099 -1118.939879
v 1036.899933 147.085504 -1120.811165
v 1031.103082 144.129179 -1122.012679
v 1024.677209 143.110515 -1122.426682
v 1018.251335 144.129179 -1122.012679
v 1012.454507 147.085504 -1120.811165
v 1007.854097 151.690099 -1118.939879
v 1004.900437 157.492234 -1116.581926
v 98.004694 -24.404540 -645.491121
v 1274.728217 -24.404540 -645.491121
v 98.004694 -2.551166 -645.491121
v 1274.728217 -2.551166 -645.491121
v 98.004694 -2.551166 -1109.717128
v 1274.728217 -2.551166 -1109.717128
v 98.004694 -24.404540 -1109.717128
v 1274.728217 -24.404540 -1109.717128
v 98.004694 257.294468 -645.491121
v 1274.728217 257.294468 -645.491121
v 98.004694 279.147844 -645.491121
v 1274.728217 279.147844 -645.491121
v 98.004694 279.147844 -1109.717128
v 1274.728217 279.147844 -1109.717128
v 98.004694 257.294468 -1109.717128
v 1274.728217 257.294468 -1109.717128
v 1007.944481 297.723054 -860.477665
v 996.353398 297.723054 -846.663949
v 1007.944481 598.539686 -860.477665
v 996.353398 598.539686 -846.663949
v 1009.676895 598.539686 -859.024004
v 998.085811 598.539686 -845.210288
v 1009.676895 297.723054 -859.024004
v 998.085811 297.723054 -845.210288
v 991.226109 297.723054 -840.553463
v 979.635026 297.723054 -826.739747
v 991.226109 598.539686 -840.553463
v 979.635026 598.539686 -826.739747
v 992.958522 598.539686 -839.099802
v 981.367439 598.539686 -825.286086
v 992.958522 297.723054 -839.099802
v 981.367439 297.723054 -825.286086
v 975.468583 297.723054 -821.774384
v 963.877500 297.723054 -807.960668
v 975.468583 598.539686 -821.774384
v 963.877500 598.539686 -807.960668
v 977.200997 598.539686 -820.320723
v 965.609913 598.539686 -806.507007
v 977.200997 297.723054 -820.320723
v 965.609913 297.723054 -806.507007
v 960.194357 297.723054 -803.571280
v 948.603273 297.723054 -789.757564
v 960.194357 598.539686 -803.571280
v 948.603273 598.539686 -789.757564
v 961.926770 598.539686 -802.117619
v 950.335686 598.539686 -788.303903
v 961.926770 297.723054 -802.117619
v 950.335686 297.723054 -788.303903
v 942.324596 572.375944 -786.329560
v 943.006292 571.922524 -785.757513
v 943.547291 571.216233 -785.303579
v 943.894663 570.326319 -785.012084
v 944.014365 569.339849 -784.911646
v 943.894663 568.353379 -785.012084
v 943.547291 567.463466 -785.303579
v 943.006292 566.757221 -785.757513
v 942.324596 566.303754 -786.329560
v 941.568880 566.147533 -786.963656
v 940.813211 566.303754 -787.597752
v 940.131468 566.757221 -788.169799
v 939.590469 567.463466 -788.623757
v 939.243098 568.353379 -788.915204
v 939.123395 569.339849 -789.015642
v 939.243098 570.326319 -788.915204
v 939.590469 571.216233 -788.623757
v 940.131468 571.922477 -788.169799
v 940.813211 572.375944 -787.597752
v 941.568880 572.532165 -786.963656
v 1027.647000 572.375944 -888.012865
v 1028.328720 571.922524 -887.440818
v 1028.869742 571.216233 -886.986860
v 1029.217090 570.326319 -886.695389
v 1029.336769 569.339849 -886.594975
v 1029.217090 568.353379 -886.695389
v 1028.869742 567.463466 -886.986860
v 1028.328720 566.757221 -887.440818
v 1027.647000 566.303754 -888.012865
v 1026.891307 566.147533 -888.646961
v 1026.135615 566.303754 -889.281057
v 1025.453895 566.757221 -889.853104
v 1024.912873 567.463466 -890.307062
v 1024.565549 568.353379 -890.598509
v 1024.445846 569.339849 -890.698947
v 1024.565549 570.326319 -890.598509
v 1024.912873 571.216233 -890.307062
v 1025.453895 571.922477 -889.853104
v 1026.135615 572.375944 -889.281057
v 1026.891307 572.532165 -888.646961
v 941.568880 569.339849 -786.963656
v 1026.891307 569.339849 -888.646961
v 942.324596 523.345797 -786.329560
v 943.006292 522.892377 -785.757513
v 943.547291 522.186086 -785.303579
v 943.894663 521.296172 -785.012084
v 944.014365 520.309702 -784.911646
v 943.894663 519.323232 -785.012084
v 943.547291 518.433319 -785.303579
v 943.006292 517.727074 -785.757513
v 942.324596 517.273607 -786.329560
v 941.568880 517.117386 -786.963656
v 940.813211 517.273607 -787.597752
v 940.131468 517.727074 -788.169799
v 939.590469 518.433319 -788.623757
v 939.243098 519.323232 -788.915204
v 939.123395 520.309702 -789.015642
v 939.243098 521.296172 -788.915204
v 939.590469 522.186086 -788.623757
v 940.131468 522.892331 -788.169799
v 940.813211 523.345797 -787.597752
v 941.568880 523.502018 -786.963656
v 1027.647000 523.345797 -888.012865
v 1028.328720 522.892377 -887.440818
v 1028.869742 522.186086 -886.986860
v 1029.217090 521.296172 -886.695389
v 1029.336769 520.309702 -886.594975
v 1029.217090 519.323232 -886.695389
v 1028.869742 518.433319 -886.986860
v 1028.328720 517.727074 -887.440818
v 1027.647000 517.273607 -888.012865
v 1026.891307 517.117386 -888.646961
v 1026.135615 517.273607 -889.281057
v 1025.453895 517.727074 -889.853104
v 1024.912873 518.433319 -890.307062
v 1024.565549 519.323232 -890.598509
v 1024.445846 520.309702 -890.698947
v 1024.565549 521.296172 -890.598509
v 1024.912873 522.186086 -890.307062
v 1025.453895 522.892331 -889.853104
v 1026.135615 523.345797 -889.281057
v 1026.891307 523.502018 -888.646961
v 941.568880 520.309702 -786.963656
v 1026.891307 520.309702 -888.646961
v 942.324596 474.315651 -786.329560
v 943.006292 473.862231 -785.757513
v 943.547291 473.155939 -785.303579
v 943.894663 472.266026 -785.012084
v 944.014365 471.279555 -784.911646
v 943.894663 470.293085 -785.012084
v 943.547291 469.403172 -785.303579
v 943.006292 468.696927 -785.757513
v 942.324596 468.243460 -786.329560
v 941.568880 468.087239 -786.963656
v 940.813211 468.243460 -787.597752
v 940.131468 468.696927 -788.169799
v 939.590469 469.403172 -788.623757
v 939.243098 470.293085 -788.915204
v 939.123395 471.279555 -789.015642
v 939.243098 472.266026 -788.915204
v 939.590469 473.155939 -788.623757
v 940.131468 473.862184 -788.169799
v 940.813211 474.315651 -787.597752
v 941.568880 474.471872 -786.963656
v 1027.647000 474.315651 -888.012865
v 1028.328720 473.862231 -887.440818
v 1028.869742 473.155939 -886.986860
v 1029.217090 472.266026 -886.695389
v 1029.336769 471.279555 -886.594975
v 1029.217090 470.293085 -886.695389
v 1028.869742 469.403172 -886.986860
v 1028.328720 468.696927 -887.440818
v 1027.647000 468.243460 -888.012865
v 1026.891307 468.087239 -888.646961
v 1026.135615 468.243460 -889.281057
v 1025.453895 468.696927 -889.853104
v 1024.912873 469.403172 -890.307062
v 1024.565549 470.293085 -890.598509
v 1024.445846 471.279555 -890.698947
v 1024.565549 472.266026 -890.598509
v 1024.912873 473.155939 -890.307062
v 1025.453895 473.862184 -889.853104
v 1026.135615 474.315651 -889.281057
v 1026.891307 474.471872 -888.646961
v 941.568880 471.279555 -786.963656
v 1026.891307 471.279555 -888.646961
v 942.324596 425.285504 -786.329560
v 943.006292 424.832084 -785.757513
v 943.547291 424.125792 -785.303579
v 943.894663 423.235879 -785.012084
v 944.014365 422.249409 -784.911646
v 943.894663 421.262938 -785.012084
v 943.547291 420.373025 -785.303579
v 943.006292 419.666780 -785.757513
v 942.324596 419.213314 -786.329560
v 941.568880 419.057092 -786.963656
v 940.813211 419.213314 -787.597752
v 940.131468 419.666780 -788.169799
v 939.590469 420.373025 -788.623757
v 939.243098 421.262938 -788.915204
v 939.123395 422.249409 -789.015642
v 939.243098 423.235879 -788.915204
v 939.590469 424.125792 -788.623757
v 940.131468 424.832037 -788.169799
v 940.813211 425.285504 -787.597752
v 941.568880 425.441725 -786.963656
v 1027.647000 425.285504 -888.012865
v 1028.328720 424.832084 -887.440818
v 1028.869742 424.125792 -886.986860
v 1029.217090 423.235879 -886.695389
v 1029.336769 422.249409 -886.594975
v 1029.217090 421.262938 -886.695389
v 1028.869742 420.373025 -886.986860
v 1028.328720 419.666780 -887.440818
v 1027.647000 419.213314 -888.012865
v 1026.891307 419.057092 -888.646961
v 1026.135615 419.213314 -889.281057
v 1025.453895 419.666780 -889.853104
v 1024.912873 420.373025 -890.307062
v 1024.565549 421.262938 -890.598509
v 1024.445846 422.249409 -890.698947
v 1024.565549 423.235879 -890.598509
v 1024.912873 424.125792 -890.307062
v 1025.453895 424.832037 -889.853104
v 1026.135615 425.285504 -889.281057
v 1026.891307 425.441725 -888.646961
v 941.568880 422.249409 -786.963656
v 1026.891307 422.249409 -888.646961
v 942.324596 376.255357 -786.329560
v 943.006292 375.801937 -785.757513
v 943.547291 375.095645 -785.303579
v 943.894663 374.205732 -785.012084
v 944.014365 373.219262 -784.911646
v 943.894663 372.232768 -785.012084
v 943.547291 371.342855 -785.303579
v 943.006292 370.636610 -785.757513
v 942.324596 370.183167 -786.329560
v 941.568880 370.026922 -786.963656
v 940.813211 370.183167 -787.597752
v 940.131468 370.636610 -788.169799
v 939.590469 371.342855 -788.623757
v 939.243098 372.232768 -788.915204
v 939.123395 373.219262 -789.015642
v 939.243098 374.205732 -788.915204
v 939.590469 375.095645 -788.623757
v 940.131468 375.801890 -788.169799
v 940.813211 376.255357 -787.597752
v 941.568880 376.411578 -786.963656
v 1027.647000 376.255357 -888.012865
v 1028.328720 375.801937 -887.440818
v 1028.869742 375.095645 -886.986860
v 1029.217090 374.205732 -886.695389
v 1029.336769 373.219262 -886.594975
v 1029.217090 372.232768 -886.695389
v 1028.869742 371.342855 -886.986860
v 1028.328720 370.636610 -887.440818
v 1027.647000 370.183167 -888.012865
v 1026.891307 370.026922 -888.646961
v 1026.135615 370.183167 -889.281057
v 1025.453895 370.636610 -889.853104
v 1024.912873 371.342855 -890.307062
v 1024.565549 372.232768 -890.598509
v 1024.445846 373.219262 -890.698947
v 1024.565549 374.205732 -890.598509
v 1024.912873 375.095645 -890.307062
v 1025.453895 375.801890 -889.853104
v 1026.135615 376.255357 -889.281057
v 1026.891307 376.411578 -888.646961
v 941.568880 373.219262 -786.963656
v 1026.891307 373.219262 -888.646961
v 942.324596 327.225210 -786.329560
v 943.006292 326.771767 -785.757513
v 943.547291 326.065522 -785.303579
v 943.894663 325.175609 -785.012084
v 944.014365 324.189115 -784.911646
v 943.894663 323.202621 -785.012084
v 943.547291 322.312708 -785.303579
v 943.006292 321.606463 -785.757513
v 942.324596 321.153020 -786.329560
v 941.568880 320.996775 -786.963656
v 940.813211 321.153020 -787.597752
v 940.131468 321.606463 -788.169799
v 939.590469 322.312708 -788.623757
v 939.243098 323.202621 -788.915204
v 939.123395 324.189115 -789.015642
v 939.243098 325.175609 -788.915204
v 939.590469 326.065522 -788.623757
v 940.131468 326.771767 -788.169799
v 940.813211 327.225210 -787.597752
v 941.568880 327.381455 -786.963656
v 1027.647000 327.225210 -888.012865
v 1028.328720 326.771767 -887.440818
v 1028.869742 326.065522 -886.986860
v 1029.217090 325.175609 -886.695389
v 1029.336769 324.189115 -886.594975
v 1029.217090 323.202621 -886.695389
v 1028.869742 322.312708 -886.986860
v 1028.328720 321.606463 -887.440818
v 1027.647000 321.153020 -888.012865
v 1026.891307 320.996775 -888.646961
v 1026.135615 321.153020 -889.281057
v 1025.453895 321.606463 -889.853104
v 1024.912873 322.312708 -890.307062
v 1024.565549 323.202621 -890.598509
v 1024.445846 324.189115 -890.698947
v 1024.565549 325.175609 -890.598509
v 1024.912873 326.065522 -890.307062
v 1025.453895 326.771767 -889.853104
v 1026.135615 327.225210 -889.281057
v 1026.891307 327.381455 -888.646961
v 941.568880 324.189115 -786.963656
v 1026.891307 324.189115 -888.646961
v 1102.418095 297.723054 -913.030420
v 1120.450623 297.723054 -913.030420
v 1102.418095 598.539686 -913.030420
v 1120.450623 598.539686 -913.030420
v 1102.418095 598.539686 -915.291921
v 1120.450623 598.539686 -915.291921
v 1102.418095 297.723054 -915.291921
v 1120.450623 297.723054 -915.291921
v 1128.427299 297.723054 -913.030420
v 1146.459827 297.723054 -913.030420
v 1128.427299 598.539686 -913.030420
v 1146.459827 598.539686 -913.030420
v 1128.427299 598.539686 -915.291921
v 1146.459827 598.539686 -915.291921
v 1128.427299 297.723054 -915.291921
v 1146.459827 297.723054 -915.291921
v 1152.941624 297.723054 -913.030420
v 1170.974152 297.723054 -913.030420
v 1152.941624 598.539686 -913.030420
v 1170.974152 598.539686 -913.030420
v 1152.941624 598.539686 -915.291921
v 1170.974152 598.539686 -915.291921
v 1152.941624 297.723054 -915.291921
v 1170.974152 297.723054 -915.291921
v 1176.704115 297.723054 -913.030420
v 1194.736643 297.723054 -913.030420
v 1176.704115 598.539686 -913.030420
v 1194.736643 598.539686 -913.030420
v 1176.704115 598.539686 -915.291921
v 1194.736643 598.539686 -915.291921
v 1176.704115 297.723054 -915.291921
v 1194.736643 297.723054 -915.291921
v 1201.398508 572.375944 -910.424126
v 1201.398508 571.922524 -911.314045
v 1201.398508 571.216233 -912.020290
v 1201.398508 570.326319 -912.473727
v 1201.398508 569.339849 -912.629972
v 1201.398508 568.353379 -912.473727
v 1201.398508 567.463466 -912.020290
v 1201.398508 566.757221 -911.314045
v 1201.398508 566.303754 -910.424120
v 1201.398508 566.147533 -909.437638
v 1201.398508 566.303754 -908.451156
v 1201.398508 566.757221 -907.561231
v 1201.398508 567.463466 -906.854986
v 1201.398508 568.353379 -906.401555
v 1201.398508 569.339849 -906.245310
v 1201.398508 570.326319 -906.401555
v 1201.398508 571.216233 -906.854986
v 1201.398508 571.922477 -907.561231
v 1201.398508 572.375944 -908.451156
v 1201.398508 572.532165 -909.437638
v 1068.660375 572.375944 -910.424126
v 1068.660375 571.922524 -911.314045
v 1068.660375 571.216233 -912.020290
v 1068.660375 570.326319 -912.473727
v 1068.660375 569.339849 -912.629972
v 1068.660375 568.353379 -912.473727
v 1068.660375 567.463466 -912.020290
v 1068.660375 566.757221 -911.314045
v 1068.660375 566.303754 -910.424120
v 1068.660375 566.147533 -909.437638
v 1068.660375 566.303754 -908.451156
v 1068.660375 566.757221 -907.561231
v 1068.660375 567.463466 -906.854986
v 1068.660375 568.353379 -906.401555
v 1068.660375 569.339849 -906.245310
v 1068.660375 570.326319 -906.401555
v 1068.660375 571.216233 -906.854986
v 1068.660375 571.922477 -907.561231
v 1068.660375 572.375944 -908.451156
v 1068.660375 572.532165 -909.437638
v 1201.398508 569.339849 -909.437638
v 1068.660375 569.339849 -909.437638
v 1201.398508 523.345797 -910.424126
v 1201.398508 522.892377 -911.314045
v 1201.398508 522.186086 -912.020290
v 1201.398508 521.296172 -912.473727
v 1201.398508 520.309702 -912.629972
v 1201.398508 519.323232 -912.473727
v 1201.398508 518.433319 -912.020290
v 1201.398508 517.727074 -911.314045
v 1201.398508 517.273607 -910.424120
v 1201.398508 517.117386 -909.437638
v 1201.398508 517.273607 -908.451156
v 1201.398508 517.727074 -907.561231
v 1201.398508 518.433319 -906.854986
v 1201.398508 519.323232 -906.401555
v 1201.398508 520.309702 -906.245310
v 1201.398508 521.296172 -906.401555
v 1201.398508 522.186086 -906.854986
v 1201.398508 522.892331 -907.561231
v 1201.398508 523.345797 -908.451156
v 1201.398508 523.502018 -909.437638
v 1068.660375 523.345797 -910.424126
v 1068.660375 522.892377 -911.314045
v 1068.660375 522.186086 -912.020290
v 1068.660375 521.296172 -912.473727
v 1068.660375 520.309702 -912.629972
v 1068.660375 519.323232 -912.473727
v 1068.660375 518.433319 -912.020290
v 1068.660375 517.727074 -911.314045
v 1068.660375 517.273607 -910.424120
v 1068.660375 517.117386 -909.437638
v 1068.660375 517.273607 -908.451156
v 1068.660375 517.727074 -907.561231
v 1068.660375 518.433319 -906.854986
v 1068.660375 519.323232 -906.401555
v 1068.660375 520.309702 -906.245310
v 1068.660375 521.296172 -906.401555
v 1068.660375 522.186086 -906.854986
v 1068.660375 522.892331 -907.561231
v 1068.660375 523.345797 -908.451156
v 1068.660375 523.502018 -909.437638
v 1201.398508 520.309702 -909.437638
v 1068.660375 520.309702 -909.437638
v 1201.398508 474.315651 -910.424126
v 1201.398508 473.862231 -911.314045
v 1201.398508 473.155939 -912.020290
v 1201.398508 472.266026 -912.473727
v 1201.398508 471.279555 -912.629972
v 1201.398508 470.293085 -912.473727
v 1201.398508 469.403172 -912.020290
v 1201.398508 468.696927 -911.314045
v 1201.398508 468.243460 -910.424120
v 1201.398508 468.087239 -909.437638
v 1201.398508 468.243460 -908.451156
v 1201.398508 468.696927 -907.561231
v 1201.398508 469.403172 -906.854986
v 1201.398508 470.293085 -906.401555
v 1201.398508 471.279555 -906.245310
v 1201.398508 472.266026 -906.401555
v 1201.398508 473.155939 -906.854986
v 1201.398508 473.862184 -907.561231
v 1201.398508 474.315651 -908.451156
v 1201.398508 474.471872 -909.437638
v 1068.660375 474.315651 -910.424126
v 1068.660375 473.862231 -911.314045
v 1068.660375 473.155939 -912.020290
v 1068.660375 472.266026 -912.473727
v 1068.660375 471.279555 -912.629972
v 1068.660375 470.293085 -912.473727
v 1068.660375 469.403172 -912.020290
v 1068.660375 468.696927 -911.314045
v 1068.660375 468.243460 -910.424120
v 1068.660375 468.087239 -909.437638
v 1068.660375 468.243460 -908.451156
v 1068.660375 468.696927 -907.561231
v 1068.660375 469.403172 -906.854986
v 1068.660375 470.293085 -906.401555
v 1068.660375 471.279555 -906.245310
v 1068.660375 472.266026 -906.401555
v 1068.660375 473.155939 -906.854986
v 1068.660375 473.862184 -907.561231
v 1068.660375 474.315651 -908.451156
v 1068.660375 474.471872 -909.437638
v 1201.398508 471.279555 -909.437638
v 1068.660375 471.279555 -909.437638
v 1201.398508 425.285504 -910.424126
v 1201.398508 424.832084 -911.314045
v 1201.398508 424.125792 -912.020290
v 1201.398508 423.235879 -912.473727
v 1201.398508 422.249409 -912.629972
v 1201.398508 421.262938 -912.473727
v 1201.398508 420.373025 -912.020290
v 1201.398508 419.666780 -911.314045
v 1201.398508 419.213314 -910.424120
v 1201.398508 419.057092 -909.437638
v 1201.398508 419.213314 -908.451156
v 1201.398508 419.666780 -907.561231
v 1201.398508 420.373025 -906.854986
v 1201.398508 421.262938 -906.401555
v 1201.398508 422.249409 -906.245310
v 1201.398508 423.235879 -906.401555
v 1201.398508 424.125792 -906.854986
v 1201.398508 424.832037 -907.561231
v 1201.398508 425.285504 -908.451156
v 1201.398508 425.441725 -909.437638
v 1068.660375 425.285504 -910.424126
v 1068.660375 424.832084 -911.314045
v 1068.660375 424.125792 -912.020290
v 1068.660375 423.235879 -912.473727
v 1068.660375 422.249409 -912.629972
v 1068.660375 421.262938 -912.473727
v 1068.660375 420.373025 -912.020290
v 1068.660375 419.666780 -911.314045
v 1068.660375 419.213314 -910.424120
v 1068.660375 419.057092 -909.437638
v 1068.660375 419.213314 -908.451156
v 1068.660375 419.666780 -907.561231
v 1068.660375 420.373025 -906.854986
v 1068.660375 421.262938 -906.401555
v 1068.660375 422.249409 -906.245310
v 1068.660375 423.235879 -906.401555
v 1068.660375 424.125792 -906.854986
v 1068.660375 424.832037 -907.561231
v 1068.660375 425.285504 -908.451156
v 1068.660375 425.441725 -909.437638
v 1201.398508 422.249409 -909.437638
v 1068.660375 422.249409 -909.437638
v 1201.398508 376.255357 -910.424126
v 1201.398508 375.801937 -911.314045
v 1201.398508 375.095645 -912.020290
v 1201.398508 374.205732 -912.473727
v 1201.398508 373.219262 -912.629972
v 1201.398508 372.232768 -912.473727
v 1201.398508 371.342855 -912.020290
v 1201.398508 370.636610 -911.314045
v 1201.398508 370.183167 -910.424120
v 1201.398508 370.026922 -909.437638
v 1201.398508 370.183167 -908.451156
v 1201.398508 370.636610 -907.561231
v 1201.398508 371.342855 -906.854986
v 1201.398508 372.232768 -906.401555
v 1201.398508 373.219262 -906.245310
v 1201.398508 374.205732 -906.401555
v 1201.398508 375.095645 -906.854986
v 1201.398508 375.801890 -907.561231
v 1201.398508 376.255357 -908.451156
v 1201.398508 376.411578 -909.437638
v 1068.660375 376.255357 -910.424126
v 1068.660375 375.801937 -911.314045
v 1068.660375 375.095645 -912.020290
v 1068.660375 374.205732 -912.473727
v 1068.660375 373.219262 -912.629972
v 1068.660375 372.232768 -912.473727
v 1068.660375 371.342855 -912.020290
v 1068.660375 370.636610 -911.314045
v 1068.660375 370.183167 -910.424120
v 1068.660375 370.026922 -909.437638
v 1068.660375 370.183167 -908.451156
v 1068.660375 370.636610 -907.561231
v 1068.660375 371.342855 -906.854986
v 1068.660375 372.232768 -906.401555
v 1068.660375 373.219262 -906.245310
v 1068.660375 374.205732 -906.401555
v 1068.660375 375.095645 -906.854986
v 1068.660375 375.801890 -907.561231
v 1068.660375 376.255357 -908.451156
v 1068.660375 376.411578 -909.437638
v 1201.398508 373.219262 -909.437638
v 1068.660375 373.219262 -909.437638
v 1201.398508 327.225210 -910.424126
v 1201.398508 326.771767 -911.314045
v 1201.398508 326.065522 -912.020290
v 1201.398508 325.175609 -912.473727
v 1201.398508 324.189115 -912.629972
v 1201.398508 323.202621 -912.473727
v 1201.398508 322.312708 -912.020290
v 1201.398508 321.606463 -911.314045
v 1201.398508 321.153020 -910.424120
v 1201.398508 320.996775 -909.437638
v 1201.398508 321.153020 -908.451156
v 1201.398508 321.606463 -907.561231
v 1201.398508 322.312708 -906.854986
v 1201.398508 323.202621 -906.401555
v 1201.398508 324.189115 -906.245310
v 1201.398508 325.175609 -906.401555
v 1201.398508 326.065522 -906.854986
v 1201.398508 326.771767 -907.561231
v 1201.398508 327.225210 -908.451156
v 1201.398508 327.381455 -909.437638
v 1068.660375 327.225210 -910.424126
v 1068.660375 326.771767 -911.314045
v 1068.660375 326.065522 -912.020290
v 1068.660375 325.175609 -912.473727
v 1068.660375 324.189115 -912.629972
v 1068.660375 323.202621 -912.473727
v 1068.660375 322.312708 -912.020290
v 1068.660375 321.606463 -911.314045
v 1068.660375 321.153020 -910.424120
v 1068.660375 320.996775 -909.437638
v 1068.660375 321.153020 -908.451156
v 1068.660375 321.606463 -907.561231
v 1068.660375 322.312708 -906.854986
v 1068.660375 323.202621 -906.401555
v 1068.660375 324.189115 -906.245310
v 1068.660375 325.175609 -906.401555
v 1068.660375 326.065522 -906.854986
v 1068.660375 326.771767 -907.561231
v 1068.660375 327.225210 -908.451156
v 1068.660375 327.381455 -909.437638
v 1201.398508 324.189115 -909.437638
v 1068.660375 324.189115 -909.437638
v 1270.113452 372.922507 -1109.919874
v 1268.848767 375.335004 -1109.919874
v 1266.878959 377.249542 -1109.919874
v 1264.396862 378.478784 -1109.919874
v 1261.645435 378.902325 -1109.919874
v 1258.894007 378.478784 -1109.919874
v 1256.411910 377.249542 -1109.919874
v 1254.442102 375.335004 -1109.919874
v 1253.177417 372.922507 -1109.919874
v 1252.741626 370.248255 -1109.919874
v 1253.177417 367.574003 -1109.919874
v 1254.442102 365.161530 -1109.919874
v 1256.411910 363.246968 -1109.919874
v 1258.894007 362.017749 -1109.919874
v 1261.645435 361.594208 -1109.919874
v 1264.396862 362.017749 -1109.919874
v 1266.878959 363.246991 -1109.919874
v 1268.848767 365.161530 -1109.919874
v 1270.113452 367.574003 -1109.919874
v 1270.549244 370.248255 -1109.919874
v 1270.113452 372.922507 -1018.794400
v 1268.848767 375.335004 -1018.794400
v 1266.878959 377.249542 -1018.794400
v 1264.396862 378.478784 -1018.794400
v 1261.645435 378.902325 -1018.794400
v 1258.894007 378.478784 -1018.794400
v 1256.411910 377.249542 -1018.794400
v 1254.442102 375.335004 -1018.794400
v 1253.177417 372.922507 -1018.794400
v 1252.741626 370.248255 -1018.794400
v 1253.177417 367.574003 -1018.794400
v 1254.442102 365.161530 -1018.794400
v 1256.411910 363.246968 -1018.794400
v 1258.894007 362.017749 -1018.794400
v 1261.645435 361.594208 -1018.794400
v 1264.396862 362.017749 -1018.794400
v 1266.878959 363.246991 -1018.794400
v 1268.848767 365.161530 -1018.794400
v 1270.113452 367.574003 -1018.794400
v 1270.549244 370.248255 -1018.794400
v 1261.645435 370.248255 -1109.919874
v 1261.645435 370.248255 -1018.794400
v 1270.113452 444.404893 -1109.919874
v 1268.848767 446.817366 -1109.919874
v 1266.878959 448.731905 -1109.919874
v 1264.396862 449.961147 -1109.919874
v 1261.645435 450.384688 -1109.919874
v 1258.894007 449.961147 -1109.919874
v 1256.411910 448.731905 -1109.919874
v 1254.442102 446.817366 -1109.919874
v 1253.177417 444.404893 -1109.919874
v 1252.741626 441.730618 -1109.919874
v 1253.177417 439.056389 -1109.919874
v 1254.442102 436.643916 -1109.919874
v 1256.411910 434.729330 -1109.919874
v 1258.894007 433.500135 -1109.919874
v 1261.645435 433.076547 -1109.919874
v 1264.396862 433.500135 -1109.919874
v 1266.878959 434.729330 -1109.919874
v 1268.848767 436.643916 -1109.919874
v 1270.113452 439.056389 -1109.919874
v 1270.549244 441.730618 -1109.919874
v 1270.113452 444.404893 -1018.794400
v 1268.848767 446.817366 -1018.794400
v 1266.878959 448.731905 -1018.794400
v 1264.396862 449.961147 -1018.794400
v 1261.645435 450.384688 -1018.794400
v 1258.894007 449.961147 -1018.794400
v 1256.411910 448.731905 -1018.794400
v 1254.442102 446.817366 -1018.794400
v 1253.177417 444.404893 -1018.794400
v 1252.741626 441.730618 -1018.794400
v 1253.177417 439.056389 -1018.794400
v 1254.442102 436.643916 -1018.794400
v 1256.411910 434.729330 -1018.794400
v 1258.894007 433.500135 -1018.794400
v 1261.645435 433.076547 -1018.794400
v 1264.396862 433.500135 -1018.794400
v 1266.878959 434.729330 -1018.794400
v 1268.848767 436.643916 -1018.794400
v 1270.113452 439.056389 -1018.794400
v 1270.549244 441.730618 -1018.794400
v 1261.645435 441.730618 -1109.919874
v 1261.645435 441.730618 -1018.794400
v 1270.113452 500.512965 -1109.919874
v 1268.848767 502.925438 -1109.919874
v 1266.878959 504.840024 -1109.919874
v 1264.396862 506.069219 -1109.919874
v 1261.645435 506.492807 -1109.919874
v 1258.894007 506.069219 -1109.919874
v 1256.411910 504.840024 -1109.919874
v 1254.442102 502.925438 -1109.919874
v 1253.177417 500.512965 -1109.919874
v 1252.741626 497.838736 -1109.919874
v 1253.177417 495.164461 -1109.919874
v 1254.442102 492.751988 -1109.919874
v 1256.411910 490.837449 -1109.919874
v 1258.894007 489.608207 -1109.919874
v 1261.645435 489.184666 -1109.919874
v 1264.396862 489.608207 -1109.919874
v 1266.878959 490.837449 -1109.919874
v 1268.848767 492.751988 -1109.919874
v 1270.113452 495.164461 -1109.919874
v 1270.549244 497.838736 -1109.919874
v 1270.113452 500.512965 -1018.794400
v 1268.848767 502.925438 -1018.794400
v 1266.878959 504.840024 -1018.794400
v 1264.396862 506.069219 -1018.794400
v 1261.645435 506.492807 -1018.794400
v 1258.894007 506.069219 -1018.794400
v 1256.411910 504.840024 -1018.794400
v 1254.442102 502.925438 -1018.794400
v 1253.177417 500.512965 -1018.794400
v 1252.741626 497.838736 -1018.794400
v 1253.177417 495.164461 -1018.794400
v 1254.442102 492.751988 -1018.794400
v 1256.411910 490.837449 -1018.794400
v 1258.894007 489.608207 -1018.794400
v 1261.645435 489.184666 -1018.794400
v 1264.396862 489.608207 -1018.794400
v 1266.878959 490.837449 -1018.794400
v 1268.848767 492.751988 -1018.794400
v 1270.113452 495.164461 -1018.794400
v 1270.549244 497.838736 -1018.794400
v 1261.645435 497.838736 -1109.919874
v 1261.645435 497.838736 -1018.794400
v 1270.113452 557.632804 -1109.919874
v 1268.848767 560.045277 -1109.919874
v 1266.878959 561.959862 -1109.919874
v 1264.396862 563.189057 -1109.919874
v 1261.645435 563.612645 -1109.919874
v 1258.894007 563.189057 -1109.919874
v 1256.411910 561.959862 -1109.919874
v 1254.442102 560.045277 -1109.919874
v 1253.177417 557.632804 -1109.919874
v 1252.741626 554.958575 -1109.919874
v 1253.177417 552.284299 -1109.919874
v 1254.442102 549.871826 -1109.919874
v 1256.411910 547.957287 -1109.919874
v 1258.894007 546.728092 -1109.919874
v 1261.645435 546.304504 -1109.919874
v 1264.396862 546.728092 -1109.919874
v 1266.878959 547.957287 -1109.919874
v 1268.848767 549.871826 -1109.919874
v 1270.113452 552.284299 -1109.919874
v 1270.549244 554.958575 -1109.919874
v 1270.113452 557.632804 -1018.794400
v 1268.848767 560.045277 -1018.794400
v 1266.878959 561.959862 -1018.794400
v 1264.396862 563.189057 -1018.794400
v 1261.645435 563.612645 -1018.794400
v 1258.894007 563.189057 -1018.794400
v 1256.411910 561.959862 -1018.794400
v 1254.442102 560.045277 -1018.794400
v 1253.177417 557.632804 -1018.794400
v 1252.741626 554.958575 -1018.794400
v 1253.177417 552.284299 -1018.794400
v 1254.442102 549.871826 -1018.794400
v 1256.411910 547.957287 -1018.794400
v 1258.894007 546.728092 -1018.794400
v 1261.645435 546.304504 -1018.794400
v 1264.396862 546.728092 -1018.794400
v 1266.878959 547.957287 -1018.794400
v 1268.848767 549.871826 -1018.794400
v 1270.113452 552.284299 -1018.794400
v 1270.549244 554.958575 -1018.794400
v 1261.645435 554.958575 -1109.919874
v 1261.645435 554.958575 -1018.794400
v 1270.113452 597.566495 -1109.919874
v 1268.848767 599.978968 -1109.919874
v 1266.878959 601.893554 -1109.919874
v 1264.396862 603.122749 -1109.919874
v 1261.645435 603.546337 -1109.919874
v 1258.894007 603.122749 -1109.919874
v 1256.411910 601.893554 -1109.919874
v 1254.442102 599.978968 -1109.919874
v 1253.177417 597.566495 -1109.919874
v 1252.741626 594.892266 -1109.919874
v 1253.177417 592.217991 -1109.919874
v 1254.442102 589.805518 -1109.919874
v 1256.411910 587.890979 -1109.919874
v 1258.894007 586.661737 -1109.919874
v 1261.645435 586.238196 -1109.919874
v 1264.396862 586.661737 -1109.919874
v 1266.878959 587.890979 -1109.919874
v 1268.848767 589.805518 -1109.919874
v 1270.113452 592.217991 -1109.919874
v 1270.549244 594.892266 -1109.919874
v 1270.113452 597.566495 -1018.794400
v 1268.848767 599.978968 -1018.794400
v 1266.878959 601.893554 -1018.794400
v 1264.396862 603.122749 -1018.794400
v 1261.645435 603.546337 -1018.794400
v 1258.894007 603.122749 -1018.794400
v 1256.411910 601.893554 -1018.794400
v 1254.442102 599.978968 -1018.794400
v 1253.177417 597.566495 -1018.794400
v 1252.741626 594.892266 -1018.794400
v 1253.177417 592.217991 -1018.794400
v 1254.442102 589.805518 -1018.794400
v 1256.411910 587.890979 -1018.794400
v 1258.894007 586.661737 -1018.794400
v 1261.645435 586.238196 -1018.794400
v 1264.396862 586.661737 -1018.794400
v 1266.878959 587.890979 -1018.794400
v 1268.848767 589.805518 -1018.794400
v 1270.113452 592.217991 -1018.794400
v 1270.549244 594.892266 -1018.794400
v 1261.645435 594.892266 -1109.919874
v 1261.645435 594.892266 -1018.794400
v 1279.859434 -23.285886 -648.664523
v 1283.878165 607.399074 -648.664523
v 1230.830362 -22.990751 -648.664523
v 1234.848953 607.694403 -648.664523
v 1230.830362 -22.990751 -1124.131554
v 1234.848953 607.694403 -1124.131554
v 1279.859434 -23.285886 -1124.131554
v 1283.878165 607.399074 -1124.131554
v 1230.830362 -22.990751 -1021.583281
v 1279.859434 -23.285886 -1021.583281
v 1283.878165 607.399074 -1021.583281
v 1234.848953 607.694403 -1021.583281
v 1281.873288 292.739666 -648.664523
v 1232.844076 293.034808 -648.664523
v 1232.844076 293.034761 -1021.583305
v 1232.844076 293.034808 -1124.131554
v 1281.873288 292.739666 -1124.131554
v 1281.873288 292.739666 -1021.583281
v 1232.962142 311.560384 -1021.583305
v 1232.962142 311.560313 -648.664523
v 1281.991354 311.265172 -648.664523
v 1281.991354 311.265172 -1021.583281
v 1281.991354 311.265172 -1124.131554
v 1232.962142 311.560313 -1124.131554
v 1279.859434 -23.285886 -1108.760653
v 1230.830362 -22.990751 -1108.760653
v 1232.844076 293.034808 -1108.760653
v 1232.962142 311.560313 -1108.760700
v 1234.848953 607.694403 -1108.760653
v 1283.878165 607.399074 -1108.760653
v 1281.991354 311.265172 -1108.760653
v 1281.873288 292.739666 -1108.760653
v 1043.076746 662.354168 -1105.827615
v 776.630346 613.800540 -1105.827615
v 114.041229 -23.180453 -1089.779834
v 114.041229 -14.713207 -1081.312541
v 105.573960 -14.713207 -1089.779834
v 188.333094 -23.180453 -1089.779834
v 188.333094 -14.713207 -1081.312541
v 176.358541 -14.713207 -1081.312541
v 176.358541 -23.180453 -1089.779834
v 114.041229 -14.713137 -1130.342688
v 114.041229 -23.180429 -1121.875419
v 105.573960 -14.713137 -1121.875396
v 176.358541 -23.180453 -1121.875396
v 176.358541 -14.713207 -1130.342688
v 188.333094 -14.713207 -1130.342688
v 188.333094 -23.180453 -1121.875396
v 105.573960 289.302334 -1089.779834
v 114.041229 297.769626 -1081.312541
v 1280.811022 -23.180453 -1089.779834
v 1289.278291 -14.713207 -1089.779834
v 1280.811022 -14.713207 -1081.312541
v 1280.811022 291.782350 -1081.312541
v 1289.278291 291.782350 -1089.779834
v 1289.278291 303.756926 -1089.779834
v 1280.811022 303.756926 -1081.312541
v 1280.811022 605.333364 -1081.312541
v 1289.278291 605.333364 -1089.779834
v 1280.811022 613.800586 -1089.779834
v 1280.811022 613.800540 -1121.875419
v 1289.278291 605.333177 -1121.875396
v 1280.811022 605.333177 -1130.342688
v 1280.811022 575.907589 -1130.342688
v 1289.278291 575.907589 -1121.875396
v 1289.278291 563.933130 -1121.875396
v 1280.811022 563.933130 -1130.342688
v 1280.811022 -14.713207 -1130.342688
v 1289.278291 -14.713207 -1121.875396
v 1280.811022 -23.180453 -1121.875396
v 972.439596 -23.180453 -1089.779834
v 984.414148 -23.180453 -1089.779834
v 984.414148 -14.713207 -1081.312541
v 972.439596 -14.713207 -1081.312541
v 1015.895861 -23.180453 -1089.779834
v 1015.895861 -14.713207 -1081.312541
v 1003.921308 -14.713207 -1081.312541
v 1003.921308 -23.180453 -1089.779834
v 972.439596 -14.713207 -1130.342688
v 984.414148 -14.713207 -1130.342688
v 984.414148 -23.180453 -1121.875396
v 972.439596 -23.180453 -1121.875396
v 1003.921308 -23.180453 -1121.875396
v 1003.921308 -14.713207 -1130.342688
v 1015.895861 -14.713207 -1130.342688
v 1015.895861 -23.180453 -1121.875396
v 984.414148 303.756926 -1081.312541
v 972.439596 303.756926 -1081.312541
v 972.439596 291.782350 -1081.312541
v 984.414148 291.782350 -1081.312541
v 846.595123 -23.180523 -1089.779810
v 858.569687 -23.180523 -1089.779810
v 858.569687 -14.713207 -1081.312541
v 846.595123 -14.713207 -1081.312541
v 895.114114 -23.180523 -1089.779810
v 895.114114 -14.713207 -1081.312541
v 883.139562 -14.713207 -1081.312541
v 883.139562 -23.180523 -1089.779810
v 846.595123 -14.713230 -1130.342688
v 858.569687 -14.713277 -1130.342688
v 858.569687 -23.180523 -1121.875396
v 846.595123 -23.180523 -1121.875396
v 883.139562 -23.180523 -1121.875396
v 883.139562 -14.713277 -1130.342688
v 895.114114 -14.713277 -1130.342688
v 895.114114 -23.180523 -1121.875396
v 858.569687 303.756926 -1081.312541
v 846.595123 303.756926 -1081.312541
v 846.595123 291.782350 -1081.312541
v 858.569687 291.782350 -1081.312541
v 459.649253 -23.180523 -1089.779834
v 471.623805 -23.180523 -1089.779834
v 471.623805 -14.713230 -1081.312541
v 459.649253 -14.713230 -1081.312541
v 524.548878 -23.180453 -1089.779834
v 524.548878 -14.713207 -1081.312541
v 512.574313 -14.713207 -1081.312541
v 512.574313 -23.180453 -1089.779834
v 459.649253 -14.713184 -1130.342688
v 471.623805 -14.713184 -1130.342688
v 471.623805 -23.180429 -1121.875419
v 459.649253 -23.180453 -1121.875419
v 512.574313 -23.180453 -1121.875396
v 512.574313 -14.713207 -1130.342688
v 524.548878 -14.713207 -1130.342688
v 524.548878 -23.180453 -1121.875396
v 459.649253 297.769626 -1081.312541
v 471.623805 297.769626 -1081.312541
v 279.617992 -23.180429 -1089.779810
v 291.592544 -23.180429 -1089.779810
v 291.592544 -14.713137 -1081.312541
v 279.617992 -14.713137 -1081.312541
v 348.417802 -23.180453 -1089.779834
v 348.417802 -14.713207 -1081.312541
v 336.443250 -14.713207 -1081.312541
v 336.443250 -23.180453 -1089.779834
v 279.617992 -14.713207 -1130.342688
v 291.592544 -14.713207 -1130.342688
v 291.592544 -23.180453 -1121.875396
v 279.617992 -23.180453 -1121.875396
v 336.443250 -23.180453 -1121.875396
v 336.443250 -14.713207 -1130.342688
v 348.417802 -14.713207 -1130.342688
v 348.417802 -23.180453 -1121.875396
v 279.617992 297.769626 -1081.312541
v 291.592544 297.769626 -1081.312541
v 105.573960 289.302334 -1121.875396
v 114.041229 297.769626 -1130.342688
v 291.592544 297.769626 -1130.342688
v 279.617992 297.769626 -1130.342688
v 471.623805 297.769626 -1130.342688
v 459.649253 297.769626 -1130.342688
v 846.595123 303.756926 -1130.342688
v 858.569687 303.756926 -1130.342688
v 858.569687 291.782350 -1130.342688
v 846.595123 291.782350 -1130.342688
v 972.439596 303.756926 -1130.342688
v 984.414148 303.756926 -1130.342688
v 984.414148 291.782350 -1130.342688
v 972.439596 291.782350 -1130.342688
v 1280.811022 303.756926 -1130.342688
v 1289.278291 303.756926 -1121.875396
v 1289.278291 291.782350 -1121.875396
v 1280.811022 291.782350 -1130.342688
v 1280.811022 350.791174 -1081.312541
v 1289.278291 350.791174 -1089.779834
v 1289.278291 362.765703 -1089.779834
v 1280.811022 362.765703 -1081.312541
v 984.414148 362.765703 -1081.312541
v 972.439596 362.765703 -1081.312541
v 972.439596 350.791174 -1081.312541
v 984.414148 350.791174 -1081.312541
v 858.569687 362.765703 -1081.312541
v 846.595123 362.765703 -1081.312541
v 846.595123 350.791174 -1081.312541
v 858.569687 350.791174 -1081.312541
v 883.139562 291.782350 -1130.342688
v 883.139562 303.756926 -1130.342688
v 895.114114 303.756926 -1130.342688
v 895.114114 291.782350 -1130.342688
v 1003.921308 291.782350 -1130.342688
v 1003.921308 303.756926 -1130.342688
v 1015.895861 303.756926 -1130.342688
v 1015.895861 291.782350 -1130.342688
v 1193.110466 303.756926 -1081.312541
v 1193.110466 291.782350 -1081.312541
v 1205.085018 291.782350 -1081.312541
v 1205.085018 303.756926 -1081.312541
v 947.137946 303.756926 -1081.312541
v 947.137946 291.782350 -1081.312541
v 959.112498 291.782350 -1081.312541
v 959.112498 303.756926 -1081.312541
v 808.642134 303.756926 -1081.312541
v 808.642134 291.782350 -1081.312541
v 820.616686 291.782350 -1081.312541
v 820.616686 303.756926 -1081.312541
v 1118.249406 -23.180453 -1089.779834
v 1130.223959 -23.180453 -1089.779834
v 1130.223959 -14.713207 -1081.312541
v 1118.249406 -14.713207 -1081.312541
v 1164.188844 -23.180453 -1089.779834
v 1164.188844 -14.713207 -1081.312541
v 1152.214291 -14.713207 -1081.312541
v 1152.214291 -23.180453 -1089.779834
v 1130.223959 303.756926 -1081.312541
v 1118.249406 303.756926 -1081.312541
v 1118.249406 291.782350 -1081.312541
v 1130.223959 291.782350 -1081.312541
v 1072.810896 303.756926 -1081.312541
v 1072.810896 291.782350 -1081.312541
v 1084.785495 291.782350 -1081.312541
v 1084.785495 303.756926 -1081.312541
v 1118.388420 607.945544 -1081.312541
v 1130.322947 605.193275 -1081.312541
v 1130.737931 613.800540 -1089.747383
v 1119.754432 618.590043 -1089.823296
v 1152.214291 613.800540 -1089.779834
v 1152.214291 605.333177 -1081.312541
v 1164.188844 605.333177 -1081.312541
v 1164.188844 613.800540 -1089.779834
v 1119.754432 618.590043 -1121.831933
v 1130.712962 613.800540 -1121.940273
v 1130.354182 605.149041 -1130.342688
v 1118.388420 607.945544 -1130.342688
v 1152.214291 605.333177 -1130.342688
v 1152.214291 613.800540 -1121.875396
v 1164.188844 613.800540 -1121.875396
v 1164.188844 605.333177 -1130.342688
v 1118.249406 303.756926 -1130.342688
v 1130.223959 303.756926 -1130.342688
v 1130.223959 291.782350 -1130.342688
v 1118.249406 291.782350 -1130.342688
v 1152.214291 291.782350 -1130.342688
v 1152.214291 303.756926 -1130.342688
v 1164.188844 303.756926 -1130.342688
v 1164.188844 291.782350 -1130.342688
v 1118.249406 -14.713207 -1130.342688
v 1130.223959 -14.713207 -1130.342688
v 1130.223959 -23.180453 -1121.875396
v 1118.249406 -23.180453 -1121.875396
v 1152.214291 -23.180453 -1121.875396
v 1152.214291 -14.713207 -1130.342688
v 1164.188844 -14.713207 -1130.342688
v 1164.188844 -23.180453 -1121.875396
v 1130.223959 362.765703 -1081.312541
v 1118.249406 362.765703 -1081.312541
v 1118.249406 350.791174 -1081.312541
v 1130.223959 350.791174 -1081.312541
v 1130.223959 563.933130 -1130.342688
v 1118.249406 563.933130 -1130.342688
v 1118.249406 575.907589 -1130.342688
v 1130.223959 575.907589 -1130.342688
v 1037.089470 -23.180453 -1089.779834
v 1049.064023 -23.180453 -1089.779834
v 1049.064023 -14.713207 -1081.312541
v 1037.089470 -14.713207 -1081.312541
v 1084.785495 -23.180453 -1089.779834
v 1084.785495 -14.713207 -1081.312541
v 1072.810896 -14.713207 -1081.312541
v 1072.810896 -23.180453 -1089.779834
v 1049.064023 303.756926 -1081.312541
v 1037.089470 303.756926 -1081.312541
v 1037.089470 291.782350 -1081.312541
v 1049.064023 291.782350 -1081.312541
v 1003.921308 303.756926 -1081.312541
v 1003.921308 291.782350 -1081.312541
v 1015.895861 291.782350 -1081.312541
v 1015.895861 303.756926 -1081.312541
v 1036.986133 653.740684 -1081.312541
v 1049.270696 653.594563 -1081.312541
v 1043.076746 662.354168 -1089.308739
v 1084.857737 643.337928 -1081.312541
v 1083.233524 657.614743 -1089.734244
v 1072.321939 662.354168 -1089.714956
v 1072.774892 653.835978 -1081.312541
v 1049.167360 653.740684 -1130.342688
v 1036.882796 653.594563 -1130.342688
v 1043.076746 662.354168 -1122.346490
v 1083.209537 657.640414 -1121.966575
v 1084.835340 643.408160 -1130.342688
v 1072.774892 653.835978 -1130.342688
v 1072.321939 662.354168 -1121.940273
v 1037.089470 303.756926 -1130.342688
v 1049.064023 303.756926 -1130.342688
v 1049.064023 291.782350 -1130.342688
v 1037.089470 291.782350 -1130.342688
v 1084.785495 303.756926 -1130.342688
v 1084.785495 291.782350 -1130.342688
v 1072.810896 291.782350 -1130.342688
v 1072.810896 303.756926 -1130.342688
v 1037.089470 -14.713207 -1130.342688
v 1049.064023 -14.713207 -1130.342688
v 1049.064023 -23.180453 -1121.875396
v 1037.089470 -23.180453 -1121.875396
v 1084.785495 -14.713207 -1130.342688
v 1084.785495 -23.180453 -1121.875396
v 1072.810896 -23.180453 -1121.875396
v 1072.810896 -14.713207 -1130.342688
v 1049.064023 362.765703 -1081.312541
v 1037.089470 362.765703 -1081.312541
v 1037.089470 350.791174 -1081.312541
v 1049.064023 350.791174 -1081.312541
v 1049.064023 563.933130 -1130.342688
v 1037.089470 563.933130 -1130.342688
v 1037.089470 575.907589 -1130.342688
v 1049.064023 575.907589 -1130.342688
v 770.643076 -23.180453 -1089.779834
v 782.617616 -23.180453 -1089.779834
v 782.617616 -14.713207 -1081.312541
v 770.643076 -14.713207 -1081.312541
v 820.616663 -23.180453 -1089.779810
v 820.616663 -14.713207 -1081.312541
v 808.642110 -14.713207 -1081.312541
v 808.642110 -23.180453 -1089.779810
v 782.617634 303.756926 -1081.312541
v 770.643093 303.756926 -1081.312541
v 770.643093 291.782350 -1081.312541
v 782.617634 291.782350 -1081.312541
v 718.929024 303.756926 -1081.312541
v 718.929021 291.782350 -1081.312541
v 730.903565 291.782350 -1081.312541
v 730.903565 303.756926 -1081.312541
v 782.617616 303.756926 -1130.342688
v 782.617616 291.782327 -1130.342688
v 770.643076 291.782327 -1130.342688
v 770.643076 303.756926 -1130.342688
v 820.616663 303.756926 -1130.342688
v 820.616663 291.782327 -1130.342688
v 808.642110 291.782327 -1130.342688
v 808.642110 303.756926 -1130.342688
v 770.643076 -14.713207 -1130.342688
v 782.617616 -14.713207 -1130.342688
v 782.617616 -23.180453 -1121.875396
v 770.643076 -23.180453 -1121.875396
v 820.616663 -14.713230 -1130.342688
v 820.616663 -23.180523 -1121.875396
v 808.642110 -23.180523 -1121.875396
v 808.642110 -14.713207 -1130.342688
v 782.617634 362.765703 -1081.312541
v 770.643093 362.765703 -1081.312541
v 770.643093 350.791174 -1081.312541
v 782.617634 350.791174 -1081.312541
v 785.097633 605.333177 -1130.342688
v 776.630346 613.800540 -1121.875396
v 783.071247 563.479429 -1130.342688
v 770.587590 561.374676 -1130.342688
v 768.320093 569.920406 -1122.032435
v 776.630346 578.073643 -1122.189451
v 785.176106 575.963138 -1130.342688
v 668.464189 -23.180453 -1089.779834
v 680.438731 -23.180453 -1089.779834
v 680.438731 -14.713207 -1081.312541
v 668.464189 -14.713207 -1081.312541
v 730.903550 -23.180453 -1089.779834
v 730.903550 -14.713207 -1081.312541
v 718.929009 -14.713207 -1081.312541
v 718.929009 -23.180453 -1089.779834
v 680.438740 303.756926 -1081.312541
v 668.464197 303.756926 -1081.312541
v 668.464197 291.782373 -1081.312541
v 680.438738 291.782350 -1081.312541
v 620.065055 303.756949 -1081.312541
v 620.065055 291.782443 -1081.312541
v 632.039595 291.782443 -1081.312541
v 632.039595 303.756949 -1081.312541
v 680.438731 303.756926 -1130.342688
v 680.438731 291.782350 -1130.342688
v 668.464189 291.782350 -1130.342688
v 668.464189 303.756926 -1130.342688
v 730.903550 303.756926 -1130.342688
v 730.903550 291.782350 -1130.342688
v 718.929009 291.782350 -1130.342688
v 718.929009 303.756926 -1130.342688
v 668.464189 -14.713207 -1130.342688
v 680.438731 -14.713207 -1130.342688
v 680.438731 -23.180453 -1121.875396
v 668.464189 -23.180453 -1121.875396
v 730.903550 -14.713207 -1130.342688
v 730.903550 -23.180453 -1121.875396
v 718.929009 -23.180453 -1121.875396
v 718.929009 -14.713207 -1130.342688
v 668.464197 350.791174 -1081.312541
v 680.438740 350.791174 -1081.312541
v 680.438738 362.765703 -1081.312541
v 668.464197 362.765703 -1081.312541
v 562.809049 -23.180453 -1089.779834
v 574.783601 -23.180453 -1089.779834
v 574.783601 -14.713207 -1081.312541
v 562.809049 -14.713207 -1081.312541
v 632.039584 -23.180429 -1089.779810
v 632.039584 -14.713137 -1081.312541
v 620.065043 -14.713137 -1081.312541
v 620.065043 -23.180429 -1089.779810
v 574.783601 303.756926 -1081.312541
v 562.809049 303.756926 -1081.312541
v 562.809049 291.782350 -1081.312541
v 574.783601 291.782373 -1081.312541
v 524.851290 291.479937 -1081.312541
v 527.107367 303.812358 -1081.312541
v 518.561601 306.079903 -1089.622794
v 511.024341 297.769626 -1081.312541
v 574.783601 303.756926 -1130.342688
v 574.783601 291.782397 -1130.342688
v 562.809049 291.782397 -1130.342688
v 562.809049 303.756926 -1130.342688
v 632.039584 303.756926 -1130.342688
v 632.039584 291.782350 -1130.342688
v 620.065043 291.782350 -1130.342688
v 620.065043 303.756926 -1130.342688
v 562.809049 -14.713137 -1130.342688
v 574.783601 -14.713137 -1130.342688
v 574.783601 -23.180429 -1121.875419
v 562.809049 -23.180429 -1121.875419
v 632.039584 -14.713207 -1130.342688
v 632.039584 -23.180453 -1121.875396
v 620.065043 -23.180453 -1121.875396
v 620.065043 -14.713207 -1130.342688
v 560.643100 356.778497 -1089.465778
v 563.008124 348.592669 -1081.312541
v 575.237220 350.337520 -1081.312541
v 577.342079 362.821205 -1081.312541
v 568.796325 364.931687 -1089.465778
v 374.216498 -23.180453 -1089.779834
v 386.191051 -23.180453 -1089.779834
v 386.191051 -14.713207 -1081.312541
v 374.216498 -14.713207 -1081.312541
v 429.042818 -23.180523 -1089.779834
v 429.042818 -14.713207 -1081.312541
v 417.068266 -14.713207 -1081.312541
v 417.068266 -23.180453 -1089.779834
v 374.216498 -14.713207 -1130.342688
v 386.191051 -14.713207 -1130.342688
v 386.191051 -23.180453 -1121.875396
v 374.216498 -23.180453 -1121.875396
v 429.042818 -14.713207 -1130.342688
v 429.042818 -23.180453 -1121.875396
v 417.068266 -23.180453 -1121.875396
v 417.068266 -14.713207 -1130.342688
v 374.216498 297.769626 -1081.312541
v 386.191051 297.769626 -1081.312541
v 386.191051 297.769626 -1130.342688
v 374.216498 297.769626 -1130.342688
v 176.358541 297.769626 -1081.312541
v 188.333094 297.769626 -1081.312541
v 188.333094 297.769626 -1130.342688
v 176.358541 297.769626 -1130.342688
v 632.039584 350.791174 -1130.342688
v 620.065043 350.791174 -1130.342688
v 620.065043 362.765703 -1130.342688
v 632.039584 362.765703 -1130.342688
v 518.561601 305.922910 -1122.189451
v 526.747347 303.557827 -1130.342688
v 524.700072 291.631155 -1130.342688
v 511.644328 297.769626 -1130.342688
v 518.561601 348.311157 -1089.779834
v 527.028882 348.311157 -1081.312541
v 527.028882 356.778497 -1089.779834
v 417.068266 297.769626 -1081.312541
v 429.042818 297.769626 -1081.312541
v 429.042818 297.769626 -1130.342688
v 417.068266 297.769626 -1130.342688
v 336.443250 297.769626 -1081.312541
v 348.417802 297.769626 -1081.312541
v 348.417802 297.769626 -1130.342688
v 336.443250 297.769626 -1130.342688
v 730.903550 350.791174 -1130.342688
v 718.929009 350.791174 -1130.342688
v 718.929009 362.765703 -1130.342688
v 730.903550 362.765703 -1130.342688
v 718.929009 569.920406 -1089.779834
v 718.929015 561.453044 -1081.312541
v 730.903556 561.453044 -1081.312541
v 730.903556 569.920406 -1089.779834
v 718.929015 504.679080 -1081.312541
v 730.903559 504.679080 -1081.312541
v 730.903556 516.653726 -1081.312541
v 718.929015 516.653726 -1081.312541
v 785.097633 605.333177 -1081.312541
v 776.630346 613.800540 -1089.779834
v 768.477121 569.920406 -1089.465778
v 770.842151 561.734578 -1081.312541
v 783.071247 563.479429 -1081.312541
v 785.176106 575.963138 -1081.312541
v 776.630346 578.073643 -1089.465778
v 846.595123 563.933130 -1081.312541
v 858.569687 563.933130 -1081.312541
v 858.569687 575.907589 -1081.312541
v 846.595123 575.907589 -1081.312541
v 846.595123 605.333177 -1081.312541
v 858.569687 605.333177 -1081.312541
v 858.569687 613.800540 -1089.779834
v 846.595123 613.800540 -1089.779834
v 972.439596 563.933130 -1081.312541
v 984.414148 563.933130 -1081.312541
v 984.414148 575.907589 -1081.312541
v 972.439596 575.907589 -1081.312541
v 971.693512 613.800540 -1089.679326
v 972.209870 605.008297 -1081.312541
v 984.189192 607.708617 -1081.312541
v 982.209752 619.634821 -1089.952701
v 1037.089470 563.933130 -1081.312541
v 1049.064023 563.933130 -1081.312541
v 1049.064023 575.907589 -1081.312541
v 1037.089470 575.907589 -1081.312541
v 1118.249406 563.933130 -1081.312541
v 1130.223959 563.933130 -1081.312541
v 1130.223959 575.907589 -1081.312541
v 1118.249406 575.907589 -1081.312541
v 1280.811022 563.933130 -1081.312541
v 1289.278291 563.933130 -1089.779834
v 1289.278291 575.907589 -1089.779834
v 1280.811022 575.907589 -1081.312541
v 1280.811022 516.653726 -1130.342688
v 1289.278291 516.653726 -1121.875396
v 1289.278291 504.679080 -1121.875396
v 1280.811022 504.679080 -1130.342688
v 1118.249406 516.653726 -1130.342688
v 1130.223959 516.653726 -1130.342688
v 1130.223959 504.679080 -1130.342688
v 1118.249406 504.679080 -1130.342688
v 1037.089470 516.653726 -1130.342688
v 1049.064023 516.653726 -1130.342688
v 1049.064023 504.679080 -1130.342688
v 1037.089470 504.679080 -1130.342688
v 984.414148 563.933130 -1130.342688
v 972.439596 563.932990 -1130.342688
v 972.439596 575.907589 -1130.342688
v 984.414148 575.907589 -1130.342688
v 972.439596 516.653726 -1130.342688
v 984.414148 516.653726 -1130.342688
v 984.414148 504.679080 -1130.342688
v 972.439596 504.679080 -1130.342688
v 858.569687 575.907589 -1130.342688
v 858.569687 563.933130 -1130.342688
v 846.595123 563.933130 -1130.342688
v 846.595123 575.907589 -1130.342688
v 846.595123 516.653726 -1130.342688
v 858.569687 516.653726 -1130.342688
v 858.569687 504.679080 -1130.342688
v 846.595123 504.679080 -1130.342688
v 782.617616 504.679080 -1130.342688
v 770.643076 504.679080 -1130.342688
v 770.643076 516.653726 -1130.342688
v 782.617616 516.653726 -1130.342688
v 682.918740 569.920406 -1121.875396
v 682.918740 561.453044 -1130.342688
v 674.451459 561.453044 -1121.875396
v 674.451459 518.819593 -1122.189451
v 682.637212 516.454627 -1130.342688
v 680.892358 504.225520 -1130.342688
v 668.408701 502.120719 -1130.342688
v 666.298228 510.666450 -1122.189451
v 674.451461 561.453044 -1089.779834
v 682.918741 561.453044 -1081.312541
v 682.918741 569.920406 -1089.779834
v 820.616663 563.933130 -1081.312541
v 820.616663 575.907589 -1081.312541
v 808.642110 575.907589 -1081.312541
v 808.642110 563.933130 -1081.312541
v 883.139562 575.907589 -1081.312541
v 883.139562 563.933130 -1081.312541
v 895.114114 563.933130 -1081.312541
v 895.114114 575.907589 -1081.312541
v 1003.921308 575.907589 -1081.312541
v 1003.921308 563.933130 -1081.312541
v 1015.895861 563.933130 -1081.312541
v 1015.895861 575.907589 -1081.312541
v 1084.785495 563.933130 -1081.312541
v 1084.785495 575.907589 -1081.312541
v 1072.810896 575.907589 -1081.312541
v 1072.810896 563.933130 -1081.312541
v 1152.214291 575.907589 -1081.312541
v 1152.214291 563.933130 -1081.312541
v 1164.188844 563.933130 -1081.312541
v 1164.188844 575.907589 -1081.312541
v 1205.085018 575.907589 -1130.342688
v 1205.085018 563.933130 -1130.342688
v 1193.110466 563.933130 -1130.342688
v 1193.110466 575.907589 -1130.342688
v 1084.785495 575.907589 -1130.342688
v 1084.785495 563.933130 -1130.342688
v 1072.810896 563.933130 -1130.342688
v 1072.810896 575.907589 -1130.342688
v 1003.921308 563.933130 -1130.342688
v 1003.921308 575.907589 -1130.342688
v 1015.895861 575.907589 -1130.342688
v 1015.895861 563.933130 -1130.342688
v 959.112498 575.907449 -1130.342688
v 959.112498 563.932943 -1130.342688
v 947.137946 563.932943 -1130.342688
v 947.137946 575.907449 -1130.342688
v 820.616675 575.907589 -1130.342688
v 820.616675 563.933130 -1130.342688
v 808.642122 563.933130 -1130.342688
v 808.642122 575.907589 -1130.342688
v 730.903550 569.920406 -1121.875396
v 730.903550 561.453044 -1130.342688
v 718.929009 561.453044 -1130.342688
v 718.929009 569.920406 -1121.875396
v 680.438731 432.140857 -1130.342688
v 668.464189 432.140857 -1130.342688
v 668.464189 444.115503 -1130.342688
v 680.438731 444.115503 -1130.342688
v 718.929009 504.679080 -1130.342688
v 718.929009 516.653726 -1130.342688
v 730.903550 516.653726 -1130.342688
v 730.903550 504.679080 -1130.342688
v 782.617616 432.140857 -1130.342688
v 770.643076 432.140857 -1130.342688
v 770.643076 444.115503 -1130.342688
v 782.617616 444.115503 -1130.342688
v 846.595123 444.115503 -1130.342688
v 858.569687 444.115503 -1130.342688
v 858.569687 432.140857 -1130.342688
v 846.595123 432.140857 -1130.342688
v 972.439596 444.115503 -1130.342688
v 984.414148 444.115503 -1130.342688
v 984.414148 432.140857 -1130.342688
v 972.439596 432.140857 -1130.342688
v 1037.089470 444.115503 -1130.342688
v 1049.064023 444.115503 -1130.342688
v 1049.064023 432.140857 -1130.342688
v 1037.089470 432.140857 -1130.342688
v 1118.249406 444.115503 -1130.342688
v 1130.223959 444.115503 -1130.342688
v 1130.223959 432.140857 -1130.342688
v 1118.249406 432.140857 -1130.342688
v 1280.811022 444.115503 -1130.342688
v 1289.278291 444.115503 -1121.875396
v 1289.278291 432.140857 -1121.875396
v 1280.811022 432.140857 -1130.342688
v 1289.278291 504.679080 -1089.779834
v 1289.278291 516.653726 -1089.779834
v 1280.811022 516.653726 -1081.312541
v 1280.811022 504.679080 -1081.312541
v 1130.223959 516.653726 -1081.312541
v 1118.249406 516.653726 -1081.312541
v 1118.249406 504.679080 -1081.312541
v 1130.223959 504.679080 -1081.312541
v 1049.064023 516.653726 -1081.312541
v 1037.089470 516.653726 -1081.312541
v 1037.089470 504.679080 -1081.312541
v 1049.064023 504.679080 -1081.312541
v 984.414148 516.653726 -1081.312541
v 972.439596 516.653726 -1081.312541
v 972.439596 504.679080 -1081.312541
v 984.414148 504.679080 -1081.312541
v 858.569687 516.653726 -1081.312541
v 846.595123 516.653726 -1081.312541
v 846.595123 504.679080 -1081.312541
v 858.569687 504.679080 -1081.312541
v 782.617616 516.653726 -1081.312541
v 770.643076 516.653726 -1081.312541
v 770.643076 504.679080 -1081.312541
v 782.617616 504.679080 -1081.312541
v 718.929018 432.140857 -1081.312541
v 730.903559 432.140857 -1081.312541
v 730.903559 444.115503 -1081.312541
v 718.929015 444.115503 -1081.312541
v 666.298234 510.666450 -1089.465778
v 668.663264 502.480668 -1081.312541
v 680.892363 504.225520 -1081.312541
v 682.997213 516.709135 -1081.312541
v 674.451463 518.819593 -1089.465778
v 626.052313 502.199181 -1089.779834
v 634.519594 502.199181 -1081.312541
v 634.519594 510.666450 -1089.779834
v 617.899082 438.128227 -1089.465778
v 620.264113 429.942446 -1081.312541
v 632.493214 431.687297 -1081.312541
v 634.598061 444.170912 -1081.312541
v 626.052313 446.281370 -1089.465778
v 634.519594 510.666450 -1121.875396
v 634.519594 502.199181 -1130.342688
v 626.052313 502.199181 -1121.875396
v 820.616663 516.653726 -1130.342688
v 820.616663 504.679080 -1130.342688
v 808.642110 504.679080 -1130.342688
v 808.642110 516.653726 -1130.342688
v 883.139562 504.679080 -1130.342688
v 883.139562 516.653726 -1130.342688
v 895.114114 516.653726 -1130.342688
v 895.114114 504.679080 -1130.342688
v 1003.921308 504.679080 -1130.342688
v 1003.921308 516.653726 -1130.342688
v 1015.895861 516.653726 -1130.342688
v 1015.895861 504.679080 -1130.342688
v 1084.785495 516.653726 -1130.342688
v 1084.785495 504.679080 -1130.342688
v 1072.810896 504.679080 -1130.342688
v 1072.810896 516.653726 -1130.342688
v 1152.214291 504.679080 -1130.342688
v 1152.214291 516.653726 -1130.342688
v 1164.188844 516.653726 -1130.342688
v 1164.188844 504.679080 -1130.342688
v 1205.085018 504.679080 -1081.312541
v 1205.085018 516.653726 -1081.312541
v 1193.110466 516.653726 -1081.312541
v 1193.110466 504.679080 -1081.312541
v 1084.785495 504.679080 -1081.312541
v 1084.785495 516.653726 -1081.312541
v 1072.810896 516.653726 -1081.312541
v 1072.810896 504.679080 -1081.312541
v 1003.921308 516.653726 -1081.312541
v 1003.921308 504.679080 -1081.312541
v 1015.895861 504.679080 -1081.312541
v 1015.895861 516.653726 -1081.312541
v 959.112498 504.679080 -1081.312541
v 959.112498 516.653726 -1081.312541
v 947.137946 516.653726 -1081.312541
v 947.137946 504.679080 -1081.312541
v 820.616675 504.679080 -1081.312541
v 820.616675 516.653726 -1081.312541
v 808.642122 516.653726 -1081.312541
v 808.642122 504.679080 -1081.312541
v 577.263606 438.128227 -1121.875396
v 577.263606 429.660864 -1130.342688
v 568.796325 429.660864 -1121.875396
v 568.796325 364.931687 -1122.189451
v 576.982094 362.566627 -1130.342688
v 575.237220 350.337520 -1130.342688
v 562.753581 348.232673 -1130.342688
v 560.643100 356.778497 -1122.189451
v 626.052313 446.281370 -1122.189451
v 634.238065 443.916404 -1130.342688
v 632.493214 431.687297 -1130.342688
v 620.009564 429.582496 -1130.342688
v 617.899082 438.128227 -1122.189451
v 680.438731 350.791174 -1130.342688
v 668.464189 350.791174 -1130.342688
v 668.464189 362.765703 -1130.342688
v 680.438731 362.765703 -1130.342688
v 718.929009 432.140857 -1130.342688
v 718.929009 444.115503 -1130.342688
v 730.903550 444.115503 -1130.342688
v 730.903550 432.140857 -1130.342688
v 782.617616 350.791174 -1130.342688
v 770.643076 350.791174 -1130.342688
v 770.643076 362.765703 -1130.342688
v 782.617616 362.765703 -1130.342688
v 846.595123 362.765703 -1130.342688
v 858.569687 362.765703 -1130.342688
v 858.569687 350.791174 -1130.342688
v 846.595123 350.791174 -1130.342688
v 972.439596 362.765703 -1130.342688
v 984.414148 362.765703 -1130.342688
v 984.414148 350.791174 -1130.342688
v 972.439596 350.791174 -1130.342688
v 1037.089470 362.765703 -1130.342688
v 1049.064023 362.765703 -1130.342688
v 1049.064023 350.791174 -1130.342688
v 1037.089470 350.791174 -1130.342688
v 1118.249406 362.765703 -1130.342688
v 1130.223959 362.765703 -1130.342688
v 1130.223959 350.791174 -1130.342688
v 1118.249406 350.791174 -1130.342688
v 1280.811022 362.765703 -1130.342688
v 1289.278291 362.765703 -1121.875396
v 1289.278291 350.791174 -1121.875396
v 1280.811022 350.791174 -1130.342688
v 1289.278291 432.140857 -1089.779834
v 1289.278291 444.115503 -1089.779834
v 1280.811022 444.115503 -1081.312541
v 1280.811022 432.140857 -1081.312541
v 1130.223959 444.115503 -1081.312541
v 1118.249406 444.115503 -1081.312541
v 1118.249406 432.140857 -1081.312541
v 1130.223959 432.140857 -1081.312541
v 1049.064023 444.115503 -1081.312541
v 1037.089470 444.115503 -1081.312541
v 1037.089470 432.140857 -1081.312541
v 1049.064023 432.140857 -1081.312541
v 984.414148 444.115503 -1081.312541
v 972.439596 444.115503 -1081.312541
v 972.439596 432.140857 -1081.312541
v 984.414148 432.140857 -1081.312541
v 858.569687 444.115503 -1081.312541
v 846.595123 444.115503 -1081.312541
v 846.595123 432.140857 -1081.312541
v 858.569687 432.140857 -1081.312541
v 782.617616 444.115503 -1081.312541
v 770.643076 444.115503 -1081.312541
v 770.643076 432.140857 -1081.312541
v 782.617616 432.140857 -1081.312541
v 718.929024 350.791174 -1081.312541
v 730.903565 350.791174 -1081.312541
v 730.903565 362.765703 -1081.312541
v 718.929021 362.765703 -1081.312541
v 680.438737 432.140857 -1081.312541
v 680.438737 444.115503 -1081.312541
v 668.464192 444.115503 -1081.312541
v 668.464192 432.140857 -1081.312541
v 620.065055 350.791174 -1081.312541
v 632.039595 350.791174 -1081.312541
v 632.039595 362.765703 -1081.312541
v 620.065055 362.765703 -1081.312541
v 820.616663 444.115503 -1130.342688
v 820.616663 432.140857 -1130.342688
v 808.642110 432.140857 -1130.342688
v 808.642110 444.115503 -1130.342688
v 883.139562 432.140857 -1130.342688
v 883.139562 444.115503 -1130.342688
v 895.114114 444.115503 -1130.342688
v 895.114114 432.140857 -1130.342688
v 1003.921308 432.140857 -1130.342688
v 1003.921308 444.115503 -1130.342688
v 1015.895861 444.115503 -1130.342688
v 1015.895861 432.140857 -1130.342688
v 1084.785495 444.115503 -1130.342688
v 1084.785495 432.140857 -1130.342688
v 1072.810896 432.140857 -1130.342688
v 1072.810896 444.115503 -1130.342688
v 1152.214291 432.140857 -1130.342688
v 1152.214291 444.115503 -1130.342688
v 1164.188844 444.115503 -1130.342688
v 1164.188844 432.140857 -1130.342688
v 1205.085018 432.140857 -1081.312541
v 1205.085018 444.115503 -1081.312541
v 1193.110466 444.115503 -1081.312541
v 1193.110466 432.140857 -1081.312541
v 1084.785495 432.140857 -1081.312541
v 1084.785495 444.115503 -1081.312541
v 1072.810896 444.115503 -1081.312541
v 1072.810896 432.140857 -1081.312541
v 1003.921308 444.115503 -1081.312541
v 1003.921308 432.140857 -1081.312541
v 1015.895861 432.140857 -1081.312541
v 1015.895861 444.115503 -1081.312541
v 959.112498 432.140857 -1081.312541
v 959.112498 444.115503 -1081.312541
v 947.137946 444.115503 -1081.312541
v 947.137946 432.140857 -1081.312541
v 820.616675 432.140857 -1081.312541
v 820.616675 444.115503 -1081.312541
v 808.642122 444.115503 -1081.312541
v 808.642122 432.140857 -1081.312541
v 568.796325 429.660864 -1089.779834
v 577.263606 429.660864 -1081.312541
v 577.263606 438.128227 -1089.779834
v 527.028882 356.778497 -1121.875396
v 527.028882 348.311157 -1130.342688
v 518.561601 348.311157 -1121.875396
v 820.616663 362.765703 -1130.342688
v 820.616663 350.791174 -1130.342688
v 808.642110 350.791174 -1130.342688
v 808.642110 362.765703 -1130.342688
v 883.139562 350.791174 -1130.342688
v 883.139562 362.765703 -1130.342688
v 895.114114 362.765703 -1130.342688
v 895.114114 350.791174 -1130.342688
v 1003.921308 350.791174 -1130.342688
v 1003.921308 362.765703 -1130.342688
v 1015.895861 362.765703 -1130.342688
v 1015.895861 350.791174 -1130.342688
v 1084.785495 362.765703 -1130.342688
v 1084.785495 350.791174 -1130.342688
v 1072.810896 350.791174 -1130.342688
v 1072.810896 362.765703 -1130.342688
v 1152.214291 350.791174 -1130.342688
v 1152.214291 362.765703 -1130.342688
v 1164.188844 362.765703 -1130.342688
v 1164.188844 350.791174 -1130.342688
v 1205.085018 350.791174 -1081.312541
v 1205.085018 362.765703 -1081.312541
v 1193.110466 362.765703 -1081.312541
v 1193.110466 350.791174 -1081.312541
v 1084.785495 350.791174 -1081.312541
v 1084.785495 362.765703 -1081.312541
v 1072.810896 362.765703 -1081.312541
v 1072.810896 350.791174 -1081.312541
v 1003.921308 362.765703 -1081.312541
v 1003.921308 350.791174 -1081.312541
v 1015.895861 350.791174 -1081.312541
v 1015.895861 362.765703 -1081.312541
v 959.112498 350.791174 -1081.312541
v 959.112498 362.765703 -1081.312541
v 947.137946 362.765703 -1081.312541
v 947.137946 350.791174 -1081.312541
v 820.616686 350.791174 -1081.312541
v 820.616686 362.765703 -1081.312541
v 808.642134 362.765703 -1081.312541
v 808.642134 350.791174 -1081.312541
v 912.141235 -23.180523 -1089.779810
v 924.115787 -23.180523 -1089.779810
v 924.115787 -14.713207 -1081.312541
v 912.141235 -14.713207 -1081.312541
v 959.112545 -23.180453 -1089.779834
v 959.112545 -14.713207 -1081.312541
v 947.137993 -14.713207 -1081.312541
v 947.137993 -23.180453 -1089.779834
v 924.115787 303.756926 -1081.312541
v 912.141235 303.756926 -1081.312541
v 912.141235 291.782350 -1081.312541
v 924.115787 291.782350 -1081.312541
v 883.139562 303.756926 -1081.312541
v 883.139562 291.782350 -1081.312541
v 895.114114 291.782350 -1081.312541
v 895.114114 303.756926 -1081.312541
v 924.115787 362.765703 -1081.312541
v 912.141235 362.765703 -1081.312541
v 912.141235 350.791174 -1081.312541
v 924.115787 350.791174 -1081.312541
v 883.139562 362.765703 -1081.312541
v 883.139562 350.791174 -1081.312541
v 895.114114 350.791174 -1081.312541
v 895.114114 362.765703 -1081.312541
v 924.115787 444.115503 -1081.312541
v 912.141235 444.115503 -1081.312541
v 912.141235 432.140857 -1081.312541
v 924.115787 432.140857 -1081.312541
v 883.139562 444.115503 -1081.312541
v 883.139562 432.140857 -1081.312541
v 895.114114 432.140857 -1081.312541
v 895.114114 444.115503 -1081.312541
v 924.115787 516.653726 -1081.312541
v 912.141235 516.653726 -1081.312541
v 912.141235 504.679080 -1081.312541
v 924.115787 504.679080 -1081.312541
v 883.139562 516.653726 -1081.312541
v 883.139562 504.679080 -1081.312541
v 895.114114 504.679080 -1081.312541
v 895.114114 516.653726 -1081.312541
v 912.141235 563.933130 -1081.312541
v 924.115787 563.933130 -1081.312541
v 924.115787 575.907589 -1081.312541
v 912.141235 575.907589 -1081.312541
v 947.137993 575.907589 -1081.312541
v 947.137993 563.933130 -1081.312541
v 959.112545 563.933130 -1081.312541
v 959.112545 575.907589 -1081.312541
v 924.115787 575.907589 -1130.342688
v 924.115787 563.932990 -1130.342688
v 912.141235 563.933130 -1130.342688
v 912.141235 575.907589 -1130.342688
v 895.114114 575.907589 -1130.342688
v 895.114114 563.933130 -1130.342688
v 883.139562 563.933130 -1130.342688
v 883.139562 575.907589 -1130.342688
v 912.141235 516.653726 -1130.342688
v 924.115787 516.653726 -1130.342688
v 924.115787 504.679080 -1130.342688
v 912.141235 504.679080 -1130.342688
v 959.112545 516.653726 -1130.342688
v 959.112545 504.679080 -1130.342688
v 947.137993 504.679080 -1130.342688
v 947.137993 516.653726 -1130.342688
v 912.141235 444.115503 -1130.342688
v 924.115787 444.115503 -1130.342688
v 924.115787 432.140857 -1130.342688
v 912.141235 432.140857 -1130.342688
v 959.112545 444.115503 -1130.342688
v 959.112545 432.140857 -1130.342688
v 947.137993 432.140857 -1130.342688
v 947.137993 444.115503 -1130.342688
v 912.141235 362.765703 -1130.342688
v 924.115787 362.765703 -1130.342688
v 924.115787 350.791174 -1130.342688
v 912.141235 350.791174 -1130.342688
v 959.112545 362.765703 -1130.342688
v 959.112545 350.791174 -1130.342688
v 947.137993 350.791174 -1130.342688
v 947.137993 362.765703 -1130.342688
v 912.141235 303.756926 -1130.342688
v 924.115787 303.756926 -1130.342688
v 924.115787 291.782350 -1130.342688
v 912.141235 291.782350 -1130.342688
v 959.112545 303.756926 -1130.342688
v 959.112545 291.782350 -1130.342688
v 947.137993 291.782350 -1130.342688
v 947.137993 303.756926 -1130.342688
v 912.141235 -14.713277 -1130.342688
v 924.115787 -14.713230 -1130.342688
v 924.115787 -23.180523 -1121.875396
v 912.141235 -23.180523 -1121.875396
v 959.112545 -14.713207 -1130.342688
v 959.112545 -23.180453 -1121.875396
v 947.137993 -23.180523 -1121.875396
v 947.137993 -14.713207 -1130.342688
v 912.141235 613.800540 -1089.779834
v 912.141235 605.333177 -1081.312541
v 924.115787 605.333177 -1081.312541
v 924.115787 613.800540 -1089.779834
v 959.112498 613.800540 -1121.875396
v 959.112498 605.333177 -1130.342688
v 947.137946 605.333177 -1130.342688
v 947.137946 613.800540 -1121.875396
v 883.139562 613.800540 -1089.779834
v 883.139562 605.333177 -1081.312541
v 895.114114 605.333177 -1081.312541
v 895.114114 613.800540 -1089.779834
v 947.137993 613.800540 -1089.779834
v 947.137993 605.333177 -1081.312541
v 959.112545 605.333177 -1081.312541
v 959.112498 613.800540 -1089.779834
v 820.616663 605.333177 -1081.312541
v 820.616663 613.800540 -1089.779834
v 808.642122 613.800540 -1089.779834
v 808.642110 605.333177 -1081.312541
v 984.155385 607.744341 -1130.342688
v 972.272667 605.097139 -1130.342688
v 971.653113 613.800540 -1121.925661
v 982.171877 619.576326 -1121.788962
v 924.115787 613.800540 -1121.875396
v 924.115787 605.333177 -1130.342688
v 912.141235 605.333177 -1130.342688
v 912.141235 613.800540 -1121.875396
v 895.114114 613.800540 -1121.875396
v 895.114114 605.333177 -1130.342688
v 883.139562 605.333177 -1130.342688
v 883.139562 613.800540 -1121.875396
v 858.569687 613.800540 -1121.875396
v 858.569687 605.333177 -1130.342688
v 846.595123 605.333177 -1130.342688
v 846.595123 613.800540 -1121.875396
v 1003.822787 637.148327 -1130.342688
v 1006.229649 656.680316 -1121.939993
v 1016.641897 662.354168 -1121.975904
v 1015.955338 653.802780 -1130.342688
v 820.616663 613.800540 -1121.875396
v 820.616675 605.333177 -1130.342688
v 808.642122 605.333177 -1130.342688
v 808.642122 613.800540 -1121.875396
v 1006.257892 656.723895 -1089.650662
v 1003.857202 637.290847 -1081.312541
v 1015.955338 653.802780 -1081.312541
v 1016.641897 662.354168 -1089.679326
v 1152.214291 303.756926 -1081.312541
v 1152.214291 291.782350 -1081.312541
v 1164.188844 291.782350 -1081.312541
v 1164.188844 303.756926 -1081.312541
v 1193.110466 -23.180453 -1089.779834
v 1205.085018 -23.180453 -1089.779834
v 1205.085018 -14.713207 -1081.312541
v 1193.110466 -14.713207 -1081.312541
v 1193.110466 -14.713207 -1130.342688
v 1205.085018 -14.713207 -1130.342688
v 1205.085018 -23.180453 -1121.875396
v 1193.110466 -23.180453 -1121.875396
v 1193.110466 303.756926 -1130.342688
v 1205.085018 303.756926 -1130.342688
v 1205.085018 291.782350 -1130.342688
v 1193.110466 291.782350 -1130.342688
v 1193.110466 362.765703 -1130.342688
v 1205.085018 362.765703 -1130.342688
v 1205.085018 350.791174 -1130.342688
v 1193.110466 350.791174 -1130.342688
v 1193.110466 444.115503 -1130.342688
v 1205.085018 444.115503 -1130.342688
v 1205.085018 432.140857 -1130.342688
v 1193.110466 432.140857 -1130.342688
v 1193.110466 516.653726 -1130.342688
v 1205.085018 516.653726 -1130.342688
v 1205.085018 504.679080 -1130.342688
v 1193.110466 504.679080 -1130.342688
v 1152.214291 563.933130 -1130.342688
v 1152.214291 575.907589 -1130.342688
v 1164.188844 575.907589 -1130.342688
v 1164.188844 563.933130 -1130.342688
v 1193.110466 613.800540 -1121.875419
v 1205.085018 613.800540 -1121.875419
v 1205.085018 605.333177 -1130.342688
v 1193.110466 605.333177 -1130.342688
v 1193.110466 605.333224 -1081.312541
v 1205.085018 605.333364 -1081.312541
v 1205.085018 613.800540 -1089.779834
v 1193.110466 613.800540 -1089.779834
v 1193.110466 563.933130 -1081.312541
v 1205.085018 563.933130 -1081.312541
v 1205.085018 575.907589 -1081.312541
v 1193.110466 575.907589 -1081.312541
v 1152.214291 516.653726 -1081.312541
v 1152.214291 504.679080 -1081.312541
v 1164.188844 504.679080 -1081.312541
v 1164.188844 516.653726 -1081.312541
v 1152.214291 444.115503 -1081.312541
v 1152.214291 432.140857 -1081.312541
v 1164.188844 432.140857 -1081.312541
v 1164.188844 444.115503 -1081.312541
v 1152.214291 362.765703 -1081.312541
v 1152.214291 350.791174 -1081.312541
v 1164.188844 350.791174 -1081.312541
v 1164.188844 362.765703 -1081.312541
v 1011.569807 297.723054 -960.203413
v 1002.553543 297.723054 -975.820054
v 1011.569807 598.539686 -960.203413
v 1002.553543 598.539686 -975.820054
v 1009.611292 598.539686 -959.072645
v 1000.595028 598.539686 -974.689287
v 1009.611292 297.723054 -959.072645
v 1000.595028 297.723054 -974.689287
v 998.565206 297.723054 -982.728058
v 989.548942 297.723054 -998.344653
v 998.565206 598.539686 -982.728058
v 989.548942 598.539686 -998.344653
v 996.606690 598.539686 -981.597290
v 987.590426 598.539686 -997.213885
v 996.606690 297.723054 -981.597290
v 987.590426 297.723054 -997.213885
v 986.308043 297.723054 -1003.958093
v 977.291779 297.723054 -1019.574687
v 986.308043 598.539686 -1003.958093
v 977.291779 598.539686 -1019.574687
v 984.349528 598.539686 -1002.827325
v 975.333263 598.539686 -1018.443919
v 984.349528 297.723054 -1002.827325
v 975.333263 297.723054 -1018.443919
v 974.426798 297.723054 -1024.537011
v 965.410534 297.723054 -1040.153606
v 974.426798 598.539686 -1024.537011
v 965.410534 598.539686 -1040.153606
v 972.468282 598.539686 -1023.406243
v 963.452018 598.539686 -1039.022838
v 972.468282 297.723054 -1023.406243
v 963.452018 297.723054 -1039.022838
v 964.336718 572.375944 -1047.226107
v 963.566016 571.922524 -1046.781150
v 962.954388 571.216233 -1046.428028
v 962.561707 570.326319 -1046.201294
v 962.426387 569.339849 -1046.123207
v 962.561707 568.353379 -1046.201294
v 962.954388 567.463466 -1046.428028
v 963.566016 566.757221 -1046.781150
v 964.336718 566.303754 -1047.226107
v 965.191048 566.147533 -1047.719365
v 966.045354 566.303754 -1048.212624
v 966.816056 566.757221 -1048.657580
v 967.427684 567.463466 -1049.010703
v 967.820365 568.353379 -1049.237389
v 967.955685 569.339849 -1049.315523
v 967.820365 570.326319 -1049.237389
v 967.427684 571.216233 -1049.010703
v 966.816056 571.922477 -1048.657580
v 966.045354 572.375944 -1048.212624
v 965.191048 572.532165 -1047.719365
v 1030.705773 572.375944 -932.271534
v 1029.935071 571.922524 -931.826578
v 1029.323443 571.216233 -931.473455
v 1028.930762 570.326319 -931.246722
v 1028.795442 569.339849 -931.168635
v 1028.930762 568.353379 -931.246722
v 1029.323443 567.463466 -931.473455
v 1029.935071 566.757221 -931.826578
v 1030.705773 566.303754 -932.271534
v 1031.560103 566.147533 -932.764793
v 1032.414409 566.303754 -933.258005
v 1033.185111 566.757221 -933.703008
v 1033.796739 567.463466 -934.056130
v 1034.189420 568.353379 -934.282817
v 1034.324740 569.339849 -934.360951
v 1034.189420 570.326319 -934.282817
v 1033.796739 571.216233 -934.056130
v 1033.185111 571.922477 -933.703008
v 1032.414409 572.375944 -933.258005
v 1031.560103 572.532165 -932.764793
v 965.191048 569.339849 -1047.719365
v 1031.560103 569.339849 -932.764793
v 964.336718 523.345797 -1047.226107
v 963.566016 522.892377 -1046.781150
v 962.954388 522.186086 -1046.428028
v 962.561707 521.296172 -1046.201294
v 962.426387 520.309702 -1046.123207
v 962.561707 519.323232 -1046.201294
v 962.954388 518.433319 -1046.428028
v 963.566016 517.727074 -1046.781150
v 964.336718 517.273607 -1047.226107
v 965.191048 517.117386 -1047.719365
v 966.045354 517.273607 -1048.212624
v 966.816056 517.727074 -1048.657580
v 967.427684 518.433319 -1049.010703
v 967.820365 519.323232 -1049.237389
v 967.955685 520.309702 -1049.315523
v 967.820365 521.296172 -1049.237389
v 967.427684 522.186086 -1049.010703
v 966.816056 522.892331 -1048.657580
v 966.045354 523.345797 -1048.212624
v 965.191048 523.502018 -1047.719365
v 1030.705773 523.345797 -932.271534
v 1029.935071 522.892377 -931.826578
v 1029.323443 522.186086 -931.473455
v 1028.930762 521.296172 -931.246722
v 1028.795442 520.309702 -931.168635
v 1028.930762 519.323232 -931.246722
v 1029.323443 518.433319 -931.473455
v 1029.935071 517.727074 -931.826578
v 1030.705773 517.273607 -932.271534
v 1031.560103 517.117386 -932.764793
v 1032.414409 517.273607 -933.258005
v 1033.185111 517.727074 -933.703008
v 1033.796739 518.433319 -934.056130
v 1034.189420 519.323232 -934.282817
v 1034.324740 520.309702 -934.360951
v 1034.189420 521.296172 -934.282817
v 1033.796739 522.186086 -934.056130
v 1033.185111 522.892331 -933.703008
v 1032.414409 523.345797 -933.258005
v 1031.560103 523.502018 -932.764793
v 965.191048 520.309702 -1047.719365
v 1031.560103 520.309702 -932.764793
v 964.336718 474.315651 -1047.226107
v 963.566016 473.862231 -1046.781150
v 962.954388 473.155939 -1046.428028
v 962.561707 472.266026 -1046.201294
v 962.426387 471.279555 -1046.123207
v 962.561707 470.293085 -1046.201294
v 962.954388 469.403172 -1046.428028
v 963.566016 468.696927 -1046.781150
v 964.336718 468.243460 -1047.226107
v 965.191048 468.087239 -1047.719365
v 966.045354 468.243460 -1048.212624
v 966.816056 468.696927 -1048.657580
v 967.427684 469.403172 -1049.010703
v 967.820365 470.293085 -1049.237389
v 967.955685 471.279555 -1049.315523
v 967.820365 472.266026 -1049.237389
v 967.427684 473.155939 -1049.010703
v 966.816056 473.862184 -1048.657580
v 966.045354 474.315651 -1048.212624
v 965.191048 474.471872 -1047.719365
v 1030.705773 474.315651 -932.271534
v 1029.935071 473.862231 -931.826578
v 1029.323443 473.155939 -931.473455
v 1028.930762 472.266026 -931.246722
v 1028.795442 471.279555 -931.168635
v 1028.930762 470.293085 -931.246722
v 1029.323443 469.403172 -931.473455
v 1029.935071 468.696927 -931.826578
v 1030.705773 468.243460 -932.271534
v 1031.560103 468.087239 -932.764793
v 1032.414409 468.243460 -933.258005
v 1033.185111 468.696927 -933.703008
v 1033.796739 469.403172 -934.056130
v 1034.189420 470.293085 -934.282817
v 1034.324740 471.279555 -934.360951
v 1034.189420 472.266026 -934.282817
v 1033.796739 473.155939 -934.056130
v 1033.185111 473.862184 -933.703008
v 1032.414409 474.315651 -933.258005
v 1031.560103 474.471872 -932.764793
v 965.191048 471.279555 -1047.719365
v 1031.560103 471.279555 -932.764793
v 964.336718 425.285504 -1047.226107
v 963.566016 424.832084 -1046.781150
v 962.954388 424.125792 -1046.428028
v 962.561707 423.235879 -1046.201294
v 962.426387 422.249409 -1046.123207
v 962.561707 421.262938 -1046.201294
v 962.954388 420.373025 -1046.428028
v 963.566016 419.666780 -1046.781150
v 964.336718 419.213314 -1047.226107
v 965.191048 419.057092 -1047.719365
v 966.045354 419.213314 -1048.212624
v 966.816056 419.666780 -1048.657580
v 967.427684 420.373025 -1049.010703
v 967.820365 421.262938 -1049.237389
v 967.955685 422.249409 -1049.315523
v 967.820365 423.235879 -1049.237389
v 967.427684 424.125792 -1049.010703
v 966.816056 424.832037 -1048.657580
v 966.045354 425.285504 -1048.212624
v 965.191048 425.441725 -1047.719365
v 1030.705773 425.285504 -932.271534
v 1029.935071 424.832084 -931.826578
v 1029.323443 424.125792 -931.473455
v 1028.930762 423.235879 -931.246722
v 1028.795442 422.249409 -931.168635
v 1028.930762 421.262938 -931.246722
v 1029.323443 420.373025 -931.473455
v 1029.935071 419.666780 -931.826578
v 1030.705773 419.213314 -932.271534
v 1031.560103 419.057092 -932.764793
v 1032.414409 419.213314 -933.258005
v 1033.185111 419.666780 -933.703008
v 1033.796739 420.373025 -934.056130
v 1034.189420 421.262938 -934.282817
v 1034.324740 422.249409 -934.360951
v 1034.189420 423.235879 -934.282817
v 1033.796739 424.125792 -934.056130
v 1033.185111 424.832037 -933.703008
v 1032.414409 425.285504 -933.258005
v 1031.560103 425.441725 -932.764793
v 965.191048 422.249409 -1047.719365
v 1031.560103 422.249409 -932.764793
v 964.336718 376.255357 -1047.226107
v 963.566016 375.801937 -1046.781150
v 962.954388 375.095645 -1046.428028
v 962.561707 374.205732 -1046.201294
v 962.426387 373.219262 -1046.123207
v 962.561707 372.232768 -1046.201294
v 962.954388 371.342855 -1046.428028
v 963.566016 370.636610 -1046.781150
v 964.336718 370.183167 -1047.226107
v 965.191048 370.026922 -1047.719365
v 966.045354 370.183167 -1048.212624
v 966.816056 370.636610 -1048.657580
v 967.427684 371.342855 -1049.010703
v 967.820365 372.232768 -1049.237389
v 967.955685 373.219262 -1049.315523
v 967.820365 374.205732 -1049.237389
v 967.427684 375.095645 -1049.010703
v 966.816056 375.801890 -1048.657580
v 966.045354 376.255357 -1048.212624
v 965.191048 376.411578 -1047.719365
v 1030.705773 376.255357 -932.271534
v 1029.935071 375.801937 -931.826578
v 1029.323443 375.095645 -931.473455
v 1028.930762 374.205732 -931.246722
v 1028.795442 373.219262 -931.168635
v 1028.930762 372.232768 -931.246722
v 1029.323443 371.342855 -931.473455
v 1029.935071 370.636610 -931.826578
v 1030.705773 370.183167 -932.271534
v 1031.560103 370.026922 -932.764793
v 1032.414409 370.183167 -933.258005
v 1033.185111 370.636610 -933.703008
v 1033.796739 371.342855 -934.056130
v 1034.189420 372.232768 -934.282817
v 1034.324740 373.219262 -934.360951
v 1034.189420 374.205732 -934.282817
v 1033.796739 375.095645 -934.056130
v 1033.185111 375.801890 -933.703008
v 1032.414409 376.255357 -933.258005
v 1031.560103 376.411578 -932.764793
v 965.191048 373.219262 -1047.719365
v 1031.560103 373.219262 -932.764793
v 964.336718 327.225210 -1047.226107
v 963.566016 326.771767 -1046.781150
v 962.954388 326.065522 -1046.428028
v 962.561707 325.175609 -1046.201294
v 962.426387 324.189115 -1046.123207
v 962.561707 323.202621 -1046.201294
v 962.954388 322.312708 -1046.428028
v 963.566016 321.606463 -1046.781150
v 964.336718 321.153020 -1047.226107
v 965.191048 320.996775 -1047.719365
v 966.045354 321.153020 -1048.212624
v 966.816056 321.606463 -1048.657580
v 967.427684 322.312708 -1049.010703
v 967.820365 323.202621 -1049.237389
v 967.955685 324.189115 -1049.315523
v 967.820365 325.175609 -1049.237389
v 967.427684 326.065522 -1049.010703
v 966.816056 326.771767 -1048.657580
v 966.045354 327.225210 -1048.212624
v 965.191048 327.381455 -1047.719365
v 1030.705773 327.225210 -932.271534
v 1029.935071 326.771767 -931.826578
v 1029.323443 326.065522 -931.473455
v 1028.930762 325.175609 -931.246722
v 1028.795442 324.189115 -931.168635
v 1028.930762 323.202621 -931.246722
v 1029.323443 322.312708 -931.473455
v 1029.935071 321.606463 -931.826578
v 1030.705773 321.153020 -932.271534
v 1031.560103 320.996775 -932.764793
v 1032.414409 321.153020 -933.258005
v 1033.185111 321.606463 -933.703008
v 1033.796739 322.312708 -934.056130
v 1034.189420 323.202621 -934.282817
v 1034.324740 324.189115 -934.360951
v 1034.189420 325.175609 -934.282817
v 1033.796739 326.065522 -934.056130
v 1033.185111 326.771767 -933.703008
v 1032.414409 327.225210 -933.258005
v 1031.560103 327.381455 -932.764793
v 965.191048 324.189115 -1047.719365
v 1031.560103 324.189115 -932.764793
v 921.462553 7.835788 -805.295475
v 1143.323294 7.835788 -805.295475
v 921.462553 81.947561 -805.295475
v 1143.323294 81.947561 -805.295475
v 921.462553 81.947561 -839.698440
v 1143.323294 81.947561 -839.698440
v 921.462553 7.835788 -839.698440
v 1143.323294 7.835788 -839.698440
v 1082.067874 297.723054 -863.864123
v 1093.169861 297.723054 -849.654360
v 1082.067874 598.539686 -863.864123
v 1093.169861 598.539686 -849.654360
v 1083.849992 598.539686 -865.256460
v 1094.951979 598.539686 -851.046697
v 1083.849992 297.723054 -865.256460
v 1094.951979 297.723054 -851.046697
v 1098.080843 297.723054 -843.368669
v 1109.182830 297.723054 -829.158906
v 1098.080843 598.539686 -843.368669
v 1109.182830 598.539686 -829.158906
v 1099.862914 598.539686 -844.761006
v 1110.964901 598.539686 -830.551243
v 1099.862914 297.723054 -844.761006
v 1110.964901 297.723054 -830.551243
v 1113.173459 297.723054 -824.051210
v 1124.275446 297.723054 -809.841400
v 1113.173459 598.539686 -824.051210
v 1124.275446 598.539686 -809.841400
v 1114.955530 598.539686 -825.443546
v 1126.057517 598.539686 -811.233737
v 1114.955530 297.723054 -825.443546
v 1126.057517 297.723054 -811.233737
v 1127.803163 297.723054 -805.326184
v 1138.905149 297.723054 -791.116374
v 1127.803163 598.539686 -805.326184
v 1138.905149 598.539686 -791.116374
v 1129.585280 598.539686 -806.718521
v 1140.687267 598.539686 -792.508711
v 1129.585280 297.723054 -806.718521
v 1140.687267 297.723054 -792.508711
v 1140.952857 572.375944 -784.262143
v 1141.654099 571.922524 -784.810063
v 1142.210622 571.216233 -785.244873
v 1142.567953 570.326319 -785.524023
v 1142.691068 569.339849 -785.620206
v 1142.567953 568.353379 -785.524023
v 1142.210622 567.463466 -785.244873
v 1141.654099 566.757221 -784.810063
v 1140.952857 566.303754 -784.262143
v 1140.175492 566.147533 -783.654793
v 1139.398127 566.303754 -783.047443
v 1138.696886 566.757221 -782.499571
v 1138.140363 567.463466 -782.064761
v 1137.783032 568.353379 -781.785611
v 1137.659916 569.339849 -781.689428
v 1137.783032 570.326319 -781.785611
v 1138.140363 571.216233 -782.064761
v 1138.696886 571.922477 -782.499571
v 1139.398127 572.375944 -783.047443
v 1140.175492 572.532165 -783.654793
v 1059.230693 572.375944 -888.860906
v 1059.931935 571.922524 -889.408779
v 1060.488458 571.216233 -889.843589
v 1060.845789 570.326319 -890.122739
v 1060.968905 569.339849 -890.218968
v 1060.845789 568.353379 -890.122739
v 1060.488458 567.463466 -889.843589
v 1059.931935 566.757221 -889.408779
v 1059.230693 566.303754 -888.860906
v 1058.453328 566.147533 -888.253556
v 1057.675963 566.303754 -887.646206
v 1056.974722 566.757221 -887.098333
v 1056.418199 567.463466 -886.663523
v 1056.060868 568.353379 -886.384326
v 1055.937752 569.339849 -886.288144
v 1056.060868 570.326319 -886.384326
v 1056.418199 571.216233 -886.663523
v 1056.974722 571.922477 -887.098333
v 1057.675963 572.375944 -887.646206
v 1058.453328 572.532165 -888.253556
v 1140.175492 569.339849 -783.654793
v 1058.453328 569.339849 -888.253556
v 1140.952857 523.345797 -784.262143
v 1141.654099 522.892377 -784.810063
v 1142.210622 522.186086 -785.244873
v 1142.567953 521.296172 -785.524023
v 1142.691068 520.309702 -785.620206
v 1142.567953 519.323232 -785.524023
v 1142.210622 518.433319 -785.244873
v 1141.654099 517.727074 -784.810063
v 1140.952857 517.273607 -784.262143
v 1140.175492 517.117386 -783.654793
v 1139.398127 517.273607 -783.047443
v 1138.696886 517.727074 -782.499571
v 1138.140363 518.433319 -782.064761
v 1137.783032 519.323232 -781.785611
v 1137.659916 520.309702 -781.689428
v 1137.783032 521.296172 -781.785611
v 1138.140363 522.186086 -782.064761
v 1138.696886 522.892331 -782.499571
v 1139.398127 523.345797 -783.047443
v 1140.175492 523.502018 -783.654793
v 1059.230693 523.345797 -888.860906
v 1059.931935 522.892377 -889.408779
v 1060.488458 522.186086 -889.843589
v 1060.845789 521.296172 -890.122739
v 1060.968905 520.309702 -890.218968
v 1060.845789 519.323232 -890.122739
v 1060.488458 518.433319 -889.843589
v 1059.931935 517.727074 -889.408779
v 1059.230693 517.273607 -888.860906
v 1058.453328 517.117386 -888.253556
v 1057.675963 517.273607 -887.646206
v 1056.974722 517.727074 -887.098333
v 1056.418199 518.433319 -886.663523
v 1056.060868 519.323232 -886.384326
v 1055.937752 520.309702 -886.288144
v 1056.060868 521.296172 -886.384326
v 1056.418199 522.186086 -886.663523
v 1056.974722 522.892331 -887.098333
v 1057.675963 523.345797 -887.646206
v 1058.453328 523.502018 -888.253556
v 1140.175492 520.309702 -783.654793
v 1058.453328 520.309702 -888.253556
v 1140.952857 474.315651 -784.262143
v 1141.654099 473.862231 -784.810063
v 1142.210622 473.155939 -785.244873
v 1142.567953 472.266026 -785.524023
v 1142.691068 471.279555 -785.620206
v 1142.567953 470.293085 -785.524023
v 1142.210622 469.403172 -785.244873
v 1141.654099 468.696927 -784.810063
v 1140.952857 468.243460 -784.262143
v 1140.175492 468.087239 -783.654793
v 1139.398127 468.243460 -783.047443
v 1138.696886 468.696927 -782.499571
v 1138.140363 469.403172 -782.064761
v 1137.783032 470.293085 -781.785611
v 1137.659916 471.279555 -781.689428
v 1137.783032 472.266026 -781.785611
v 1138.140363 473.155939 -782.064761
v 1138.696886 473.862184 -782.499571
v 1139.398127 474.315651 -783.047443
v 1140.175492 474.471872 -783.654793
v 1059.230693 474.315651 -888.860906
v 1059.931935 473.862231 -889.408779
v 1060.488458 473.155939 -889.843589
v 1060.845789 472.266026 -890.122739
v 1060.968905 471.279555 -890.218968
v 1060.845789 470.293085 -890.122739
v 1060.488458 469.403172 -889.843589
v 1059.931935 468.696927 -889.408779
v 1059.230693 468.243460 -888.860906
v 1058.453328 468.087239 -888.253556
v 1057.675963 468.243460 -887.646206
v 1056.974722 468.696927 -887.098333
v 1056.418199 469.403172 -886.663523
v 1056.060868 470.293085 -886.384326
v 1055.937752 471.279555 -886.288144
v 1056.060868 472.266026 -886.384326
v 1056.418199 473.155939 -886.663523
v 1056.974722 473.862184 -887.098333
v 1057.675963 474.315651 -887.646206
v 1058.453328 474.471872 -888.253556
v 1140.175492 471.279555 -783.654793
v 1058.453328 471.279555 -888.253556
v 1140.952857 425.285504 -784.262143
v 1141.654099 424.832084 -784.810063
v 1142.210622 424.125792 -785.244873
v 1142.567953 423.235879 -785.524023
v 1142.691068 422.249409 -785.620206
v 1142.567953 421.262938 -785.524023
v 1142.210622 420.373025 -785.244873
v 1141.654099 419.666780 -784.810063
v 1140.952857 419.213314 -784.262143
v 1140.175492 419.057092 -783.654793
v 1139.398127 419.213314 -783.047443
v 1138.696886 419.666780 -782.499571
v 1138.140363 420.373025 -782.064761
v 1137.783032 421.262938 -781.785611
v 1137.659916 422.249409 -781.689428
v 1137.783032 423.235879 -781.785611
v 1138.140363 424.125792 -782.064761
v 1138.696886 424.832037 -782.499571
v 1139.398127 425.285504 -783.047443
v 1140.175492 425.441725 -783.654793
v 1059.230693 425.285504 -888.860906
v 1059.931935 424.832084 -889.408779
v 1060.488458 424.125792 -889.843589
v 1060.845789 423.235879 -890.122739
v 1060.968905 422.249409 -890.218968
v 1060.845789 421.262938 -890.122739
v 1060.488458 420.373025 -889.843589
v 1059.931935 419.666780 -889.408779
v 1059.230693 419.213314 -888.860906
v 1058.453328 419.057092 -888.253556
v 1057.675963 419.213314 -887.646206
v 1056.974722 419.666780 -887.098333
v 1056.418199 420.373025 -886.663523
v 1056.060868 421.262938 -886.384326
v 1055.937752 422.249409 -886.288144
v 1056.060868 423.235879 -886.384326
v 1056.418199 424.125792 -886.663523
v 1056.974722 424.832037 -887.098333
v 1057.675963 425.285504 -887.646206
v 1058.453328 425.441725 -888.253556
v 1140.175492 422.249409 -783.654793
v 1058.453328 422.249409 -888.253556
v 1140.952857 376.255357 -784.262143
v 1141.654099 375.801937 -784.810063
v 1142.210622 375.095645 -785.244873
v 1142.567953 374.205732 -785.524023
v 1142.691068 373.219262 -785.620206
v 1142.567953 372.232768 -785.524023
v 1142.210622 371.342855 -785.244873
v 1141.654099 370.636610 -784.810063
v 1140.952857 370.183167 -784.262143
v 1140.175492 370.026922 -783.654793
v 1139.398127 370.183167 -783.047443
v 1138.696886 370.636610 -782.499571
v 1138.140363 371.342855 -782.064761
v 1137.783032 372.232768 -781.785611
v 1137.659916 373.219262 -781.689428
v 1137.783032 374.205732 -781.785611
v 1138.140363 375.095645 -782.064761
v 1138.696886 375.801890 -782.499571
v 1139.398127 376.255357 -783.047443
v 1140.175492 376.411578 -783.654793
v 1059.230693 376.255357 -888.860906
v 1059.931935 375.801937 -889.408779
v 1060.488458 375.095645 -889.843589
v 1060.845789 374.205732 -890.122739
v 1060.968905 373.219262 -890.218968
v 1060.845789 372.232768 -890.122739
v 1060.488458 371.342855 -889.843589
v 1059.931935 370.636610 -889.408779
v 1059.230693 370.183167 -888.860906
v 1058.453328 370.026922 -888.253556
v 1057.675963 370.183167 -887.646206
v 1056.974722 370.636610 -887.098333
v 1056.418199 371.342855 -886.663523
v 1056.060868 372.232768 -886.384326
v 1055.937752 373.219262 -886.288144
v 1056.060868 374.205732 -886.384326
v 1056.418199 375.095645 -886.663523
v 1056.974722 375.801890 -887.098333
v 1057.675963 376.255357 -887.646206
v 1058.453328 376.411578 -888.253556
v 1140.175492 373.219262 -783.654793
v 1058.453328 373.219262 -888.253556
v 1140.952857 327.225210 -784.262143
v 1141.654099 326.771767 -784.810063
v 1142.210622 326.065522 -785.244873
v 1142.567953 325.175609 -785.524023
v 1142.691068 324.189115 -785.620206
v 1142.567953 323.202621 -785.524023
v 1142.210622 322.312708 -785.244873
v 1141.654099 321.606463 -784.810063
v 1140.952857 321.153020 -784.262143
v 1140.175492 320.996775 -783.654793
v 1139.398127 321.153020 -783.047443
v 1138.696886 321.606463 -782.499571
v 1138.140363 322.312708 -782.064761
v 1137.783032 323.202621 -781.785611
v 1137.659916 324.189115 -781.689428
v 1137.783032 325.175609 -781.785611
v 1138.140363 326.065522 -782.064761
v 1138.696886 326.771767 -782.499571
v 1139.398127 327.225210 -783.047443
v 1140.175492 327.381455 -783.654793
v 1059.230693 327.225210 -888.860906
v 1059.931935 326.771767 -889.408779
v 1060.488458 326.065522 -889.843589
v 1060.845789 325.175609 -890.122739
v 1060.968905 324.189115 -890.218968
v 1060.845789 323.202621 -890.122739
v 1060.488458 322.312708 -889.843589
v 1059.931935 321.606463 -889.408779
v 1059.230693 321.153020 -888.860906
v 1058.453328 320.996775 -888.253556
v 1057.675963 321.153020 -887.646206
v 1056.974722 321.606463 -887.098333
v 1056.418199 322.312708 -886.663523
v 1056.060868 323.202621 -886.384326
v 1055.937752 324.189115 -886.288144
v 1056.060868 325.175609 -886.384326
v 1056.418199 326.065522 -886.663523
v 1056.974722 326.771767 -887.098333
v 1057.675963 327.225210 -887.646206
v 1058.453328 327.381455 -888.253556
v 1140.175492 324.189115 -783.654793
v 1058.453328 324.189115 -888.253556
v 921.462553 11.943583 -737.929348
v 1143.323294 11.943583 -737.929348
v 921.462553 37.116178 -737.929348
v 1143.323294 37.116178 -737.929348
v 921.462553 37.116178 -772.332304
v 1143.323294 37.116178 -772.332304
v 921.462553 11.943583 -772.332316
v 1143.323294 11.943583 -772.332316
v 983.009093 297.723054 -905.442263
v 964.976565 297.723054 -905.442263
v 983.009093 598.539686 -905.442263
v 964.976565 598.539686 -905.442263
v 983.009093 598.539686 -903.180760
v 964.976565 598.539686 -903.180760
v 983.009093 297.723054 -903.180760
v 964.976565 297.723054 -903.180760
v 956.999889 297.723054 -905.442263
v 938.967361 297.723054 -905.442263
v 956.999889 598.539686 -905.442263
v 938.967361 598.539686 -905.442263
v 956.999889 598.539686 -903.180760
v 938.967361 598.539686 -903.180760
v 956.999889 297.723054 -903.180760
v 938.967361 297.723054 -903.180760
v 932.485564 297.723054 -905.442263
v 914.453036 297.723054 -905.442263
v 932.485564 598.539686 -905.442263
v 914.453036 598.539686 -905.442263
v 932.485564 598.539686 -903.180760
v 914.453036 598.539686 -903.180760
v 932.485564 297.723054 -903.180760
v 914.453036 297.723054 -903.180760
v 908.723073 297.723054 -905.442263
v 890.690545 297.723054 -905.442263
v 908.723073 598.539686 -905.442263
v 890.690545 598.539686 -905.442263
v 908.723073 598.539686 -903.180760
v 890.690545 598.539686 -903.180760
v 908.723073 297.723054 -903.180760
v 890.690545 297.723054 -903.180760
v 884.028680 572.375944 -908.048551
v 884.028680 571.922524 -907.158638
v 884.028680 571.216233 -906.452393
v 884.028680 570.326319 -905.998950
v 884.028680 569.339849 -905.842705
v 884.028680 568.353379 -905.998950
v 884.028680 567.463466 -906.452393
v 884.028680 566.757221 -907.158638
v 884.028680 566.303754 -908.048563
v 884.028680 566.147533 -909.035045
v 884.028680 566.303754 -910.021527
v 884.028680 566.757221 -910.911452
v 884.028680 567.463466 -911.617697
v 884.028680 568.353379 -912.071128
v 884.028680 569.339849 -912.227373
v 884.028680 570.326319 -912.071128
v 884.028680 571.216233 -911.617697
v 884.028680 571.922477 -910.911452
v 884.028680 572.375944 -910.021527
v 884.028680 572.532165 -909.035045
v 1016.766790 572.375944 -908.048551
v 1016.766790 571.922524 -907.158638
v 1016.766790 571.216233 -906.452393
v 1016.766790 570.326319 -905.998950
v 1016.766790 569.339849 -905.842705
v 1016.766790 568.353379 -905.998950
v 1016.766790 567.463466 -906.452393
v 1016.766790 566.757221 -907.158638
v 1016.766790 566.303754 -908.048563
v 1016.766790 566.147533 -909.035045
v 1016.766790 566.303754 -910.021527
v 1016.766790 566.757221 -910.911452
v 1016.766790 567.463466 -911.617697
v 1016.766790 568.353379 -912.071128
v 1016.766790 569.339849 -912.227373
v 1016.766790 570.326319 -912.071128
v 1016.766790 571.216233 -911.617697
v 1016.766790 571.922477 -910.911452
v 1016.766790 572.375944 -910.021527
v 1016.766790 572.532165 -909.035045
v 884.028680 569.339849 -909.035045
v 1016.766790 569.339849 -909.035045
v 884.028680 523.345797 -908.048551
v 884.028680 522.892377 -907.158638
v 884.028680 522.186086 -906.452393
v 884.028680 521.296172 -905.998950
v 884.028680 520.309702 -905.842705
v 884.028680 519.323232 -905.998950
v 884.028680 518.433319 -906.452393
v 884.028680 517.727074 -907.158638
v 884.028680 517.273607 -908.048563
v 884.028680 517.117386 -909.035045
v 884.028680 517.273607 -910.021527
v 884.028680 517.727074 -910.911452
v 884.028680 518.433319 -911.617697
v 884.028680 519.323232 -912.071128
v 884.028680 520.309702 -912.227373
v 884.028680 521.296172 -912.071128
v 884.028680 522.186086 -911.617697
v 884.028680 522.892331 -910.911452
v 884.028680 523.345797 -910.021527
v 884.028680 523.502018 -909.035045
v 1016.766790 523.345797 -908.048551
v 1016.766790 522.892377 -907.158638
v 1016.766790 522.186086 -906.452393
v 1016.766790 521.296172 -905.998950
v 1016.766790 520.309702 -905.842705
v 1016.766790 519.323232 -905.998950
v 1016.766790 518.433319 -906.452393
v 1016.766790 517.727074 -907.158638
v 1016.766790 517.273607 -908.048563
v 1016.766790 517.117386 -909.035045
v 1016.766790 517.273607 -910.021527
v 1016.766790 517.727074 -910.911452
v 1016.766790 518.433319 -911.617697
v 1016.766790 519.323232 -912.071128
v 1016.766790 520.309702 -912.227373
v 1016.766790 521.296172 -912.071128
v 1016.766790 522.186086 -911.617697
v 1016.766790 522.892331 -910.911452
v 1016.766790 523.345797 -910.021527
v 1016.766790 523.502018 -909.035045
v 884.028680 520.309702 -909.035045
v 1016.766790 520.309702 -909.035045
v 884.028680 474.315651 -908.048551
v 884.028680 473.862231 -907.158638
v 884.028680 473.155939 -906.452393
v 884.028680 472.266026 -905.998950
v 884.028680 471.279555 -905.842705
v 884.028680 470.293085 -905.998950
v 884.028680 469.403172 -906.452393
v 884.028680 468.696927 -907.158638
v 884.028680 468.243460 -908.048563
v 884.028680 468.087239 -909.035045
v 884.028680 468.243460 -910.021527
v 884.028680 468.696927 -910.911452
v 884.028680 469.403172 -911.617697
v 884.028680 470.293085 -912.071128
v 884.028680 471.279555 -912.227373
v 884.028680 472.266026 -912.071128
v 884.028680 473.155939 -911.617697
v 884.028680 473.862184 -910.911452
v 884.028680 474.315651 -910.021527
v 884.028680 474.471872 -909.035045
v 1016.766790 474.315651 -908.048551
v 1016.766790 473.862231 -907.158638
v 1016.766790 473.155939 -906.452393
v 1016.766790 472.266026 -905.998950
v 1016.766790 471.279555 -905.842705
v 1016.766790 470.293085 -905.998950
v 1016.766790 469.403172 -906.452393
v 1016.766790 468.696927 -907.158638
v 1016.766790 468.243460 -908.048563
v 1016.766790 468.087239 -909.035045
v 1016.766790 468.243460 -910.021527
v 1016.766790 468.696927 -910.911452
v 1016.766790 469.403172 -911.617697
v 1016.766790 470.293085 -912.071128
v 1016.766790 471.279555 -912.227373
v 1016.766790 472.266026 -912.071128
v 1016.766790 473.155939 -911.617697
v 1016.766790 473.862184 -910.911452
v 1016.766790 474.315651 -910.021527
v 1016.766790 474.471872 -909.035045
v 884.028680 471.279555 -909.035045
v 1016.766790 471.279555 -909.035045
v 884.028680 425.285504 -908.048551
v 884.028680 424.832084 -907.158638
v 884.028680 424.125792 -906.452393
v 884.028680 423.235879 -905.998950
v 884.028680 422.249409 -905.842705
v 884.028680 421.262938 -905.998950
v 884.028680 420.373025 -906.452393
v 884.028680 419.666780 -907.158638
v 884.028680 419.213314 -908.048563
v 884.028680 419.057092 -909.035045
v 884.028680 419.213314 -910.021527
v 884.028680 419.666780 -910.911452
v 884.028680 420.373025 -911.617697
v 884.028680 421.262938 -912.071128
v 884.028680 422.249409 -912.227373
v 884.028680 423.235879 -912.071128
v 884.028680 424.125792 -911.617697
v 884.028680 424.832037 -910.911452
v 884.028680 425.285504 -910.021527
v 884.028680 425.441725 -909.035045
v 1016.766790 425.285504 -908.048551
v 1016.766790 424.832084 -907.158638
v 1016.766790 424.125792 -906.452393
v 1016.766790 423.235879 -905.998950
v 1016.766790 422.249409 -905.842705
v 1016.766790 421.262938 -905.998950
v 1016.766790 420.373025 -906.452393
v 1016.766790 419.666780 -907.158638
v 1016.766790 419.213314 -908.048563
v 1016.766790 419.057092 -909.035045
v 1016.766790 419.213314 -910.021527
v 1016.766790 419.666780 -910.911452
v 1016.766790 420.373025 -911.617697
v 1016.766790 421.262938 -912.071128
v 1016.766790 422.249409 -912.227373
v 1016.766790 423.235879 -912.071128
v 1016.766790 424.125792 -911.617697
v 1016.766790 424.832037 -910.911452
v 1016.766790 425.285504 -910.021527
v 1016.766790 425.441725 -909.035045
v 884.028680 422.249409 -909.035045
v 1016.766790 422.249409 -909.035045
v 884.028680 376.255357 -908.048551
v 884.028680 375.801937 -907.158638
v 884.028680 375.095645 -906.452393
v 884.028680 374.205732 -905.998950
v 884.028680 373.219262 -905.842705
v 884.028680 372.232768 -905.998950
v 884.028680 371.342855 -906.452393
v 884.028680 370.636610 -907.158638
v 884.028680 370.183167 -908.048563
v 884.028680 370.026922 -909.035045
v 884.028680 370.183167 -910.021527
v 884.028680 370.636610 -910.911452
v 884.028680 371.342855 -911.617697
v 884.028680 372.232768 -912.071128
v 884.028680 373.219262 -912.227373
v 884.028680 374.205732 -912.071128
v 884.028680 375.095645 -911.617697
v 884.028680 375.801890 -910.911452
v 884.028680 376.255357 -910.021527
v 884.028680 376.411578 -909.035045
v 1016.766790 376.255357 -908.048551
v 1016.766790 375.801937 -907.158638
v 1016.766790 375.095645 -906.452393
v 1016.766790 374.205732 -905.998950
v 1016.766790 373.219262 -905.842705
v 1016.766790 372.232768 -905.998950
v 1016.766790 371.342855 -906.452393
v 1016.766790 370.636610 -907.158638
v 1016.766790 370.183167 -908.048563
v 1016.766790 370.026922 -909.035045
v 1016.766790 370.183167 -910.021527
v 1016.766790 370.636610 -910.911452
v 1016.766790 371.342855 -911.617697
v 1016.766790 372.232768 -912.071128
v 1016.766790 373.219262 -912.227373
v 1016.766790 374.205732 -912.071128
v 1016.766790 375.095645 -911.617697
v 1016.766790 375.801890 -910.911452
v 1016.766790 376.255357 -910.021527
v 1016.766790 376.411578 -909.035045
v 884.028680 373.219262 -909.035045
v 1016.766790 373.219262 -909.035045
v 884.028680 327.225210 -908.048551
v 884.028680 326.771767 -907.158638
v 884.028680 326.065522 -906.452393
v 884.028680 325.175609 -905.998950
v 884.028680 324.189115 -905.842705
v 884.028680 323.202621 -905.998950
v 884.028680 322.312708 -906.452393
v 884.028680 321.606463 -907.158638
v 884.028680 321.153020 -908.048563
v 884.028680 320.996775 -909.035045
v 884.028680 321.153020 -910.021527
v 884.028680 321.606463 -910.911452
v 884.028680 322.312708 -911.617697
v 884.028680 323.202621 -912.071128
v 884.028680 324.189115 -912.227373
v 884.028680 325.175609 -912.071128
v 884.028680 326.065522 -911.617697
v 884.028680 326.771767 -910.911452
v 884.028680 327.225210 -910.021527
v 884.028680 327.381455 -909.035045
v 1016.766790 327.225210 -908.048551
v 1016.766790 326.771767 -907.158638
v 1016.766790 326.065522 -906.452393
v 1016.766790 325.175609 -905.998950
v 1016.766790 324.189115 -905.842705
v 1016.766790 323.202621 -905.998950
v 1016.766790 322.312708 -906.452393
v 1016.766790 321.606463 -907.158638
v 1016.766790 321.153020 -908.048563
v 1016.766790 320.996775 -909.035045
v 1016.766790 321.153020 -910.021527
v 1016.766790 321.606463 -910.911452
v 1016.766790 322.312708 -911.617697
v 1016.766790 323.202621 -912.071128
v 1016.766790 324.189115 -912.227373
v 1016.766790 325.175609 -912.071128
v 1016.766790 326.065522 -911.617697
v 1016.766790 326.771767 -910.911452
v 1016.766790 327.225210 -910.021527
v 1016.766790 327.381455 -909.035045
v 884.028680 324.189115 -909.035045
v 1016.766790 324.189115 -909.035045
v 1077.732633 297.723054 -958.122506
v 1089.145238 297.723054 -972.084074
v 1077.732633 598.539686 -958.122506
v 1089.145238 598.539686 -972.084074
v 1075.981703 598.539686 -959.553793
v 1087.394308 598.539686 -973.515337
v 1075.981703 297.723054 -959.553793
v 1087.394308 297.723054 -973.515337
v 1094.193598 297.723054 -978.259928
v 1105.606250 297.723054 -992.221449
v 1094.193598 598.539686 -978.259928
v 1105.606250 598.539686 -992.221449
v 1092.442668 598.539686 -979.691191
v 1103.855273 598.539686 -993.652712
v 1092.442668 297.723054 -979.691191
v 1103.855273 297.723054 -993.652712
v 1109.708492 297.723054 -997.239930
v 1121.121098 297.723054 -1011.201450
v 1109.708492 598.539686 -997.239930
v 1121.121098 598.539686 -1011.201450
v 1107.957562 598.539686 -998.671193
v 1119.370168 598.539686 -1012.632713
v 1107.957562 297.723054 -998.671193
v 1119.370168 297.723054 -1012.632713
v 1124.747569 297.723054 -1015.637831
v 1136.160174 297.723054 -1029.599351
v 1124.747569 598.539686 -1015.637831
v 1136.160174 598.539686 -1029.599351
v 1122.996593 598.539686 -1017.069094
v 1134.409198 598.539686 -1031.030638
v 1122.996593 297.723054 -1017.069094
v 1134.409198 297.723054 -1031.030638
v 1142.394290 572.375944 -1033.107757
v 1141.705300 571.922524 -1033.670967
v 1141.158502 571.216233 -1034.117934
v 1140.807391 570.326319 -1034.404940
v 1140.686426 569.339849 -1034.503788
v 1140.807391 568.353379 -1034.404940
v 1141.158502 567.463466 -1034.117934
v 1141.705300 566.757221 -1033.670967
v 1142.394290 566.303754 -1033.107757
v 1143.158095 566.147533 -1032.483434
v 1143.921853 566.303754 -1031.859064
v 1144.610891 566.757221 -1031.295854
v 1145.157688 567.463466 -1030.848887
v 1145.508753 568.353379 -1030.561928
v 1145.629718 569.339849 -1030.463033
v 1145.508753 570.326319 -1030.561928
v 1145.157688 571.216233 -1030.848887
v 1144.610891 571.922477 -1031.295854
v 1143.921853 572.375944 -1031.859064
v 1143.158095 572.532165 -1032.483434
v 1058.385622 572.375944 -930.336422
v 1057.696584 571.922524 -930.899631
v 1057.149787 571.216233 -931.346622
v 1056.798722 570.326319 -931.633604
v 1056.677757 569.339849 -931.732476
v 1056.798722 568.353379 -931.633604
v 1057.149787 567.463466 -931.346622
v 1057.696584 566.757221 -930.899631
v 1058.385622 566.303754 -930.336422
v 1059.149380 566.147533 -929.712075
v 1059.913161 566.303754 -929.087752
v 1060.602175 566.757221 -928.524519
v 1061.148973 567.463466 -928.077551
v 1061.500038 568.353379 -927.790569
v 1061.621026 569.339849 -927.691698
v 1061.500038 570.326319 -927.790569
v 1061.148973 571.216233 -928.077551
v 1060.602175 571.922477 -928.524519
v 1059.913161 572.375944 -929.087752
v 1059.149380 572.532165 -929.712075
v 1143.158095 569.339849 -1032.483434
v 1059.149380 569.339849 -929.712075
v 1142.394290 523.345797 -1033.107757
v 1141.705300 522.892377 -1033.670967
v 1141.158502 522.186086 -1034.117934
v 1140.807391 521.296172 -1034.404940
v 1140.686426 520.309702 -1034.503788
v 1140.807391 519.323232 -1034.404940
v 1141.158502 518.433319 -1034.117934
v 1141.705300 517.727074 -1033.670967
v 1142.394290 517.273607 -1033.107757
v 1143.158095 517.117386 -1032.483434
v 1143.921853 517.273607 -1031.859064
v 1144.610891 517.727074 -1031.295854
v 1145.157688 518.433319 -1030.848887
v 1145.508753 519.323232 -1030.561928
v 1145.629718 520.309702 -1030.463033
v 1145.508753 521.296172 -1030.561928
v 1145.157688 522.186086 -1030.848887
v 1144.610891 522.892331 -1031.295854
v 1143.921853 523.345797 -1031.859064
v 1143.158095 523.502018 -1032.483434
v 1058.385622 523.345797 -930.336422
v 1057.696584 522.892377 -930.899631
v 1057.149787 522.186086 -931.346622
v 1056.798722 521.296172 -931.633604
v 1056.677757 520.309702 -931.732476
v 1056.798722 519.323232 -931.633604
v 1057.149787 518.433319 -931.346622
v 1057.696584 517.727074 -930.899631
v 1058.385622 517.273607 -930.336422
v 1059.149380 517.117386 -929.712075
v 1059.913161 517.273607 -929.087752
v 1060.602175 517.727074 -928.524519
v 1061.148973 518.433319 -928.077551
v 1061.500038 519.323232 -927.790569
v 1061.621026 520.309702 -927.691698
v 1061.500038 521.296172 -927.790569
v 1061.148973 522.186086 -928.077551
v 1060.602175 522.892331 -928.524519
v 1059.913161 523.345797 -929.087752
v 1059.149380 523.502018 -929.712075
v 1143.158095 520.309702 -1032.483434
v 1059.149380 520.309702 -929.712075
v 1142.394290 474.315651 -1033.107757
v 1141.705300 473.862231 -1033.670967
v 1141.158502 473.155939 -1034.117934
v 1140.807391 472.266026 -1034.404940
v 1140.686426 471.279555 -1034.503788
v 1140.807391 470.293085 -1034.404940
v 1141.158502 469.403172 -1034.117934
v 1141.705300 468.696927 -1033.670967
v 1142.394290 468.243460 -1033.107757
v 1143.158095 468.087239 -1032.483434
v 1143.921853 468.243460 -1031.859064
v 1144.610891 468.696927 -1031.295854
v 1145.157688 469.403172 -1030.848887
v 1145.508753 470.293085 -1030.561928
v 1145.629718 471.279555 -1030.463033
v 1145.508753 472.266026 -1030.561928
v 1145.157688 473.155939 -1030.848887
v 1144.610891 473.862184 -1031.295854
v 1143.921853 474.315651 -1031.859064
v 1143.158095 474.471872 -1032.483434
v 1058.385622 474.315651 -930.336422
v 1057.696584 473.862231 -930.899631
v 1057.149787 473.155939 -931.346622
v 1056.798722 472.266026 -931.633604
v 1056.677757 471.279555 -931.732476
v 1056.798722 470.293085 -931.633604
v 1057.149787 469.403172 -931.346622
v 1057.696584 468.696927 -930.899631
v 1058.385622 468.243460 -930.336422
v 1059.149380 468.087239 -929.712075
v 1059.913161 468.243460 -929.087752
v 1060.602175 468.696927 -928.524519
v 1061.148973 469.403172 -928.077551
v 1061.500038 470.293085 -927.790569
v 1061.621026 471.279555 -927.691698
v 1061.500038 472.266026 -927.790569
v 1061.148973 473.155939 -928.077551
v 1060.602175 473.862184 -928.524519
v 1059.913161 474.315651 -929.087752
v 1059.149380 474.471872 -929.712075
v 1143.158095 471.279555 -1032.483434
v 1059.149380 471.279555 -929.712075
v 1142.394290 425.285504 -1033.107757
v 1141.705300 424.832084 -1033.670967
v 1141.158502 424.125792 -1034.117934
v 1140.807391 423.235879 -1034.404940
v 1140.686426 422.249409 -1034.503788
v 1140.807391 421.262938 -1034.404940
v 1141.158502 420.373025 -1034.117934
v 1141.705300 419.666780 -1033.670967
v 1142.394290 419.213314 -1033.107757
v 1143.158095 419.057092 -1032.483434
v 1143.921853 419.213314 -1031.859064
v 1144.610891 419.666780 -1031.295854
v 1145.157688 420.373025 -1030.848887
v 1145.508753 421.262938 -1030.561928
v 1145.629718 422.249409 -1030.463033
v 1145.508753 423.235879 -1030.561928
v 1145.157688 424.125792 -1030.848887
v 1144.610891 424.832037 -1031.295854
v 1143.921853 425.285504 -1031.859064
v 1143.158095 425.441725 -1032.483434
v 1058.385622 425.285504 -930.336422
v 1057.696584 424.832084 -930.899631
v 1057.149787 424.125792 -931.346622
v 1056.798722 423.235879 -931.633604
v 1056.677757 422.249409 -931.732476
v 1056.798722 421.262938 -931.633604
v 1057.149787 420.373025 -931.346622
v 1057.696584 419.666780 -930.899631
v 1058.385622 419.213314 -930.336422
v 1059.149380 419.057092 -929.712075
v 1059.913161 419.213314 -929.087752
v 1060.602175 419.666780 -928.524519
v 1061.148973 420.373025 -928.077551
v 1061.500038 421.262938 -927.790569
v 1061.621026 422.249409 -927.691698
v 1061.500038 423.235879 -927.790569
v 1061.148973 424.125792 -928.077551
v 1060.602175 424.832037 -928.524519
v 1059.913161 425.285504 -929.087752
v 1059.149380 425.441725 -929.712075
v 1143.158095 422.249409 -1032.483434
v 1059.149380 422.249409 -929.712075
v 1142.394290 376.255357 -1033.107757
v 1141.705300 375.801937 -1033.670967
v 1141.158502 375.095645 -1034.117934
v 1140.807391 374.205732 -1034.404940
v 1140.686426 373.219262 -1034.503788
v 1140.807391 372.232768 -1034.404940
v 1141.158502 371.342855 -1034.117934
v 1141.705300 370.636610 -1033.670967
v 1142.394290 370.183167 -1033.107757
v 1143.158095 370.026922 -1032.483434
v 1143.921853 370.183167 -1031.859064
v 1144.610891 370.636610 -1031.295854
v 1145.157688 371.342855 -1030.848887
v 1145.508753 372.232768 -1030.561928
v 1145.629718 373.219262 -1030.463033
v 1145.508753 374.205732 -1030.561928
v 1145.157688 375.095645 -1030.848887
v 1144.610891 375.801890 -1031.295854
v 1143.921853 376.255357 -1031.859064
v 1143.158095 376.411578 -1032.483434
v 1058.385622 376.255357 -930.336422
v 1057.696584 375.801937 -930.899631
v 1057.149787 375.095645 -931.346622
v 1056.798722 374.205732 -931.633604
v 1056.677757 373.219262 -931.732476
v 1056.798722 372.232768 -931.633604
v 1057.149787 371.342855 -931.346622
v 1057.696584 370.636610 -930.899631
v 1058.385622 370.183167 -930.336422
v 1059.149380 370.026922 -929.712075
v 1059.913161 370.183167 -929.087752
v 1060.602175 370.636610 -928.524519
v 1061.148973 371.342855 -928.077551
v 1061.500038 372.232768 -927.790569
v 1061.621026 373.219262 -927.691698
v 1061.500038 374.205732 -927.790569
v 1061.148973 375.095645 -928.077551
v 1060.602175 375.801890 -928.524519
v 1059.913161 376.255357 -929.087752
v 1059.149380 376.411578 -929.712075
v 1143.158095 373.219262 -1032.483434
v 1059.149380 373.219262 -929.712075
v 1142.394290 327.225210 -1033.107757
v 1141.705300 326.771767 -1033.670967
v 1141.158502 326.065522 -1034.117934
v 1140.807391 325.175609 -1034.404940
v 1140.686426 324.189115 -1034.503788
v 1140.807391 323.202621 -1034.404940
v 1141.158502 322.312708 -1034.117934
v 1141.705300 321.606463 -1033.670967
v 1142.394290 321.153020 -1033.107757
v 1143.158095 320.996775 -1032.483434
v 1143.921853 321.153020 -1031.859064
v 1144.610891 321.606463 -1031.295854
v 1145.157688 322.312708 -1030.848887
v 1145.508753 323.202621 -1030.561928
v 1145.629718 324.189115 -1030.463033
v 1145.508753 325.175609 -1030.561928
v 1145.157688 326.065522 -1030.848887
v 1144.610891 326.771767 -1031.295854
v 1143.921853 327.225210 -1031.859064
v 1143.158095 327.381455 -1032.483434
v 1058.385622 327.225210 -930.336422
v 1057.696584 326.771767 -930.899631
v 1057.149787 326.065522 -931.346622
v 1056.798722 325.175609 -931.633604
v 1056.677757 324.189115 -931.732476
v 1056.798722 323.202621 -931.633604
v 1057.149787 322.312708 -931.346622
v 1057.696584 321.606463 -930.899631
v 1058.385622 321.153020 -930.336422
v 1059.149380 320.996775 -929.712075
v 1059.913161 321.153020 -929.087752
v 1060.602175 321.606463 -928.524519
v 1061.148973 322.312708 -928.077551
v 1061.500038 323.202621 -927.790569
v 1061.621026 324.189115 -927.691698
v 1061.500038 325.175609 -927.790569
v 1061.148973 326.065522 -928.077551
v 1060.602175 326.771767 -928.524519
v 1059.913161 327.225210 -929.087752
v 1059.149380 327.381455 -929.712075
v 1143.158095 324.189115 -1032.483434
v 1059.149380 324.189115 -929.712075
v 1067.698687 635.451684 -1089.911179
v 1064.173705 642.369834 -1089.911179
v 1058.683428 647.860111 -1089.911179
v 1051.765255 651.385116 -1089.911179
v 1044.096415 652.599723 -1089.911179
v 1036.427576 651.385116 -1089.911179
v 1029.509402 647.860111 -1089.911179
v 1024.019125 642.369834 -1089.911179
v 1020.494144 635.451684 -1089.911179
v 1019.279514 627.782821 -1089.911179
v 1020.494144 620.113959 -1089.911179
v 1024.019125 613.195808 -1089.911179
v 1029.509402 607.705531 -1089.911179
v 1036.427576 604.180573 -1089.911179
v 1044.096415 602.965920 -1089.911179
v 1051.765255 604.180573 -1089.911179
v 1058.683428 607.705531 -1089.911179
v 1064.173705 613.195808 -1089.911179
v 1067.698687 620.113959 -1089.911179
v 1068.913317 627.782821 -1089.911179
v 1067.698687 635.451684 -668.889372
v 1064.173705 642.369834 -668.889372
v 1058.683428 647.860111 -668.889372
v 1051.765255 651.385116 -668.889372
v 1044.096415 652.599723 -668.889372
v 1036.427576 651.385116 -668.889372
v 1029.509402 647.860111 -668.889372
v 1024.019125 642.369834 -668.889372
v 1020.494144 635.451684 -668.889372
v 1019.279514 627.782821 -668.889372
v 1020.494144 620.113959 -668.889372
v 1024.019125 613.195808 -668.889372
v 1029.509402 607.705531 -668.889372
v 1036.427576 604.180573 -668.889372
v 1044.096415 602.965920 -668.889372
v 1051.765255 604.180573 -668.889372
v 1058.683428 607.705531 -668.889372
v 1064.173705 613.195808 -668.889372
v 1067.698687 620.113959 -668.889372
v 1068.913317 627.782821 -668.889372
v 1044.096415 627.782821 -1089.911179
v 1044.096415 627.782821 -668.889372
v 1043.076746 662.354168 -654.030959
v 776.630346 613.800540 -654.030959
v 114.041229 -23.180453 -637.983178
v 114.041229 -14.713207 -629.515886
v 105.573960 -14.713207 -637.983178
v 188.333094 -23.180453 -637.983178
v 188.333094 -14.713207 -629.515886
v 176.358541 -14.713207 -629.515886
v 176.358541 -23.180453 -637.983178
v 114.041229 -14.713137 -678.546033
v 114.041229 -23.180429 -670.078752
v 105.573960 -14.713137 -670.078752
v 176.358541 -23.180453 -670.078752
v 176.358541 -14.713207 -678.546033
v 188.333094 -14.713207 -678.546033
v 188.333094 -23.180453 -670.078752
v 105.573960 289.302334 -637.983178
v 114.041229 297.769626 -629.515886
v 1280.811022 -23.180453 -637.983178
v 1289.278291 -14.713207 -637.983178
v 1280.811022 -14.713207 -629.515886
v 1280.811022 291.782350 -629.515886
v 1289.278291 291.782350 -637.983178
v 1289.278291 303.756926 -637.983178
v 1280.811022 303.756926 -629.515886
v 1280.811022 605.333364 -629.515886
v 1289.278291 605.333364 -637.983178
v 1280.811022 613.800586 -637.983178
v 1280.811022 613.800540 -670.078764
v 1289.278291 605.333177 -670.078752
v 1280.811022 605.333177 -678.546033
v 1280.811022 575.907589 -678.546033
v 1289.278291 575.907589 -670.078752
v 1289.278291 563.933130 -670.078752
v 1280.811022 563.933130 -678.546033
v 1280.811022 -14.713207 -678.546033
v 1289.278291 -14.713207 -670.078752
v 1280.811022 -23.180453 -670.078752
v 972.439596 -23.180453 -637.983178
v 984.414148 -23.180453 -637.983178
v 984.414148 -14.713207 -629.515886
v 972.439596 -14.713207 -629.515886
v 1015.895861 -23.180453 -637.983178
v 1015.895861 -14.713207 -629.515886
v 1003.921308 -14.713207 -629.515886
v 1003.921308 -23.180453 -637.983178
v 972.439596 -14.713207 -678.546033
v 984.414148 -14.713207 -678.546033
v 984.414148 -23.180453 -670.078752
v 972.439596 -23.180453 -670.078752
v 1003.921308 -23.180453 -670.078752
v 1003.921308 -14.713207 -678.546033
v 1015.895861 -14.713207 -678.546033
v 1015.895861 -23.180453 -670.078752
v 984.414148 303.756926 -629.515886
v 972.439596 303.756926 -629.515886
v 972.439596 291.782350 -629.515886
v 984.414148 291.782350 -629.515886
v 846.595123 -23.180523 -637.983155
v 858.569687 -23.180523 -637.983155
v 858.569687 -14.713207 -629.515886
v 846.595123 -14.713207 -629.515886
v 895.114114 -23.180523 -637.983155
v 895.114114 -14.713207 -629.515886
v 883.139562 -14.713207 -629.515886
v 883.139562 -23.180523 -637.983155
v 846.595123 -14.713230 -678.546033
v 858.569687 -14.713277 -678.546033
v 858.569687 -23.180523 -670.078740
v 846.595123 -23.180523 -670.078740
v 883.139562 -23.180523 -670.078740
v 883.139562 -14.713277 -678.546033
v 895.114114 -14.713277 -678.546033
v 895.114114 -23.180523 -670.078740
v 858.569687 303.756926 -629.515886
v 846.595123 303.756926 -629.515886
v 846.595123 291.782350 -629.515886
v 858.569687 291.782350 -629.515886
v 459.649253 -23.180523 -637.983178
v 471.623805 -23.180523 -637.983178
v 471.623805 -14.713230 -629.515886
v 459.649253 -14.713230 -629.515886
v 524.548878 -23.180453 -637.983178
v 524.548878 -14.713207 -629.515886
v 512.574313 -14.713207 -629.515886
v 512.574313 -23.180453 -637.983178
v 459.649253 -14.713184 -678.546033
v 471.623805 -14.713184 -678.546033
v 471.623805 -23.180429 -670.078764
v 459.649253 -23.180453 -670.078764
v 512.574313 -23.180453 -670.078752
v 512.574313 -14.713207 -678.546033
v 524.548878 -14.713207 -678.546033
v 524.548878 -23.180453 -670.078752
v 459.649253 297.769626 -629.515886
v 471.623805 297.769626 -629.515886
v 279.617992 -23.180429 -637.983155
v 291.592544 -23.180429 -637.983155
v 291.592544 -14.713137 -629.515886
v 279.617992 -14.713137 -629.515886
v 348.417802 -23.180453 -637.983178
v 348.417802 -14.713207 -629.515886
v 336.443250 -14.713207 -629.515886
v 336.443250 -23.180453 -637.983178
v 279.617992 -14.713207 -678.546033
v 291.592544 -14.713207 -678.546033
v 291.592544 -23.180453 -670.078752
v 279.617992 -23.180453 -670.078752
v 336.443250 -23.180453 -670.078752
v 336.443250 -14.713207 -678.546033
v 348.417802 -14.713207 -678.546033
v 348.417802 -23.180453 -670.078752
v 279.617992 297.769626 -629.515886
v 291.592544 297.769626 -629.515886
v 105.573960 289.302334 -670.078752
v 114.041229 297.769626 -678.546033
v 291.592544 297.769626 -678.546033
v 279.617992 297.769626 -678.546033
v 471.623805 297.769626 -678.546033
v 459.649253 297.769626 -678.546033
v 846.595123 303.756926 -678.546033
v 858.569687 303.756926 -678.546033
v 858.569687 291.782350 -678.546033
v 846.595123 291.782350 -678.546033
v 972.439596 303.756926 -678.546033
v 984.414148 303.756926 -678.546033
v 984.414148 291.782350 -678.546033
v 972.439596 291.782350 -678.546033
v 1280.811022 303.756926 -678.546033
v 1289.278291 303.756926 -670.078752
v 1289.278291 291.782350 -670.078752
v 1280.811022 291.782350 -678.546033
v 1280.811022 350.791174 -629.515886
v 1289.278291 350.791174 -637.983178
v 1289.278291 362.765703 -637.983178
v 1280.811022 362.765703 -629.515886
v 984.414148 362.765703 -629.515886
v 972.439596 362.765703 -629.515886
v 972.439596 350.791174 -629.515886
v 984.414148 350.791174 -629.515886
v 858.569687 362.765703 -629.515886
v 846.595123 362.765703 -629.515886
v 846.595123 350.791174 -629.515886
v 858.569687 350.791174 -629.515886
v 883.139562 291.782350 -678.546033
v 883.139562 303.756926 -678.546033
v 895.114114 303.756926 -678.546033
v 895.114114 291.782350 -678.546033
v 1003.921308 291.782350 -678.546033
v 1003.921308 303.756926 -678.546033
v 1015.895861 303.756926 -678.546033
v 1015.895861 291.782350 -678.546033
v 1193.110466 303.756926 -629.515886
v 1193.110466 291.782350 -629.515886
v 1205.085018 291.782350 -629.515886
v 1205.085018 303.756926 -629.515886
v 947.137946 303.756926 -629.515886
v 947.137946 291.782350 -629.515886
v 959.112498 291.782350 -629.515886
v 959.112498 303.756926 -629.515886
v 808.642134 303.756926 -629.515886
v 808.642134 291.782350 -629.515886
v 820.616686 291.782350 -629.515886
v 820.616686 303.756926 -629.515886
v 1118.249406 -23.180453 -637.983178
v 1130.223959 -23.180453 -637.983178
v 1130.223959 -14.713207 -629.515886
v 1118.249406 -14.713207 -629.515886
v 1164.188844 -23.180453 -637.983178
v 1164.188844 -14.713207 -629.515886
v 1152.214291 -14.713207 -629.515886
v 1152.214291 -23.180453 -637.983178
v 1130.223959 303.756926 -629.515886
v 1118.249406 303.756926 -629.515886
v 1118.249406 291.782350 -629.515886
v 1130.223959 291.782350 -629.515886
v 1072.810896 303.756926 -629.515886
v 1072.810896 291.782350 -629.515886
v 1084.785495 291.782350 -629.515886
v 1084.785495 303.756926 -629.515886
v 1118.388420 607.945544 -629.515886
v 1130.322947 605.193275 -629.515886
v 1130.737931 613.800540 -637.950728
v 1119.754432 618.590043 -638.026641
v 1152.214291 613.800540 -637.983178
v 1152.214291 605.333177 -629.515886
v 1164.188844 605.333177 -629.515886
v 1164.188844 613.800540 -637.983178
v 1119.754432 618.590043 -670.035278
v 1130.712962 613.800540 -670.143606
v 1130.354182 605.149041 -678.546033
v 1118.388420 607.945544 -678.546033
v 1152.214291 605.333177 -678.546033
v 1152.214291 613.800540 -670.078752
v 1164.188844 613.800540 -670.078752
v 1164.188844 605.333177 -678.546033
v 1118.249406 303.756926 -678.546033
v 1130.223959 303.756926 -678.546033
v 1130.223959 291.782350 -678.546033
v 1118.249406 291.782350 -678.546033
v 1152.214291 291.782350 -678.546033
v 1152.214291 303.756926 -678.546033
v 1164.188844 303.756926 -678.546033
v 1164.188844 291.782350 -678.546033
v 1118.249406 -14.713207 -678.546033
v 1130.223959 -14.713207 -678.546033
v 1130.223959 -23.180453 -670.078752
v 1118.249406 -23.180453 -670.078752
v 1152.214291 -23.180453 -670.078752
v 1152.214291 -14.713207 -678.546033
v 1164.188844 -14.713207 -678.546033
v 1164.188844 -23.180453 -670.078752
v 1130.223959 362.765703 -629.515886
v 1118.249406 362.765703 -629.515886
v 1118.249406 350.791174 -629.515886
v 1130.223959 350.791174 -629.515886
v 1130.223959 563.933130 -678.546033
v 1118.249406 563.933130 -678.546033
v 1118.249406 575.907589 -678.546033
v 1130.223959 575.907589 -678.546033
v 1037.089470 -23.180453 -637.983178
v 1049.064023 -23.180453 -637.983178
v 1049.064023 -14.713207 -629.515886
v 1037.089470 -14.713207 -629.515886
v 1084.785495 -23.180453 -637.983178
v 1084.785495 -14.713207 -629.515886
v 1072.810896 -14.713207 -629.515886
v 1072.810896 -23.180453 -637.983178
v 1049.064023 303.756926 -629.515886
v 1037.089470 303.756926 -629.515886
v 1037.089470 291.782350 -629.515886
v 1049.064023 291.782350 -629.515886
v 1003.921308 303.756926 -629.515886
v 1003.921308 291.782350 -629.515886
v 1015.895861 291.782350 -629.515886
v 1015.895861 303.756926 -629.515886
v 1036.986133 653.740684 -629.515886
v 1049.270696 653.594563 -629.515886
v 1043.076746 662.354168 -637.512084
v 1084.857737 643.337928 -629.515886
v 1083.233524 657.614743 -637.937589
v 1072.321939 662.354168 -637.918301
v 1072.774892 653.835978 -629.515886
v 1049.167360 653.740684 -678.546033
v 1036.882796 653.594563 -678.546033
v 1043.076746 662.354168 -670.549823
v 1083.209537 657.640414 -670.169920
v 1084.835340 643.408160 -678.546033
v 1072.774892 653.835978 -678.546033
v 1072.321939 662.354168 -670.143606
v 1037.089470 303.756926 -678.546033
v 1049.064023 303.756926 -678.546033
v 1049.064023 291.782350 -678.546033
v 1037.089470 291.782350 -678.546033
v 1084.785495 303.756926 -678.546033
v 1084.785495 291.782350 -678.546033
v 1072.810896 291.782350 -678.546033
v 1072.810896 303.756926 -678.546033
v 1037.089470 -14.713207 -678.546033
v 1049.064023 -14.713207 -678.546033
v 1049.064023 -23.180453 -670.078752
v 1037.089470 -23.180453 -670.078752
v 1084.785495 -14.713207 -678.546033
v 1084.785495 -23.180453 -670.078752
v 1072.810896 -23.180453 -670.078752
v 1072.810896 -14.713207 -678.546033
v 1049.064023 362.765703 -629.515886
v 1037.089470 362.765703 -629.515886
v 1037.089470 350.791174 -629.515886
v 1049.064023 350.791174 -629.515886
v 1049.064023 563.933130 -678.546033
v 1037.089470 563.933130 -678.546033
v 1037.089470 575.907589 -678.546033
v 1049.064023 575.907589 -678.546033
v 770.643076 -23.180453 -637.983178
v 782.617616 -23.180453 -637.983178
v 782.617616 -14.713207 -629.515886
v 770.643076 -14.713207 -629.515886
v 820.616663 -23.180453 -637.983155
v 820.616663 -14.713207 -629.515886
v 808.642110 -14.713207 -629.515886
v 808.642110 -23.180453 -637.983155
v 782.617634 303.756926 -629.515886
v 770.643093 303.756926 -629.515886
v 770.643093 291.782350 -629.515886
v 782.617634 291.782350 -629.515886
v 718.929024 303.756926 -629.515886
v 718.929021 291.782350 -629.515886
v 730.903565 291.782350 -629.515886
v 730.903565 303.756926 -629.515886
v 782.617616 303.756926 -678.546033
v 782.617616 291.782327 -678.546033
v 770.643076 291.782327 -678.546033
v 770.643076 303.756926 -678.546033
v 820.616663 303.756926 -678.546033
v 820.616663 291.782327 -678.546033
v 808.642110 291.782327 -678.546033
v 808.642110 303.756926 -678.546033
v 770.643076 -14.713207 -678.546033
v 782.617616 -14.713207 -678.546033
v 782.617616 -23.180453 -670.078752
v 770.643076 -23.180453 -670.078752
v 820.616663 -14.713230 -678.546033
v 820.616663 -23.180523 -670.078752
v 808.642110 -23.180523 -670.078752
v 808.642110 -14.713207 -678.546033
v 782.617634 362.765703 -629.515886
v 770.643093 362.765703 -629.515886
v 770.643093 350.791174 -629.515886
v 782.617634 350.791174 -629.515886
v 785.097633 605.333177 -678.546033
v 776.630346 613.800540 -670.078752
v 783.071247 563.479429 -678.546033
v 770.587590 561.374676 -678.546033
v 768.320093 569.920406 -670.235780
v 776.630346 578.073643 -670.392807
v 785.176106 575.963138 -678.546033
v 668.464189 -23.180453 -637.983178
v 680.438731 -23.180453 -637.983178
v 680.438731 -14.713207 -629.515886
v 668.464189 -14.713207 -629.515886
v 730.903550 -23.180453 -637.983178
v 730.903550 -14.713207 -629.515886
v 718.929009 -14.713207 -629.515886
v 718.929009 -23.180453 -637.983178
v 680.438740 303.756926 -629.515886
v 668.464197 303.756926 -629.515886
v 668.464197 291.782373 -629.515886
v 680.438738 291.782350 -629.515886
v 620.065055 303.756949 -629.515886
v 620.065055 291.782443 -629.515886
v 632.039595 291.782443 -629.515886
v 632.039595 303.756949 -629.515886
v 680.438731 303.756926 -678.546033
v 680.438731 291.782350 -678.546033
v 668.464189 291.782350 -678.546033
v 668.464189 303.756926 -678.546033
v 730.903550 303.756926 -678.546033
v 730.903550 291.782350 -678.546033
v 718.929009 291.782350 -678.546033
v 718.929009 303.756926 -678.546033
v 668.464189 -14.713207 -678.546033
v 680.438731 -14.713207 -678.546033
v 680.438731 -23.180453 -670.078752
v 668.464189 -23.180453 -670.078752
v 730.903550 -14.713207 -678.546033
v 730.903550 -23.180453 -670.078752
v 718.929009 -23.180453 -670.078752
v 718.929009 -14.713207 -678.546033
v 668.464197 350.791174 -629.515886
v 680.438740 350.791174 -629.515886
v 680.438738 362.765703 -629.515886
v 668.464197 362.765703 -629.515886
v 562.809049 -23.180453 -637.983178
v 574.783601 -23.180453 -637.983178
v 574.783601 -14.713207 -629.515886
v 562.809049 -14.713207 -629.515886
v 632.039584 -23.180429 -637.983155
v 632.039584 -14.713137 -629.515886
v 620.065043 -14.713137 -629.515886
v 620.065043 -23.180429 -637.983155
v 574.783601 303.756926 -629.515886
v 562.809049 303.756926 -629.515886
v 562.809049 291.782350 -629.515886
v 574.783601 291.782373 -629.515886
v 524.851290 291.479937 -629.515886
v 527.107367 303.812358 -629.515886
v 518.561601 306.079903 -637.826139
v 511.024341 297.769626 -629.515886
v 574.783601 303.756926 -678.546033
v 574.783601 291.782397 -678.546033
v 562.809049 291.782397 -678.546033
v 562.809049 303.756926 -678.546033
v 632.039584 303.756926 -678.546033
v 632.039584 291.782350 -678.546033
v 620.065043 291.782350 -678.546033
v 620.065043 303.756926 -678.546033
v 562.809049 -14.713137 -678.546033
v 574.783601 -14.713137 -678.546033
v 574.783601 -23.180429 -670.078752
v 562.809049 -23.180429 -670.078752
v 632.039584 -14.713207 -678.546033
v 632.039584 -23.180453 -670.078752
v 620.065043 -23.180453 -670.078752
v 620.065043 -14.713207 -678.546033
v 560.643100 356.778497 -637.669123
v 563.008124 348.592669 -629.515886
v 575.237220 350.337520 -629.515886
v 577.342079 362.821205 -629.515886
v 568.796325 364.931687 -637.669123
v 374.216498 -23.180453 -637.983178
v 386.191051 -23.180453 -637.983178
v 386.191051 -14.713207 -629.515886
v 374.216498 -14.713207 -629.515886
v 429.042818 -23.180523 -637.983178
v 429.042818 -14.713207 -629.515886
v 417.068266 -14.713207 -629.515886
v 417.068266 -23.180453 -637.983178
v 374.216498 -14.713207 -678.546033
v 386.191051 -14.713207 -678.546033
v 386.191051 -23.180453 -670.078752
v 374.216498 -23.180453 -670.078752
v 429.042818 -14.713207 -678.546033
v 429.042818 -23.180453 -670.078752
v 417.068266 -23.180453 -670.078752
v 417.068266 -14.713207 -678.546033
v 374.216498 297.769626 -629.515886
v 386.191051 297.769626 -629.515886
v 386.191051 297.769626 -678.546033
v 374.216498 297.769626 -678.546033
v 176.358541 297.769626 -629.515886
v 188.333094 297.769626 -629.515886
v 188.333094 297.769626 -678.546033
v 176.358541 297.769626 -678.546033
v 632.039584 350.791174 -678.546033
v 620.065043 350.791174 -678.546033
v 620.065043 362.765703 -678.546033
v 632.039584 362.765703 -678.546033
v 518.561601 305.922910 -670.392807
v 526.747347 303.557827 -678.546033
v 524.700072 291.631155 -678.546033
v 511.644328 297.769626 -678.546033
v 518.561601 348.311157 -637.983178
v 527.028882 348.311157 -629.515886
v 527.028882 356.778497 -637.983178
v 417.068266 297.769626 -629.515886
v 429.042818 297.769626 -629.515886
v 429.042818 297.769626 -678.546033
v 417.068266 297.769626 -678.546033
v 336.443250 297.769626 -629.515886
v 348.417802 297.769626 -629.515886
v 348.417802 297.769626 -678.546033
v 336.443250 297.769626 -678.546033
v 730.903550 350.791174 -678.546033
v 718.929009 350.791174 -678.546033
v 718.929009 362.765703 -678.546033
v 730.903550 362.765703 -678.546033
v 718.929009 569.920406 -637.983178
v 718.929015 561.453044 -629.515886
v 730.903556 561.453044 -629.515886
v 730.903556 569.920406 -637.983178
v 718.929015 504.679080 -629.515886
v 730.903559 504.679080 -629.515886
v 730.903556 516.653726 -629.515886
v 718.929015 516.653726 -629.515886
v 785.097633 605.333177 -629.515886
v 776.630346 613.800540 -637.983178
v 768.477121 569.920406 -637.669123
v 770.842151 561.734578 -629.515886
v 783.071247 563.479429 -629.515886
v 785.176106 575.963138 -629.515886
v 776.630346 578.073643 -637.669123
v 846.595123 563.933130 -629.515886
v 858.569687 563.933130 -629.515886
v 858.569687 575.907589 -629.515886
v 846.595123 575.907589 -629.515886
v 846.595123 605.333177 -629.515886
v 858.569687 605.333177 -629.515886
v 858.569687 613.800540 -637.983178
v 846.595123 613.800540 -637.983178
v 972.439596 563.933130 -629.515886
v 984.414148 563.933130 -629.515886
v 984.414148 575.907589 -629.515886
v 972.439596 575.907589 -629.515886
v 971.693512 613.800540 -637.882670
v 972.209870 605.008297 -629.515886
v 984.189192 607.708617 -629.515886
v 982.209752 619.634821 -638.156046
v 1037.089470 563.933130 -629.515886
v 1049.064023 563.933130 -629.515886
v 1049.064023 575.907589 -629.515886
v 1037.089470 575.907589 -629.515886
v 1118.249406 563.933130 -629.515886
v 1130.223959 563.933130 -629.515886
v 1130.223959 575.907589 -629.515886
v 1118.249406 575.907589 -629.515886
v 1280.811022 563.933130 -629.515886
v 1289.278291 563.933130 -637.983178
v 1289.278291 575.907589 -637.983178
v 1280.811022 575.907589 -629.515886
v 1280.811022 516.653726 -678.546033
v 1289.278291 516.653726 -670.078752
v 1289.278291 504.679080 -670.078752
v 1280.811022 504.679080 -678.546033
v 1118.249406 516.653726 -678.546033
v 1130.223959 516.653726 -678.546033
v 1130.223959 504.679080 -678.546033
v 1118.249406 504.679080 -678.546033
v 1037.089470 516.653726 -678.546033
v 1049.064023 516.653726 -678.546033
v 1049.064023 504.679080 -678.546033
v 1037.089470 504.679080 -678.546033
v 984.414148 563.933130 -678.546033
v 972.439596 563.932990 -678.546033
v 972.439596 575.907589 -678.546033
v 984.414148 575.907589 -678.546033
v 972.439596 516.653726 -678.546033
v 984.414148 516.653726 -678.546033
v 984.414148 504.679080 -678.546033
v 972.439596 504.679080 -678.546033
v 858.569687 575.907589 -678.546033
v 858.569687 563.933130 -678.546033
v 846.595123 563.933130 -678.546033
v 846.595123 575.907589 -678.546033
v 846.595123 516.653726 -678.546033
v 858.569687 516.653726 -678.546033
v 858.569687 504.679080 -678.546033
v 846.595123 504.679080 -678.546033
v 782.617616 504.679080 -678.546033
v 770.643076 504.679080 -678.546033
v 770.643076 516.653726 -678.546033
v 782.617616 516.653726 -678.546033
v 682.918740 569.920406 -670.078752
v 682.918740 561.453044 -678.546033
v 674.451459 561.453044 -670.078752
v 674.451459 518.819593 -670.392807
v 682.637212 516.454627 -678.546033
v 680.892358 504.225520 -678.546033
v 668.408701 502.120719 -678.546033
v 666.298228 510.666450 -670.392807
v 674.451461 561.453044 -637.983178
v 682.918741 561.453044 -629.515886
v 682.918741 569.920406 -637.983178
v 820.616663 563.933130 -629.515886
v 820.616663 575.907589 -629.515886
v 808.642110 575.907589 -629.515886
v 808.642110 563.933130 -629.515886
v 883.139562 575.907589 -629.515886
v 883.139562 563.933130 -629.515886
v 895.114114 563.933130 -629.515886
v 895.114114 575.907589 -629.515886
v 1003.921308 575.907589 -629.515886
v 1003.921308 563.933130 -629.515886
v 1015.895861 563.933130 -629.515886
v 1015.895861 575.907589 -629.515886
v 1084.785495 563.933130 -629.515886
v 1084.785495 575.907589 -629.515886
v 1072.810896 575.907589 -629.515886
v 1072.810896 563.933130 -629.515886
v 1152.214291 575.907589 -629.515886
v 1152.214291 563.933130 -629.515886
v 1164.188844 563.933130 -629.515886
v 1164.188844 575.907589 -629.515886
v 1205.085018 575.907589 -678.546033
v 1205.085018 563.933130 -678.546033
v 1193.110466 563.933130 -678.546033
v 1193.110466 575.907589 -678.546033
v 1084.785495 575.907589 -678.546033
v 1084.785495 563.933130 -678.546033
v 1072.810896 563.933130 -678.546033
v 1072.810896 575.907589 -678.546033
v 1003.921308 563.933130 -678.546033
v 1003.921308 575.907589 -678.546033
v 1015.895861 575.907589 -678.546033
v 1015.895861 563.933130 -678.546033
v 959.112498 575.907449 -678.546033
v 959.112498 563.932943 -678.546033
v 947.137946 563.932943 -678.546033
v 947.137946 575.907449 -678.546033
v 820.616675 575.907589 -678.546033
v 820.616675 563.933130 -678.546033
v 808.642122 563.933130 -678.546033
v 808.642122 575.907589 -678.546033
v 730.903550 569.920406 -670.078752
v 730.903550 561.453044 -678.546033
v 718.929009 561.453044 -678.546033
v 718.929009 569.920406 -670.078752
v 680.438731 432.140857 -678.546033
v 668.464189 432.140857 -678.546033
v 668.464189 444.115503 -678.546033
v 680.438731 444.115503 -678.546033
v 718.929009 504.679080 -678.546033
v 718.929009 516.653726 -678.546033
v 730.903550 516.653726 -678.546033
v 730.903550 504.679080 -678.546033
v 782.617616 432.140857 -678.546033
v 770.643076 432.140857 -678.546033
v 770.643076 444.115503 -678.546033
v 782.617616 444.115503 -678.546033
v 846.595123 444.115503 -678.546033
v 858.569687 444.115503 -678.546033
v 858.569687 432.140857 -678.546033
v 846.595123 432.140857 -678.546033
v 972.439596 444.115503 -678.546033
v 984.414148 444.115503 -678.546033
v 984.414148 432.140857 -678.546033
v 972.439596 432.140857 -678.546033
v 1037.089470 444.115503 -678.546033
v 1049.064023 444.115503 -678.546033
v 1049.064023 432.140857 -678.546033
v 1037.089470 432.140857 -678.546033
v 1118.249406 444.115503 -678.546033
v 1130.223959 444.115503 -678.546033
v 1130.223959 432.140857 -678.546033
v 1118.249406 432.140857 -678.546033
v 1280.811022 444.115503 -678.546033
v 1289.278291 444.115503 -670.078752
v 1289.278291 432.140857 -670.078752
v 1280.811022 432.140857 -678.546033
v 1289.278291 504.679080 -637.983178
v 1289.278291 516.653726 -637.983178
v 1280.811022 516.653726 -629.515886
v 1280.811022 504.679080 -629.515886
v 1130.223959 516.653726 -629.515886
v 1118.249406 516.653726 -629.515886
v 1118.249406 504.679080 -629.515886
v 1130.223959 504.679080 -629.515886
v 1049.064023 516.653726 -629.515886
v 1037.089470 516.653726 -629.515886
v 1037.089470 504.679080 -629.515886
v 1049.064023 504.679080 -629.515886
v 984.414148 516.653726 -629.515886
v 972.439596 516.653726 -629.515886
v 972.439596 504.679080 -629.515886
v 984.414148 504.679080 -629.515886
v 858.569687 516.653726 -629.515886
v 846.595123 516.653726 -629.515886
v 846.595123 504.679080 -629.515886
v 858.569687 504.679080 -629.515886
v 782.617616 516.653726 -629.515886
v 770.643076 516.653726 -629.515886
v 770.643076 504.679080 -629.515886
v 782.617616 504.679080 -629.515886
v 718.929018 432.140857 -629.515886
v 730.903559 432.140857 -629.515886
v 730.903559 444.115503 -629.515886
v 718.929015 444.115503 -629.515886
v 666.298234 510.666450 -637.669123
v 668.663264 502.480668 -629.515886
v 680.892363 504.225520 -629.515886
v 682.997213 516.709135 -629.515886
v 674.451463 518.819593 -637.669123
v 626.052313 502.199181 -637.983178
v 634.519594 502.199181 -629.515886
v 634.519594 510.666450 -637.983178
v 617.899082 438.128227 -637.669123
v 620.264113 429.942446 -629.515886
v 632.493214 431.687297 -629.515886
v 634.598061 444.170912 -629.515886
v 626.052313 446.281370 -637.669123
v 634.519594 510.666450 -670.078752
v 634.519594 502.199181 -678.546033
v 626.052313 502.199181 -670.078752
v 820.616663 516.653726 -678.546033
v 820.616663 504.679080 -678.546033
v 808.642110 504.679080 -678.546033
v 808.642110 516.653726 -678.546033
v 883.139562 504.679080 -678.546033
v 883.139562 516.653726 -678.546033
v 895.114114 516.653726 -678.546033
v 895.114114 504.679080 -678.546033
v 1003.921308 504.679080 -678.546033
v 1003.921308 516.653726 -678.546033
v 1015.895861 516.653726 -678.546033
v 1015.895861 504.679080 -678.546033
v 1084.785495 516.653726 -678.546033
v 1084.785495 504.679080 -678.546033
v 1072.810896 504.679080 -678.546033
v 1072.810896 516.653726 -678.546033
v 1152.214291 504.679080 -678.546033
v 1152.214291 516.653726 -678.546033
v 1164.188844 516.653726 -678.546033
v 1164.188844 504.679080 -678.546033
v 1205.085018 504.679080 -629.515886
v 1205.085018 516.653726 -629.515886
v 1193.110466 516.653726 -629.515886
v 1193.110466 504.679080 -629.515886
v 1084.785495 504.679080 -629.515886
v 1084.785495 516.653726 -629.515886
v 1072.810896 516.653726 -629.515886
v 1072.810896 504.679080 -629.515886
v 1003.921308 516.653726 -629.515886
v 1003.921308 504.679080 -629.515886
v 1015.895861 504.679080 -629.515886
v 1015.895861 516.653726 -629.515886
v 959.112498 504.679080 -629.515886
v 959.112498 516.653726 -629.515886
v 947.137946 516.653726 -629.515886
v 947.137946 504.679080 -629.515886
v 820.616675 504.679080 -629.515886
v 820.616675 516.653726 -629.515886
v 808.642122 516.653726 -629.515886
v 808.642122 504.679080 -629.515886
v 577.263606 438.128227 -670.078752
v 577.263606 429.660864 -678.546033
v 568.796325 429.660864 -670.078752
v 568.796325 364.931687 -670.392807
v 576.982094 362.566627 -678.546033
v 575.237220 350.337520 -678.546033
v 562.753581 348.232673 -678.546033
v 560.643100 356.778497 -670.392807
v 626.052313 446.281370 -670.392807
v 634.238065 443.916404 -678.546033
v 632.493214 431.687297 -678.546033
v 620.009564 429.582496 -678.546033
v 617.899082 438.128227 -670.392807
v 680.438731 350.791174 -678.546033
v 668.464189 350.791174 -678.546033
v 668.464189 362.765703 -678.546033
v 680.438731 362.765703 -678.546033
v 718.929009 432.140857 -678.546033
v 718.929009 444.115503 -678.546033
v 730.903550 444.115503 -678.546033
v 730.903550 432.140857 -678.546033
v 782.617616 350.791174 -678.546033
v 770.643076 350.791174 -678.546033
v 770.643076 362.765703 -678.546033
v 782.617616 362.765703 -678.546033
v 846.595123 362.765703 -678.546033
v 858.569687 362.765703 -678.546033
v 858.569687 350.791174 -678.546033
v 846.595123 350.791174 -678.546033
v 972.439596 362.765703 -678.546033
v 984.414148 362.765703 -678.546033
v 984.414148 350.791174 -678.546033
v 972.439596 350.791174 -678.546033
v 1037.089470 362.765703 -678.546033
v 1049.064023 362.765703 -678.546033
v 1049.064023 350.791174 -678.546033
v 1037.089470 350.791174 -678.546033
v 1118.249406 362.765703 -678.546033
v 1130.223959 362.765703 -678.546033
v 1130.223959 350.791174 -678.546033
v 1118.249406 350.791174 -678.546033
v 1280.811022 362.765703 -678.546033
v 1289.278291 362.765703 -670.078752
v 1289.278291 350.791174 -670.078752
v 1280.811022 350.791174 -678.546033
v 1289.278291 432.140857 -637.983178
v 1289.278291 444.115503 -637.983178
v 1280.811022 444.115503 -629.515886
v 1280.811022 432.140857 -629.515886
v 1130.223959 444.115503 -629.515886
v 1118.249406 444.115503 -629.515886
v 1118.249406 432.140857 -629.515886
v 1130.223959 432.140857 -629.515886
v 1049.064023 444.115503 -629.515886
v 1037.089470 444.115503 -629.515886
v 1037.089470 432.140857 -629.515886
v 1049.064023 432.140857 -629.515886
v 984.414148 444.115503 -629.515886
v 972.439596 444.115503 -629.515886
v 972.439596 432.140857 -629.515886
v 984.414148 432.140857 -629.515886
v 858.569687 444.115503 -629.515886
v 846.595123 444.115503 -629.515886
v 846.595123 432.140857 -629.515886
v 858.569687 432.140857 -629.515886
v 782.617616 444.115503 -629.515886
v 770.643076 444.115503 -629.515886
v 770.643076 432.140857 -629.515886
v 782.617616 432.140857 -629.515886
v 718.929024 350.791174 -629.515886
v 730.903565 350.791174 -629.515886
v 730.903565 362.765703 -629.515886
v 718.929021 362.765703 -629.515886
v 680.438737 432.140857 -629.515886
v 680.438737 444.115503 -629.515886
v 668.464192 444.115503 -629.515886
v 668.464192 432.140857 -629.515886
v 620.065055 350.791174 -629.515886
v 632.039595 350.791174 -629.515886
v 632.039595 362.765703 -629.515886
v 620.065055 362.765703 -629.515886
v 820.616663 444.115503 -678.546033
v 820.616663 432.140857 -678.546033
v 808.642110 432.140857 -678.546033
v 808.642110 444.115503 -678.546033
v 883.139562 432.140857 -678.546033
v 883.139562 444.115503 -678.546033
v 895.114114 444.115503 -678.546033
v 895.114114 432.140857 -678.546033
v 1003.921308 432.140857 -678.546033
v 1003.921308 444.115503 -678.546033
v 1015.895861 444.115503 -678.546033
v 1015.895861 432.140857 -678.546033
v 1084.785495 444.115503 -678.546033
v 1084.785495 432.140857 -678.546033
v 1072.810896 432.140857 -678.546033
v 1072.810896 444.115503 -678.546033
v 1152.214291 432.140857 -678.546033
v 1152.214291 444.115503 -678.546033
v 1164.188844 444.115503 -678.546033
v 1164.188844 432.140857 -678.546033
v 1205.085018 432.140857 -629.515886
v 1205.085018 444.115503 -629.515886
v 1193.110466 444.115503 -629.515886
v 1193.110466 432.140857 -629.515886
v 1084.785495 432.140857 -629.515886
v 1084.785495 444.115503 -629.515886
v 1072.810896 444.115503 -629.515886
v 1072.810896 432.140857 -629.515886
v 1003.921308 444.115503 -629.515886
v 1003.921308 432.140857 -629.515886
v 1015.895861 432.140857 -629.515886
v 1015.895861 444.115503 -629.515886
v 959.112498 432.140857 -629.515886
v 959.112498 444.115503 -629.515886
v 947.137946 444.115503 -629.515886
v 947.137946 432.140857 -629.515886
v 820.616675 432.140857 -629.515886
v 820.616675 444.115503 -629.515886
v 808.642122 444.115503 -629.515886
v 808.642122 432.140857 -629.515886
v 568.796325 429.660864 -637.983178
v 577.263606 429.660864 -629.515886
v 577.263606 438.128227 -637.983178
v 527.028882 356.778497 -670.078752
v 527.028882 348.311157 -678.546033
v 518.561601 348.311157 -670.078752
v 820.616663 362.765703 -678.546033
v 820.616663 350.791174 -678.546033
v 808.642110 350.791174 -678.546033
v 808.642110 362.765703 -678.546033
v 883.139562 350.791174 -678.546033
v 883.139562 362.765703 -678.546033
v 895.114114 362.765703 -678.546033
v 895.114114 350.791174 -678.546033
v 1003.921308 350.791174 -678.546033
v 1003.921308 362.765703 -678.546033
v 1015.895861 362.765703 -678.546033
v 1015.895861 350.791174 -678.546033
v 1084.785495 362.765703 -678.546033
v 1084.785495 350.791174 -678.546033
v 1072.810896 350.791174 -678.546033
v 1072.810896 362.765703 -678.546033
v 1152.214291 350.791174 -678.546033
v 1152.214291 362.765703 -678.546033
v 1164.188844 362.765703 -678.546033
v 1164.188844 350.791174 -678.546033
v 1205.085018 350.791174 -629.515886
v 1205.085018 362.765703 -629.515886
v 1193.110466 362.765703 -629.515886
v 1193.110466 350.791174 -629.515886
v 1084.785495 350.791174 -629.515886
v 1084.785495 362.765703 -629.515886
v 1072.810896 362.765703 -629.515886
v 1072.810896 350.791174 -629.515886
v 1003.921308 362.765703 -629.515886
v 1003.921308 350.791174 -629.515886
v 1015.895861 350.791174 -629.515886
v 1015.895861 362.765703 -629.515886
v 959.112498 350.791174 -629.515886
v 959.112498 362.765703 -629.515886
v 947.137946 362.765703 -629.515886
v 947.137946 350.791174 -629.515886
v 820.616686 350.791174 -629.515886
v 820.616686 362.765703 -629.515886
v 808.642134 362.765703 -629.515886
v 808.642134 350.791174 -629.515886
v 912.141235 -23.180523 -637.983155
v 924.115787 -23.180523 -637.983155
v 924.115787 -14.713207 -629.515886
v 912.141235 -14.713207 -629.515886
v 959.112545 -23.180453 -637.983178
v 959.112545 -14.713207 -629.515886
v 947.137993 -14.713207 -629.515886
v 947.137993 -23.180453 -637.983178
v 924.115787 303.756926 -629.515886
v 912.141235 303.756926 -629.515886
v 912.141235 291.782350 -629.515886
v 924.115787 291.782350 -629.515886
v 883.139562 303.756926 -629.515886
v 883.139562 291.782350 -629.515886
v 895.114114 291.782350 -629.515886
v 895.114114 303.756926 -629.515886
v 924.115787 362.765703 -629.515886
v 912.141235 362.765703 -629.515886
v 912.141235 350.791174 -629.515886
v 924.115787 350.791174 -629.515886
v 883.139562 362.765703 -629.515886
v 883.139562 350.791174 -629.515886
v 895.114114 350.791174 -629.515886
v 895.114114 362.765703 -629.515886
v 924.115787 444.115503 -629.515886
v 912.141235 444.115503 -629.515886
v 912.141235 432.140857 -629.515886
v 924.115787 432.140857 -629.515886
v 883.139562 444.115503 -629.515886
v 883.139562 432.140857 -629.515886
v 895.114114 432.140857 -629.515886
v 895.114114 444.115503 -629.515886
v 924.115787 516.653726 -629.515886
v 912.141235 516.653726 -629.515886
v 912.141235 504.679080 -629.515886
v 924.115787 504.679080 -629.515886
v 883.139562 516.653726 -629.515886
v 883.139562 504.679080 -629.515886
v 895.114114 504.679080 -629.515886
v 895.114114 516.653726 -629.515886
v 912.141235 563.933130 -629.515886
v 924.115787 563.933130 -629.515886
v 924.115787 575.907589 -629.515886
v 912.141235 575.907589 -629.515886
v 947.137993 575.907589 -629.515886
v 947.137993 563.933130 -629.515886
v 959.112545 563.933130 -629.515886
v 959.112545 575.907589 -629.515886
v 924.115787 575.907589 -678.546033
v 924.115787 563.932990 -678.546033
v 912.141235 563.933130 -678.546033
v 912.141235 575.907589 -678.546033
v 895.114114 575.907589 -678.546033
v 895.114114 563.933130 -678.546033
v 883.139562 563.933130 -678.546033
v 883.139562 575.907589 -678.546033
v 912.141235 516.653726 -678.546033
v 924.115787 516.653726 -678.546033
v 924.115787 504.679080 -678.546033
v 912.141235 504.679080 -678.546033
v 959.112545 516.653726 -678.546033
v 959.112545 504.679080 -678.546033
v 947.137993 504.679080 -678.546033
v 947.137993 516.653726 -678.546033
v 912.141235 444.115503 -678.546033
v 924.115787 444.115503 -678.546033
v 924.115787 432.140857 -678.546033
v 912.141235 432.140857 -678.546033
v 959.112545 444.115503 -678.546033
v 959.112545 432.140857 -678.546033
v 947.137993 432.140857 -678.546033
v 947.137993 444.115503 -678.546033
v 912.141235 362.765703 -678.546033
v 924.115787 362.765703 -678.546033
v 924.115787 350.791174 -678.546033
v 912.141235 350.791174 -678.546033
v 959.112545 362.765703 -678.546033
v 959.112545 350.791174 -678.546033
v 947.137993 350.791174 -678.546033
v 947.137993 362.765703 -678.546033
v 912.141235 303.756926 -678.546033
v 924.115787 303.756926 -678.546033
v 924.115787 291.782350 -678.546033
v 912.141235 291.782350 -678.546033
v 959.112545 303.756926 -678.546033
v 959.112545 291.782350 -678.546033
v 947.137993 291.782350 -678.546033
v 947.137993 303.756926 -678.546033
v 912.141235 -14.713277 -678.546033
v 924.115787 -14.713230 -678.546033
v 924.115787 -23.180523 -670.078740
v 912.141235 -23.180523 -670.078740
v 959.112545 -14.713207 -678.546033
v 959.112545 -23.180453 -670.078752
v 947.137993 -23.180523 -670.078752
v 947.137993 -14.713207 -678.546033
v 912.141235 613.800540 -637.983178
v 912.141235 605.333177 -629.515886
v 924.115787 605.333177 -629.515886
v 924.115787 613.800540 -637.983178
v 959.112498 613.800540 -670.078752
v 959.112498 605.333177 -678.546033
v 947.137946 605.333177 -678.546033
v 947.137946 613.800540 -670.078752
v 883.139562 613.800540 -637.983178
v 883.139562 605.333177 -629.515886
v 895.114114 605.333177 -629.515886
v 895.114114 613.800540 -637.983178
v 947.137993 613.800540 -637.983178
v 947.137993 605.333177 -629.515886
v 959.112545 605.333177 -629.515886
v 959.112498 613.800540 -637.983178
v 820.616663 605.333177 -629.515886
v 820.616663 613.800540 -637.983178
v 808.642122 613.800540 -637.983178
v 808.642110 605.333177 -629.515886
v 984.155385 607.744341 -678.546033
v 972.272667 605.097139 -678.546033
v 971.653113 613.800540 -670.128994
v 982.171877 619.576326 -669.992307
v 924.115787 613.800540 -670.078752
v 924.115787 605.333177 -678.546033
v 912.141235 605.333177 -678.546033
v 912.141235 613.800540 -670.078752
v 895.114114 613.800540 -670.078752
v 895.114114 605.333177 -678.546033
v 883.139562 605.333177 -678.546033
v 883.139562 613.800540 -670.078752
v 858.569687 613.800540 -670.078752
v 858.569687 605.333177 -678.546033
v 846.595123 605.333177 -678.546033
v 846.595123 613.800540 -670.078752
v 1003.822787 637.148327 -678.546033
v 1006.229649 656.680316 -670.143338
v 1016.641897 662.354168 -670.179237
v 1015.955338 653.802780 -678.546033
v 820.616663 613.800540 -670.078752
v 820.616675 605.333177 -678.546033
v 808.642122 605.333177 -678.546033
v 808.642122 613.800540 -670.078752
v 1006.257892 656.723895 -637.854007
v 1003.857202 637.290847 -629.515886
v 1015.955338 653.802780 -629.515886
v 1016.641897 662.354168 -637.882670
v 1152.214291 303.756926 -629.515886
v 1152.214291 291.782350 -629.515886
v 1164.188844 291.782350 -629.515886
v 1164.188844 303.756926 -629.515886
v 1193.110466 -23.180453 -637.983178
v 1205.085018 -23.180453 -637.983178
v 1205.085018 -14.713207 -629.515886
v 1193.110466 -14.713207 -629.515886
v 1193.110466 -14.713207 -678.546033
v 1205.085018 -14.713207 -678.546033
v 1205.085018 -23.180453 -670.078752
v 1193.110466 -23.180453 -670.078752
v 1193.110466 303.756926 -678.546033
v 1205.085018 303.756926 -678.546033
v 1205.085018 291.782350 -678.546033
v 1193.110466 291.782350 -678.546033
v 1193.110466 362.765703 -678.546033
v 1205.085018 362.765703 -678.546033
v 1205.085018 350.791174 -678.546033
v 1193.110466 350.791174 -678.546033
v 1193.110466 444.115503 -678.546033
v 1205.085018 444.115503 -678.546033
v 1205.085018 432.140857 -678.546033
v 1193.110466 432.140857 -678.546033
v 1193.110466 516.653726 -678.546033
v 1205.085018 516.653726 -678.546033
v 1205.085018 504.679080 -678.546033
v 1193.110466 504.679080 -678.546033
v 1152.214291 563.933130 -678.546033
v 1152.214291 575.907589 -678.546033
v 1164.188844 575.907589 -678.546033
v 1164.188844 563.933130 -678.546033
v 1193.110466 613.800540 -670.078764
v 1205.085018 613.800540 -670.078764
v 1205.085018 605.333177 -678.546033
v 1193.110466 605.333177 -678.546033
v 1193.110466 605.333224 -629.515886
v 1205.085018 605.333364 -629.515886
v 1205.085018 613.800540 -637.983178
v 1193.110466 613.800540 -637.983178
v 1193.110466 563.933130 -629.515886
v 1205.085018 563.933130 -629.515886
v 1205.085018 575.907589 -629.515886
v 1193.110466 575.907589 -629.515886
v 1152.214291 516.653726 -629.515886
v 1152.214291 504.679080 -629.515886
v 1164.188844 504.679080 -629.515886
v 1164.188844 516.653726 -629.515886
v 1152.214291 444.115503 -629.515886
v 1152.214291 432.140857 -629.515886
v 1164.188844 432.140857 -629.515886
v 1164.188844 444.115503 -629.515886
v 1152.214291 362.765703 -629.515886
v 1152.214291 350.791174 -629.515886
v 1164.188844 350.791174 -629.515886
v 1164.188844 362.765703 -629.515886
v 90.440430 135.388628 -749.943061
v 90.440430 135.388628 -1010.540374
v 139.470577 135.388628 -1010.540374
v 139.470577 135.388628 -749.943061
v 90.440430 217.311610 -1010.540374
v 90.440430 217.311610 -749.943061
v 139.470577 217.311610 -749.943061
v 139.470577 217.311610 -1010.540374
v 90.440430 135.388628 -749.943061
v 90.440430 135.388628 -749.943061
v 90.440430 135.388628 -1010.540374
v 90.440430 135.388628 -1010.540374
v 139.470577 135.388628 -1010.540374
v 139.470577 135.388628 -1010.540374
v 139.470577 135.388628 -749.943061
v 139.470577 135.388628 -749.943061
v 90.440430 217.311610 -1010.540374
v 90.440430 217.311610 -1010.540374
v 90.440430 217.311610 -749.943061
v 90.440430 217.311610 -749.943061
v 139.470577 217.311610 -749.943061
v 139.470577 217.311610 -749.943061
v 139.470577 217.311610 -1010.540374
v 139.470577 217.311610 -1010.540374
v 99.632695 -28.457311 -629.415822
v 99.632695 -18.217954 -619.644404
v 90.440430 -18.217954 -629.415822
v 139.470577 -18.217954 -629.415822
v 130.278313 -18.217954 -619.644404
v 130.278313 -28.457311 -629.415822
v 99.632695 288.995269 -619.644404
v 99.632695 299.234602 -629.415822
v 90.440430 288.995269 -629.415822
v 139.470577 288.995269 -629.415822
v 130.278313 299.234602 -629.415822
v 130.278313 288.995269 -619.644404
v 99.632695 299.234602 -1131.067589
v 99.632695 288.995269 -1140.839031
v 90.440430 288.995269 -1131.067589
v 139.470577 288.995269 -1131.067589
v 130.278313 288.995269 -1140.839031
v 130.278313 299.234602 -1131.067589
v 99.632695 -18.217954 -1140.839031
v 99.632695 -28.457311 -1131.067589
v 90.440430 -18.217954 -1131.067589
v 139.470577 -18.217954 -1131.067589
v 130.278313 -28.457311 -1131.067589
v 130.278313 -18.217954 -1140.839031
v 99.632695 60.705960 -619.644404
v 90.440430 60.705960 -629.415822
v 90.440430 46.225311 -629.415822
v 99.632695 46.225311 -619.644404
v 130.278313 46.225311 -619.644404
v 139.470577 46.225311 -629.415822
v 139.470577 60.705960 -629.415822
v 130.278313 60.705960 -619.644404
v 99.632695 299.234602 -756.852502
v 90.440430 288.995269 -756.852502
v 90.440430 288.995269 -743.033619
v 99.632695 299.234602 -743.033619
v 139.470577 288.995269 -756.852502
v 130.278313 299.234602 -756.852502
v 130.278313 299.234602 -743.033619
v 139.470577 288.995269 -743.033619
v 99.632695 251.032741 -1140.839031
v 90.440430 251.032741 -1131.067589
v 90.440430 265.513378 -1131.067589
v 99.632695 265.513378 -1140.839031
v 130.278313 265.513378 -1140.839031
v 139.470577 265.513378 -1131.067589
v 139.470577 251.032741 -1131.067589
v 130.278313 251.032741 -1140.839031
v 99.632695 -18.217954 -1010.540374
v 90.440430 -18.217954 -1020.311805
v 99.632695 -28.457311 -1020.311805
v 130.278313 -18.217954 -1010.540374
v 130.278313 -28.457311 -1020.311805
v 139.470577 -18.217954 -1020.311805
v 99.632695 299.234602 -873.332264
v 99.632695 299.234602 -887.151162
v 90.440430 288.995269 -887.151162
v 90.440430 288.995269 -873.332264
v 99.632695 299.234602 -952.300493
v 90.440430 288.995269 -952.300493
v 90.440430 288.995269 -938.481599
v 99.632695 299.234602 -938.481599
v 139.470577 288.995269 -887.151162
v 130.278313 299.234602 -887.151162
v 130.278313 299.234602 -873.332264
v 139.470577 288.995269 -873.332264
v 139.470577 288.995269 -952.300493
v 130.278313 299.234602 -952.300493
v 130.278313 299.234602 -938.481599
v 139.470577 288.995269 -938.481599
v 99.632695 258.273059 -873.332264
v 90.440430 268.512440 -873.332264
v 90.440430 268.512440 -887.151162
v 99.632695 258.273059 -887.151162
v 90.440430 288.995269 -808.182930
v 99.632695 299.234602 -808.182930
v 99.632695 299.234602 -822.001825
v 90.440430 288.995269 -822.001825
v 99.632695 -18.217954 -749.943061
v 99.632695 -28.457311 -740.171630
v 90.440430 -18.217954 -740.171630
v 139.470577 -18.217954 -740.171630
v 130.278313 -28.457311 -740.171630
v 130.278313 -18.217954 -749.943061
v 139.470577 288.995269 -822.001825
v 130.278313 299.234602 -822.001825
v 130.278313 299.234602 -808.182930
v 139.470577 288.995269 -808.182930
v 90.440430 265.513378 -743.033619
v 90.440430 265.513378 -756.852502
v 90.440430 251.032741 -749.943061
v 139.470577 46.408173 -740.418400
v 130.742628 46.591029 -749.943061
v 139.470577 61.254534 -749.943061
v 90.440430 288.995269 -1003.630933
v 99.632695 299.234602 -1003.630933
v 99.632695 299.234602 -1017.449816
v 90.440430 288.995269 -1017.449816
v 139.470577 288.995269 -1003.630933
v 139.470577 288.995269 -1017.449816
v 130.278313 299.234602 -1017.449816
v 130.278313 299.234602 -1003.630933
v 90.440430 46.408173 -1020.065035
v 99.168380 46.591029 -1010.540374
v 90.440430 61.254534 -1010.540374
v 139.470577 265.513378 -1017.449816
v 139.470577 265.513378 -1003.630933
v 139.470577 251.032741 -1010.540374
v 99.380758 258.273059 -937.720973
v 90.440430 268.056027 -938.789599
v 90.440430 265.879125 -952.649495
v 90.440430 251.073281 -949.208141
v 130.530250 258.273059 -822.762462
v 139.470577 268.056027 -821.693836
v 139.470577 265.879125 -807.833940
v 139.470577 251.073281 -811.275294
v 99.791347 128.023347 -619.644404
v 99.950000 142.878907 -619.644404
v 90.440430 135.388628 -628.872181
v 99.791347 209.946305 -619.644404
v 99.950000 224.801900 -619.644404
v 90.440430 217.311610 -628.872181
v 99.791347 142.753933 -1140.839031
v 99.950000 127.898349 -1140.839031
v 90.440430 135.388628 -1131.611231
v 99.632695 46.225311 -1140.839031
v 90.440430 46.225311 -1131.067589
v 90.440430 60.705960 -1131.067589
v 99.632695 60.705960 -1140.839031
v 130.119661 128.023347 -1140.839031
v 129.961008 142.878907 -1140.839031
v 139.470577 135.388628 -1131.611231
v 139.470577 46.225311 -1131.067589
v 130.278313 46.225311 -1140.839031
v 130.278313 60.705960 -1140.839031
v 139.470577 60.705960 -1131.067589
v 130.119661 142.753933 -619.644404
v 129.961008 127.898349 -619.644404
v 139.470577 135.388628 -628.872181
v 130.119661 224.676914 -619.644404
v 129.961008 209.821342 -619.644404
v 139.470577 217.311610 -628.872181
v 99.791347 224.676914 -1140.839031
v 99.950000 209.821342 -1140.839031
v 90.440430 217.311610 -1131.611231
v 99.632695 265.513378 -619.644404
v 90.440430 265.513378 -629.415822
v 90.440430 251.032741 -629.415822
v 99.632695 251.032741 -619.644404
v 139.470577 265.513378 -629.415822
v 130.278313 265.513378 -619.644404
v 130.278313 251.032741 -619.644404
v 139.470577 251.032741 -629.415822
v 130.119661 209.946305 -1140.839031
v 129.961008 224.801900 -1140.839031
v 139.470577 217.311610 -1131.611231
v 99.400537 46.408173 -749.943061
v 90.440430 46.591029 -740.665193
v 90.440430 61.254534 -749.943061
v 130.510471 46.408173 -1010.540374
v 139.470577 46.591029 -1019.818242
v 139.470577 61.254534 -1010.540374
v 90.440430 265.513378 -1003.630933
v 90.440430 265.513378 -1017.449816
v 90.440430 251.032741 -1010.540374
v 90.440430 266.063542 -807.657899
v 90.440430 268.375320 -821.909330
v 99.296452 258.273059 -822.690114
v 90.440430 250.818773 -811.140371
v 139.470577 265.513378 -756.852502
v 139.470577 265.513378 -743.033619
v 139.470577 251.032741 -749.943061
v 130.278313 258.273059 -887.151162
v 139.470577 268.512440 -887.151162
v 139.470577 268.512440 -873.332264
v 130.278313 258.273059 -873.332264
v 139.470577 266.063542 -952.825530
v 139.470577 268.375320 -938.574105
v 130.614556 258.273059 -937.793309
v 139.470577 250.818773 -949.343058
v 921.462553 80.819622 -802.297752
v 1143.323294 80.819622 -802.297752
v 921.462553 101.048785 -802.297752
v 1143.323294 101.048785 -802.297752
v 921.462553 101.048785 -1019.362683
v 1143.323294 101.048785 -1019.362683
v 921.462553 80.819622 -1019.362683
v 1143.323294 80.819622 -1019.362683
v 1068.318615 104.124660 -917.411736
v 1064.521123 104.124660 -924.864731
v 1058.606393 104.124660 -930.779461
v 1051.153392 104.124660 -934.576953
v 1042.891675 104.124660 -935.885475
v 1034.629958 104.124660 -934.576953
v 1027.176980 104.124660 -930.779461
v 1021.262250 104.124660 -924.864725
v 1017.464758 104.124660 -917.411731
v 1016.156237 104.124660 -909.150025
v 1017.464758 104.124660 -900.888319
v 1021.262250 104.124660 -893.435324
v 1027.176980 104.124660 -887.520594
v 1034.629958 104.124660 -883.723105
v 1042.891675 104.124660 -882.414581
v 1051.153369 104.124660 -883.723108
v 1058.606370 104.124660 -887.520597
v 1064.521100 104.124660 -893.435324
v 1068.318592 104.124660 -900.888319
v 1069.627113 104.124660 -909.150025
v 1068.318615 582.676111 -917.411736
v 1064.521123 582.676111 -924.864731
v 1058.606393 582.676111 -930.779461
v 1051.153392 582.676111 -934.576953
v 1042.891675 582.676111 -935.885475
v 1034.629958 582.676111 -934.576953
v 1027.176980 582.676111 -930.779461
v 1021.262250 582.676111 -924.864725
v 1017.464758 582.676111 -917.411731
v 1016.156237 582.676111 -909.150025
v 1017.464758 582.676111 -900.888319
v 1021.262250 582.676111 -893.435324
v 1027.176980 582.676111 -887.520594
v 1034.629958 582.676111 -883.723105
v 1042.891675 582.676111 -882.414581
v 1051.153369 582.676111 -883.723108
v 1058.606370 582.676111 -887.520597
v 1064.521100 582.676111 -893.435324
v 1068.318592 582.676111 -900.888319
v 1069.627113 582.676111 -909.150025
v 1042.891675 104.124660 -909.150025
v 1042.891675 582.676111 -909.150025
v 921.462553 7.835788 -986.231168
v 1143.323294 7.835788 -986.231168
v 921.462553 81.947561 -986.231168
v 1143.323294 81.947561 -986.231168
v 921.462553 81.947561 -1020.634136
v 1143.323294 81.947561 -1020.634136
v 921.462553 7.835788 -1020.634136
v 1143.323294 7.835788 -1020.634136
v 921.462553 11.943583 -770.596197
v 1143.323294 11.943583 -770.596197
v 921.462553 66.224117 -770.596197
v 1143.323294 66.224117 -770.596197
v 921.462553 66.224117 -804.999153
v 1143.323294 66.224117 -804.999153
v 921.462553 11.943583 -804.999165
v 1143.323294 11.943583 -804.999165
vt 0.648603 0.107966
vt 0.626409 0.064408
vt 0.591842 0.029841
vt 0.548284 0.007647
vt 0.500000 -0.000000
vt 0.451716 0.007647
vt 0.408159 0.029841
vt 0.373591 0.064409
vt 0.351397 0.107966
vt 0.343750 0.156250
vt 0.351397 0.204534
vt 0.373591 0.248091
vt 0.408159 0.282659
vt 0.451716 0.304853
vt 0.500000 0.312500
vt 0.548284 0.304853
vt 0.591841 0.282659
vt 0.626409 0.248091
vt 0.648603 0.204534
vt 0.656250 0.156250
vt 0.375000 0.312500
vt 0.387500 0.312500
vt 0.400000 0.312500
vt 0.412500 0.312500
vt 0.425000 0.312500
vt 0.437500 0.312500
vt 0.450000 0.312500
vt 0.462500 0.312500
vt 0.475000 0.312500
vt 0.487500 0.312500
vt 0.500000 0.312500
vt 0.512500 0.312500
vt 0.525000 0.312500
vt 0.537500 0.312500
vt 0.550000 0.312500
vt 0.562500 0.312500
vt 0.575000 0.312500
vt 0.587500 0.312500
vt 0.600000 0.312500
vt 0.612500 0.312500
vt 0.625000 0.312500
vt 0.375000 0.687500
vt 0.387500 0.687500
vt 0.400000 0.687500
vt 0.412500 0.687500
vt 0.425000 0.687500
vt 0.437500 0.687500
vt 0.450000 0.687500
vt 0.462500 0.687500
vt 0.475000 0.687500
vt 0.487500 0.687500
vt 0.500000 0.687500
vt 0.512500 0.687500
vt 0.525000 0.687500
vt 0.537500 0.687500
vt 0.550000 0.687500
vt 0.562500 0.687500
vt 0.575000 0.687500
vt 0.587500 0.687500
vt 0.600000 0.687500
vt 0.612500 0.687500
vt 0.625000 0.687500
vt 0.648603 0.795466
vt 0.626409 0.751908
vt 0.591842 0.717341
vt 0.548284 0.695147
vt 0.500000 0.687500
vt 0.451716 0.695147
vt 0.408159 0.717341
vt 0.373591 0.751909
vt 0.351397 0.795466
vt 0.343750 0.843750
vt 0.351397 0.892034
vt 0.373591 0.935591
vt 0.408159 0.970159
vt 0.451716 0.992353
vt 0.500000 1.000000
vt 0.548284 0.992353
vt 0.591841 0.970159
vt 0.626409 0.935591
vt 0.648603 0.892034
vt 0.656250 0.843750
vt 0.529721 0.834093
vt 0.531250 0.843750
vt 0.529721 0.853407
vt 0.525282 0.862118
vt 0.518368 0.869032
vt 0.509657 0.873471
vt 0.500000 0.875000
vt 0.490343 0.873471
vt 0.481632 0.869032
vt 0.474718 0.862118
vt 0.470279 0.853407
vt 0.468750 0.843750
vt 0.470279 0.834093
vt 0.474718 0.825382
vt 0.481632 0.818468
vt 0.490343 0.814029
vt 0.500000 0.812500
vt 0.509657 0.814029
vt 0.518368 0.818468
vt 0.525282 0.825382
vt 0.529721 0.165907
vt 0.525282 0.174618
vt 0.518368 0.181532
vt 0.509657 0.185971
vt 0.500000 0.187500
vt 0.490343 0.185971
vt 0.481632 0.181532
vt 0.474718 0.174618
vt 0.470279 0.165907
vt 0.468750 0.156250
vt 0.470279 0.146593
vt 0.474718 0.137882
vt 0.481632 0.130968
vt 0.490343 0.126529
vt 0.500000 0.125000
vt 0.509657 0.126529
vt 0.518368 0.130968
vt 0.525282 0.137882
vt 0.529721 0.146593
vt 0.531250 0.156250
vt 0.375000 0.312500
vt 0.387500 0.312500
vt 0.387500 0.687500
vt 0.375000 0.687500
vt 0.400000 0.312500
vt 0.400000 0.687500
vt 0.412500 0.312500
vt 0.412500 0.687500
vt 0.425000 0.312500
vt 0.425000 0.687500
vt 0.437500 0.312500
vt 0.437500 0.687500
vt 0.450000 0.312500
vt 0.450000 0.687500
vt 0.462500 0.312500
vt 0.462500 0.687500
vt 0.475000 0.312500
vt 0.475000 0.687500
vt 0.487500 0.312500
vt 0.487500 0.687500
vt 0.500000 0.312500
vt 0.500000 0.687500
vt 0.512500 0.312500
vt 0.512500 0.687500
vt 0.525000 0.312500
vt 0.525000 0.687500
vt 0.537500 0.312500
vt 0.537500 0.687500
vt 0.550000 0.312500
vt 0.550000 0.687500
vt 0.562500 0.312500
vt 0.562500 0.687500
vt 0.575000 0.312500
vt 0.575000 0.687500
vt 0.587500 0.312500
vt 0.587500 0.687500
vt 0.600000 0.312500
vt 0.600000 0.687500
vt 0.612500 0.312500
vt 0.612500 0.687500
vt 0.625000 0.312500
vt 0.625000 0.687500
vt 0.648603 0.795466
vt 0.656250 0.843750
vt 0.531250 0.843750
vt 0.529721 0.834093
vt 0.648603 0.892034
vt 0.529721 0.853407
vt 0.626409 0.935591
vt 0.525282 0.862118
vt 0.591841 0.970159
vt 0.518368 0.869032
vt 0.548284 0.992353
vt 0.509657 0.873471
vt 0.500000 1.000000
vt 0.500000 0.875000
vt 0.451716 0.992353
vt 0.490343 0.873471
vt 0.408159 0.970159
vt 0.481632 0.869032
vt 0.373591 0.935591
vt 0.474718 0.862118
vt 0.351397 0.892034
vt 0.470279 0.853407
vt 0.343750 0.843750
vt 0.468750 0.843750
vt 0.351397 0.795466
vt 0.470279 0.834093
vt 0.373591 0.751909
vt 0.474718 0.825382
vt 0.408159 0.717341
vt 0.481632 0.818468
vt 0.451716 0.695147
vt 0.490343 0.814029
vt 0.500000 0.687500
vt 0.500000 0.812500
vt 0.548284 0.695147
vt 0.509657 0.814029
vt 0.591842 0.717341
vt 0.518368 0.818468
vt 0.626409 0.751908
vt 0.525282 0.825382
vt 0.648603 0.204534
vt 0.626409 0.248091
vt 0.525282 0.174618
vt 0.529721 0.165907
vt 0.591841 0.282659
vt 0.518368 0.181532
vt 0.548284 0.304853
vt 0.509657 0.185971
vt 0.500000 0.312500
vt 0.500000 0.187500
vt 0.451716 0.304853
vt 0.490343 0.185971
vt 0.408159 0.282659
vt 0.481632 0.181532
vt 0.373591 0.248091
vt 0.474718 0.174618
vt 0.351397 0.204534
vt 0.470279 0.165907
vt 0.343750 0.156250
vt 0.468750 0.156250
vt 0.351397 0.107966
vt 0.470279 0.146593
vt 0.373591 0.064409
vt 0.474718 0.137882
vt 0.408159 0.029841
vt 0.481632 0.130968
vt 0.451716 0.007647
vt 0.490343 0.126529
vt 0.500000 -0.000000
vt 0.500000 0.125000
vt 0.548284 0.007647
vt 0.509657 0.126529
vt 0.591842 0.029841
vt 0.518368 0.130968
vt 0.626409 0.064408
vt 0.525282 0.137882
vt 0.648603 0.107966
vt 0.529721 0.146593
vt 0.656250 0.156250
vt 0.531250 0.156250
vt 0.375000 0.312500
vt 0.387500 0.312500
vt 0.387500 0.687500
vt 0.375000 0.687500
vt 0.400000 0.312500
vt 0.400000 0.687500
vt 0.412500 0.312500
vt 0.412500 0.687500
vt 0.425000 0.312500
vt 0.425000 0.687500
vt 0.437500 0.312500
vt 0.437500 0.687500
vt 0.450000 0.312500
vt 0.450000 0.687500
vt 0.462500 0.312500
vt 0.462500 0.687500
vt 0.475000 0.312500
vt 0.475000 0.687500
vt 0.375000 0.312500
vt 0.375000 0.687500
vt 0.387500 0.687500
vt 0.387500 0.312500
vt 0.400000 0.687500
vt 0.400000 0.312500
vt 0.412500 0.687500
vt 0.412500 0.312500
vt 0.425000 0.687500
vt 0.425000 0.312500
vt 0.437500 0.687500
vt 0.437500 0.312500
vt 0.450000 0.687500
vt 0.450000 0.312500
vt 0.462500 0.687500
vt 0.462500 0.312500
vt 0.475000 0.687500
vt 0.475000 0.312500
vt 0.375000 0.000000
vt 0.625000 0.000000
vt 0.625000 0.250000
vt 0.375000 0.250000
vt 0.625000 0.500000
vt 0.375000 0.500000
vt 0.625000 0.750000
vt 0.375000 0.750000
vt 0.625000 1.000000
vt 0.375000 1.000000
vt 0.875000 0.000000
vt 0.875000 0.250000
vt 0.125000 0.000000
vt 0.125000 0.250000
vt 0.375000 0.000000
vt 0.625000 0.000000
vt 0.625000 0.250000
vt 0.375000 0.250000
vt 0.625000 0.500000
vt 0.375000 0.500000
vt 0.625000 0.750000
vt 0.375000 0.750000
vt 0.625000 1.000000
vt 0.375000 1.000000
vt 0.875000 0.000000
vt 0.875000 0.250000
vt 0.125000 0.000000
vt 0.125000 0.250000
vt 0.375000 0.000000
vt 0.625000 0.000000
vt 0.625000 0.250000
vt 0.375000 0.250000
vt 0.625000 0.500000
vt 0.375000 0.500000
vt 0.625000 0.750000
vt 0.375000 0.750000
vt 0.625000 1.000000
vt 0.375000 1.000000
vt 0.875000 0.000000
vt 0.875000 0.250000
vt 0.125000 0.000000
vt 0.125000 0.250000
vt 0.375000 0.000000
vt 0.625000 0.000000
vt 0.625000 0.250000
vt 0.375000 0.250000
vt 0.625000 0.500000
vt 0.375000 0.500000
vt 0.625000 0.750000
vt 0.375000 0.750000
vt 0.625000 1.000000
vt 0.375000 1.000000
vt 0.875000 0.000000
vt 0.875000 0.250000
vt 0.125000 0.000000
vt 0.125000 0.250000
vt 0.375000 0.000000
vt 0.625000 0.000000
vt 0.625000 0.250000
vt 0.375000 0.250000
vt 0.625000 0.500000
vt 0.375000 0.500000
vt 0.625000 0.750000
vt 0.375000 0.750000
vt 0.625000 1.000000
vt 0.375000 1.000000
vt 0.875000 0.000000
vt 0.875000 0.250000
vt 0.125000 0.000000
vt 0.125000 0.250000
vt 0.375000 0.000000
vt 0.625000 0.000000
vt 0.625000 0.250000
vt 0.375000 0.250000
vt 0.625000 0.500000
vt 0.375000 0.500000
vt 0.625000 0.750000
vt 0.375000 0.750000
vt 0.625000 1.000000
vt 0.375000 1.000000
vt 0.875000 0.000000
vt 0.875000 0.250000
vt 0.125000 0.000000
vt 0.125000 0.250000
vt 0.375000 0.312500
vt 0.387500 0.312500
vt 0.387500 0.687500
vt 0.375000 0.687500
vt 0.400000 0.312500
vt 0.400000 0.687500
vt 0.412500 0.312500
vt 0.412500 0.687500
vt 0.425000 0.312500
vt 0.425000 0.687500
vt 0.437500 0.312500
vt 0.437500 0.687500
vt 0.450000 0.312500
vt 0.450000 0.687500
vt 0.462500 0.312500
vt 0.462500 0.687500
vt 0.475000 0.312500
vt 0.475000 0.687500
vt 0.487500 0.312500
vt 0.487500 0.687500
vt 0.500000 0.312500
vt 0.500000 0.687500
vt 0.512500 0.312500
vt 0.512500 0.687500
vt 0.525000 0.312500
vt 0.525000 0.687500
vt 0.537500 0.312500
vt 0.537500 0.687500
vt 0.550000 0.312500
vt 0.550000 0.687500
vt 0.562500 0.312500
vt 0.562500 0.687500
vt 0.575000 0.312500
vt 0.575000 0.687500
vt 0.587500 0.312500
vt 0.587500 0.687500
vt 0.600000 0.312500
vt 0.600000 0.687500
vt 0.612500 0.312500
vt 0.612500 0.687500
vt 0.625000 0.312500
vt 0.625000 0.687500
vt 0.626409 0.064408
vt 0.648603 0.107966
vt 0.500000 0.156250
vt 0.591842 0.029841
vt 0.548284 0.007647
vt 0.500000 -0.000000
vt 0.451716 0.007647
vt 0.408159 0.029841
vt 0.373591 0.064409
vt 0.351397 0.107966
vt 0.343750 0.156250
vt 0.351397 0.204534
vt 0.373591 0.248091
vt 0.408159 0.282659
vt 0.451716 0.304853
vt 0.500000 0.312500
vt 0.548284 0.304853
vt 0.591841 0.282659
vt 0.626409 0.248091
vt 0.648603 0.204534
vt 0.656250 0.156250
vt 0.648603 0.892034
vt 0.626409 0.935591
vt 0.500000 0.843750
vt 0.591841 0.970159
vt 0.548284 0.992353
vt 0.500000 1.000000
vt 0.451716 0.992353
vt 0.408159 0.970159
vt 0.373591 0.935591
vt 0.351397 0.892034
vt 0.343750 0.843750
vt 0.351397 0.795466
vt 0.373591 0.751909
vt 0.408159 0.717341
vt 0.451716 0.695147
vt 0.500000 0.687500
vt 0.548284 0.695147
vt 0.591842 0.717341
vt 0.626409 0.751908
vt 0.648603 0.795466
vt 0.656250 0.843750
vt 0.375000 0.312500
vt 0.387500 0.312500
vt 0.387500 0.687500
vt 0.375000 0.687500
vt 0.400000 0.312500
vt 0.400000 0.687500
vt 0.412500 0.312500
vt 0.412500 0.687500
vt 0.425000 0.312500
vt 0.425000 0.687500
vt 0.437500 0.312500
vt 0.437500 0.687500
vt 0.450000 0.312500
vt 0.450000 0.687500
vt 0.462500 0.312500
vt 0.462500 0.687500
vt 0.475000 0.312500
vt 0.475000 0.687500
vt 0.487500 0.312500
vt 0.487500 0.687500
vt 0.500000 0.312500
vt 0.500000 0.687500
vt 0.512500 0.312500
vt 0.512500 0.687500
vt 0.525000 0.312500
vt 0.525000 0.687500
vt 0.537500 0.312500
vt 0.537500 0.687500
vt 0.550000 0.312500
vt 0.550000 0.687500
vt 0.562500 0.312500
vt 0.562500 0.687500
vt 0.575000 0.312500
vt 0.575000 0.687500
vt 0.587500 0.312500
vt 0.587500 0.687500
vt 0.600000 0.312500
vt 0.600000 0.687500
vt 0.612500 0.312500
vt 0.612500 0.687500
vt 0.625000 0.312500
vt 0.625000 0.687500
vt 0.626409 0.064408
vt 0.648603 0.107966
vt 0.500000 0.156250
vt 0.591842 0.029841
vt 0.548284 0.007647
vt 0.500000 -0.000000
vt 0.451716 0.007647
vt 0.408159 0.029841
vt 0.373591 0.064409
vt 0.351397 0.107966
vt 0.343750 0.156250
vt 0.351397 0.204534
vt 0.373591 0.248091
vt 0.408159 0.282659
vt 0.451716 0.304853
vt 0.500000 0.312500
vt 0.548284 0.304853
vt 0.591841 0.282659
vt 0.626409 0.248091
vt 0.648603 0.204534
vt 0.656250 0.156250
vt 0.648603 0.892034
vt 0.626409 0.935591
vt 0.500000 0.843750
vt 0.591841 0.970159
vt 0.548284 0.992353
vt 0.500000 1.000000
vt 0.451716 0.992353
vt 0.408159 0.970159
vt 0.373591 0.935591
vt 0.351397 0.892034
vt 0.343750 0.843750
vt 0.351397 0.795466
vt 0.373591 0.751909
vt 0.408159 0.717341
vt 0.451716 0.695147
vt 0.500000 0.687500
vt 0.548284 0.695147
vt 0.591842 0.717341
vt 0.626409 0.751908
vt 0.648603 0.795466
vt 0.656250 0.843750
vt 0.375000 0.312500
vt 0.387500 0.312500
vt 0.387500 0.687500
vt 0.375000 0.687500
vt 0.400000 0.312500
vt 0.400000 0.687500
vt 0.412500 0.312500
vt 0.412500 0.687500
vt 0.425000 0.312500
vt 0.425000 0.687500
vt 0.437500 0.312500
vt 0.437500 0.687500
vt 0.450000 0.312500
vt 0.450000 0.687500
vt 0.462500 0.312500
vt 0.462500 0.687500
vt 0.475000 0.312500
vt 0.475000 0.687500
vt 0.487500 0.312500
vt 0.487500 0.687500
vt 0.500000 0.312500
vt 0.500000 0.687500
vt 0.512500 0.312500
vt 0.512500 0.687500
vt 0.525000 0.312500
vt 0.525000 0.687500
vt 0.537500 0.312500
vt 0.537500 0.687500
vt 0.550000 0.312500
vt 0.550000 0.687500
vt 0.562500 0.312500
vt 0.562500 0.687500
vt 0.575000 0.312500
vt 0.575000 0.687500
vt 0.587500 0.312500
vt 0.587500 0.687500
vt 0.600000 0.312500
vt 0.600000 0.687500
vt 0.612500 0.312500
vt 0.612500 0.687500
vt 0.625000 0.312500
vt 0.625000 0.687500
vt 0.626409 0.064408
vt 0.648603 0.107966
vt 0.500000 0.156250
vt 0.591842 0.029841
vt 0.548284 0.007647
vt 0.500000 -0.000000
vt 0.451716 0.007647
vt 0.408159 0.029841
vt 0.373591 0.064409
vt 0.351397 0.107966
vt 0.343750 0.156250
vt 0.351397 0.204534
vt 0.373591 0.248091
vt 0.408159 0.282659
vt 0.451716 0.304853
vt 0.500000 0.312500
vt 0.548284 0.304853
vt 0.591841 0.282659
vt 0.626409 0.248091
vt 0.648603 0.204534
vt 0.656250 0.156250
vt 0.648603 0.892034
vt 0.626409 0.935591
vt 0.500000 0.843750
vt 0.591841 0.970159
vt 0.548284 0.992353
vt 0.500000 1.000000
vt 0.451716 0.992353
vt 0.408159 0.970159
vt 0.373591 0.935591
vt 0.351397 0.892034
vt 0.343750 0.843750
vt 0.351397 0.795466
vt 0.373591 0.751909
vt 0.408159 0.717341
vt 0.451716 0.695147
vt 0.500000 0.687500
vt 0.548284 0.695147
vt 0.591842 0.717341
vt 0.626409 0.751908
vt 0.648603 0.795466
vt 0.656250 0.843750
vt 0.375000 0.312500
vt 0.387500 0.312500
vt 0.387500 0.687500
vt 0.375000 0.687500
vt 0.400000 0.312500
vt 0.400000 0.687500
vt 0.412500 0.312500
vt 0.412500 0.687500
vt 0.425000 0.312500
vt 0.425000 0.687500
vt 0.437500 0.312500
vt 0.437500 0.687500
vt 0.450000 0.312500
vt 0.450000 0.687500
vt 0.462500 0.312500
vt 0.462500 0.687500
vt 0.475000 0.312500
vt 0.475000 0.687500
vt 0.487500 0.312500
vt 0.487500 0.687500
vt 0.500000 0.312500
vt 0.500000 0.687500
vt 0.512500 0.312500
vt 0.512500 0.687500
vt 0.525000 0.312500
vt 0.525000 0.687500
vt 0.537500 0.312500
vt 0.537500 0.687500
vt 0.550000 0.312500
vt 0.550000 0.687500
vt 0.562500 0.312500
vt 0.562500 0.687500
vt 0.575000 0.312500
vt 0.575000 0.687500
vt 0.587500 0.312500
vt 0.587500 0.687500
vt 0.600000 0.312500
vt 0.600000 0.687500
vt 0.612500 0.312500
vt 0.612500 0.687500
vt 0.625000 0.312500
vt 0.625000 0.687500
vt 0.626409 0.064408
vt 0.648603 0.107966
vt 0.500000 0.156250
vt 0.591842 0.029841
vt 0.548284 0.007647
vt 0.500000 -0.000000
vt 0.451716 0.007647
vt 0.408159 0.029841
vt 0.373591 0.064409
vt 0.351397 0.107966
vt 0.343750 0.156250
vt 0.351397 0.204534
vt 0.373591 0.248091
vt 0.408159 0.282659
vt 0.451716 0.304853
vt 0.500000 0.312500
vt 0.548284 0.304853
vt 0.591841 0.282659
vt 0.626409 0.248091
vt 0.648603 0.204534
vt 0.656250 0.156250
vt 0.648603 0.892034
vt 0.626409 0.935591
vt 0.500000 0.843750
vt 0.591841 0.970159
vt 0.548284 0.992353
vt 0.500000 1.000000
vt 0.451716 0.992353
vt 0.408159 0.970159
vt 0.373591 0.935591
vt 0.351397 0.892034
vt 0.343750 0.843750
vt 0.351397 0.795466
vt 0.373591 0.751909
vt 0.408159 0.717341
vt 0.451716 0.695147
vt 0.500000 0.687500
vt 0.548284 0.695147
vt 0.591842 0.717341
vt 0.626409 0.751908
vt 0.648603 0.795466
vt 0.656250 0.843750
vt 0.375000 0.312500
vt 0.387500 0.312500
vt 0.387500 0.687500
vt 0.375000 0.687500
vt 0.400000 0.312500
vt 0.400000 0.687500
vt 0.412500 0.312500
vt 0.412500 0.687500
vt 0.425000 0.312500
vt 0.425000 0.687500
vt 0.437500 0.312500
vt 0.437500 0.687500
vt 0.450000 0.312500
vt 0.450000 0.687500
vt 0.462500 0.312500
vt 0.462500 0.687500
vt 0.475000 0.312500
vt 0.475000 0.687500
vt 0.487500 0.312500
vt 0.487500 0.687500
vt 0.500000 0.312500
vt 0.500000 0.687500
vt 0.512500 0.312500
vt 0.512500 0.687500
vt 0.525000 0.312500
vt 0.525000 0.687500
vt 0.537500 0.312500
vt 0.537500 0.687500
vt 0.550000 0.312500
vt 0.550000 0.687500
vt 0.562500 0.312500
vt 0.562500 0.687500
vt 0.575000 0.312500
vt 0.575000 0.687500
vt 0.587500 0.312500
vt 0.587500 0.687500
vt 0.600000 0.312500
vt 0.600000 0.687500
vt 0.612500 0.312500
vt 0.612500 0.687500
vt 0.625000 0.312500
vt 0.625000 0.687500
vt 0.626409 0.064408
vt 0.648603 0.107966
vt 0.500000 0.156250
vt 0.591842 0.029841
vt 0.548284 0.007647
vt 0.500000 -0.000000
vt 0.451716 0.007647
vt 0.408159 0.029841
vt 0.373591 0.064409
vt 0.351397 0.107966
vt 0.343750 0.156250
vt 0.351397 0.204534
vt 0.373591 0.248091
vt 0.408159 0.282659
vt 0.451716 0.304853
vt 0.500000 0.312500
vt 0.548284 0.304853
vt 0.591841 0.282659
vt 0.626409 0.248091
vt 0.648603 0.204534
vt 0.656250 0.156250
vt 0.648603 0.892034
vt 0.626409 0.935591
vt 0.500000 0.843750
vt 0.591841 0.970159
vt 0.548284 0.992353
vt 0.500000 1.000000
vt 0.451716 0.992353
vt 0.408159 0.970159
vt 0.373591 0.935591
vt 0.351397 0.892034
vt 0.343750 0.843750
vt 0.351397 0.795466
vt 0.373591 0.751909
vt 0.408159 0.717341
vt 0.451716 0.695147
vt 0.500000 0.687500
vt 0.548284 0.695147
vt 0.591842 0.717341
vt 0.626409 0.751908
vt 0.648603 0.795466
vt 0.656250 0.843750
vt 0.375000 0.312500
vt 0.387500 0.312500
vt 0.387500 0.687500
vt 0.375000 0.687500
vt 0.400000 0.312500
vt 0.400000 0.687500
vt 0.412500 0.312500
vt 0.412500 0.687500
vt 0.425000 0.312500
vt 0.425000 0.687500
vt 0.437500 0.312500
vt 0.437500 0.687500
vt 0.450000 0.312500
vt 0.450000 0.687500
vt 0.462500 0.312500
vt 0.462500 0.687500
vt 0.475000 0.312500
vt 0.475000 0.687500
vt 0.487500 0.312500
vt 0.487500 0.687500
vt 0.500000 0.312500
vt 0.500000 0.687500
vt 0.512500 0.312500
vt 0.512500 0.687500
vt 0.525000 0.312500
vt 0.525000 0.687500
vt 0.537500 0.312500
vt 0.537500 0.687500
vt 0.550000 0.312500
vt 0.550000 0.687500
vt 0.562500 0.312500
vt 0.562500 0.687500
vt 0.575000 0.312500
vt 0.575000 0.687500
vt 0.587500 0.312500
vt 0.587500 0.687500
vt 0.600000 0.312500
vt 0.600000 0.687500
vt 0.612500 0.312500
vt 0.612500 0.687500
vt 0.625000 0.312500
vt 0.625000 0.687500
vt 0.626409 0.064408
vt 0.648603 0.107966
vt 0.500000 0.156250
vt 0.591842 0.029841
vt 0.548284 0.007647
vt 0.500000 -0.000000
vt 0.451716 0.007647
vt 0.408159 0.029841
vt 0.373591 0.064409
vt 0.351397 0.107966
vt 0.343750 0.156250
vt 0.351397 0.204534
vt 0.373591 0.248091
vt 0.408159 0.282659
vt 0.451716 0.304853
vt 0.500000 0.312500
vt 0.548284 0.304853
vt 0.591841 0.282659
vt 0.626409 0.248091
vt 0.648603 0.204534
vt 0.656250 0.156250
vt 0.648603 0.892034
vt 0.626409 0.935591
vt 0.500000 0.843750
vt 0.591841 0.970159
vt 0.548284 0.992353
vt 0.500000 1.000000
vt 0.451716 0.992353
vt 0.408159 0.970159
vt 0.373591 0.935591
vt 0.351397 0.892034
vt 0.343750 0.843750
vt 0.351397 0.795466
vt 0.373591 0.751909
vt 0.408159 0.717341
vt 0.451716 0.695147
vt 0.500000 0.687500
vt 0.548284 0.695147
vt 0.591842 0.717341
vt 0.626409 0.751908
vt 0.648603 0.795466
vt 0.656250 0.843750
vt 0.375000 0.000000
vt 0.625000 0.000000
vt 0.625000 0.250000
vt 0.375000 0.250000
vt 0.625000 0.500000
vt 0.375000 0.500000
vt 0.625000 0.750000
vt 0.375000 0.750000
vt 0.625000 1.000000
vt 0.375000 1.000000
vt 0.875000 0.000000
vt 0.875000 0.250000
vt 0.125000 0.000000
vt 0.125000 0.250000
vt 0.375000 0.000000
vt 0.625000 0.000000
vt 0.625000 0.250000
vt 0.375000 0.250000
vt 0.625000 0.500000
vt 0.375000 0.500000
vt 0.625000 0.750000
vt 0.375000 0.750000
vt 0.625000 1.000000
vt 0.375000 1.000000
vt 0.875000 0.000000
vt 0.875000 0.250000
vt 0.125000 0.000000
vt 0.125000 0.250000
vt 0.375000 0.000000
vt 0.625000 0.000000
vt 0.625000 0.250000
vt 0.375000 0.250000
vt 0.625000 0.500000
vt 0.375000 0.500000
vt 0.625000 0.750000
vt 0.375000 0.750000
vt 0.625000 1.000000
vt 0.375000 1.000000
vt 0.875000 0.000000
vt 0.875000 0.250000
vt 0.125000 0.000000
vt 0.125000 0.250000
vt 0.375000 0.000000
vt 0.625000 0.000000
vt 0.625000 0.250000
vt 0.375000 0.250000
vt 0.625000 0.500000
vt 0.375000 0.500000
vt 0.625000 0.750000
vt 0.375000 0.750000
vt 0.625000 1.000000
vt 0.375000 1.000000
vt 0.875000 0.000000
vt 0.875000 0.250000
vt 0.125000 0.000000
vt 0.125000 0.250000
vt 0.375000 0.312500
vt 0.387500 0.312500
vt 0.387500 0.687500
vt 0.375000 0.687500
vt 0.400000 0.312500
vt 0.400000 0.687500
vt 0.412500 0.312500
vt 0.412500 0.687500
vt 0.425000 0.312500
vt 0.425000 0.687500
vt 0.437500 0.312500
vt 0.437500 0.687500
vt 0.450000 0.312500
vt 0.450000 0.687500
vt 0.462500 0.312500
vt 0.462500 0.687500
vt 0.475000 0.312500
vt 0.475000 0.687500
vt 0.487500 0.312500
vt 0.487500 0.687500
vt 0.500000 0.312500
vt 0.500000 0.687500
vt 0.512500 0.312500
vt 0.512500 0.687500
vt 0.525000 0.312500
vt 0.525000 0.687500
vt 0.537500 0.312500
vt 0.537500 0.687500
vt 0.550000 0.312500
vt 0.550000 0.687500
vt 0.562500 0.312500
vt 0.562500 0.687500
vt 0.575000 0.312500
vt 0.575000 0.687500
vt 0.587500 0.312500
vt 0.587500 0.687500
vt 0.600000 0.312500
vt 0.600000 0.687500
vt 0.612500 0.312500
vt 0.612500 0.687500
vt 0.625000 0.312500
vt 0.625000 0.687500
vt 0.626409 0.064408
vt 0.648603 0.107966
vt 0.500000 0.156250
vt 0.591842 0.029841
vt 0.548284 0.007647
vt 0.500000 -0.000000
vt 0.451716 0.007647
vt 0.408159 0.029841
vt 0.373591 0.064409
vt 0.351397 0.107966
vt 0.343750 0.156250
vt 0.351397 0.204534
vt 0.373591 0.248091
vt 0.408159 0.282659
vt 0.451716 0.304853
vt 0.500000 0.312500
vt 0.548284 0.304853
vt 0.591841 0.282659
vt 0.626409 0.248091
vt 0.648603 0.204534
vt 0.656250 0.156250
vt 0.648603 0.892034
vt 0.626409 0.935591
vt 0.500000 0.843750
vt 0.591841 0.970159
vt 0.548284 0.992353
vt 0.500000 1.000000
vt 0.451716 0.992353
vt 0.408159 0.970159
vt 0.373591 0.935591
vt 0.351397 0.892034
vt 0.343750 0.843750
vt 0.351397 0.795466
vt 0.373591 0.751909
vt 0.408159 0.717341
vt 0.451716 0.695147
vt 0.500000 0.687500
vt 0.548284 0.695147
vt 0.591842 0.717341
vt 0.626409 0.751908
vt 0.648603 0.795466
vt 0.656250 0.843750
vt 0.375000 0.312500
vt 0.387500 0.312500
vt 0.387500 0.687500
vt 0.375000 0.687500
vt 0.400000 0.312500
vt 0.400000 0.687500
vt 0.412500 0.312500
vt 0.412500 0.687500
vt 0.425000 0.312500
vt 0.425000 0.687500
vt 0.437500 0.312500
vt 0.437500 0.687500
vt 0.450000 0.312500
vt 0.450000 0.687500
vt 0.462500 0.312500
vt 0.462500 0.687500
vt 0.475000 0.312500
vt 0.475000 0.687500
vt 0.487500 0.312500
vt 0.487500 0.687500
vt 0.500000 0.312500
vt 0.500000 0.687500
vt 0.512500 0.312500
vt 0.512500 0.687500
vt 0.525000 0.312500
vt 0.525000 0.687500
vt 0.537500 0.312500
vt 0.537500 0.687500
vt 0.550000 0.312500
vt 0.550000 0.687500
vt 0.562500 0.312500
vt 0.562500 0.687500
vt 0.575000 0.312500
vt 0.575000 0.687500
vt 0.587500 0.312500
vt 0.587500 0.687500
vt 0.600000 0.312500
vt 0.600000 0.687500
vt 0.612500 0.312500
vt 0.612500 0.687500
vt 0.625000 0.312500
vt 0.625000 0.687500
vt 0.626409 0.064408
vt 0.648603 0.107966
vt 0.500000 0.156250
vt 0.591842 0.029841
vt 0.548284 0.007647
vt 0.500000 -0.000000
vt 0.451716 0.007647
vt 0.408159 0.029841
vt 0.373591 0.064409
vt 0.351397 0.107966
vt 0.343750 0.156250
vt 0.351397 0.204534
vt 0.373591 0.248091
vt 0.408159 0.282659
vt 0.451716 0.304853
vt 0.500000 0.312500
vt 0.548284 0.304853
vt 0.591841 0.282659
vt 0.626409 0.248091
vt 0.648603 0.204534
vt 0.656250 0.156250
vt 0.648603 0.892034
vt 0.626409 0.935591
vt 0.500000 0.843750
vt 0.591841 0.970159
vt 0.548284 0.992353
vt 0.500000 1.000000
vt 0.451716 0.992353
vt 0.408159 0.970159
vt 0.373591 0.935591
vt 0.351397 0.892034
vt 0.343750 0.843750
vt 0.351397 0.795466
vt 0.373591 0.751909
vt 0.408159 0.717341
vt 0.451716 0.695147
vt 0.500000 0.687500
vt 0.548284 0.695147
vt 0.591842 0.717341
vt 0.626409 0.751908
vt 0.648603 0.795466
vt 0.656250 0.843750
vt 0.375000 0.312500
vt 0.387500 0.312500
vt 0.387500 0.687500
vt 0.375000 0.687500
vt 0.400000 0.312500
vt 0.400000 0.687500
vt 0.412500 0.312500
vt 0.412500 0.687500
vt 0.425000 0.312500
vt 0.425000 0.687500
vt 0.437500 0.312500
vt 0.437500 0.687500
vt 0.450000 0.312500
vt 0.450000 0.687500
vt 0.462500 0.312500
vt 0.462500 0.687500
vt 0.475000 0.312500
vt 0.475000 0.687500
vt 0.487500 0.312500
vt 0.487500 0.687500
vt 0.500000 0.312500
vt 0.500000 0.687500
vt 0.512500 0.312500
vt 0.512500 0.687500
vt 0.525000 0.312500
vt 0.525000 0.687500
vt 0.537500 0.312500
vt 0.537500 0.687500
vt 0.550000 0.312500
vt 0.550000 0.687500
vt 0.562500 0.312500
vt 0.562500 0.687500
vt 0.575000 0.312500
vt 0.575000 0.687500
vt 0.587500 0.312500
vt 0.587500 0.687500
vt 0.600000 0.312500
vt 0.600000 0.687500
vt 0.612500 0.312500
vt 0.612500 0.687500
vt 0.625000 0.312500
vt 0.625000 0.687500
vt 0.626409 0.064408
vt 0.648603 0.107966
vt 0.500000 0.156250
vt 0.591842 0.029841
vt 0.548284 0.007647
vt 0.500000 -0.000000
vt 0.451716 0.007647
vt 0.408159 0.029841
vt 0.373591 0.064409
vt 0.351397 0.107966
vt 0.343750 0.156250
vt 0.351397 0.204534
vt 0.373591 0.248091
vt 0.408159 0.282659
vt 0.451716 0.304853
vt 0.500000 0.312500
vt 0.548284 0.304853
vt 0.591841 0.282659
vt 0.626409 0.248091
vt 0.648603 0.204534
vt 0.656250 0.156250
vt 0.648603 0.892034
vt 0.626409 0.935591
vt 0.500000 0.843750
vt 0.591841 0.970159
vt 0.548284 0.992353
vt 0.500000 1.000000
vt 0.451716 0.992353
vt 0.408159 0.970159
vt 0.373591 0.935591
vt 0.351397 0.892034
vt 0.343750 0.843750
vt 0.351397 0.795466
vt 0.373591 0.751909
vt 0.408159 0.717341
vt 0.451716 0.695147
vt 0.500000 0.687500
vt 0.548284 0.695147
vt 0.591842 0.717341
vt 0.626409 0.751908
vt 0.648603 0.795466
vt 0.656250 0.843750
vt 0.375000 0.312500
vt 0.387500 0.312500
vt 0.387500 0.687500
vt 0.375000 0.687500
vt 0.400000 0.312500
vt 0.400000 0.687500
vt 0.412500 0.312500
vt 0.412500 0.687500
vt 0.425000 0.312500
vt 0.425000 0.687500
vt 0.437500 0.312500
vt 0.437500 0.687500
vt 0.450000 0.312500
vt 0.450000 0.687500
vt 0.462500 0.312500
vt 0.462500 0.687500
vt 0.475000 0.312500
vt 0.475000 0.687500
vt 0.487500 0.312500
vt 0.487500 0.687500
vt 0.500000 0.312500
vt 0.500000 0.687500
vt 0.512500 0.312500
vt 0.512500 0.687500
vt 0.525000 0.312500
vt 0.525000 0.687500
vt 0.537500 0.312500
vt 0.537500 0.687500
vt 0.550000 0.312500
vt 0.550000 0.687500
vt 0.562500 0.312500
vt 0.562500 0.687500
vt 0.575000 0.312500
vt 0.575000 0.687500
vt 0.587500 0.312500
vt 0.587500 0.687500
vt 0.600000 0.312500
vt 0.600000 0.687500
vt 0.612500 0.312500
vt 0.612500 0.687500
vt 0.625000 0.312500
vt 0.625000 0.687500
vt 0.626409 0.064408
vt 0.648603 0.107966
vt 0.500000 0.156250
vt 0.591842 0.029841
vt 0.548284 0.007647
vt 0.500000 -0.000000
vt 0.451716 0.007647
vt 0.408159 0.029841
vt 0.373591 0.064409
vt 0.351397 0.107966
vt 0.343750 0.156250
vt 0.351397 0.204534
vt 0.373591 0.248091
vt 0.408159 0.282659
vt 0.451716 0.304853
vt 0.500000 0.312500
vt 0.548284 0.304853
vt 0.591841 0.282659
vt 0.626409 0.248091
vt 0.648603 0.204534
vt 0.656250 0.156250
vt 0.648603 0.892034
vt 0.626409 0.935591
vt 0.500000 0.843750
vt 0.591841 0.970159
vt 0.548284 0.992353
vt 0.500000 1.000000
vt 0.451716 0.992353
vt 0.408159 0.970159
vt 0.373591 0.935591
vt 0.351397 0.892034
vt 0.343750 0.843750
vt 0.351397 0.795466
vt 0.373591 0.751909
vt 0.408159 0.717341
vt 0.451716 0.695147
vt 0.500000 0.687500
vt 0.548284 0.695147
vt 0.591842 0.717341
vt 0.626409 0.751908
vt 0.648603 0.795466
vt 0.656250 0.843750
vt 0.375000 0.312500
vt 0.387500 0.312500
vt 0.387500 0.687500
vt 0.375000 0.687500
vt 0.400000 0.312500
vt 0.400000 0.687500
vt 0.412500 0.312500
vt 0.412500 0.687500
vt 0.425000 0.312500
vt 0.425000 0.687500
vt 0.437500 0.312500
vt 0.437500 0.687500
vt 0.450000 0.312500
vt 0.450000 0.687500
vt 0.462500 0.312500
vt 0.462500 0.687500
vt 0.475000 0.312500
vt 0.475000 0.687500
vt 0.487500 0.312500
vt 0.487500 0.687500
vt 0.500000 0.312500
vt 0.500000 0.687500
vt 0.512500 0.312500
vt 0.512500 0.687500
vt 0.525000 0.312500
vt 0.525000 0.687500
vt 0.537500 0.312500
vt 0.537500 0.687500
vt 0.550000 0.312500
vt 0.550000 0.687500
vt 0.562500 0.312500
vt 0.562500 0.687500
vt 0.575000 0.312500
vt 0.575000 0.687500
vt 0.587500 0.312500
vt 0.587500 0.687500
vt 0.600000 0.312500
vt 0.600000 0.687500
vt 0.612500 0.312500
vt 0.612500 0.687500
vt 0.625000 0.312500
vt 0.625000 0.687500
vt 0.626409 0.064408
vt 0.648603 0.107966
vt 0.500000 0.156250
vt 0.591842 0.029841
vt 0.548284 0.007647
vt 0.500000 -0.000000
vt 0.451716 0.007647
vt 0.408159 0.029841
vt 0.373591 0.064409
vt 0.351397 0.107966
vt 0.343750 0.156250
vt 0.351397 0.204534
vt 0.373591 0.248091
vt 0.408159 0.282659
vt 0.451716 0.304853
vt 0.500000 0.312500
vt 0.548284 0.304853
vt 0.591841 0.282659
vt 0.626409 0.248091
vt 0.648603 0.204534
vt 0.656250 0.156250
vt 0.648603 0.892034
vt 0.626409 0.935591
vt 0.500000 0.843750
vt 0.591841 0.970159
vt 0.548284 0.992353
vt 0.500000 1.000000
vt 0.451716 0.992353
vt 0.408159 0.970159
vt 0.373591 0.935591
vt 0.351397 0.892034
vt 0.343750 0.843750
vt 0.351397 0.795466
vt 0.373591 0.751909
vt 0.408159 0.717341
vt 0.451716 0.695147
vt 0.500000 0.687500
vt 0.548284 0.695147
vt 0.591842 0.717341
vt 0.626409 0.751908
vt 0.648603 0.795466
vt 0.656250 0.843750
vt 0.375000 0.312500
vt 0.387500 0.312500
vt 0.387500 0.687500
vt 0.375000 0.687500
vt 0.400000 0.312500
vt 0.400000 0.687500
vt 0.412500 0.312500
vt 0.412500 0.687500
vt 0.425000 0.312500
vt 0.425000 0.687500
vt 0.437500 0.312500
vt 0.437500 0.687500
vt 0.450000 0.312500
vt 0.450000 0.687500
vt 0.462500 0.312500
vt 0.462500 0.687500
vt 0.475000 0.312500
vt 0.475000 0.687500
vt 0.487500 0.312500
vt 0.487500 0.687500
vt 0.500000 0.312500
vt 0.500000 0.687500
vt 0.512500 0.312500
vt 0.512500 0.687500
vt 0.525000 0.312500
vt 0.525000 0.687500
vt 0.537500 0.312500
vt 0.537500 0.687500
vt 0.550000 0.312500
vt 0.550000 0.687500
vt 0.562500 0.312500
vt 0.562500 0.687500
vt 0.575000 0.312500
vt 0.575000 0.687500
vt 0.587500 0.312500
vt 0.587500 0.687500
vt 0.600000 0.312500
vt 0.600000 0.687500
vt 0.612500 0.312500
vt 0.612500 0.687500
vt 0.625000 0.312500
vt 0.625000 0.687500
vt 0.626409 0.064408
vt 0.648603 0.107966
vt 0.500000 0.156250
vt 0.591842 0.029841
vt 0.548284 0.007647
vt 0.500000 -0.000000
vt 0.451716 0.007647
vt 0.408159 0.029841
vt 0.373591 0.064409
vt 0.351397 0.107966
vt 0.343750 0.156250
vt 0.351397 0.204534
vt 0.373591 0.248091
vt 0.408159 0.282659
vt 0.451716 0.304853
vt 0.500000 0.312500
vt 0.548284 0.304853
vt 0.591841 0.282659
vt 0.626409 0.248091
vt 0.648603 0.204534
vt 0.656250 0.156250
vt 0.648603 0.892034
vt 0.626409 0.935591
vt 0.500000 0.843750
vt 0.591841 0.970159
vt 0.548284 0.992353
vt 0.500000 1.000000
vt 0.451716 0.992353
vt 0.408159 0.970159
vt 0.373591 0.935591
vt 0.351397 0.892034
vt 0.343750 0.843750
vt 0.351397 0.795466
vt 0.373591 0.751909
vt 0.408159 0.717341
vt 0.451716 0.695147
vt 0.500000 0.687500
vt 0.548284 0.695147
vt 0.591842 0.717341
vt 0.626409 0.751908
vt 0.648603 0.795466
vt 0.656250 0.843750
vt 0.375000 0.312500
vt 0.387500 0.312500
vt 0.387500 0.687500
vt 0.375000 0.687500
vt 0.400000 0.312500
vt 0.400000 0.687500
vt 0.412500 0.312500
vt 0.412500 0.687500
vt 0.425000 0.312500
vt 0.425000 0.687500
vt 0.437500 0.312500
vt 0.437500 0.687500
vt 0.450000 0.312500
vt 0.450000 0.687500
vt 0.462500 0.312500
vt 0.462500 0.687500
vt 0.475000 0.312500
vt 0.475000 0.687500
vt 0.487500 0.312500
vt 0.487500 0.687500
vt 0.500000 0.312500
vt 0.500000 0.687500
vt 0.512500 0.312500
vt 0.512500 0.687500
vt 0.525000 0.312500
vt 0.525000 0.687500
vt 0.537500 0.312500
vt 0.537500 0.687500
vt 0.550000 0.312500
vt 0.550000 0.687500
vt 0.562500 0.312500
vt 0.562500 0.687500
vt 0.575000 0.312500
vt 0.575000 0.687500
vt 0.587500 0.312500
vt 0.587500 0.687500
vt 0.600000 0.312500
vt 0.600000 0.687500
vt 0.612500 0.312500
vt 0.612500 0.687500
vt 0.625000 0.312500
vt 0.625000 0.687500
vt 0.626409 0.064408
vt 0.648603 0.107966
vt 0.500000 0.156250
vt 0.591842 0.029841
vt 0.548284 0.007647
vt 0.500000 -0.000000
vt 0.451716 0.007647
vt 0.408159 0.029841
vt 0.373591 0.064409
vt 0.351397 0.107966
vt 0.343750 0.156250
vt 0.351397 0.204534
vt 0.373591 0.248091
vt 0.408159 0.282659
vt 0.451716 0.304853
vt 0.500000 0.312500
vt 0.548284 0.304853
vt 0.591841 0.282659
vt 0.626409 0.248091
vt 0.648603 0.204534
vt 0.656250 0.156250
vt 0.648603 0.892034
vt 0.626409 0.935591
vt 0.500000 0.843750
vt 0.591841 0.970159
vt 0.548284 0.992353
vt 0.500000 1.000000
vt 0.451716 0.992353
vt 0.408159 0.970159
vt 0.373591 0.935591
vt 0.351397 0.892034
vt 0.343750 0.843750
vt 0.351397 0.795466
vt 0.373591 0.751909
vt 0.408159 0.717341
vt 0.451716 0.695147
vt 0.500000 0.687500
vt 0.548284 0.695147
vt 0.591842 0.717341
vt 0.626409 0.751908
vt 0.648603 0.795466
vt 0.656250 0.843750
vt 0.375000 0.312500
vt 0.387500 0.312500
vt 0.387500 0.687500
vt 0.375000 0.687500
vt 0.400000 0.312500
vt 0.400000 0.687500
vt 0.412500 0.312500
vt 0.412500 0.687500
vt 0.425000 0.312500
vt 0.425000 0.687500
vt 0.437500 0.312500
vt 0.437500 0.687500
vt 0.450000 0.312500
vt 0.450000 0.687500
vt 0.462500 0.312500
vt 0.462500 0.687500
vt 0.475000 0.312500
vt 0.475000 0.687500
vt 0.487500 0.312500
vt 0.487500 0.687500
vt 0.500000 0.312500
vt 0.500000 0.687500
vt 0.512500 0.312500
vt 0.512500 0.687500
vt 0.525000 0.312500
vt 0.525000 0.687500
vt 0.537500 0.312500
vt 0.537500 0.687500
vt 0.550000 0.312500
vt 0.550000 0.687500
vt 0.562500 0.312500
vt 0.562500 0.687500
vt 0.575000 0.312500
vt 0.575000 0.687500
vt 0.587500 0.312500
vt 0.587500 0.687500
vt 0.600000 0.312500
vt 0.600000 0.687500
vt 0.612500 0.312500
vt 0.612500 0.687500
vt 0.625000 0.312500
vt 0.625000 0.687500
vt 0.626409 0.064408
vt 0.648603 0.107966
vt 0.500000 0.156250
vt 0.591842 0.029841
vt 0.548284 0.007647
vt 0.500000 -0.000000
vt 0.451716 0.007647
vt 0.408159 0.029841
vt 0.373591 0.064409
vt 0.351397 0.107966
vt 0.343750 0.156250
vt 0.351397 0.204534
vt 0.373591 0.248091
vt 0.408159 0.282659
vt 0.451716 0.304853
vt 0.500000 0.312500
vt 0.548284 0.304853
vt 0.591841 0.282659
vt 0.626409 0.248091
vt 0.648603 0.204534
vt 0.656250 0.156250
vt 0.648603 0.892034
vt 0.626409 0.935591
vt 0.500000 0.843750
vt 0.591841 0.970159
vt 0.548284 0.992353
vt 0.500000 1.000000
vt 0.451716 0.992353
vt 0.408159 0.970159
vt 0.373591 0.935591
vt 0.351397 0.892034
vt 0.343750 0.843750
vt 0.351397 0.795466
vt 0.373591 0.751909
vt 0.408159 0.717341
vt 0.451716 0.695147
vt 0.500000 0.687500
vt 0.548284 0.695147
vt 0.591842 0.717341
vt 0.626409 0.751908
vt 0.648603 0.795466
vt 0.656250 0.843750
vt 0.375000 0.312500
vt 0.387500 0.312500
vt 0.387500 0.687500
vt 0.375000 0.687500
vt 0.400000 0.312500
vt 0.400000 0.687500
vt 0.412500 0.312500
vt 0.412500 0.687500
vt 0.425000 0.312500
vt 0.425000 0.687500
vt 0.437500 0.312500
vt 0.437500 0.687500
vt 0.450000 0.312500
vt 0.450000 0.687500
vt 0.462500 0.312500
vt 0.462500 0.687500
vt 0.475000 0.312500
vt 0.475000 0.687500
vt 0.487500 0.312500
vt 0.487500 0.687500
vt 0.500000 0.312500
vt 0.500000 0.687500
vt 0.512500 0.312500
vt 0.512500 0.687500
vt 0.525000 0.312500
vt 0.525000 0.687500
vt 0.537500 0.312500
vt 0.537500 0.687500
vt 0.550000 0.312500
vt 0.550000 0.687500
vt 0.562500 0.312500
vt 0.562500 0.687500
vt 0.575000 0.312500
vt 0.575000 0.687500
vt 0.587500 0.312500
vt 0.587500 0.687500
vt 0.600000 0.312500
vt 0.600000 0.687500
vt 0.612500 0.312500
vt 0.612500 0.687500
vt 0.625000 0.312500
vt 0.625000 0.687500
vt 0.626409 0.064408
vt 0.648603 0.107966
vt 0.500000 0.156250
vt 0.591842 0.029841
vt 0.548284 0.007647
vt 0.500000 -0.000000
vt 0.451716 0.007647
vt 0.408159 0.029841
vt 0.373591 0.064409
vt 0.351397 0.107966
vt 0.343750 0.156250
vt 0.351397 0.204534
vt 0.373591 0.248091
vt 0.408159 0.282659
vt 0.451716 0.304853
vt 0.500000 0.312500
vt 0.548284 0.304853
vt 0.591841 0.282659
vt 0.626409 0.248091
vt 0.648603 0.204534
vt 0.656250 0.156250
vt 0.648603 0.892034
vt 0.626409 0.935591
vt 0.500000 0.843750
vt 0.591841 0.970159
vt 0.548284 0.992353
vt 0.500000 1.000000
vt 0.451716 0.992353
vt 0.408159 0.970159
vt 0.373591 0.935591
vt 0.351397 0.892034
vt 0.343750 0.843750
vt 0.351397 0.795466
vt 0.373591 0.751909
vt 0.408159 0.717341
vt 0.451716 0.695147
vt 0.500000 0.687500
vt 0.548284 0.695147
vt 0.591842 0.717341
vt 0.626409 0.751908
vt 0.648603 0.795466
vt 0.656250 0.843750
vt 0.375000 0.312500
vt 0.387500 0.312500
vt 0.387500 0.687500
vt 0.375000 0.687500
vt 0.400000 0.312500
vt 0.400000 0.687500
vt 0.412500 0.312500
vt 0.412500 0.687500
vt 0.425000 0.312500
vt 0.425000 0.687500
vt 0.437500 0.312500
vt 0.437500 0.687500
vt 0.450000 0.312500
vt 0.450000 0.687500
vt 0.462500 0.312500
vt 0.462500 0.687500
vt 0.475000 0.312500
vt 0.475000 0.687500
vt 0.487500 0.312500
vt 0.487500 0.687500
vt 0.500000 0.312500
vt 0.500000 0.687500
vt 0.512500 0.312500
vt 0.512500 0.687500
vt 0.525000 0.312500
vt 0.525000 0.687500
vt 0.537500 0.312500
vt 0.537500 0.687500
vt 0.550000 0.312500
vt 0.550000 0.687500
vt 0.562500 0.312500
vt 0.562500 0.687500
vt 0.575000 0.312500
vt 0.575000 0.687500
vt 0.587500 0.312500
vt 0.587500 0.687500
vt 0.600000 0.312500
vt 0.600000 0.687500
vt 0.612500 0.312500
vt 0.612500 0.687500
vt 0.625000 0.312500
vt 0.625000 0.687500
vt 0.626409 0.064408
vt 0.648603 0.107966
vt 0.500000 0.156250
vt 0.591842 0.029841
vt 0.548284 0.007647
vt 0.500000 -0.000000
vt 0.451716 0.007647
vt 0.408159 0.029841
vt 0.373591 0.064409
vt 0.351397 0.107966
vt 0.343750 0.156250
vt 0.351397 0.204534
vt 0.373591 0.248091
vt 0.408159 0.282659
vt 0.451716 0.304853
vt 0.500000 0.312500
vt 0.548284 0.304853
vt 0.591841 0.282659
vt 0.626409 0.248091
vt 0.648603 0.204534
vt 0.656250 0.156250
vt 0.648603 0.892034
vt 0.626409 0.935591
vt 0.500000 0.843750
vt 0.591841 0.970159
vt 0.548284 0.992353
vt 0.500000 1.000000
vt 0.451716 0.992353
vt 0.408159 0.970159
vt 0.373591 0.935591
vt 0.351397 0.892034
vt 0.343750 0.843750
vt 0.351397 0.795466
vt 0.373591 0.751909
vt 0.408159 0.717341
vt 0.451716 0.695147
vt 0.500000 0.687500
vt 0.548284 0.695147
vt 0.591842 0.717341
vt 0.626409 0.751908
vt 0.648603 0.795466
vt 0.656250 0.843750
vt 0.375000 0.312500
vt 0.387500 0.312500
vt 0.387500 0.687500
vt 0.375000 0.687500
vt 0.400000 0.312500
vt 0.400000 0.687500
vt 0.412500 0.312500
vt 0.412500 0.687500
vt 0.425000 0.312500
vt 0.425000 0.687500
vt 0.437500 0.312500
vt 0.437500 0.687500
vt 0.450000 0.312500
vt 0.450000 0.687500
vt 0.462500 0.312500
vt 0.462500 0.687500
vt 0.475000 0.312500
vt 0.475000 0.687500
vt 0.487500 0.312500
vt 0.487500 0.687500
vt 0.500000 0.312500
vt 0.500000 0.687500
vt 0.512500 0.312500
vt 0.512500 0.687500
vt 0.525000 0.312500
vt 0.525000 0.687500
vt 0.537500 0.312500
vt 0.537500 0.687500
vt 0.550000 0.312500
vt 0.550000 0.687500
vt 0.562500 0.312500
vt 0.562500 0.687500
vt 0.575000 0.312500
vt 0.575000 0.687500
vt 0.587500 0.312500
vt 0.587500 0.687500
vt 0.600000 0.312500
vt 0.600000 0.687500
vt 0.612500 0.312500
vt 0.612500 0.687500
vt 0.625000 0.312500
vt 0.625000 0.687500
vt 0.626409 0.064408
vt 0.648603 0.107966
vt 0.500000 0.156250
vt 0.591842 0.029841
vt 0.548284 0.007647
vt 0.500000 -0.000000
vt 0.451716 0.007647
vt 0.408159 0.029841
vt 0.373591 0.064409
vt 0.351397 0.107966
vt 0.343750 0.156250
vt 0.351397 0.204534
vt 0.373591 0.248091
vt 0.408159 0.282659
vt 0.451716 0.304853
vt 0.500000 0.312500
vt 0.548284 0.304853
vt 0.591841 0.282659
vt 0.626409 0.248091
vt 0.648603 0.204534
vt 0.656250 0.156250
vt 0.648603 0.892034
vt 0.626409 0.935591
vt 0.500000 0.843750
vt 0.591841 0.970159
vt 0.548284 0.992353
vt 0.500000 1.000000
vt 0.451716 0.992353
vt 0.408159 0.970159
vt 0.373591 0.935591
vt 0.351397 0.892034
vt 0.343750 0.843750
vt 0.351397 0.795466
vt 0.373591 0.751909
vt 0.408159 0.717341
vt 0.451716 0.695147
vt 0.500000 0.687500
vt 0.548284 0.695147
vt 0.591842 0.717341
vt 0.626409 0.751908
vt 0.648603 0.795466
vt 0.656250 0.843750
vt 0.375000 0.000000
vt 0.500271 0.000000
vt 0.500271 0.250000
vt 0.375000 0.250000
vt 0.500271 0.446080
vt 0.375000 0.446080
vt 0.375000 0.500000
vt 0.500271 0.500000
vt 0.500271 0.750000
vt 0.375000 0.750000
vt 0.375000 0.803920
vt 0.500271 0.803920
vt 0.500271 1.000000
vt 0.375000 1.000000
vt 0.625000 0.000000
vt 0.723040 0.401960
vt 0.723040 0.348040
vt 0.625000 0.250000
vt 0.178920 0.250000
vt 0.178920 0.000000
vt 0.125000 0.000000
vt 0.133082 0.000000
vt 0.133082 0.250000
vt 0.125000 0.250000
vt 0.500271 0.758082
vt 0.375000 0.758082
vt 0.745959 0.370959
vt 0.745959 0.379041
vt 0.875000 0.000000
vt 0.875000 0.250000
vt 0.375000 0.491918
vt 0.500271 0.491918
vt 0.507614 0.250000
vt 0.507614 0.000000
vt 0.507614 0.446080
vt 0.507614 0.500000
vt 0.507614 0.491918
vt 0.625000 0.500000
vt 0.507614 0.750000
vt 0.625000 0.750000
vt 0.507614 0.758082
vt 0.507614 1.000000
vt 0.507614 0.803920
vt 0.625000 1.000000
vt 0.376788 0.956826
vt 0.375000 0.956826
vt 0.375000 0.793172
vt 0.376788 0.793172
vt 0.376788 0.003323
vt 0.376788 -0.000000
vt 0.389950 0.000000
vt 0.389950 0.003323
vt 0.331826 0.003323
vt 0.376788 0.125966
vt 0.331826 0.122642
vt 0.392479 0.956826
vt 0.389950 0.956826
vt 0.389950 0.793174
vt 0.392479 0.793174
vt 0.392479 0.003323
vt 0.392479 0.000000
vt 0.411758 0.000000
vt 0.411758 0.003323
vt 0.392479 0.125965
vt 0.389950 0.125965
vt 0.376788 0.746677
vt 0.375000 0.746677
vt 0.375000 0.627357
vt 0.376788 0.624035
vt 0.389950 0.746677
vt 0.392479 0.746677
vt 0.389950 0.624035
vt 0.392479 0.624035
vt 0.411758 0.746677
vt 0.411758 0.793174
vt 0.131914 0.136177
vt 0.168174 0.122642
vt 0.623212 0.000000
vt 0.623212 0.003323
vt 0.607218 0.003323
vt 0.607218 0.000000
vt 0.668174 0.003323
vt 0.668174 0.000000
vt 0.831826 0.000000
vt 0.831826 0.003323
vt 0.668174 0.123616
vt 0.623212 0.123616
vt 0.623212 0.128315
vt 0.607218 0.128315
vt 0.607218 0.123616
vt 0.668174 0.128315
vt 0.831826 0.123616
vt 0.831826 0.128315
vt 0.668174 0.146775
vt 0.623212 0.146775
vt 0.623212 0.246677
vt 0.623212 0.293174
vt 0.607218 0.293174
vt 0.607218 0.246677
vt 0.668174 0.246677
vt 0.623212 0.235128
vt 0.668174 0.235128
vt 0.668174 0.250000
vt 0.831826 0.246677
vt 0.831826 0.250000
vt 0.623212 0.456826
vt 0.623212 0.503323
vt 0.607218 0.503323
vt 0.607218 0.456826
vt 0.875000 0.246677
vt 0.831826 0.235128
vt 0.875000 0.235128
vt 0.623212 0.514872
vt 0.623212 0.519572
vt 0.607218 0.519572
vt 0.607218 0.514872
vt 0.831826 0.230428
vt 0.668174 0.230428
vt 0.625000 0.519572
vt 0.625000 0.538128
vt 0.623212 0.538128
vt 0.623212 0.746677
vt 0.623212 0.793174
vt 0.607218 0.793174
vt 0.607218 0.746677
vt 0.875000 0.003323
vt 0.875000 0.123616
vt 0.558083 0.000000
vt 0.558083 0.003323
vt 0.555269 0.003323
vt 0.555269 0.000000
vt 0.560612 0.956826
vt 0.558083 0.956826
vt 0.558083 0.793174
vt 0.560612 0.793174
vt 0.560612 0.003323
vt 0.560612 0.000000
vt 0.564732 0.000000
vt 0.564732 0.003323
vt 0.560612 0.123616
vt 0.558083 0.123619
vt 0.567261 0.956826
vt 0.564732 0.956826
vt 0.564732 0.793174
vt 0.567261 0.793174
vt 0.567261 0.003323
vt 0.567261 0.000000
vt 0.571737 0.000000
vt 0.571737 0.003323
vt 0.567261 0.123616
vt 0.564732 0.123616
vt 0.558083 0.746677
vt 0.555269 0.793174
vt 0.555269 0.746677
vt 0.560612 0.746677
vt 0.558083 0.626384
vt 0.560612 0.626384
vt 0.564732 0.746677
vt 0.567261 0.746677
vt 0.564732 0.626384
vt 0.567261 0.626384
vt 0.571737 0.746677
vt 0.571737 0.793174
vt 0.560612 0.128315
vt 0.564732 0.128315
vt 0.558083 0.128315
vt 0.560612 0.146775
vt 0.558083 0.146775
vt 0.555269 0.128315
vt 0.555269 0.123619
vt 0.531505 0.000000
vt 0.531505 0.003323
vt 0.526018 0.003323
vt 0.526018 0.000000
vt 0.534034 0.956826
vt 0.531505 0.956826
vt 0.531505 0.793174
vt 0.534034 0.793174
vt 0.534034 0.003323
vt 0.534034 0.000000
vt 0.539223 0.000000
vt 0.539223 0.003323
vt 0.534034 0.123616
vt 0.531505 0.123617
vt 0.541752 0.956826
vt 0.539223 0.956826
vt 0.539223 0.793174
vt 0.541752 0.793174
vt 0.541752 0.003323
vt 0.541752 0.000000
vt 0.545348 0.000000
vt 0.545348 0.003323
vt 0.541752 0.123616
vt 0.539223 0.123616
vt 0.531505 0.746677
vt 0.526018 0.793174
vt 0.526018 0.746677
vt 0.534034 0.746677
vt 0.531505 0.626384
vt 0.534034 0.626384
vt 0.539223 0.746677
vt 0.541752 0.746677
vt 0.539223 0.626384
vt 0.541752 0.626384
vt 0.545348 0.746677
vt 0.545348 0.793174
vt 0.534034 0.128315
vt 0.539223 0.128315
vt 0.531505 0.128315
vt 0.534034 0.146775
vt 0.531505 0.146775
vt 0.526018 0.128315
vt 0.526018 0.123617
vt 0.449781 0.000000
vt 0.449781 0.003323
vt 0.443317 0.003323
vt 0.443317 0.000000
vt 0.452310 0.956826
vt 0.449781 0.956826
vt 0.449781 0.793174
vt 0.452310 0.793174
vt 0.452310 0.003323
vt 0.452310 0.000000
vt 0.460959 0.000000
vt 0.460959 0.003323
vt 0.452310 0.125965
vt 0.449781 0.125966
vt 0.463488 0.956826
vt 0.460959 0.956826
vt 0.460959 0.793174
vt 0.463488 0.793174
vt 0.463488 0.003323
vt 0.463488 0.000000
vt 0.471569 0.000000
vt 0.471569 0.003323
vt 0.463552 0.123497
vt 0.460632 0.125966
vt 0.449781 0.746677
vt 0.443317 0.793174
vt 0.443317 0.746677
vt 0.452310 0.746677
vt 0.449781 0.624035
vt 0.452310 0.624035
vt 0.460959 0.746677
vt 0.463488 0.746677
vt 0.460763 0.624035
vt 0.463520 0.626444
vt 0.471569 0.746677
vt 0.471569 0.793174
vt 0.414287 0.956826
vt 0.411758 0.956826
vt 0.414287 0.793174
vt 0.414287 0.003323
vt 0.414287 0.000000
vt 0.423760 0.000000
vt 0.423760 0.003323
vt 0.414287 0.125966
vt 0.411758 0.125965
vt 0.426289 0.956826
vt 0.423760 0.956826
vt 0.423760 0.793174
vt 0.426289 0.793174
vt 0.426289 0.003323
vt 0.426289 0.000000
vt 0.431738 0.000000
vt 0.431738 0.003323
vt 0.426289 0.125966
vt 0.423760 0.125965
vt 0.414287 0.746677
vt 0.411758 0.624035
vt 0.414287 0.624035
vt 0.423760 0.746677
vt 0.426289 0.746677
vt 0.423760 0.624035
vt 0.426289 0.624035
vt 0.431738 0.746677
vt 0.431738 0.793174
vt 0.531505 0.621685
vt 0.526018 0.626384
vt 0.526018 0.621685
vt 0.534034 0.621685
vt 0.531505 0.603225
vt 0.534034 0.603225
vt 0.539223 0.621685
vt 0.558083 0.621685
vt 0.555269 0.626384
vt 0.555269 0.621685
vt 0.560612 0.621685
vt 0.558083 0.603225
vt 0.560612 0.603225
vt 0.564732 0.621685
vt 0.623212 0.621685
vt 0.623212 0.626384
vt 0.607218 0.626384
vt 0.607218 0.621685
vt 0.875000 0.128315
vt 0.875000 0.146775
vt 0.831826 0.146775
vt 0.623212 0.151475
vt 0.607218 0.151475
vt 0.607218 0.146775
vt 0.668174 0.151475
vt 0.831826 0.151475
vt 0.668174 0.178703
vt 0.623212 0.178703
vt 0.560612 0.151475
vt 0.564732 0.146775
vt 0.564732 0.151475
vt 0.558083 0.151475
vt 0.560612 0.178703
vt 0.558083 0.178703
vt 0.555269 0.151475
vt 0.555268 0.146775
vt 0.534034 0.151475
vt 0.539223 0.146775
vt 0.539223 0.151475
vt 0.531505 0.151475
vt 0.534034 0.178703
vt 0.531505 0.178703
vt 0.526018 0.151475
vt 0.526018 0.146775
vt 0.541752 0.621685
vt 0.539223 0.603225
vt 0.541752 0.603225
vt 0.545348 0.621685
vt 0.545348 0.626384
vt 0.567261 0.621685
vt 0.564732 0.603225
vt 0.567261 0.603225
vt 0.571737 0.621685
vt 0.571737 0.626384
vt 0.604689 0.128315
vt 0.604689 0.146775
vt 0.604689 0.123616
vt 0.598581 0.128315
vt 0.598581 0.123616
vt 0.604689 0.003323
vt 0.552739 0.128315
vt 0.552739 0.146775
vt 0.552739 0.123616
vt 0.547877 0.128315
vt 0.547877 0.123616
vt 0.552740 0.003323
vt 0.523489 0.128315
vt 0.523489 0.146775
vt 0.523489 0.123616
vt 0.517993 0.128315
vt 0.517993 0.123616
vt 0.523489 0.003323
vt 0.588878 0.000000
vt 0.588878 0.003323
vt 0.581811 0.003323
vt 0.581811 0.000000
vt 0.591407 0.956826
vt 0.588878 0.956826
vt 0.588878 0.793174
vt 0.591407 0.793174
vt 0.591407 0.003323
vt 0.591407 0.000000
vt 0.596052 0.000000
vt 0.596052 0.003323
vt 0.591407 0.123616
vt 0.588878 0.123616
vt 0.598581 0.956826
vt 0.596052 0.956826
vt 0.596052 0.793174
vt 0.598581 0.793174
vt 0.598581 0.003323
vt 0.598581 0.000000
vt 0.604689 0.000000
vt 0.596052 0.123616
vt 0.591407 0.128315
vt 0.596052 0.128315
vt 0.588878 0.128315
vt 0.591407 0.146775
vt 0.588878 0.146775
vt 0.581811 0.128315
vt 0.581811 0.123616
vt 0.579282 0.128315
vt 0.581811 0.146775
vt 0.579282 0.146775
vt 0.579282 0.123616
vt 0.574266 0.128315
vt 0.574266 0.123616
vt 0.579282 0.003323
vt 0.588908 0.247702
vt 0.589196 0.293396
vt 0.581483 0.292941
vt 0.581826 0.247663
vt 0.591428 0.246622
vt 0.588878 0.235128
vt 0.591407 0.235128
vt 0.591516 0.293008
vt 0.596052 0.246677
vt 0.596052 0.293174
vt 0.591511 0.457157
vt 0.589196 0.456604
vt 0.598581 0.293174
vt 0.598581 0.456826
vt 0.596052 0.456826
vt 0.598581 0.246677
vt 0.596052 0.235128
vt 0.598581 0.235128
vt 0.604689 0.246677
vt 0.604689 0.293174
vt 0.588908 0.502298
vt 0.581821 0.502328
vt 0.581478 0.457291
vt 0.591435 0.503395
vt 0.596052 0.503323
vt 0.591407 0.514872
vt 0.588878 0.514872
vt 0.598581 0.503323
vt 0.598581 0.514872
vt 0.596052 0.514872
vt 0.604689 0.456826
vt 0.604689 0.503323
vt 0.588878 0.621685
vt 0.588878 0.626384
vt 0.581811 0.626384
vt 0.581811 0.621685
vt 0.591407 0.621685
vt 0.588878 0.603225
vt 0.591407 0.603225
vt 0.591407 0.626384
vt 0.596052 0.621685
vt 0.596052 0.626384
vt 0.591407 0.746677
vt 0.588878 0.746677
vt 0.598581 0.626384
vt 0.598581 0.746677
vt 0.596052 0.746677
vt 0.598581 0.621685
vt 0.596052 0.603225
vt 0.598581 0.603225
vt 0.604689 0.621685
vt 0.604689 0.626384
vt 0.581811 0.793174
vt 0.581811 0.746677
vt 0.604689 0.746677
vt 0.604689 0.793174
vt 0.591407 0.151475
vt 0.596052 0.146775
vt 0.596052 0.151475
vt 0.588878 0.151475
vt 0.591407 0.178703
vt 0.588878 0.178703
vt 0.581811 0.151475
vt 0.591407 0.519572
vt 0.596052 0.519572
vt 0.588878 0.519572
vt 0.591407 0.538128
vt 0.588878 0.538128
vt 0.581811 0.519572
vt 0.581811 0.514914
vt 0.574266 0.956826
vt 0.571737 0.956826
vt 0.574266 0.793174
vt 0.574266 0.003323
vt 0.574266 0.000000
vt 0.579282 0.000000
vt 0.571737 0.123616
vt 0.581811 0.956826
vt 0.579282 0.956826
vt 0.579282 0.793174
vt 0.571737 0.128315
vt 0.574266 0.146775
vt 0.571737 0.146775
vt 0.567261 0.128315
vt 0.567261 0.146775
vt 0.571716 0.247916
vt 0.573002 0.290773
vt 0.567419 0.290246
vt 0.567274 0.244562
vt 0.574310 0.248368
vt 0.571737 0.233894
vt 0.574266 0.233894
vt 0.579274 0.248413
vt 0.579179 0.292843
vt 0.579282 0.233894
vt 0.581811 0.235086
vt 0.579179 0.457155
vt 0.574288 0.501605
vt 0.573002 0.459228
vt 0.579274 0.501587
vt 0.571694 0.502622
vt 0.574266 0.516106
vt 0.571737 0.516450
vt 0.567274 0.505928
vt 0.567418 0.461559
vt 0.579282 0.516106
vt 0.574266 0.621685
vt 0.571737 0.603225
vt 0.574266 0.603225
vt 0.574266 0.626384
vt 0.579282 0.621685
vt 0.579282 0.626384
vt 0.574266 0.746677
vt 0.579282 0.603225
vt 0.581811 0.603225
vt 0.579282 0.746677
vt 0.574266 0.151475
vt 0.579282 0.151475
vt 0.571737 0.151475
vt 0.574266 0.178703
vt 0.571737 0.178703
vt 0.567261 0.151475
vt 0.574266 0.519572
vt 0.579282 0.519572
vt 0.571737 0.519572
vt 0.574266 0.538128
vt 0.571737 0.538128
vt 0.567261 0.519572
vt 0.567261 0.516450
vt 0.515464 0.000000
vt 0.515464 0.003323
vt 0.507070 0.003323
vt 0.507070 0.000000
vt 0.517993 0.956826
vt 0.515464 0.956826
vt 0.515464 0.793174
vt 0.517993 0.793174
vt 0.517993 0.003323
vt 0.517993 0.000000
vt 0.523489 0.000000
vt 0.515464 0.123616
vt 0.526018 0.956826
vt 0.523489 0.956826
vt 0.523489 0.793174
vt 0.515464 0.128315
vt 0.517993 0.146775
vt 0.515464 0.146775
vt 0.507070 0.128315
vt 0.507070 0.123616
vt 0.504541 0.128315
vt 0.507070 0.146775
vt 0.504541 0.146775
vt 0.504541 0.123616
vt 0.496412 0.128315
vt 0.496412 0.123616
vt 0.504541 0.003323
vt 0.517993 0.621685
vt 0.515464 0.621685
vt 0.515464 0.603225
vt 0.517993 0.603225
vt 0.517993 0.626384
vt 0.523489 0.621685
vt 0.523489 0.626384
vt 0.515464 0.626384
vt 0.517993 0.746677
vt 0.515464 0.746677
vt 0.507070 0.626384
vt 0.507070 0.621685
vt 0.523489 0.603225
vt 0.526018 0.603225
vt 0.523489 0.746677
vt 0.507070 0.793174
vt 0.507070 0.746677
vt 0.517993 0.151475
vt 0.523489 0.151475
vt 0.515464 0.151475
vt 0.517993 0.178703
vt 0.515464 0.178703
vt 0.507070 0.151475
vt 0.518516 0.503478
vt 0.516728 0.456825
vt 0.523489 0.459396
vt 0.523489 0.506681
vt 0.518533 0.514850
vt 0.516728 0.469921
vt 0.518088 0.519750
vt 0.523489 0.514872
vt 0.523489 0.519572
vt 0.515452 0.520576
vt 0.517993 0.538128
vt 0.515464 0.538128
vt 0.514973 0.469011
vt 0.507070 0.520545
vt 0.507070 0.468100
vt 0.515006 0.280078
vt 0.516728 0.280079
vt 0.493883 0.000000
vt 0.493883 0.003323
vt 0.486190 0.003323
vt 0.486190 0.000000
vt 0.496412 0.956826
vt 0.493883 0.956826
vt 0.493883 0.793174
vt 0.496412 0.793174
vt 0.496412 0.003323
vt 0.496412 0.000000
vt 0.504541 0.000000
vt 0.493883 0.123616
vt 0.507070 0.956826
vt 0.504541 0.956826
vt 0.504541 0.793174
vt 0.493883 0.128315
vt 0.496412 0.146775
vt 0.493883 0.146775
vt 0.486190 0.128315
vt 0.486190 0.123616
vt 0.483661 0.128315
vt 0.486190 0.146775
vt 0.483661 0.146775
vt 0.483661 0.123616
vt 0.474098 0.128315
vt 0.474098 0.123616
vt 0.483661 0.003323
vt 0.496412 0.621685
vt 0.493883 0.621685
vt 0.493883 0.603225
vt 0.496412 0.603225
vt 0.496412 0.626384
vt 0.504541 0.621685
vt 0.504541 0.626384
vt 0.493883 0.626384
vt 0.496412 0.746677
vt 0.493883 0.746677
vt 0.486190 0.626384
vt 0.486190 0.621685
vt 0.504541 0.603225
vt 0.507070 0.603225
vt 0.504541 0.746677
vt 0.486190 0.793174
vt 0.486190 0.746677
vt 0.493883 0.151475
vt 0.486190 0.151475
vt 0.496412 0.151475
vt 0.504541 0.151475
vt 0.496412 0.178703
vt 0.493883 0.178703
vt 0.474098 0.956826
vt 0.471569 0.956826
vt 0.474098 0.793174
vt 0.474098 0.003323
vt 0.474098 0.000000
vt 0.483661 0.000000
vt 0.471569 0.123616
vt 0.486190 0.956826
vt 0.483661 0.956826
vt 0.483661 0.793174
vt 0.471569 0.128315
vt 0.474194 0.146597
vt 0.471611 0.145912
vt 0.464028 0.128337
vt 0.462224 0.213648
vt 0.464012 0.145802
vt 0.462224 0.230463
vt 0.462224 0.125966
vt 0.462224 0.544410
vt 0.456575 0.615692
vt 0.474098 0.621685
vt 0.471569 0.621685
vt 0.471557 0.604229
vt 0.474194 0.603403
vt 0.474098 0.626384
vt 0.483661 0.621685
vt 0.483661 0.626384
vt 0.471569 0.626384
vt 0.474098 0.746677
vt 0.463952 0.621763
vt 0.483661 0.603225
vt 0.486190 0.603225
vt 0.483661 0.746677
vt 0.471111 0.224248
vt 0.472833 0.227447
vt 0.472833 0.528953
vt 0.471111 0.525748
vt 0.464012 0.227140
vt 0.474638 0.151497
vt 0.483661 0.151475
vt 0.474622 0.177730
vt 0.472833 0.251364
vt 0.434267 0.956826
vt 0.431738 0.956826
vt 0.434267 0.793174
vt 0.434267 0.003323
vt 0.434267 0.000000
vt 0.440788 0.000000
vt 0.440788 0.003323
vt 0.434267 0.125965
vt 0.431738 0.125965
vt 0.443317 0.956826
vt 0.440788 0.956826
vt 0.440788 0.793174
vt 0.443317 0.125966
vt 0.440788 0.125966
vt 0.434267 0.746677
vt 0.431738 0.624035
vt 0.434267 0.624035
vt 0.440788 0.746677
vt 0.440788 0.624035
vt 0.443317 0.624035
vt 0.486190 0.598525
vt 0.493883 0.598525
vt 0.483661 0.598525
vt 0.474562 0.598603
vt 0.483650 0.572301
vt 0.486286 0.571475
vt 0.462224 0.526183
vt 0.464012 0.604198
vt 0.464012 0.522860
vt 0.507070 0.598525
vt 0.515464 0.598525
vt 0.504541 0.598525
vt 0.496412 0.598525
vt 0.504541 0.571297
vt 0.507070 0.571297
vt 0.504541 0.281900
vt 0.507070 0.281900
vt 0.504541 0.468100
vt 0.504541 0.229455
vt 0.496936 0.281899
vt 0.496936 0.229455
vt 0.507070 0.229455
vt 0.504541 0.211872
vt 0.507070 0.211872
vt 0.515506 0.229565
vt 0.504541 0.207172
vt 0.496953 0.211894
vt 0.496508 0.206994
vt 0.507070 0.207172
vt 0.504541 0.183403
vt 0.507070 0.183403
vt 0.515464 0.207172
vt 0.515464 0.211872
vt 0.518516 0.245525
vt 0.516728 0.293174
vt 0.518533 0.234438
vt 0.523489 0.242505
vt 0.523489 0.288975
vt 0.518088 0.230250
vt 0.517993 0.211872
vt 0.523489 0.230428
vt 0.523489 0.234423
vt 0.531505 0.230428
vt 0.531505 0.233718
vt 0.526018 0.233718
vt 0.526018 0.230428
vt 0.534034 0.230428
vt 0.531505 0.211872
vt 0.534034 0.211872
vt 0.534034 0.233718
vt 0.539223 0.230428
vt 0.539223 0.233718
vt 0.534034 0.238338
vt 0.531505 0.238338
vt 0.531505 0.287225
vt 0.526018 0.290604
vt 0.526018 0.241690
vt 0.534034 0.286403
vt 0.539223 0.238338
vt 0.539223 0.286410
vt 0.534034 0.463588
vt 0.531505 0.464404
vt 0.558083 0.230428
vt 0.558083 0.233718
vt 0.555269 0.233718
vt 0.555269 0.230428
vt 0.560612 0.230428
vt 0.558083 0.211872
vt 0.560612 0.211872
vt 0.560612 0.233718
vt 0.564732 0.230428
vt 0.564732 0.233718
vt 0.560565 0.238656
vt 0.558035 0.238287
vt 0.557925 0.285849
vt 0.560147 0.286760
vt 0.560139 0.462514
vt 0.557917 0.463867
vt 0.555268 0.286414
vt 0.555269 0.238338
vt 0.564719 0.241703
vt 0.565226 0.288434
vt 0.571737 0.230428
vt 0.567261 0.233894
vt 0.567261 0.230428
vt 0.574266 0.230428
vt 0.571737 0.211872
vt 0.574266 0.211872
vt 0.579282 0.230428
vt 0.588878 0.230428
vt 0.581811 0.230428
vt 0.591407 0.230428
vt 0.588878 0.211872
vt 0.591407 0.211872
vt 0.596052 0.230428
vt 0.623212 0.230428
vt 0.607218 0.235128
vt 0.607218 0.230428
vt 0.623212 0.211872
vt 0.668174 0.211872
vt 0.623212 0.542828
vt 0.607218 0.542828
vt 0.607218 0.538128
vt 0.831826 0.207172
vt 0.831826 0.211872
vt 0.668174 0.207172
vt 0.625000 0.542828
vt 0.625000 0.566597
vt 0.623212 0.566597
vt 0.588878 0.542828
vt 0.581811 0.542827
vt 0.581811 0.538128
vt 0.591407 0.542828
vt 0.596052 0.538128
vt 0.596052 0.542828
vt 0.591407 0.566597
vt 0.588878 0.566597
vt 0.571737 0.542828
vt 0.567261 0.542828
vt 0.567261 0.538128
vt 0.574266 0.542828
vt 0.579282 0.538128
vt 0.579282 0.542827
vt 0.574266 0.566597
vt 0.571737 0.566597
vt 0.560612 0.519572
vt 0.560612 0.516282
vt 0.564732 0.516282
vt 0.564732 0.519572
vt 0.558083 0.519572
vt 0.560612 0.538128
vt 0.558083 0.538128
vt 0.558083 0.516282
vt 0.555268 0.519572
vt 0.555268 0.516282
vt 0.558048 0.511699
vt 0.560558 0.511338
vt 0.558083 0.542828
vt 0.555269 0.542828
vt 0.555269 0.538128
vt 0.560612 0.542828
vt 0.564732 0.538128
vt 0.564732 0.542828
vt 0.560612 0.566597
vt 0.558083 0.566597
vt 0.534034 0.516282
vt 0.531505 0.516282
vt 0.531505 0.511662
vt 0.534034 0.511662
vt 0.534034 0.519572
vt 0.539223 0.516282
vt 0.539223 0.519572
vt 0.531505 0.519572
vt 0.534034 0.538128
vt 0.531505 0.538128
vt 0.526018 0.519572
vt 0.526018 0.516282
vt 0.531505 0.542828
vt 0.526018 0.542828
vt 0.526018 0.538128
vt 0.534034 0.542828
vt 0.539223 0.538128
vt 0.539223 0.542828
vt 0.534034 0.566597
vt 0.531505 0.566597
vt 0.517993 0.542828
vt 0.523489 0.538128
vt 0.523489 0.542828
vt 0.515464 0.542828
vt 0.517993 0.566597
vt 0.515464 0.566597
vt 0.507070 0.542828
vt 0.507070 0.538128
vt 0.496936 0.468099
vt 0.495148 0.471422
vt 0.495148 0.285223
vt 0.496936 0.520545
vt 0.504541 0.520545
vt 0.496877 0.538206
vt 0.495148 0.488643
vt 0.493426 0.485444
vt 0.493426 0.264557
vt 0.495148 0.267757
vt 0.496508 0.543006
vt 0.504541 0.538128
vt 0.504541 0.542828
vt 0.493872 0.543832
vt 0.496412 0.566597
vt 0.493883 0.566597
vt 0.486714 0.543801
vt 0.486714 0.483320
vt 0.523489 0.211872
vt 0.526018 0.211872
vt 0.541752 0.233718
vt 0.541752 0.238338
vt 0.541752 0.230428
vt 0.539223 0.211872
vt 0.541752 0.211872
vt 0.545348 0.230428
vt 0.545348 0.233718
vt 0.564732 0.211872
vt 0.567261 0.211872
vt 0.579282 0.211872
vt 0.581811 0.211872
vt 0.598581 0.230428
vt 0.596052 0.211872
vt 0.598581 0.211872
vt 0.604689 0.230428
vt 0.604689 0.235128
vt 0.604689 0.514872
vt 0.604689 0.519572
vt 0.604689 0.538128
vt 0.598581 0.519572
vt 0.564711 0.508314
vt 0.552739 0.516282
vt 0.552739 0.511662
vt 0.555268 0.511662
vt 0.552739 0.519572
vt 0.552740 0.538128
vt 0.547877 0.519572
vt 0.547877 0.516282
vt 0.526018 0.508310
vt 0.496412 0.571297
vt 0.504541 0.566597
vt 0.493883 0.571297
vt 0.486655 0.566675
vt 0.507070 0.566597
vt 0.517993 0.571297
vt 0.523489 0.566597
vt 0.523489 0.571297
vt 0.515464 0.571297
vt 0.517993 0.598525
vt 0.531505 0.571297
vt 0.526018 0.571297
vt 0.526018 0.566597
vt 0.534034 0.571297
vt 0.539223 0.566597
vt 0.539223 0.571297
vt 0.534034 0.598525
vt 0.531505 0.598525
vt 0.558083 0.571297
vt 0.555269 0.571297
vt 0.555269 0.566597
vt 0.560612 0.571297
vt 0.564732 0.566597
vt 0.564732 0.571297
vt 0.560612 0.598525
vt 0.558083 0.598525
vt 0.571737 0.571297
vt 0.567261 0.571297
vt 0.567261 0.566597
vt 0.574266 0.571297
vt 0.579282 0.566597
vt 0.579282 0.571297
vt 0.574266 0.598525
vt 0.571737 0.598525
vt 0.588878 0.571297
vt 0.581811 0.571297
vt 0.581811 0.566597
vt 0.591407 0.571297
vt 0.596052 0.566597
vt 0.596052 0.571297
vt 0.591408 0.598525
vt 0.588878 0.598525
vt 0.623212 0.571297
vt 0.607218 0.571297
vt 0.607218 0.566597
vt 0.831826 0.178703
vt 0.831826 0.183403
vt 0.668174 0.183403
vt 0.625000 0.571297
vt 0.625000 0.598525
vt 0.623212 0.598525
vt 0.623212 0.207172
vt 0.623212 0.183403
vt 0.607218 0.211872
vt 0.607218 0.207172
vt 0.591407 0.207172
vt 0.596052 0.207172
vt 0.588878 0.207172
vt 0.581811 0.207172
vt 0.588878 0.183403
vt 0.591407 0.183403
vt 0.574266 0.207172
vt 0.579282 0.207172
vt 0.571737 0.207172
vt 0.567261 0.207172
vt 0.571737 0.183403
vt 0.574266 0.183403
vt 0.560612 0.207172
vt 0.564732 0.207172
vt 0.558083 0.207172
vt 0.555269 0.211872
vt 0.555268 0.207172
vt 0.558083 0.183403
vt 0.560612 0.183403
vt 0.534034 0.207172
vt 0.539223 0.207172
vt 0.531505 0.207172
vt 0.526018 0.207172
vt 0.531505 0.183403
vt 0.534034 0.183403
vt 0.517993 0.207172
vt 0.523489 0.207172
vt 0.515464 0.183403
vt 0.517993 0.183403
vt 0.504541 0.178703
vt 0.496412 0.183403
vt 0.507070 0.178703
vt 0.493925 0.206310
vt 0.486714 0.266677
vt 0.486714 0.206199
vt 0.493883 0.183403
vt 0.484926 0.270000
vt 0.484926 0.486646
vt 0.484926 0.248756
vt 0.486731 0.183424
vt 0.483204 0.245555
vt 0.484926 0.507644
vt 0.483204 0.504440
vt 0.483703 0.177840
vt 0.474622 0.248040
vt 0.486286 0.178525
vt 0.541752 0.542828
vt 0.541752 0.566597
vt 0.541752 0.538128
vt 0.541752 0.519572
vt 0.545348 0.538128
vt 0.545348 0.542828
vt 0.598581 0.542828
vt 0.598581 0.566597
vt 0.598581 0.538128
vt 0.604689 0.542828
vt 0.604689 0.207172
vt 0.604689 0.183403
vt 0.607218 0.183403
vt 0.604689 0.211872
vt 0.598581 0.207172
vt 0.579282 0.183403
vt 0.581811 0.183403
vt 0.564732 0.183403
vt 0.567261 0.183403
vt 0.552739 0.207172
vt 0.552739 0.183403
vt 0.555268 0.183403
vt 0.552739 0.211872
vt 0.552740 0.230428
vt 0.547877 0.211872
vt 0.547877 0.207172
vt 0.523489 0.183403
vt 0.526018 0.183403
vt 0.474622 0.501960
vt 0.472833 0.505283
vt 0.474622 0.572270
vt 0.523489 0.598525
vt 0.526018 0.598525
vt 0.539223 0.598525
vt 0.555269 0.603225
vt 0.555269 0.598525
vt 0.564732 0.598525
vt 0.567261 0.598525
vt 0.579282 0.598525
vt 0.581811 0.598525
vt 0.596052 0.598525
vt 0.623212 0.603225
vt 0.607218 0.603225
vt 0.607218 0.598525
vt 0.607218 0.178703
vt 0.596052 0.178703
vt 0.596052 0.183403
vt 0.581811 0.178703
vt 0.579282 0.178703
vt 0.567261 0.178703
vt 0.564732 0.178703
vt 0.555268 0.178703
vt 0.539223 0.178703
vt 0.539223 0.183403
vt 0.526018 0.178703
vt 0.523489 0.178703
vt 0.541752 0.571297
vt 0.541752 0.598525
vt 0.545348 0.566597
vt 0.545348 0.571297
vt 0.598581 0.571297
vt 0.598581 0.598525
vt 0.604689 0.566597
vt 0.604689 0.571297
vt 0.604689 0.178703
vt 0.604689 0.151475
vt 0.598581 0.183403
vt 0.598581 0.178703
vt 0.552739 0.178703
vt 0.552739 0.151475
vt 0.547877 0.183403
vt 0.547877 0.178703
vt 0.545348 0.598525
vt 0.545348 0.603225
vt 0.604689 0.598525
vt 0.604689 0.603225
vt 0.598581 0.151475
vt 0.598581 0.146775
vt 0.547877 0.151475
vt 0.547877 0.146775
vt 0.547877 0.956826
vt 0.545348 0.956826
vt 0.547877 0.793174
vt 0.547877 0.003323
vt 0.547877 0.000000
vt 0.552740 0.000000
vt 0.545348 0.123616
vt 0.555269 0.956826
vt 0.552740 0.956826
vt 0.552740 0.793174
vt 0.545348 0.128315
vt 0.545348 0.146775
vt 0.541752 0.128315
vt 0.541752 0.146775
vt 0.545348 0.151475
vt 0.545348 0.178703
vt 0.541752 0.151475
vt 0.541752 0.178703
vt 0.545348 0.183403
vt 0.545348 0.207172
vt 0.541752 0.183403
vt 0.541752 0.207172
vt 0.545348 0.211872
vt 0.547877 0.230428
vt 0.547877 0.233718
vt 0.552740 0.233718
vt 0.547877 0.238338
vt 0.545348 0.238338
vt 0.552740 0.238338
vt 0.545348 0.516282
vt 0.545348 0.511662
vt 0.547877 0.511662
vt 0.545348 0.519572
vt 0.547877 0.538128
vt 0.541752 0.516282
vt 0.539223 0.511662
vt 0.541752 0.511662
vt 0.547877 0.542828
vt 0.552740 0.542828
vt 0.547877 0.566597
vt 0.552740 0.566597
vt 0.547877 0.571297
vt 0.552740 0.571297
vt 0.547877 0.598525
vt 0.552740 0.598525
vt 0.547877 0.603225
vt 0.552740 0.603225
vt 0.547877 0.621685
vt 0.552740 0.621685
vt 0.547877 0.626384
vt 0.552740 0.626384
vt 0.547877 0.746677
vt 0.552740 0.746677
vt 0.545348 0.286400
vt 0.547877 0.286415
vt 0.547877 0.463590
vt 0.545348 0.463590
vt 0.541752 0.286400
vt 0.552740 0.286410
vt 0.555268 0.463590
vt 0.552739 0.463590
vt 0.541752 0.463590
vt 0.539223 0.463590
vt 0.526018 0.461025
vt 0.565220 0.460052
vt 0.607218 0.956826
vt 0.604689 0.956826
vt 0.168174 0.003323
vt 0.623212 0.956826
vt 0.516728 0.375000
vt 0.573002 0.375000
vt 0.391214 0.000000
vt 0.875000 0.232778
vt 0.559348 0.000000
vt 0.565997 0.000000
vt 0.532769 0.000000
vt 0.540487 0.000000
vt 0.451046 0.000000
vt 0.462224 0.000000
vt 0.413023 0.000000
vt 0.425024 0.000000
vt 0.875000 0.125966
vt 0.590143 0.000000
vt 0.597316 0.000000
vt 0.573002 0.000000
vt 0.580546 0.000000
vt 0.573002 0.250000
vt 0.516728 0.000000
vt 0.524753 0.000000
vt 0.495148 0.000000
vt 0.505806 0.000000
vt 0.472833 0.000000
vt 0.484926 0.000000
vt 0.462224 0.125965
vt 0.433002 0.000000
vt 0.442053 0.000000
vt 0.462224 0.624035
vt 0.625000 0.540478
vt 0.625000 0.568947
vt 0.875000 0.149125
vt 0.546613 0.000000
vt 0.554004 0.000000
vt 0.605954 0.000000
vt 0.375000 0.000000
vt 0.625000 0.000000
vt 0.625000 0.250000
vt 0.375000 0.250000
vt 0.625000 0.500000
vt 0.375000 0.500000
vt 0.625000 0.750000
vt 0.375000 0.750000
vt 0.625000 1.000000
vt 0.375000 1.000000
vt 0.875000 0.000000
vt 0.875000 0.250000
vt 0.125000 0.000000
vt 0.125000 0.250000
vt 0.375000 0.000000
vt 0.625000 0.000000
vt 0.625000 0.250000
vt 0.375000 0.250000
vt 0.625000 0.500000
vt 0.375000 0.500000
vt 0.625000 0.750000
vt 0.375000 0.750000
vt 0.625000 1.000000
vt 0.375000 1.000000
vt 0.875000 0.000000
vt 0.875000 0.250000
vt 0.125000 0.000000
vt 0.125000 0.250000
vt 0.375000 0.000000
vt 0.625000 0.000000
vt 0.625000 0.250000
vt 0.375000 0.250000
vt 0.625000 0.500000
vt 0.375000 0.500000
vt 0.625000 0.750000
vt 0.375000 0.750000
vt 0.625000 1.000000
vt 0.375000 1.000000
vt 0.875000 0.000000
vt 0.875000 0.250000
vt 0.125000 0.000000
vt 0.125000 0.250000
vt 0.375000 0.000000
vt 0.625000 0.000000
vt 0.625000 0.250000
vt 0.375000 0.250000
vt 0.625000 0.500000
vt 0.375000 0.500000
vt 0.625000 0.750000
vt 0.375000 0.750000
vt 0.625000 1.000000
vt 0.375000 1.000000
vt 0.875000 0.000000
vt 0.875000 0.250000
vt 0.125000 0.000000
vt 0.125000 0.250000
vt 0.375000 0.312500
vt 0.387500 0.312500
vt 0.387500 0.687500
vt 0.375000 0.687500
vt 0.400000 0.312500
vt 0.400000 0.687500
vt 0.412500 0.312500
vt 0.412500 0.687500
vt 0.425000 0.312500
vt 0.425000 0.687500
vt 0.437500 0.312500
vt 0.437500 0.687500
vt 0.450000 0.312500
vt 0.450000 0.687500
vt 0.462500 0.312500
vt 0.462500 0.687500
vt 0.475000 0.312500
vt 0.475000 0.687500
vt 0.487500 0.312500
vt 0.487500 0.687500
vt 0.500000 0.312500
vt 0.500000 0.687500
vt 0.512500 0.312500
vt 0.512500 0.687500
vt 0.525000 0.312500
vt 0.525000 0.687500
vt 0.537500 0.312500
vt 0.537500 0.687500
vt 0.550000 0.312500
vt 0.550000 0.687500
vt 0.562500 0.312500
vt 0.562500 0.687500
vt 0.575000 0.312500
vt 0.575000 0.687500
vt 0.587500 0.312500
vt 0.587500 0.687500
vt 0.600000 0.312500
vt 0.600000 0.687500
vt 0.612500 0.312500
vt 0.612500 0.687500
vt 0.625000 0.312500
vt 0.625000 0.687500
vt 0.626409 0.064408
vt 0.648603 0.107966
vt 0.500000 0.156250
vt 0.591842 0.029841
vt 0.548284 0.007647
vt 0.500000 -0.000000
vt 0.451716 0.007647
vt 0.408159 0.029841
vt 0.373591 0.064409
vt 0.351397 0.107966
vt 0.343750 0.156250
vt 0.351397 0.204534
vt 0.373591 0.248091
vt 0.408159 0.282659
vt 0.451716 0.304853
vt 0.500000 0.312500
vt 0.548284 0.304853
vt 0.591841 0.282659
vt 0.626409 0.248091
vt 0.648603 0.204534
vt 0.656250 0.156250
vt 0.648603 0.892034
vt 0.626409 0.935591
vt 0.500000 0.843750
vt 0.591841 0.970159
vt 0.548284 0.992353
vt 0.500000 1.000000
vt 0.451716 0.992353
vt 0.408159 0.970159
vt 0.373591 0.935591
vt 0.351397 0.892034
vt 0.343750 0.843750
vt 0.351397 0.795466
vt 0.373591 0.751909
vt 0.408159 0.717341
vt 0.451716 0.695147
vt 0.500000 0.687500
vt 0.548284 0.695147
vt 0.591842 0.717341
vt 0.626409 0.751908
vt 0.648603 0.795466
vt 0.656250 0.843750
vt 0.375000 0.312500
vt 0.387500 0.312500
vt 0.387500 0.687500
vt 0.375000 0.687500
vt 0.400000 0.312500
vt 0.400000 0.687500
vt 0.412500 0.312500
vt 0.412500 0.687500
vt 0.425000 0.312500
vt 0.425000 0.687500
vt 0.437500 0.312500
vt 0.437500 0.687500
vt 0.450000 0.312500
vt 0.450000 0.687500
vt 0.462500 0.312500
vt 0.462500 0.687500
vt 0.475000 0.312500
vt 0.475000 0.687500
vt 0.487500 0.312500
vt 0.487500 0.687500
vt 0.500000 0.312500
vt 0.500000 0.687500
vt 0.512500 0.312500
vt 0.512500 0.687500
vt 0.525000 0.312500
vt 0.525000 0.687500
vt 0.537500 0.312500
vt 0.537500 0.687500
vt 0.550000 0.312500
vt 0.550000 0.687500
vt 0.562500 0.312500
vt 0.562500 0.687500
vt 0.575000 0.312500
vt 0.575000 0.687500
vt 0.587500 0.312500
vt 0.587500 0.687500
vt 0.600000 0.312500
vt 0.600000 0.687500
vt 0.612500 0.312500
vt 0.612500 0.687500
vt 0.625000 0.312500
vt 0.625000 0.687500
vt 0.626409 0.064408
vt 0.648603 0.107966
vt 0.500000 0.156250
vt 0.591842 0.029841
vt 0.548284 0.007647
vt 0.500000 -0.000000
vt 0.451716 0.007647
vt 0.408159 0.029841
vt 0.373591 0.064409
vt 0.351397 0.107966
vt 0.343750 0.156250
vt 0.351397 0.204534
vt 0.373591 0.248091
vt 0.408159 0.282659
vt 0.451716 0.304853
vt 0.500000 0.312500
vt 0.548284 0.304853
vt 0.591841 0.282659
vt 0.626409 0.248091
vt 0.648603 0.204534
vt 0.656250 0.156250
vt 0.648603 0.892034
vt 0.626409 0.935591
vt 0.500000 0.843750
vt 0.591841 0.970159
vt 0.548284 0.992353
vt 0.500000 1.000000
vt 0.451716 0.992353
vt 0.408159 0.970159
vt 0.373591 0.935591
vt 0.351397 0.892034
vt 0.343750 0.843750
vt 0.351397 0.795466
vt 0.373591 0.751909
vt 0.408159 0.717341
vt 0.451716 0.695147
vt 0.500000 0.687500
vt 0.548284 0.695147
vt 0.591842 0.717341
vt 0.626409 0.751908
vt 0.648603 0.795466
vt 0.656250 0.843750
vt 0.375000 0.312500
vt 0.387500 0.312500
vt 0.387500 0.687500
vt 0.375000 0.687500
vt 0.400000 0.312500
vt 0.400000 0.687500
vt 0.412500 0.312500
vt 0.412500 0.687500
vt 0.425000 0.312500
vt 0.425000 0.687500
vt 0.437500 0.312500
vt 0.437500 0.687500
vt 0.450000 0.312500
vt 0.450000 0.687500
vt 0.462500 0.312500
vt 0.462500 0.687500
vt 0.475000 0.312500
vt 0.475000 0.687500
vt 0.487500 0.312500
vt 0.487500 0.687500
vt 0.500000 0.312500
vt 0.500000 0.687500
vt 0.512500 0.312500
vt 0.512500 0.687500
vt 0.525000 0.312500
vt 0.525000 0.687500
vt 0.537500 0.312500
vt 0.537500 0.687500
vt 0.550000 0.312500
vt 0.550000 0.687500
vt 0.562500 0.312500
vt 0.562500 0.687500
vt 0.575000 0.312500
vt 0.575000 0.687500
vt 0.587500 0.312500
vt 0.587500 0.687500
vt 0.600000 0.312500
vt 0.600000 0.687500
vt 0.612500 0.312500
vt 0.612500 0.687500
vt 0.625000 0.312500
vt 0.625000 0.687500
vt 0.626409 0.064408
vt 0.648603 0.107966
vt 0.500000 0.156250
vt 0.591842 0.029841
vt 0.548284 0.007647
vt 0.500000 -0.000000
vt 0.451716 0.007647
vt 0.408159 0.029841
vt 0.373591 0.064409
vt 0.351397 0.107966
vt 0.343750 0.156250
vt 0.351397 0.204534
vt 0.373591 0.248091
vt 0.408159 0.282659
vt 0.451716 0.304853
vt 0.500000 0.312500
vt 0.548284 0.304853
vt 0.591841 0.282659
vt 0.626409 0.248091
vt 0.648603 0.204534
vt 0.656250 0.156250
vt 0.648603 0.892034
vt 0.626409 0.935591
vt 0.500000 0.843750
vt 0.591841 0.970159
vt 0.548284 0.992353
vt 0.500000 1.000000
vt 0.451716 0.992353
vt 0.408159 0.970159
vt 0.373591 0.935591
vt 0.351397 0.892034
vt 0.343750 0.843750
vt 0.351397 0.795466
vt 0.373591 0.751909
vt 0.408159 0.717341
vt 0.451716 0.695147
vt 0.500000 0.687500
vt 0.548284 0.695147
vt 0.591842 0.717341
vt 0.626409 0.751908
vt 0.648603 0.795466
vt 0.656250 0.843750
vt 0.375000 0.312500
vt 0.387500 0.312500
vt 0.387500 0.687500
vt 0.375000 0.687500
vt 0.400000 0.312500
vt 0.400000 0.687500
vt 0.412500 0.312500
vt 0.412500 0.687500
vt 0.425000 0.312500
vt 0.425000 0.687500
vt 0.437500 0.312500
vt 0.437500 0.687500
vt 0.450000 0.312500
vt 0.450000 0.687500
vt 0.462500 0.312500
vt 0.462500 0.687500
vt 0.475000 0.312500
vt 0.475000 0.687500
vt 0.487500 0.312500
vt 0.487500 0.687500
vt 0.500000 0.312500
vt 0.500000 0.687500
vt 0.512500 0.312500
vt 0.512500 0.687500
vt 0.525000 0.312500
vt 0.525000 0.687500
vt 0.537500 0.312500
vt 0.537500 0.687500
vt 0.550000 0.312500
vt 0.550000 0.687500
vt 0.562500 0.312500
vt 0.562500 0.687500
vt 0.575000 0.312500
vt 0.575000 0.687500
vt 0.587500 0.312500
vt 0.587500 0.687500
vt 0.600000 0.312500
vt 0.600000 0.687500
vt 0.612500 0.312500
vt 0.612500 0.687500
vt 0.625000 0.312500
vt 0.625000 0.687500
vt 0.626409 0.064408
vt 0.648603 0.107966
vt 0.500000 0.156250
vt 0.591842 0.029841
vt 0.548284 0.007647
vt 0.500000 -0.000000
vt 0.451716 0.007647
vt 0.408159 0.029841
vt 0.373591 0.064409
vt 0.351397 0.107966
vt 0.343750 0.156250
vt 0.351397 0.204534
vt 0.373591 0.248091
vt 0.408159 0.282659
vt 0.451716 0.304853
vt 0.500000 0.312500
vt 0.548284 0.304853
vt 0.591841 0.282659
vt 0.626409 0.248091
vt 0.648603 0.204534
vt 0.656250 0.156250
vt 0.648603 0.892034
vt 0.626409 0.935591
vt 0.500000 0.843750
vt 0.591841 0.970159
vt 0.548284 0.992353
vt 0.500000 1.000000
vt 0.451716 0.992353
vt 0.408159 0.970159
vt 0.373591 0.935591
vt 0.351397 0.892034
vt 0.343750 0.843750
vt 0.351397 0.795466
vt 0.373591 0.751909
vt 0.408159 0.717341
vt 0.451716 0.695147
vt 0.500000 0.687500
vt 0.548284 0.695147
vt 0.591842 0.717341
vt 0.626409 0.751908
vt 0.648603 0.795466
vt 0.656250 0.843750
vt 0.375000 0.312500
vt 0.387500 0.312500
vt 0.387500 0.687500
vt 0.375000 0.687500
vt 0.400000 0.312500
vt 0.400000 0.687500
vt 0.412500 0.312500
vt 0.412500 0.687500
vt 0.425000 0.312500
vt 0.425000 0.687500
vt 0.437500 0.312500
vt 0.437500 0.687500
vt 0.450000 0.312500
vt 0.450000 0.687500
vt 0.462500 0.312500
vt 0.462500 0.687500
vt 0.475000 0.312500
vt 0.475000 0.687500
vt 0.487500 0.312500
vt 0.487500 0.687500
vt 0.500000 0.312500
vt 0.500000 0.687500
vt 0.512500 0.312500
vt 0.512500 0.687500
vt 0.525000 0.312500
vt 0.525000 0.687500
vt 0.537500 0.312500
vt 0.537500 0.687500
vt 0.550000 0.312500
vt 0.550000 0.687500
vt 0.562500 0.312500
vt 0.562500 0.687500
vt 0.575000 0.312500
vt 0.575000 0.687500
vt 0.587500 0.312500
vt 0.587500 0.687500
vt 0.600000 0.312500
vt 0.600000 0.687500
vt 0.612500 0.312500
vt 0.612500 0.687500
vt 0.625000 0.312500
vt 0.625000 0.687500
vt 0.626409 0.064408
vt 0.648603 0.107966
vt 0.500000 0.156250
vt 0.591842 0.029841
vt 0.548284 0.007647
vt 0.500000 -0.000000
vt 0.451716 0.007647
vt 0.408159 0.029841
vt 0.373591 0.064409
vt 0.351397 0.107966
vt 0.343750 0.156250
vt 0.351397 0.204534
vt 0.373591 0.248091
vt 0.408159 0.282659
vt 0.451716 0.304853
vt 0.500000 0.312500
vt 0.548284 0.304853
vt 0.591841 0.282659
vt 0.626409 0.248091
vt 0.648603 0.204534
vt 0.656250 0.156250
vt 0.648603 0.892034
vt 0.626409 0.935591
vt 0.500000 0.843750
vt 0.591841 0.970159
vt 0.548284 0.992353
vt 0.500000 1.000000
vt 0.451716 0.992353
vt 0.408159 0.970159
vt 0.373591 0.935591
vt 0.351397 0.892034
vt 0.343750 0.843750
vt 0.351397 0.795466
vt 0.373591 0.751909
vt 0.408159 0.717341
vt 0.451716 0.695147
vt 0.500000 0.687500
vt 0.548284 0.695147
vt 0.591842 0.717341
vt 0.626409 0.751908
vt 0.648603 0.795466
vt 0.656250 0.843750
vt 0.375000 0.312500
vt 0.387500 0.312500
vt 0.387500 0.687500
vt 0.375000 0.687500
vt 0.400000 0.312500
vt 0.400000 0.687500
vt 0.412500 0.312500
vt 0.412500 0.687500
vt 0.425000 0.312500
vt 0.425000 0.687500
vt 0.437500 0.312500
vt 0.437500 0.687500
vt 0.450000 0.312500
vt 0.450000 0.687500
vt 0.462500 0.312500
vt 0.462500 0.687500
vt 0.475000 0.312500
vt 0.475000 0.687500
vt 0.487500 0.312500
vt 0.487500 0.687500
vt 0.500000 0.312500
vt 0.500000 0.687500
vt 0.512500 0.312500
vt 0.512500 0.687500
vt 0.525000 0.312500
vt 0.525000 0.687500
vt 0.537500 0.312500
vt 0.537500 0.687500
vt 0.550000 0.312500
vt 0.550000 0.687500
vt 0.562500 0.312500
vt 0.562500 0.687500
vt 0.575000 0.312500
vt 0.575000 0.687500
vt 0.587500 0.312500
vt 0.587500 0.687500
vt 0.600000 0.312500
vt 0.600000 0.687500
vt 0.612500 0.312500
vt 0.612500 0.687500
vt 0.625000 0.312500
vt 0.625000 0.687500
vt 0.626409 0.064408
vt 0.648603 0.107966
vt 0.500000 0.156250
vt 0.591842 0.029841
vt 0.548284 0.007647
vt 0.500000 -0.000000
vt 0.451716 0.007647
vt 0.408159 0.029841
vt 0.373591 0.064409
vt 0.351397 0.107966
vt 0.343750 0.156250
vt 0.351397 0.204534
vt 0.373591 0.248091
vt 0.408159 0.282659
vt 0.451716 0.304853
vt 0.500000 0.312500
vt 0.548284 0.304853
vt 0.591841 0.282659
vt 0.626409 0.248091
vt 0.648603 0.204534
vt 0.656250 0.156250
vt 0.648603 0.892034
vt 0.626409 0.935591
vt 0.500000 0.843750
vt 0.591841 0.970159
vt 0.548284 0.992353
vt 0.500000 1.000000
vt 0.451716 0.992353
vt 0.408159 0.970159
vt 0.373591 0.935591
vt 0.351397 0.892034
vt 0.343750 0.843750
vt 0.351397 0.795466
vt 0.373591 0.751909
vt 0.408159 0.717341
vt 0.451716 0.695147
vt 0.500000 0.687500
vt 0.548284 0.695147
vt 0.591842 0.717341
vt 0.626409 0.751908
vt 0.648603 0.795466
vt 0.656250 0.843750
vt 0.375000 0.000000
vt 0.625000 0.000000
vt 0.625000 0.250000
vt 0.375000 0.250000
vt 0.625000 0.500000
vt 0.375000 0.500000
vt 0.625000 0.750000
vt 0.375000 0.750000
vt 0.625000 1.000000
vt 0.375000 1.000000
vt 0.875000 0.000000
vt 0.875000 0.250000
vt 0.125000 0.000000
vt 0.125000 0.250000
vt 0.375000 0.000000
vt 0.625000 0.000000
vt 0.625000 0.250000
vt 0.375000 0.250000
vt 0.625000 0.500000
vt 0.375000 0.500000
vt 0.625000 0.750000
vt 0.375000 0.750000
vt 0.625000 1.000000
vt 0.375000 1.000000
vt 0.875000 0.000000
vt 0.875000 0.250000
vt 0.125000 0.000000
vt 0.125000 0.250000
vt 0.375000 0.000000
vt 0.625000 0.000000
vt 0.625000 0.250000
vt 0.375000 0.250000
vt 0.625000 0.500000
vt 0.375000 0.500000
vt 0.625000 0.750000
vt 0.375000 0.750000
vt 0.625000 1.000000
vt 0.375000 1.000000
vt 0.875000 0.000000
vt 0.875000 0.250000
vt 0.125000 0.000000
vt 0.125000 0.250000
vt 0.375000 0.000000
vt 0.625000 0.000000
vt 0.625000 0.250000
vt 0.375000 0.250000
vt 0.625000 0.500000
vt 0.375000 0.500000
vt 0.625000 0.750000
vt 0.375000 0.750000
vt 0.625000 1.000000
vt 0.375000 1.000000
vt 0.875000 0.000000
vt 0.875000 0.250000
vt 0.125000 0.000000
vt 0.125000 0.250000
vt 0.375000 0.000000
vt 0.625000 0.000000
vt 0.625000 0.250000
vt 0.375000 0.250000
vt 0.625000 0.500000
vt 0.375000 0.500000
vt 0.625000 0.750000
vt 0.375000 0.750000
vt 0.625000 1.000000
vt 0.375000 1.000000
vt 0.875000 0.000000
vt 0.875000 0.250000
vt 0.125000 0.000000
vt 0.125000 0.250000
vt 0.375000 0.312500
vt 0.387500 0.312500
vt 0.387500 0.687500
vt 0.375000 0.687500
vt 0.400000 0.312500
vt 0.400000 0.687500
vt 0.412500 0.312500
vt 0.412500 0.687500
vt 0.425000 0.312500
vt 0.425000 0.687500
vt 0.437500 0.312500
vt 0.437500 0.687500
vt 0.450000 0.312500
vt 0.450000 0.687500
vt 0.462500 0.312500
vt 0.462500 0.687500
vt 0.475000 0.312500
vt 0.475000 0.687500
vt 0.487500 0.312500
vt 0.487500 0.687500
vt 0.500000 0.312500
vt 0.500000 0.687500
vt 0.512500 0.312500
vt 0.512500 0.687500
vt 0.525000 0.312500
vt 0.525000 0.687500
vt 0.537500 0.312500
vt 0.537500 0.687500
vt 0.550000 0.312500
vt 0.550000 0.687500
vt 0.562500 0.312500
vt 0.562500 0.687500
vt 0.575000 0.312500
vt 0.575000 0.687500
vt 0.587500 0.312500
vt 0.587500 0.687500
vt 0.600000 0.312500
vt 0.600000 0.687500
vt 0.612500 0.312500
vt 0.612500 0.687500
vt 0.625000 0.312500
vt 0.625000 0.687500
vt 0.626409 0.064408
vt 0.648603 0.107966
vt 0.500000 0.156250
vt 0.591842 0.029841
vt 0.548284 0.007647
vt 0.500000 -0.000000
vt 0.451716 0.007647
vt 0.408159 0.029841
vt 0.373591 0.064409
vt 0.351397 0.107966
vt 0.343750 0.156250
vt 0.351397 0.204534
vt 0.373591 0.248091
vt 0.408159 0.282659
vt 0.451716 0.304853
vt 0.500000 0.312500
vt 0.548284 0.304853
vt 0.591841 0.282659
vt 0.626409 0.248091
vt 0.648603 0.204534
vt 0.656250 0.156250
vt 0.648603 0.892034
vt 0.626409 0.935591
vt 0.500000 0.843750
vt 0.591841 0.970159
vt 0.548284 0.992353
vt 0.500000 1.000000
vt 0.451716 0.992353
vt 0.408159 0.970159
vt 0.373591 0.935591
vt 0.351397 0.892034
vt 0.343750 0.843750
vt 0.351397 0.795466
vt 0.373591 0.751909
vt 0.408159 0.717341
vt 0.451716 0.695147
vt 0.500000 0.687500
vt 0.548284 0.695147
vt 0.591842 0.717341
vt 0.626409 0.751908
vt 0.648603 0.795466
vt 0.656250 0.843750
vt 0.375000 0.312500
vt 0.387500 0.312500
vt 0.387500 0.687500
vt 0.375000 0.687500
vt 0.400000 0.312500
vt 0.400000 0.687500
vt 0.412500 0.312500
vt 0.412500 0.687500
vt 0.425000 0.312500
vt 0.425000 0.687500
vt 0.437500 0.312500
vt 0.437500 0.687500
vt 0.450000 0.312500
vt 0.450000 0.687500
vt 0.462500 0.312500
vt 0.462500 0.687500
vt 0.475000 0.312500
vt 0.475000 0.687500
vt 0.487500 0.312500
vt 0.487500 0.687500
vt 0.500000 0.312500
vt 0.500000 0.687500
vt 0.512500 0.312500
vt 0.512500 0.687500
vt 0.525000 0.312500
vt 0.525000 0.687500
vt 0.537500 0.312500
vt 0.537500 0.687500
vt 0.550000 0.312500
vt 0.550000 0.687500
vt 0.562500 0.312500
vt 0.562500 0.687500
vt 0.575000 0.312500
vt 0.575000 0.687500
vt 0.587500 0.312500
vt 0.587500 0.687500
vt 0.600000 0.312500
vt 0.600000 0.687500
vt 0.612500 0.312500
vt 0.612500 0.687500
vt 0.625000 0.312500
vt 0.625000 0.687500
vt 0.626409 0.064408
vt 0.648603 0.107966
vt 0.500000 0.156250
vt 0.591842 0.029841
vt 0.548284 0.007647
vt 0.500000 -0.000000
vt 0.451716 0.007647
vt 0.408159 0.029841
vt 0.373591 0.064409
vt 0.351397 0.107966
vt 0.343750 0.156250
vt 0.351397 0.204534
vt 0.373591 0.248091
vt 0.408159 0.282659
vt 0.451716 0.304853
vt 0.500000 0.312500
vt 0.548284 0.304853
vt 0.591841 0.282659
vt 0.626409 0.248091
vt 0.648603 0.204534
vt 0.656250 0.156250
vt 0.648603 0.892034
vt 0.626409 0.935591
vt 0.500000 0.843750
vt 0.591841 0.970159
vt 0.548284 0.992353
vt 0.500000 1.000000
vt 0.451716 0.992353
vt 0.408159 0.970159
vt 0.373591 0.935591
vt 0.351397 0.892034
vt 0.343750 0.843750
vt 0.351397 0.795466
vt 0.373591 0.751909
vt 0.408159 0.717341
vt 0.451716 0.695147
vt 0.500000 0.687500
vt 0.548284 0.695147
vt 0.591842 0.717341
vt 0.626409 0.751908
vt 0.648603 0.795466
vt 0.656250 0.843750
vt 0.375000 0.312500
vt 0.387500 0.312500
vt 0.387500 0.687500
vt 0.375000 0.687500
vt 0.400000 0.312500
vt 0.400000 0.687500
vt 0.412500 0.312500
vt 0.412500 0.687500
vt 0.425000 0.312500
vt 0.425000 0.687500
vt 0.437500 0.312500
vt 0.437500 0.687500
vt 0.450000 0.312500
vt 0.450000 0.687500
vt 0.462500 0.312500
vt 0.462500 0.687500
vt 0.475000 0.312500
vt 0.475000 0.687500
vt 0.487500 0.312500
vt 0.487500 0.687500
vt 0.500000 0.312500
vt 0.500000 0.687500
vt 0.512500 0.312500
vt 0.512500 0.687500
vt 0.525000 0.312500
vt 0.525000 0.687500
vt 0.537500 0.312500
vt 0.537500 0.687500
vt 0.550000 0.312500
vt 0.550000 0.687500
vt 0.562500 0.312500
vt 0.562500 0.687500
vt 0.575000 0.312500
vt 0.575000 0.687500
vt 0.587500 0.312500
vt 0.587500 0.687500
vt 0.600000 0.312500
vt 0.600000 0.687500
vt 0.612500 0.312500
vt 0.612500 0.687500
vt 0.625000 0.312500
vt 0.625000 0.687500
vt 0.626409 0.064408
vt 0.648603 0.107966
vt 0.500000 0.156250
vt 0.591842 0.029841
vt 0.548284 0.007647
vt 0.500000 -0.000000
vt 0.451716 0.007647
vt 0.408159 0.029841
vt 0.373591 0.064409
vt 0.351397 0.107966
vt 0.343750 0.156250
vt 0.351397 0.204534
vt 0.373591 0.248091
vt 0.408159 0.282659
vt 0.451716 0.304853
vt 0.500000 0.312500
vt 0.548284 0.304853
vt 0.591841 0.282659
vt 0.626409 0.248091
vt 0.648603 0.204534
vt 0.656250 0.156250
vt 0.648603 0.892034
vt 0.626409 0.935591
vt 0.500000 0.843750
vt 0.591841 0.970159
vt 0.548284 0.992353
vt 0.500000 1.000000
vt 0.451716 0.992353
vt 0.408159 0.970159
vt 0.373591 0.935591
vt 0.351397 0.892034
vt 0.343750 0.843750
vt 0.351397 0.795466
vt 0.373591 0.751909
vt 0.408159 0.717341
vt 0.451716 0.695147
vt 0.500000 0.687500
vt 0.548284 0.695147
vt 0.591842 0.717341
vt 0.626409 0.751908
vt 0.648603 0.795466
vt 0.656250 0.843750
vt 0.375000 0.312500
vt 0.387500 0.312500
vt 0.387500 0.687500
vt 0.375000 0.687500
vt 0.400000 0.312500
vt 0.400000 0.687500
vt 0.412500 0.312500
vt 0.412500 0.687500
vt 0.425000 0.312500
vt 0.425000 0.687500
vt 0.437500 0.312500
vt 0.437500 0.687500
vt 0.450000 0.312500
vt 0.450000 0.687500
vt 0.462500 0.312500
vt 0.462500 0.687500
vt 0.475000 0.312500
vt 0.475000 0.687500
vt 0.487500 0.312500
vt 0.487500 0.687500
vt 0.500000 0.312500
vt 0.500000 0.687500
vt 0.512500 0.312500
vt 0.512500 0.687500
vt 0.525000 0.312500
vt 0.525000 0.687500
vt 0.537500 0.312500
vt 0.537500 0.687500
vt 0.550000 0.312500
vt 0.550000 0.687500
vt 0.562500 0.312500
vt 0.562500 0.687500
vt 0.575000 0.312500
vt 0.575000 0.687500
vt 0.587500 0.312500
vt 0.587500 0.687500
vt 0.600000 0.312500
vt 0.600000 0.687500
vt 0.612500 0.312500
vt 0.612500 0.687500
vt 0.625000 0.312500
vt 0.625000 0.687500
vt 0.626409 0.064408
vt 0.648603 0.107966
vt 0.500000 0.156250
vt 0.591842 0.029841
vt 0.548284 0.007647
vt 0.500000 -0.000000
vt 0.451716 0.007647
vt 0.408159 0.029841
vt 0.373591 0.064409
vt 0.351397 0.107966
vt 0.343750 0.156250
vt 0.351397 0.204534
vt 0.373591 0.248091
vt 0.408159 0.282659
vt 0.451716 0.304853
vt 0.500000 0.312500
vt 0.548284 0.304853
vt 0.591841 0.282659
vt 0.626409 0.248091
vt 0.648603 0.204534
vt 0.656250 0.156250
vt 0.648603 0.892034
vt 0.626409 0.935591
vt 0.500000 0.843750
vt 0.591841 0.970159
vt 0.548284 0.992353
vt 0.500000 1.000000
vt 0.451716 0.992353
vt 0.408159 0.970159
vt 0.373591 0.935591
vt 0.351397 0.892034
vt 0.343750 0.843750
vt 0.351397 0.795466
vt 0.373591 0.751909
vt 0.408159 0.717341
vt 0.451716 0.695147
vt 0.500000 0.687500
vt 0.548284 0.695147
vt 0.591842 0.717341
vt 0.626409 0.751908
vt 0.648603 0.795466
vt 0.656250 0.843750
vt 0.375000 0.312500
vt 0.387500 0.312500
vt 0.387500 0.687500
vt 0.375000 0.687500
vt 0.400000 0.312500
vt 0.400000 0.687500
vt 0.412500 0.312500
vt 0.412500 0.687500
vt 0.425000 0.312500
vt 0.425000 0.687500
vt 0.437500 0.312500
vt 0.437500 0.687500
vt 0.450000 0.312500
vt 0.450000 0.687500
vt 0.462500 0.312500
vt 0.462500 0.687500
vt 0.475000 0.312500
vt 0.475000 0.687500
vt 0.487500 0.312500
vt 0.487500 0.687500
vt 0.500000 0.312500
vt 0.500000 0.687500
vt 0.512500 0.312500
vt 0.512500 0.687500
vt 0.525000 0.312500
vt 0.525000 0.687500
vt 0.537500 0.312500
vt 0.537500 0.687500
vt 0.550000 0.312500
vt 0.550000 0.687500
vt 0.562500 0.312500
vt 0.562500 0.687500
vt 0.575000 0.312500
vt 0.575000 0.687500
vt 0.587500 0.312500
vt 0.587500 0.687500
vt 0.600000 0.312500
vt 0.600000 0.687500
vt 0.612500 0.312500
vt 0.612500 0.687500
vt 0.625000 0.312500
vt 0.625000 0.687500
vt 0.626409 0.064408
vt 0.648603 0.107966
vt 0.500000 0.156250
vt 0.591842 0.029841
vt 0.548284 0.007647
vt 0.500000 -0.000000
vt 0.451716 0.007647
vt 0.408159 0.029841
vt 0.373591 0.064409
vt 0.351397 0.107966
vt 0.343750 0.156250
vt 0.351397 0.204534
vt 0.373591 0.248091
vt 0.408159 0.282659
vt 0.451716 0.304853
vt 0.500000 0.312500
vt 0.548284 0.304853
vt 0.591841 0.282659
vt 0.626409 0.248091
vt 0.648603 0.204534
vt 0.656250 0.156250
vt 0.648603 0.892034
vt 0.626409 0.935591
vt 0.500000 0.843750
vt 0.591841 0.970159
vt 0.548284 0.992353
vt 0.500000 1.000000
vt 0.451716 0.992353
vt 0.408159 0.970159
vt 0.373591 0.935591
vt 0.351397 0.892034
vt 0.343750 0.843750
vt 0.351397 0.795466
vt 0.373591 0.751909
vt 0.408159 0.717341
vt 0.451716 0.695147
vt 0.500000 0.687500
vt 0.548284 0.695147
vt 0.591842 0.717341
vt 0.626409 0.751908
vt 0.648603 0.795466
vt 0.656250 0.843750
vt 0.375000 0.312500
vt 0.387500 0.312500
vt 0.387500 0.687500
vt 0.375000 0.687500
vt 0.400000 0.312500
vt 0.400000 0.687500
vt 0.412500 0.312500
vt 0.412500 0.687500
vt 0.425000 0.312500
vt 0.425000 0.687500
vt 0.437500 0.312500
vt 0.437500 0.687500
vt 0.450000 0.312500
vt 0.450000 0.687500
vt 0.462500 0.312500
vt 0.462500 0.687500
vt 0.475000 0.312500
vt 0.475000 0.687500
vt 0.487500 0.312500
vt 0.487500 0.687500
vt 0.500000 0.312500
vt 0.500000 0.687500
vt 0.512500 0.312500
vt 0.512500 0.687500
vt 0.525000 0.312500
vt 0.525000 0.687500
vt 0.537500 0.312500
vt 0.537500 0.687500
vt 0.550000 0.312500
vt 0.550000 0.687500
vt 0.562500 0.312500
vt 0.562500 0.687500
vt 0.575000 0.312500
vt 0.575000 0.687500
vt 0.587500 0.312500
vt 0.587500 0.687500
vt 0.600000 0.312500
vt 0.600000 0.687500
vt 0.612500 0.312500
vt 0.612500 0.687500
vt 0.625000 0.312500
vt 0.625000 0.687500
vt 0.626409 0.064408
vt 0.648603 0.107966
vt 0.500000 0.156250
vt 0.591842 0.029841
vt 0.548284 0.007647
vt 0.500000 -0.000000
vt 0.451716 0.007647
vt 0.408159 0.029841
vt 0.373591 0.064409
vt 0.351397 0.107966
vt 0.343750 0.156250
vt 0.351397 0.204534
vt 0.373591 0.248091
vt 0.408159 0.282659
vt 0.451716 0.304853
vt 0.500000 0.312500
vt 0.548284 0.304853
vt 0.591841 0.282659
vt 0.626409 0.248091
vt 0.648603 0.204534
vt 0.656250 0.156250
vt 0.648603 0.892034
vt 0.626409 0.935591
vt 0.500000 0.843750
vt 0.591841 0.970159
vt 0.548284 0.992353
vt 0.500000 1.000000
vt 0.451716 0.992353
vt 0.408159 0.970159
vt 0.373591 0.935591
vt 0.351397 0.892034
vt 0.343750 0.843750
vt 0.351397 0.795466
vt 0.373591 0.751909
vt 0.408159 0.717341
vt 0.451716 0.695147
vt 0.500000 0.687500
vt 0.548284 0.695147
vt 0.591842 0.717341
vt 0.626409 0.751908
vt 0.648603 0.795466
vt 0.656250 0.843750
vt 0.375000 0.000000
vt 0.625000 0.000000
vt 0.625000 0.250000
vt 0.375000 0.250000
vt 0.625000 0.500000
vt 0.375000 0.500000
vt 0.625000 0.750000
vt 0.375000 0.750000
vt 0.625000 1.000000
vt 0.375000 1.000000
vt 0.875000 0.000000
vt 0.875000 0.250000
vt 0.125000 0.000000
vt 0.125000 0.250000
vt 0.375000 0.000000
vt 0.625000 0.000000
vt 0.625000 0.250000
vt 0.375000 0.250000
vt 0.625000 0.500000
vt 0.375000 0.500000
vt 0.625000 0.750000
vt 0.375000 0.750000
vt 0.625000 1.000000
vt 0.375000 1.000000
vt 0.875000 0.000000
vt 0.875000 0.250000
vt 0.125000 0.000000
vt 0.125000 0.250000
vt 0.375000 0.000000
vt 0.625000 0.000000
vt 0.625000 0.250000
vt 0.375000 0.250000
vt 0.625000 0.500000
vt 0.375000 0.500000
vt 0.625000 0.750000
vt 0.375000 0.750000
vt 0.625000 1.000000
vt 0.375000 1.000000
vt 0.875000 0.000000
vt 0.875000 0.250000
vt 0.125000 0.000000
vt 0.125000 0.250000
vt 0.375000 0.000000
vt 0.625000 0.000000
vt 0.625000 0.250000
vt 0.375000 0.250000
vt 0.625000 0.500000
vt 0.375000 0.500000
vt 0.625000 0.750000
vt 0.375000 0.750000
vt 0.625000 1.000000
vt 0.375000 1.000000
vt 0.875000 0.000000
vt 0.875000 0.250000
vt 0.125000 0.000000
vt 0.125000 0.250000
vt 0.375000 0.000000
vt 0.625000 0.000000
vt 0.625000 0.250000
vt 0.375000 0.250000
vt 0.625000 0.500000
vt 0.375000 0.500000
vt 0.625000 0.750000
vt 0.375000 0.750000
vt 0.625000 1.000000
vt 0.375000 1.000000
vt 0.875000 0.000000
vt 0.875000 0.250000
vt 0.125000 0.000000
vt 0.125000 0.250000
vt 0.375000 0.312500
vt 0.387500 0.312500
vt 0.387500 0.687500
vt 0.375000 0.687500
vt 0.400000 0.312500
vt 0.400000 0.687500
vt 0.412500 0.312500
vt 0.412500 0.687500
vt 0.425000 0.312500
vt 0.425000 0.687500
vt 0.437500 0.312500
vt 0.437500 0.687500
vt 0.450000 0.312500
vt 0.450000 0.687500
vt 0.462500 0.312500
vt 0.462500 0.687500
vt 0.475000 0.312500
vt 0.475000 0.687500
vt 0.487500 0.312500
vt 0.487500 0.687500
vt 0.500000 0.312500
vt 0.500000 0.687500
vt 0.512500 0.312500
vt 0.512500 0.687500
vt 0.525000 0.312500
vt 0.525000 0.687500
vt 0.537500 0.312500
vt 0.537500 0.687500
vt 0.550000 0.312500
vt 0.550000 0.687500
vt 0.562500 0.312500
vt 0.562500 0.687500
vt 0.575000 0.312500
vt 0.575000 0.687500
vt 0.587500 0.312500
vt 0.587500 0.687500
vt 0.600000 0.312500
vt 0.600000 0.687500
vt 0.612500 0.312500
vt 0.612500 0.687500
vt 0.625000 0.312500
vt 0.625000 0.687500
vt 0.626409 0.064408
vt 0.648603 0.107966
vt 0.500000 0.156250
vt 0.591842 0.029841
vt 0.548284 0.007647
vt 0.500000 -0.000000
vt 0.451716 0.007647
vt 0.408159 0.029841
vt 0.373591 0.064409
vt 0.351397 0.107966
vt 0.343750 0.156250
vt 0.351397 0.204534
vt 0.373591 0.248091
vt 0.408159 0.282659
vt 0.451716 0.304853
vt 0.500000 0.312500
vt 0.548284 0.304853
vt 0.591841 0.282659
vt 0.626409 0.248091
vt 0.648603 0.204534
vt 0.656250 0.156250
vt 0.648603 0.892034
vt 0.626409 0.935591
vt 0.500000 0.843750
vt 0.591841 0.970159
vt 0.548284 0.992353
vt 0.500000 1.000000
vt 0.451716 0.992353
vt 0.408159 0.970159
vt 0.373591 0.935591
vt 0.351397 0.892034
vt 0.343750 0.843750
vt 0.351397 0.795466
vt 0.373591 0.751909
vt 0.408159 0.717341
vt 0.451716 0.695147
vt 0.500000 0.687500
vt 0.548284 0.695147
vt 0.591842 0.717341
vt 0.626409 0.751908
vt 0.648603 0.795466
vt 0.656250 0.843750
vt 0.375000 0.312500
vt 0.387500 0.312500
vt 0.387500 0.687500
vt 0.375000 0.687500
vt 0.400000 0.312500
vt 0.400000 0.687500
vt 0.412500 0.312500
vt 0.412500 0.687500
vt 0.425000 0.312500
vt 0.425000 0.687500
vt 0.437500 0.312500
vt 0.437500 0.687500
vt 0.450000 0.312500
vt 0.450000 0.687500
vt 0.462500 0.312500
vt 0.462500 0.687500
vt 0.475000 0.312500
vt 0.475000 0.687500
vt 0.487500 0.312500
vt 0.487500 0.687500
vt 0.500000 0.312500
vt 0.500000 0.687500
vt 0.512500 0.312500
vt 0.512500 0.687500
vt 0.525000 0.312500
vt 0.525000 0.687500
vt 0.537500 0.312500
vt 0.537500 0.687500
vt 0.550000 0.312500
vt 0.550000 0.687500
vt 0.562500 0.312500
vt 0.562500 0.687500
vt 0.575000 0.312500
vt 0.575000 0.687500
vt 0.587500 0.312500
vt 0.587500 0.687500
vt 0.600000 0.312500
vt 0.600000 0.687500
vt 0.612500 0.312500
vt 0.612500 0.687500
vt 0.625000 0.312500
vt 0.625000 0.687500
vt 0.626409 0.064408
vt 0.648603 0.107966
vt 0.500000 0.156250
vt 0.591842 0.029841
vt 0.548284 0.007647
vt 0.500000 -0.000000
vt 0.451716 0.007647
vt 0.408159 0.029841
vt 0.373591 0.064409
vt 0.351397 0.107966
vt 0.343750 0.156250
vt 0.351397 0.204534
vt 0.373591 0.248091
vt 0.408159 0.282659
vt 0.451716 0.304853
vt 0.500000 0.312500
vt 0.548284 0.304853
vt 0.591841 0.282659
vt 0.626409 0.248091
vt 0.648603 0.204534
vt 0.656250 0.156250
vt 0.648603 0.892034
vt 0.626409 0.935591
vt 0.500000 0.843750
vt 0.591841 0.970159
vt 0.548284 0.992353
vt 0.500000 1.000000
vt 0.451716 0.992353
vt 0.408159 0.970159
vt 0.373591 0.935591
vt 0.351397 0.892034
vt 0.343750 0.843750
vt 0.351397 0.795466
vt 0.373591 0.751909
vt 0.408159 0.717341
vt 0.451716 0.695147
vt 0.500000 0.687500
vt 0.548284 0.695147
vt 0.591842 0.717341
vt 0.626409 0.751908
vt 0.648603 0.795466
vt 0.656250 0.843750
vt 0.375000 0.312500
vt 0.387500 0.312500
vt 0.387500 0.687500
vt 0.375000 0.687500
vt 0.400000 0.312500
vt 0.400000 0.687500
vt 0.412500 0.312500
vt 0.412500 0.687500
vt 0.425000 0.312500
vt 0.425000 0.687500
vt 0.437500 0.312500
vt 0.437500 0.687500
vt 0.450000 0.312500
vt 0.450000 0.687500
vt 0.462500 0.312500
vt 0.462500 0.687500
vt 0.475000 0.312500
vt 0.475000 0.687500
vt 0.487500 0.312500
vt 0.487500 0.687500
vt 0.500000 0.312500
vt 0.500000 0.687500
vt 0.512500 0.312500
vt 0.512500 0.687500
vt 0.525000 0.312500
vt 0.525000 0.687500
vt 0.537500 0.312500
vt 0.537500 0.687500
vt 0.550000 0.312500
vt 0.550000 0.687500
vt 0.562500 0.312500
vt 0.562500 0.687500
vt 0.575000 0.312500
vt 0.575000 0.687500
vt 0.587500 0.312500
vt 0.587500 0.687500
vt 0.600000 0.312500
vt 0.600000 0.687500
vt 0.612500 0.312500
vt 0.612500 0.687500
vt 0.625000 0.312500
vt 0.625000 0.687500
vt 0.626409 0.064408
vt 0.648603 0.107966
vt 0.500000 0.156250
vt 0.591842 0.029841
vt 0.548284 0.007647
vt 0.500000 -0.000000
vt 0.451716 0.007647
vt 0.408159 0.029841
vt 0.373591 0.064409
vt 0.351397 0.107966
vt 0.343750 0.156250
vt 0.351397 0.204534
vt 0.373591 0.248091
vt 0.408159 0.282659
vt 0.451716 0.304853
vt 0.500000 0.312500
vt 0.548284 0.304853
vt 0.591841 0.282659
vt 0.626409 0.248091
vt 0.648603 0.204534
vt 0.656250 0.156250
vt 0.648603 0.892034
vt 0.626409 0.935591
vt 0.500000 0.843750
vt 0.591841 0.970159
vt 0.548284 0.992353
vt 0.500000 1.000000
vt 0.451716 0.992353
vt 0.408159 0.970159
vt 0.373591 0.935591
vt 0.351397 0.892034
vt 0.343750 0.843750
vt 0.351397 0.795466
vt 0.373591 0.751909
vt 0.408159 0.717341
vt 0.451716 0.695147
vt 0.500000 0.687500
vt 0.548284 0.695147
vt 0.591842 0.717341
vt 0.626409 0.751908
vt 0.648603 0.795466
vt 0.656250 0.843750
vt 0.375000 0.312500
vt 0.387500 0.312500
vt 0.387500 0.687500
vt 0.375000 0.687500
vt 0.400000 0.312500
vt 0.400000 0.687500
vt 0.412500 0.312500
vt 0.412500 0.687500
vt 0.425000 0.312500
vt 0.425000 0.687500
vt 0.437500 0.312500
vt 0.437500 0.687500
vt 0.450000 0.312500
vt 0.450000 0.687500
vt 0.462500 0.312500
vt 0.462500 0.687500
vt 0.475000 0.312500
vt 0.475000 0.687500
vt 0.487500 0.312500
vt 0.487500 0.687500
vt 0.500000 0.312500
vt 0.500000 0.687500
vt 0.512500 0.312500
vt 0.512500 0.687500
vt 0.525000 0.312500
vt 0.525000 0.687500
vt 0.537500 0.312500
vt 0.537500 0.687500
vt 0.550000 0.312500
vt 0.550000 0.687500
vt 0.562500 0.312500
vt 0.562500 0.687500
vt 0.575000 0.312500
vt 0.575000 0.687500
vt 0.587500 0.312500
vt 0.587500 0.687500
vt 0.600000 0.312500
vt 0.600000 0.687500
vt 0.612500 0.312500
vt 0.612500 0.687500
vt 0.625000 0.312500
vt 0.625000 0.687500
vt 0.626409 0.064408
vt 0.648603 0.107966
vt 0.500000 0.156250
vt 0.591842 0.029841
vt 0.548284 0.007647
vt 0.500000 -0.000000
vt 0.451716 0.007647
vt 0.408159 0.029841
vt 0.373591 0.064409
vt 0.351397 0.107966
vt 0.343750 0.156250
vt 0.351397 0.204534
vt 0.373591 0.248091
vt 0.408159 0.282659
vt 0.451716 0.304853
vt 0.500000 0.312500
vt 0.548284 0.304853
vt 0.591841 0.282659
vt 0.626409 0.248091
vt 0.648603 0.204534
vt 0.656250 0.156250
vt 0.648603 0.892034
vt 0.626409 0.935591
vt 0.500000 0.843750
vt 0.591841 0.970159
vt 0.548284 0.992353
vt 0.500000 1.000000
vt 0.451716 0.992353
vt 0.408159 0.970159
vt 0.373591 0.935591
vt 0.351397 0.892034
vt 0.343750 0.843750
vt 0.351397 0.795466
vt 0.373591 0.751909
vt 0.408159 0.717341
vt 0.451716 0.695147
vt 0.500000 0.687500
vt 0.548284 0.695147
vt 0.591842 0.717341
vt 0.626409 0.751908
vt 0.648603 0.795466
vt 0.656250 0.843750
vt 0.375000 0.312500
vt 0.387500 0.312500
vt 0.387500 0.687500
vt 0.375000 0.687500
vt 0.400000 0.312500
vt 0.400000 0.687500
vt 0.412500 0.312500
vt 0.412500 0.687500
vt 0.425000 0.312500
vt 0.425000 0.687500
vt 0.437500 0.312500
vt 0.437500 0.687500
vt 0.450000 0.312500
vt 0.450000 0.687500
vt 0.462500 0.312500
vt 0.462500 0.687500
vt 0.475000 0.312500
vt 0.475000 0.687500
vt 0.487500 0.312500
vt 0.487500 0.687500
vt 0.500000 0.312500
vt 0.500000 0.687500
vt 0.512500 0.312500
vt 0.512500 0.687500
vt 0.525000 0.312500
vt 0.525000 0.687500
vt 0.537500 0.312500
vt 0.537500 0.687500
vt 0.550000 0.312500
vt 0.550000 0.687500
vt 0.562500 0.312500
vt 0.562500 0.687500
vt 0.575000 0.312500
vt 0.575000 0.687500
vt 0.587500 0.312500
vt 0.587500 0.687500
vt 0.600000 0.312500
vt 0.600000 0.687500
vt 0.612500 0.312500
vt 0.612500 0.687500
vt 0.625000 0.312500
vt 0.625000 0.687500
vt 0.626409 0.064408
vt 0.648603 0.107966
vt 0.500000 0.156250
vt 0.591842 0.029841
vt 0.548284 0.007647
vt 0.500000 -0.000000
vt 0.451716 0.007647
vt 0.408159 0.029841
vt 0.373591 0.064409
vt 0.351397 0.107966
vt 0.343750 0.156250
vt 0.351397 0.204534
vt 0.373591 0.248091
vt 0.408159 0.282659
vt 0.451716 0.304853
vt 0.500000 0.312500
vt 0.548284 0.304853
vt 0.591841 0.282659
vt 0.626409 0.248091
vt 0.648603 0.204534
vt 0.656250 0.156250
vt 0.648603 0.892034
vt 0.626409 0.935591
vt 0.500000 0.843750
vt 0.591841 0.970159
vt 0.548284 0.992353
vt 0.500000 1.000000
vt 0.451716 0.992353
vt 0.408159 0.970159
vt 0.373591 0.935591
vt 0.351397 0.892034
vt 0.343750 0.843750
vt 0.351397 0.795466
vt 0.373591 0.751909
vt 0.408159 0.717341
vt 0.451716 0.695147
vt 0.500000 0.687500
vt 0.548284 0.695147
vt 0.591842 0.717341
vt 0.626409 0.751908
vt 0.648603 0.795466
vt 0.656250 0.843750
vt 0.375000 0.312500
vt 0.387500 0.312500
vt 0.387500 0.687500
vt 0.375000 0.687500
vt 0.400000 0.312500
vt 0.400000 0.687500
vt 0.412500 0.312500
vt 0.412500 0.687500
vt 0.425000 0.312500
vt 0.425000 0.687500
vt 0.437500 0.312500
vt 0.437500 0.687500
vt 0.450000 0.312500
vt 0.450000 0.687500
vt 0.462500 0.312500
vt 0.462500 0.687500
vt 0.475000 0.312500
vt 0.475000 0.687500
vt 0.487500 0.312500
vt 0.487500 0.687500
vt 0.500000 0.312500
vt 0.500000 0.687500
vt 0.512500 0.312500
vt 0.512500 0.687500
vt 0.525000 0.312500
vt 0.525000 0.687500
vt 0.537500 0.312500
vt 0.537500 0.687500
vt 0.550000 0.312500
vt 0.550000 0.687500
vt 0.562500 0.312500
vt 0.562500 0.687500
vt 0.575000 0.312500
vt 0.575000 0.687500
vt 0.587500 0.312500
vt 0.587500 0.687500
vt 0.600000 0.312500
vt 0.600000 0.687500
vt 0.612500 0.312500
vt 0.612500 0.687500
vt 0.625000 0.312500
vt 0.625000 0.687500
vt 0.626409 0.064408
vt 0.648603 0.107966
vt 0.500000 0.156250
vt 0.591842 0.029841
vt 0.548284 0.007647
vt 0.500000 -0.000000
vt 0.451716 0.007647
vt 0.408159 0.029841
vt 0.373591 0.064409
vt 0.351397 0.107966
vt 0.343750 0.156250
vt 0.351397 0.204534
vt 0.373591 0.248091
vt 0.408159 0.282659
vt 0.451716 0.304853
vt 0.500000 0.312500
vt 0.548284 0.304853
vt 0.591841 0.282659
vt 0.626409 0.248091
vt 0.648603 0.204534
vt 0.656250 0.156250
vt 0.648603 0.892034
vt 0.626409 0.935591
vt 0.500000 0.843750
vt 0.591841 0.970159
vt 0.548284 0.992353
vt 0.500000 1.000000
vt 0.451716 0.992353
vt 0.408159 0.970159
vt 0.373591 0.935591
vt 0.351397 0.892034
vt 0.343750 0.843750
vt 0.351397 0.795466
vt 0.373591 0.751909
vt 0.408159 0.717341
vt 0.451716 0.695147
vt 0.500000 0.687500
vt 0.548284 0.695147
vt 0.591842 0.717341
vt 0.626409 0.751908
vt 0.648603 0.795466
vt 0.656250 0.843750
vt 0.375000 0.000000
vt 0.625000 0.000000
vt 0.625000 0.250000
vt 0.375000 0.250000
vt 0.625000 0.500000
vt 0.375000 0.500000
vt 0.625000 0.750000
vt 0.375000 0.750000
vt 0.625000 1.000000
vt 0.375000 1.000000
vt 0.875000 0.000000
vt 0.875000 0.250000
vt 0.125000 0.000000
vt 0.125000 0.250000
vt 0.375000 0.000000
vt 0.625000 0.000000
vt 0.625000 0.250000
vt 0.375000 0.250000
vt 0.625000 0.500000
vt 0.375000 0.500000
vt 0.625000 0.750000
vt 0.375000 0.750000
vt 0.625000 1.000000
vt 0.375000 1.000000
vt 0.875000 0.000000
vt 0.875000 0.250000
vt 0.125000 0.000000
vt 0.125000 0.250000
vt 0.375000 0.000000
vt 0.625000 0.000000
vt 0.625000 0.250000
vt 0.375000 0.250000
vt 0.625000 0.500000
vt 0.375000 0.500000
vt 0.625000 0.750000
vt 0.375000 0.750000
vt 0.625000 1.000000
vt 0.375000 1.000000
vt 0.875000 0.000000
vt 0.875000 0.250000
vt 0.125000 0.000000
vt 0.125000 0.250000
vt 0.375000 0.000000
vt 0.625000 0.000000
vt 0.625000 0.250000
vt 0.375000 0.250000
vt 0.625000 0.500000
vt 0.375000 0.500000
vt 0.625000 0.750000
vt 0.375000 0.750000
vt 0.625000 1.000000
vt 0.375000 1.000000
vt 0.875000 0.000000
vt 0.875000 0.250000
vt 0.125000 0.000000
vt 0.125000 0.250000
vt 0.375000 0.312500
vt 0.387500 0.312500
vt 0.387500 0.687500
vt 0.375000 0.687500
vt 0.400000 0.312500
vt 0.400000 0.687500
vt 0.412500 0.312500
vt 0.412500 0.687500
vt 0.425000 0.312500
vt 0.425000 0.687500
vt 0.437500 0.312500
vt 0.437500 0.687500
vt 0.450000 0.312500
vt 0.450000 0.687500
vt 0.462500 0.312500
vt 0.462500 0.687500
vt 0.475000 0.312500
vt 0.475000 0.687500
vt 0.487500 0.312500
vt 0.487500 0.687500
vt 0.500000 0.312500
vt 0.500000 0.687500
vt 0.512500 0.312500
vt 0.512500 0.687500
vt 0.525000 0.312500
vt 0.525000 0.687500
vt 0.537500 0.312500
vt 0.537500 0.687500
vt 0.550000 0.312500
vt 0.550000 0.687500
vt 0.562500 0.312500
vt 0.562500 0.687500
vt 0.575000 0.312500
vt 0.575000 0.687500
vt 0.587500 0.312500
vt 0.587500 0.687500
vt 0.600000 0.312500
vt 0.600000 0.687500
vt 0.612500 0.312500
vt 0.612500 0.687500
vt 0.625000 0.312500
vt 0.625000 0.687500
vt 0.626409 0.064408
vt 0.648603 0.107966
vt 0.500000 0.156250
vt 0.591842 0.029841
vt 0.548284 0.007647
vt 0.500000 -0.000000
vt 0.451716 0.007647
vt 0.408159 0.029841
vt 0.373591 0.064409
vt 0.351397 0.107966
vt 0.343750 0.156250
vt 0.351397 0.204534
vt 0.373591 0.248091
vt 0.408159 0.282659
vt 0.451716 0.304853
vt 0.500000 0.312500
vt 0.548284 0.304853
vt 0.591841 0.282659
vt 0.626409 0.248091
vt 0.648603 0.204534
vt 0.656250 0.156250
vt 0.648603 0.892034
vt 0.626409 0.935591
vt 0.500000 0.843750
vt 0.591841 0.970159
vt 0.548284 0.992353
vt 0.500000 1.000000
vt 0.451716 0.992353
vt 0.408159 0.970159
vt 0.373591 0.935591
vt 0.351397 0.892034
vt 0.343750 0.843750
vt 0.351397 0.795466
vt 0.373591 0.751909
vt 0.408159 0.717341
vt 0.451716 0.695147
vt 0.500000 0.687500
vt 0.548284 0.695147
vt 0.591842 0.717341
vt 0.626409 0.751908
vt 0.648603 0.795466
vt 0.656250 0.843750
vt 0.375000 0.312500
vt 0.387500 0.312500
vt 0.387500 0.687500
vt 0.375000 0.687500
vt 0.400000 0.312500
vt 0.400000 0.687500
vt 0.412500 0.312500
vt 0.412500 0.687500
vt 0.425000 0.312500
vt 0.425000 0.687500
vt 0.437500 0.312500
vt 0.437500 0.687500
vt 0.450000 0.312500
vt 0.450000 0.687500
vt 0.462500 0.312500
vt 0.462500 0.687500
vt 0.475000 0.312500
vt 0.475000 0.687500
vt 0.487500 0.312500
vt 0.487500 0.687500
vt 0.500000 0.312500
vt 0.500000 0.687500
vt 0.512500 0.312500
vt 0.512500 0.687500
vt 0.525000 0.312500
vt 0.525000 0.687500
vt 0.537500 0.312500
vt 0.537500 0.687500
vt 0.550000 0.312500
vt 0.550000 0.687500
vt 0.562500 0.312500
vt 0.562500 0.687500
vt 0.575000 0.312500
vt 0.575000 0.687500
vt 0.587500 0.312500
vt 0.587500 0.687500
vt 0.600000 0.312500
vt 0.600000 0.687500
vt 0.612500 0.312500
vt 0.612500 0.687500
vt 0.625000 0.312500
vt 0.625000 0.687500
vt 0.626409 0.064408
vt 0.648603 0.107966
vt 0.500000 0.156250
vt 0.591842 0.029841
vt 0.548284 0.007647
vt 0.500000 -0.000000
vt 0.451716 0.007647
vt 0.408159 0.029841
vt 0.373591 0.064409
vt 0.351397 0.107966
vt 0.343750 0.156250
vt 0.351397 0.204534
vt 0.373591 0.248091
vt 0.408159 0.282659
vt 0.451716 0.304853
vt 0.500000 0.312500
vt 0.548284 0.304853
vt 0.591841 0.282659
vt 0.626409 0.248091
vt 0.648603 0.204534
vt 0.656250 0.156250
vt 0.648603 0.892034
vt 0.626409 0.935591
vt 0.500000 0.843750
vt 0.591841 0.970159
vt 0.548284 0.992353
vt 0.500000 1.000000
vt 0.451716 0.992353
vt 0.408159 0.970159
vt 0.373591 0.935591
vt 0.351397 0.892034
vt 0.343750 0.843750
vt 0.351397 0.795466
vt 0.373591 0.751909
vt 0.408159 0.717341
vt 0.451716 0.695147
vt 0.500000 0.687500
vt 0.548284 0.695147
vt 0.591842 0.717341
vt 0.626409 0.751908
vt 0.648603 0.795466
vt 0.656250 0.843750
vt 0.375000 0.312500
vt 0.387500 0.312500
vt 0.387500 0.687500
vt 0.375000 0.687500
vt 0.400000 0.312500
vt 0.400000 0.687500
vt 0.412500 0.312500
vt 0.412500 0.687500
vt 0.425000 0.312500
vt 0.425000 0.687500
vt 0.437500 0.312500
vt 0.437500 0.687500
vt 0.450000 0.312500
vt 0.450000 0.687500
vt 0.462500 0.312500
vt 0.462500 0.687500
vt 0.475000 0.312500
vt 0.475000 0.687500
vt 0.487500 0.312500
vt 0.487500 0.687500
vt 0.500000 0.312500
vt 0.500000 0.687500
vt 0.512500 0.312500
vt 0.512500 0.687500
vt 0.525000 0.312500
vt 0.525000 0.687500
vt 0.537500 0.312500
vt 0.537500 0.687500
vt 0.550000 0.312500
vt 0.550000 0.687500
vt 0.562500 0.312500
vt 0.562500 0.687500
vt 0.575000 0.312500
vt 0.575000 0.687500
vt 0.587500 0.312500
vt 0.587500 0.687500
vt 0.600000 0.312500
vt 0.600000 0.687500
vt 0.612500 0.312500
vt 0.612500 0.687500
vt 0.625000 0.312500
vt 0.625000 0.687500
vt 0.626409 0.064408
vt 0.648603 0.107966
vt 0.500000 0.156250
vt 0.591842 0.029841
vt 0.548284 0.007647
vt 0.500000 -0.000000
vt 0.451716 0.007647
vt 0.408159 0.029841
vt 0.373591 0.064409
vt 0.351397 0.107966
vt 0.343750 0.156250
vt 0.351397 0.204534
vt 0.373591 0.248091
vt 0.408159 0.282659
vt 0.451716 0.304853
vt 0.500000 0.312500
vt 0.548284 0.304853
vt 0.591841 0.282659
vt 0.626409 0.248091
vt 0.648603 0.204534
vt 0.656250 0.156250
vt 0.648603 0.892034
vt 0.626409 0.935591
vt 0.500000 0.843750
vt 0.591841 0.970159
vt 0.548284 0.992353
vt 0.500000 1.000000
vt 0.451716 0.992353
vt 0.408159 0.970159
vt 0.373591 0.935591
vt 0.351397 0.892034
vt 0.343750 0.843750
vt 0.351397 0.795466
vt 0.373591 0.751909
vt 0.408159 0.717341
vt 0.451716 0.695147
vt 0.500000 0.687500
vt 0.548284 0.695147
vt 0.591842 0.717341
vt 0.626409 0.751908
vt 0.648603 0.795466
vt 0.656250 0.843750
vt 0.375000 0.312500
vt 0.387500 0.312500
vt 0.387500 0.687500
vt 0.375000 0.687500
vt 0.400000 0.312500
vt 0.400000 0.687500
vt 0.412500 0.312500
vt 0.412500 0.687500
vt 0.425000 0.312500
vt 0.425000 0.687500
vt 0.437500 0.312500
vt 0.437500 0.687500
vt 0.450000 0.312500
vt 0.450000 0.687500
vt 0.462500 0.312500
vt 0.462500 0.687500
vt 0.475000 0.312500
vt 0.475000 0.687500
vt 0.487500 0.312500
vt 0.487500 0.687500
vt 0.500000 0.312500
vt 0.500000 0.687500
vt 0.512500 0.312500
vt 0.512500 0.687500
vt 0.525000 0.312500
vt 0.525000 0.687500
vt 0.537500 0.312500
vt 0.537500 0.687500
vt 0.550000 0.312500
vt 0.550000 0.687500
vt 0.562500 0.312500
vt 0.562500 0.687500
vt 0.575000 0.312500
vt 0.575000 0.687500
vt 0.587500 0.312500
vt 0.587500 0.687500
vt 0.600000 0.312500
vt 0.600000 0.687500
vt 0.612500 0.312500
vt 0.612500 0.687500
vt 0.625000 0.312500
vt 0.625000 0.687500
vt 0.626409 0.064408
vt 0.648603 0.107966
vt 0.500000 0.156250
vt 0.591842 0.029841
vt 0.548284 0.007647
vt 0.500000 -0.000000
vt 0.451716 0.007647
vt 0.408159 0.029841
vt 0.373591 0.064409
vt 0.351397 0.107966
vt 0.343750 0.156250
vt 0.351397 0.204534
vt 0.373591 0.248091
vt 0.408159 0.282659
vt 0.451716 0.304853
vt 0.500000 0.312500
vt 0.548284 0.304853
vt 0.591841 0.282659
vt 0.626409 0.248091
vt 0.648603 0.204534
vt 0.656250 0.156250
vt 0.648603 0.892034
vt 0.626409 0.935591
vt 0.500000 0.843750
vt 0.591841 0.970159
vt 0.548284 0.992353
vt 0.500000 1.000000
vt 0.451716 0.992353
vt 0.408159 0.970159
vt 0.373591 0.935591
vt 0.351397 0.892034
vt 0.343750 0.843750
vt 0.351397 0.795466
vt 0.373591 0.751909
vt 0.408159 0.717341
vt 0.451716 0.695147
vt 0.500000 0.687500
vt 0.548284 0.695147
vt 0.591842 0.717341
vt 0.626409 0.751908
vt 0.648603 0.795466
vt 0.656250 0.843750
vt 0.375000 0.312500
vt 0.387500 0.312500
vt 0.387500 0.687500
vt 0.375000 0.687500
vt 0.400000 0.312500
vt 0.400000 0.687500
vt 0.412500 0.312500
vt 0.412500 0.687500
vt 0.425000 0.312500
vt 0.425000 0.687500
vt 0.437500 0.312500
vt 0.437500 0.687500
vt 0.450000 0.312500
vt 0.450000 0.687500
vt 0.462500 0.312500
vt 0.462500 0.687500
vt 0.475000 0.312500
vt 0.475000 0.687500
vt 0.487500 0.312500
vt 0.487500 0.687500
vt 0.500000 0.312500
vt 0.500000 0.687500
vt 0.512500 0.312500
vt 0.512500 0.687500
vt 0.525000 0.312500
vt 0.525000 0.687500
vt 0.537500 0.312500
vt 0.537500 0.687500
vt 0.550000 0.312500
vt 0.550000 0.687500
vt 0.562500 0.312500
vt 0.562500 0.687500
vt 0.575000 0.312500
vt 0.575000 0.687500
vt 0.587500 0.312500
vt 0.587500 0.687500
vt 0.600000 0.312500
vt 0.600000 0.687500
vt 0.612500 0.312500
vt 0.612500 0.687500
vt 0.625000 0.312500
vt 0.625000 0.687500
vt 0.626409 0.064408
vt 0.648603 0.107966
vt 0.500000 0.156250
vt 0.591842 0.029841
vt 0.548284 0.007647
vt 0.500000 -0.000000
vt 0.451716 0.007647
vt 0.408159 0.029841
vt 0.373591 0.064409
vt 0.351397 0.107966
vt 0.343750 0.156250
vt 0.351397 0.204534
vt 0.373591 0.248091
vt 0.408159 0.282659
vt 0.451716 0.304853
vt 0.500000 0.312500
vt 0.548284 0.304853
vt 0.591841 0.282659
vt 0.626409 0.248091
vt 0.648603 0.204534
vt 0.656250 0.156250
vt 0.648603 0.892034
vt 0.626409 0.935591
vt 0.500000 0.843750
vt 0.591841 0.970159
vt 0.548284 0.992353
vt 0.500000 1.000000
vt 0.451716 0.992353
vt 0.408159 0.970159
vt 0.373591 0.935591
vt 0.351397 0.892034
vt 0.343750 0.843750
vt 0.351397 0.795466
vt 0.373591 0.751909
vt 0.408159 0.717341
vt 0.451716 0.695147
vt 0.500000 0.687500
vt 0.548284 0.695147
vt 0.591842 0.717341
vt 0.626409 0.751908
vt 0.648603 0.795466
vt 0.656250 0.843750
vt 0.375000 0.312500
vt 0.387500 0.312500
vt 0.387500 0.687500
vt 0.375000 0.687500
vt 0.400000 0.312500
vt 0.400000 0.687500
vt 0.412500 0.312500
vt 0.412500 0.687500
vt 0.425000 0.312500
vt 0.425000 0.687500
vt 0.437500 0.312500
vt 0.437500 0.687500
vt 0.450000 0.312500
vt 0.450000 0.687500
vt 0.462500 0.312500
vt 0.462500 0.687500
vt 0.475000 0.312500
vt 0.475000 0.687500
vt 0.487500 0.312500
vt 0.487500 0.687500
vt 0.500000 0.312500
vt 0.500000 0.687500
vt 0.512500 0.312500
vt 0.512500 0.687500
vt 0.525000 0.312500
vt 0.525000 0.687500
vt 0.537500 0.312500
vt 0.537500 0.687500
vt 0.550000 0.312500
vt 0.550000 0.687500
vt 0.562500 0.312500
vt 0.562500 0.687500
vt 0.575000 0.312500
vt 0.575000 0.687500
vt 0.587500 0.312500
vt 0.587500 0.687500
vt 0.600000 0.312500
vt 0.600000 0.687500
vt 0.612500 0.312500
vt 0.612500 0.687500
vt 0.625000 0.312500
vt 0.625000 0.687500
vt 0.626409 0.064408
vt 0.648603 0.107966
vt 0.500000 0.156250
vt 0.591842 0.029841
vt 0.548284 0.007647
vt 0.500000 -0.000000
vt 0.451716 0.007647
vt 0.408159 0.029841
vt 0.373591 0.064409
vt 0.351397 0.107966
vt 0.343750 0.156250
vt 0.351397 0.204534
vt 0.373591 0.248091
vt 0.408159 0.282659
vt 0.451716 0.304853
vt 0.500000 0.312500
vt 0.548284 0.304853
vt 0.591841 0.282659
vt 0.626409 0.248091
vt 0.648603 0.204534
vt 0.656250 0.156250
vt 0.648603 0.892034
vt 0.626409 0.935591
vt 0.500000 0.843750
vt 0.591841 0.970159
vt 0.548284 0.992353
vt 0.500000 1.000000
vt 0.451716 0.992353
vt 0.408159 0.970159
vt 0.373591 0.935591
vt 0.351397 0.892034
vt 0.343750 0.843750
vt 0.351397 0.795466
vt 0.373591 0.751909
vt 0.408159 0.717341
vt 0.451716 0.695147
vt 0.500000 0.687500
vt 0.548284 0.695147
vt 0.591842 0.717341
vt 0.626409 0.751908
vt 0.648603 0.795466
vt 0.656250 0.843750
vt 0.375000 0.312500
vt 0.387500 0.312500
vt 0.387500 0.687500
vt 0.375000 0.687500
vt 0.400000 0.312500
vt 0.400000 0.687500
vt 0.412500 0.312500
vt 0.412500 0.687500
vt 0.425000 0.312500
vt 0.425000 0.687500
vt 0.437500 0.312500
vt 0.437500 0.687500
vt 0.450000 0.312500
vt 0.450000 0.687500
vt 0.462500 0.312500
vt 0.462500 0.687500
vt 0.475000 0.312500
vt 0.475000 0.687500
vt 0.487500 0.312500
vt 0.487500 0.687500
vt 0.500000 0.312500
vt 0.500000 0.687500
vt 0.512500 0.312500
vt 0.512500 0.687500
vt 0.525000 0.312500
vt 0.525000 0.687500
vt 0.537500 0.312500
vt 0.537500 0.687500
vt 0.550000 0.312500
vt 0.550000 0.687500
vt 0.562500 0.312500
vt 0.562500 0.687500
vt 0.575000 0.312500
vt 0.575000 0.687500
vt 0.587500 0.312500
vt 0.587500 0.687500
vt 0.600000 0.312500
vt 0.600000 0.687500
vt 0.612500 0.312500
vt 0.612500 0.687500
vt 0.625000 0.312500
vt 0.625000 0.687500
vt 0.626409 0.064408
vt 0.648603 0.107966
vt 0.500000 0.156250
vt 0.591842 0.029841
vt 0.548284 0.007647
vt 0.500000 -0.000000
vt 0.451716 0.007647
vt 0.408159 0.029841
vt 0.373591 0.064409
vt 0.351397 0.107966
vt 0.343750 0.156250
vt 0.351397 0.204534
vt 0.373591 0.248091
vt 0.408159 0.282659
vt 0.451716 0.304853
vt 0.500000 0.312500
vt 0.548284 0.304853
vt 0.591841 0.282659
vt 0.626409 0.248091
vt 0.648603 0.204534
vt 0.656250 0.156250
vt 0.648603 0.892034
vt 0.626409 0.935591
vt 0.500000 0.843750
vt 0.591841 0.970159
vt 0.548284 0.992353
vt 0.500000 1.000000
vt 0.451716 0.992353
vt 0.408159 0.970159
vt 0.373591 0.935591
vt 0.351397 0.892034
vt 0.343750 0.843750
vt 0.351397 0.795466
vt 0.373591 0.751909
vt 0.408159 0.717341
vt 0.451716 0.695147
vt 0.500000 0.687500
vt 0.548284 0.695147
vt 0.591842 0.717341
vt 0.626409 0.751908
vt 0.648603 0.795466
vt 0.656250 0.843750
vt 0.376788 0.956826
vt 0.375000 0.956826
vt 0.375000 0.793172
vt 0.376788 0.793172
vt 0.376788 0.003323
vt 0.376788 -0.000000
vt 0.389950 0.000000
vt 0.389950 0.003323
vt 0.331826 0.003323
vt 0.376788 0.125966
vt 0.331826 0.122642
vt 0.392479 0.956826
vt 0.389950 0.956826
vt 0.389950 0.793174
vt 0.392479 0.793174
vt 0.392479 0.003323
vt 0.392479 0.000000
vt 0.411758 0.000000
vt 0.411758 0.003323
vt 0.392479 0.125965
vt 0.389950 0.125965
vt 0.376788 0.746677
vt 0.375000 0.746677
vt 0.375000 0.627357
vt 0.376788 0.624035
vt 0.389950 0.746677
vt 0.392479 0.746677
vt 0.389950 0.624035
vt 0.392479 0.624035
vt 0.411758 0.746677
vt 0.411758 0.793174
vt 0.131914 0.136177
vt 0.168174 0.122642
vt 0.623212 0.000000
vt 0.623212 0.003323
vt 0.607218 0.003323
vt 0.607218 0.000000
vt 0.668174 0.003323
vt 0.668174 0.000000
vt 0.831826 0.000000
vt 0.831826 0.003323
vt 0.668174 0.123616
vt 0.623212 0.123616
vt 0.623212 0.128315
vt 0.607218 0.128315
vt 0.607218 0.123616
vt 0.668174 0.128315
vt 0.831826 0.123616
vt 0.831826 0.128315
vt 0.668174 0.146775
vt 0.623212 0.146775
vt 0.623212 0.246677
vt 0.623212 0.293174
vt 0.607218 0.293174
vt 0.607218 0.246677
vt 0.668174 0.246677
vt 0.623212 0.235128
vt 0.668174 0.235128
vt 0.668174 0.250000
vt 0.831826 0.246677
vt 0.831826 0.250000
vt 0.623212 0.456826
vt 0.623212 0.503323
vt 0.607218 0.503323
vt 0.607218 0.456826
vt 0.875000 0.246677
vt 0.831826 0.235128
vt 0.875000 0.235128
vt 0.623212 0.514872
vt 0.623212 0.519572
vt 0.607218 0.519572
vt 0.607218 0.514872
vt 0.831826 0.230428
vt 0.668174 0.230428
vt 0.625000 0.519572
vt 0.625000 0.538128
vt 0.623212 0.538128
vt 0.623212 0.746677
vt 0.623212 0.793174
vt 0.607218 0.793174
vt 0.607218 0.746677
vt 0.875000 0.003323
vt 0.875000 0.123616
vt 0.558083 0.000000
vt 0.558083 0.003323
vt 0.555269 0.003323
vt 0.555269 0.000000
vt 0.560612 0.956826
vt 0.558083 0.956826
vt 0.558083 0.793174
vt 0.560612 0.793174
vt 0.560612 0.003323
vt 0.560612 0.000000
vt 0.564732 0.000000
vt 0.564732 0.003323
vt 0.560612 0.123616
vt 0.558083 0.123619
vt 0.567261 0.956826
vt 0.564732 0.956826
vt 0.564732 0.793174
vt 0.567261 0.793174
vt 0.567261 0.003323
vt 0.567261 0.000000
vt 0.571737 0.000000
vt 0.571737 0.003323
vt 0.567261 0.123616
vt 0.564732 0.123616
vt 0.558083 0.746677
vt 0.555269 0.793174
vt 0.555269 0.746677
vt 0.560612 0.746677
vt 0.558083 0.626384
vt 0.560612 0.626384
vt 0.564732 0.746677
vt 0.567261 0.746677
vt 0.564732 0.626384
vt 0.567261 0.626384
vt 0.571737 0.746677
vt 0.571737 0.793174
vt 0.560612 0.128315
vt 0.564732 0.128315
vt 0.558083 0.128315
vt 0.560612 0.146775
vt 0.558083 0.146775
vt 0.555269 0.128315
vt 0.555269 0.123619
vt 0.531505 0.000000
vt 0.531505 0.003323
vt 0.526018 0.003323
vt 0.526018 0.000000
vt 0.534034 0.956826
vt 0.531505 0.956826
vt 0.531505 0.793174
vt 0.534034 0.793174
vt 0.534034 0.003323
vt 0.534034 0.000000
vt 0.539223 0.000000
vt 0.539223 0.003323
vt 0.534034 0.123616
vt 0.531505 0.123617
vt 0.541752 0.956826
vt 0.539223 0.956826
vt 0.539223 0.793174
vt 0.541752 0.793174
vt 0.541752 0.003323
vt 0.541752 0.000000
vt 0.545348 0.000000
vt 0.545348 0.003323
vt 0.541752 0.123616
vt 0.539223 0.123616
vt 0.531505 0.746677
vt 0.526018 0.793174
vt 0.526018 0.746677
vt 0.534034 0.746677
vt 0.531505 0.626384
vt 0.534034 0.626384
vt 0.539223 0.746677
vt 0.541752 0.746677
vt 0.539223 0.626384
vt 0.541752 0.626384
vt 0.545348 0.746677
vt 0.545348 0.793174
vt 0.534034 0.128315
vt 0.539223 0.128315
vt 0.531505 0.128315
vt 0.534034 0.146775
vt 0.531505 0.146775
vt 0.526018 0.128315
vt 0.526018 0.123617
vt 0.449781 0.000000
vt 0.449781 0.003323
vt 0.443317 0.003323
vt 0.443317 0.000000
vt 0.452310 0.956826
vt 0.449781 0.956826
vt 0.449781 0.793174
vt 0.452310 0.793174
vt 0.452310 0.003323
vt 0.452310 0.000000
vt 0.460959 0.000000
vt 0.460959 0.003323
vt 0.452310 0.125965
vt 0.449781 0.125966
vt 0.463488 0.956826
vt 0.460959 0.956826
vt 0.460959 0.793174
vt 0.463488 0.793174
vt 0.463488 0.003323
vt 0.463488 0.000000
vt 0.471569 0.000000
vt 0.471569 0.003323
vt 0.463552 0.123497
vt 0.460632 0.125966
vt 0.449781 0.746677
vt 0.443317 0.793174
vt 0.443317 0.746677
vt 0.452310 0.746677
vt 0.449781 0.624035
vt 0.452310 0.624035
vt 0.460959 0.746677
vt 0.463488 0.746677
vt 0.460763 0.624035
vt 0.463520 0.626444
vt 0.471569 0.746677
vt 0.471569 0.793174
vt 0.414287 0.956826
vt 0.411758 0.956826
vt 0.414287 0.793174
vt 0.414287 0.003323
vt 0.414287 0.000000
vt 0.423760 0.000000
vt 0.423760 0.003323
vt 0.414287 0.125966
vt 0.411758 0.125965
vt 0.426289 0.956826
vt 0.423760 0.956826
vt 0.423760 0.793174
vt 0.426289 0.793174
vt 0.426289 0.003323
vt 0.426289 0.000000
vt 0.431738 0.000000
vt 0.431738 0.003323
vt 0.426289 0.125966
vt 0.423760 0.125965
vt 0.414287 0.746677
vt 0.411758 0.624035
vt 0.414287 0.624035
vt 0.423760 0.746677
vt 0.426289 0.746677
vt 0.423760 0.624035
vt 0.426289 0.624035
vt 0.431738 0.746677
vt 0.431738 0.793174
vt 0.531505 0.621685
vt 0.526018 0.626384
vt 0.526018 0.621685
vt 0.534034 0.621685
vt 0.531505 0.603225
vt 0.534034 0.603225
vt 0.539223 0.621685
vt 0.558083 0.621685
vt 0.555269 0.626384
vt 0.555269 0.621685
vt 0.560612 0.621685
vt 0.558083 0.603225
vt 0.560612 0.603225
vt 0.564732 0.621685
vt 0.623212 0.621685
vt 0.623212 0.626384
vt 0.607218 0.626384
vt 0.607218 0.621685
vt 0.875000 0.128315
vt 0.875000 0.146775
vt 0.831826 0.146775
vt 0.623212 0.151475
vt 0.607218 0.151475
vt 0.607218 0.146775
vt 0.668174 0.151475
vt 0.831826 0.151475
vt 0.668174 0.178703
vt 0.623212 0.178703
vt 0.560612 0.151475
vt 0.564732 0.146775
vt 0.564732 0.151475
vt 0.558083 0.151475
vt 0.560612 0.178703
vt 0.558083 0.178703
vt 0.555269 0.151475
vt 0.555268 0.146775
vt 0.534034 0.151475
vt 0.539223 0.146775
vt 0.539223 0.151475
vt 0.531505 0.151475
vt 0.534034 0.178703
vt 0.531505 0.178703
vt 0.526018 0.151475
vt 0.526018 0.146775
vt 0.541752 0.621685
vt 0.539223 0.603225
vt 0.541752 0.603225
vt 0.545348 0.621685
vt 0.545348 0.626384
vt 0.567261 0.621685
vt 0.564732 0.603225
vt 0.567261 0.603225
vt 0.571737 0.621685
vt 0.571737 0.626384
vt 0.604689 0.128315
vt 0.604689 0.146775
vt 0.604689 0.123616
vt 0.598581 0.128315
vt 0.598581 0.123616
vt 0.604689 0.003323
vt 0.552739 0.128315
vt 0.552739 0.146775
vt 0.552739 0.123616
vt 0.547877 0.128315
vt 0.547877 0.123616
vt 0.552740 0.003323
vt 0.523489 0.128315
vt 0.523489 0.146775
vt 0.523489 0.123616
vt 0.517993 0.128315
vt 0.517993 0.123616
vt 0.523489 0.003323
vt 0.588878 0.000000
vt 0.588878 0.003323
vt 0.581811 0.003323
vt 0.581811 0.000000
vt 0.591407 0.956826
vt 0.588878 0.956826
vt 0.588878 0.793174
vt 0.591407 0.793174
vt 0.591407 0.003323
vt 0.591407 0.000000
vt 0.596052 0.000000
vt 0.596052 0.003323
vt 0.591407 0.123616
vt 0.588878 0.123616
vt 0.598581 0.956826
vt 0.596052 0.956826
vt 0.596052 0.793174
vt 0.598581 0.793174
vt 0.598581 0.003323
vt 0.598581 0.000000
vt 0.604689 0.000000
vt 0.596052 0.123616
vt 0.591407 0.128315
vt 0.596052 0.128315
vt 0.588878 0.128315
vt 0.591407 0.146775
vt 0.588878 0.146775
vt 0.581811 0.128315
vt 0.581811 0.123616
vt 0.579282 0.128315
vt 0.581811 0.146775
vt 0.579282 0.146775
vt 0.579282 0.123616
vt 0.574266 0.128315
vt 0.574266 0.123616
vt 0.579282 0.003323
vt 0.588908 0.247702
vt 0.589196 0.293396
vt 0.581483 0.292941
vt 0.581826 0.247663
vt 0.591428 0.246622
vt 0.588878 0.235128
vt 0.591407 0.235128
vt 0.591516 0.293008
vt 0.596052 0.246677
vt 0.596052 0.293174
vt 0.591511 0.457157
vt 0.589196 0.456604
vt 0.598581 0.293174
vt 0.598581 0.456826
vt 0.596052 0.456826
vt 0.598581 0.246677
vt 0.596052 0.235128
vt 0.598581 0.235128
vt 0.604689 0.246677
vt 0.604689 0.293174
vt 0.588908 0.502298
vt 0.581821 0.502328
vt 0.581478 0.457291
vt 0.591435 0.503395
vt 0.596052 0.503323
vt 0.591407 0.514872
vt 0.588878 0.514872
vt 0.598581 0.503323
vt 0.598581 0.514872
vt 0.596052 0.514872
vt 0.604689 0.456826
vt 0.604689 0.503323
vt 0.588878 0.621685
vt 0.588878 0.626384
vt 0.581811 0.626384
vt 0.581811 0.621685
vt 0.591407 0.621685
vt 0.588878 0.603225
vt 0.591407 0.603225
vt 0.591407 0.626384
vt 0.596052 0.621685
vt 0.596052 0.626384
vt 0.591407 0.746677
vt 0.588878 0.746677
vt 0.598581 0.626384
vt 0.598581 0.746677
vt 0.596052 0.746677
vt 0.598581 0.621685
vt 0.596052 0.603225
vt 0.598581 0.603225
vt 0.604689 0.621685
vt 0.604689 0.626384
vt 0.581811 0.793174
vt 0.581811 0.746677
vt 0.604689 0.746677
vt 0.604689 0.793174
vt 0.591407 0.151475
vt 0.596052 0.146775
vt 0.596052 0.151475
vt 0.588878 0.151475
vt 0.591407 0.178703
vt 0.588878 0.178703
vt 0.581811 0.151475
vt 0.591407 0.519572
vt 0.596052 0.519572
vt 0.588878 0.519572
vt 0.591407 0.538128
vt 0.588878 0.538128
vt 0.581811 0.519572
vt 0.581811 0.514914
vt 0.574266 0.956826
vt 0.571737 0.956826
vt 0.574266 0.793174
vt 0.574266 0.003323
vt 0.574266 0.000000
vt 0.579282 0.000000
vt 0.571737 0.123616
vt 0.581811 0.956826
vt 0.579282 0.956826
vt 0.579282 0.793174
vt 0.571737 0.128315
vt 0.574266 0.146775
vt 0.571737 0.146775
vt 0.567261 0.128315
vt 0.567261 0.146775
vt 0.571716 0.247916
vt 0.573002 0.290773
vt 0.567419 0.290246
vt 0.567274 0.244562
vt 0.574310 0.248368
vt 0.571737 0.233894
vt 0.574266 0.233894
vt 0.579274 0.248413
vt 0.579179 0.292843
vt 0.579282 0.233894
vt 0.581811 0.235086
vt 0.579179 0.457155
vt 0.574288 0.501605
vt 0.573002 0.459228
vt 0.579274 0.501587
vt 0.571694 0.502622
vt 0.574266 0.516106
vt 0.571737 0.516450
vt 0.567274 0.505928
vt 0.567418 0.461559
vt 0.579282 0.516106
vt 0.574266 0.621685
vt 0.571737 0.603225
vt 0.574266 0.603225
vt 0.574266 0.626384
vt 0.579282 0.621685
vt 0.579282 0.626384
vt 0.574266 0.746677
vt 0.579282 0.603225
vt 0.581811 0.603225
vt 0.579282 0.746677
vt 0.574266 0.151475
vt 0.579282 0.151475
vt 0.571737 0.151475
vt 0.574266 0.178703
vt 0.571737 0.178703
vt 0.567261 0.151475
vt 0.574266 0.519572
vt 0.579282 0.519572
vt 0.571737 0.519572
vt 0.574266 0.538128
vt 0.571737 0.538128
vt 0.567261 0.519572
vt 0.567261 0.516450
vt 0.515464 0.000000
vt 0.515464 0.003323
vt 0.507070 0.003323
vt 0.507070 0.000000
vt 0.517993 0.956826
vt 0.515464 0.956826
vt 0.515464 0.793174
vt 0.517993 0.793174
vt 0.517993 0.003323
vt 0.517993 0.000000
vt 0.523489 0.000000
vt 0.515464 0.123616
vt 0.526018 0.956826
vt 0.523489 0.956826
vt 0.523489 0.793174
vt 0.515464 0.128315
vt 0.517993 0.146775
vt 0.515464 0.146775
vt 0.507070 0.128315
vt 0.507070 0.123616
vt 0.504541 0.128315
vt 0.507070 0.146775
vt 0.504541 0.146775
vt 0.504541 0.123616
vt 0.496412 0.128315
vt 0.496412 0.123616
vt 0.504541 0.003323
vt 0.517993 0.621685
vt 0.515464 0.621685
vt 0.515464 0.603225
vt 0.517993 0.603225
vt 0.517993 0.626384
vt 0.523489 0.621685
vt 0.523489 0.626384
vt 0.515464 0.626384
vt 0.517993 0.746677
vt 0.515464 0.746677
vt 0.507070 0.626384
vt 0.507070 0.621685
vt 0.523489 0.603225
vt 0.526018 0.603225
vt 0.523489 0.746677
vt 0.507070 0.793174
vt 0.507070 0.746677
vt 0.517993 0.151475
vt 0.523489 0.151475
vt 0.515464 0.151475
vt 0.517993 0.178703
vt 0.515464 0.178703
vt 0.507070 0.151475
vt 0.518516 0.503478
vt 0.516728 0.456825
vt 0.523489 0.459396
vt 0.523489 0.506681
vt 0.518533 0.514850
vt 0.516728 0.469922
vt 0.518088 0.519750
vt 0.523489 0.514872
vt 0.523489 0.519572
vt 0.515452 0.520576
vt 0.517993 0.538128
vt 0.515464 0.538128
vt 0.514973 0.469011
vt 0.507070 0.520545
vt 0.507070 0.468100
vt 0.515006 0.280078
vt 0.516728 0.280079
vt 0.493883 0.000000
vt 0.493883 0.003323
vt 0.486190 0.003323
vt 0.486190 0.000000
vt 0.496412 0.956826
vt 0.493883 0.956826
vt 0.493883 0.793174
vt 0.496412 0.793174
vt 0.496412 0.003323
vt 0.496412 0.000000
vt 0.504541 0.000000
vt 0.493883 0.123616
vt 0.507070 0.956826
vt 0.504541 0.956826
vt 0.504541 0.793174
vt 0.493883 0.128315
vt 0.496412 0.146775
vt 0.493883 0.146775
vt 0.486190 0.128315
vt 0.486190 0.123616
vt 0.483661 0.128315
vt 0.486190 0.146775
vt 0.483661 0.146775
vt 0.483661 0.123616
vt 0.474098 0.128315
vt 0.474098 0.123616
vt 0.483661 0.003323
vt 0.496412 0.621685
vt 0.493883 0.621685
vt 0.493883 0.603225
vt 0.496412 0.603225
vt 0.496412 0.626384
vt 0.504541 0.621685
vt 0.504541 0.626384
vt 0.493883 0.626384
vt 0.496412 0.746677
vt 0.493883 0.746677
vt 0.486190 0.626384
vt 0.486190 0.621685
vt 0.504541 0.603225
vt 0.507070 0.603225
vt 0.504541 0.746677
vt 0.486190 0.793174
vt 0.486190 0.746677
vt 0.493883 0.151475
vt 0.486190 0.151475
vt 0.496412 0.151475
vt 0.504541 0.151475
vt 0.496412 0.178703
vt 0.493883 0.178703
vt 0.474098 0.956826
vt 0.471569 0.956826
vt 0.474098 0.793174
vt 0.474098 0.003323
vt 0.474098 0.000000
vt 0.483661 0.000000
vt 0.471569 0.123616
vt 0.486190 0.956826
vt 0.483661 0.956826
vt 0.483661 0.793174
vt 0.471569 0.128315
vt 0.474194 0.146597
vt 0.471611 0.145912
vt 0.464028 0.128337
vt 0.462224 0.213648
vt 0.464012 0.145802
vt 0.462224 0.230463
vt 0.462224 0.125966
vt 0.462224 0.544410
vt 0.456575 0.615692
vt 0.474098 0.621685
vt 0.471569 0.621685
vt 0.471557 0.604229
vt 0.474194 0.603403
vt 0.474098 0.626384
vt 0.483661 0.621685
vt 0.483661 0.626384
vt 0.471569 0.626384
vt 0.474098 0.746677
vt 0.463952 0.621763
vt 0.483661 0.603225
vt 0.486190 0.603225
vt 0.483661 0.746677
vt 0.471111 0.224248
vt 0.472833 0.227447
vt 0.472833 0.528953
vt 0.471111 0.525748
vt 0.464012 0.227140
vt 0.474638 0.151497
vt 0.483661 0.151475
vt 0.474622 0.177730
vt 0.472833 0.251364
vt 0.434267 0.956826
vt 0.431738 0.956826
vt 0.434267 0.793174
vt 0.434267 0.003323
vt 0.434267 0.000000
vt 0.440788 0.000000
vt 0.440788 0.003323
vt 0.434267 0.125965
vt 0.431738 0.125965
vt 0.443317 0.956826
vt 0.440788 0.956826
vt 0.440788 0.793174
vt 0.443317 0.125966
vt 0.440788 0.125966
vt 0.434267 0.746677
vt 0.431738 0.624035
vt 0.434267 0.624035
vt 0.440788 0.746677
vt 0.440788 0.624035
vt 0.443317 0.624035
vt 0.486190 0.598525
vt 0.493883 0.598525
vt 0.483661 0.598525
vt 0.474562 0.598603
vt 0.483650 0.572301
vt 0.486286 0.571475
vt 0.462224 0.526183
vt 0.464012 0.604198
vt 0.464012 0.522860
vt 0.507070 0.598525
vt 0.515464 0.598525
vt 0.504541 0.598525
vt 0.496412 0.598525
vt 0.504541 0.571297
vt 0.507070 0.571297
vt 0.504541 0.281900
vt 0.507070 0.281900
vt 0.504541 0.468100
vt 0.504541 0.229455
vt 0.496936 0.281899
vt 0.496936 0.229455
vt 0.507070 0.229455
vt 0.504541 0.211872
vt 0.507070 0.211872
vt 0.515506 0.229565
vt 0.504541 0.207172
vt 0.496953 0.211894
vt 0.496508 0.206994
vt 0.507070 0.207172
vt 0.504541 0.183403
vt 0.507070 0.183403
vt 0.515464 0.207172
vt 0.515464 0.211872
vt 0.518516 0.245525
vt 0.516728 0.293174
vt 0.518533 0.234438
vt 0.523489 0.242505
vt 0.523489 0.288975
vt 0.518088 0.230250
vt 0.517993 0.211872
vt 0.523489 0.230428
vt 0.523489 0.234423
vt 0.531505 0.230428
vt 0.531505 0.233718
vt 0.526018 0.233718
vt 0.526018 0.230428
vt 0.534034 0.230428
vt 0.531505 0.211872
vt 0.534034 0.211872
vt 0.534034 0.233718
vt 0.539223 0.230428
vt 0.539223 0.233718
vt 0.534034 0.238338
vt 0.531505 0.238338
vt 0.531505 0.287225
vt 0.526018 0.290604
vt 0.526018 0.241690
vt 0.534034 0.286403
vt 0.539223 0.238338
vt 0.539223 0.286410
vt 0.534034 0.463588
vt 0.531505 0.464405
vt 0.558083 0.230428
vt 0.558083 0.233718
vt 0.555269 0.233718
vt 0.555269 0.230428
vt 0.560612 0.230428
vt 0.558083 0.211872
vt 0.560612 0.211872
vt 0.560612 0.233718
vt 0.564732 0.230428
vt 0.564732 0.233718
vt 0.560565 0.238656
vt 0.558035 0.238287
vt 0.557925 0.285849
vt 0.560147 0.286760
vt 0.560139 0.462514
vt 0.557917 0.463867
vt 0.555268 0.286414
vt 0.555269 0.238338
vt 0.564719 0.241703
vt 0.565226 0.288434
vt 0.571737 0.230428
vt 0.567261 0.233894
vt 0.567261 0.230428
vt 0.574266 0.230428
vt 0.571737 0.211872
vt 0.574266 0.211872
vt 0.579282 0.230428
vt 0.588878 0.230428
vt 0.581811 0.230428
vt 0.591407 0.230428
vt 0.588878 0.211872
vt 0.591407 0.211872
vt 0.596052 0.230428
vt 0.623212 0.230428
vt 0.607218 0.235128
vt 0.607218 0.230428
vt 0.623212 0.211872
vt 0.668174 0.211872
vt 0.623212 0.542828
vt 0.607218 0.542828
vt 0.607218 0.538128
vt 0.831826 0.207172
vt 0.831826 0.211872
vt 0.668174 0.207172
vt 0.625000 0.542828
vt 0.625000 0.566597
vt 0.623212 0.566597
vt 0.588878 0.542828
vt 0.581811 0.542827
vt 0.581811 0.538128
vt 0.591407 0.542828
vt 0.596052 0.538128
vt 0.596052 0.542828
vt 0.591407 0.566597
vt 0.588878 0.566597
vt 0.571737 0.542828
vt 0.567261 0.542828
vt 0.567261 0.538128
vt 0.574266 0.542828
vt 0.579282 0.538128
vt 0.579282 0.542827
vt 0.574266 0.566597
vt 0.571737 0.566597
vt 0.560612 0.519572
vt 0.560612 0.516282
vt 0.564732 0.516282
vt 0.564732 0.519572
vt 0.558083 0.519572
vt 0.560612 0.538128
vt 0.558083 0.538128
vt 0.558083 0.516282
vt 0.555268 0.519572
vt 0.555268 0.516282
vt 0.558048 0.511699
vt 0.560558 0.511338
vt 0.558083 0.542828
vt 0.555269 0.542828
vt 0.555269 0.538128
vt 0.560612 0.542828
vt 0.564732 0.538128
vt 0.564732 0.542828
vt 0.560612 0.566597
vt 0.558083 0.566597
vt 0.534034 0.516282
vt 0.531505 0.516282
vt 0.531505 0.511662
vt 0.534034 0.511662
vt 0.534034 0.519572
vt 0.539223 0.516282
vt 0.539223 0.519572
vt 0.531505 0.519572
vt 0.534034 0.538128
vt 0.531505 0.538128
vt 0.526018 0.519572
vt 0.526018 0.516282
vt 0.531505 0.542828
vt 0.526018 0.542828
vt 0.526018 0.538128
vt 0.534034 0.542828
vt 0.539223 0.538128
vt 0.539223 0.542828
vt 0.534034 0.566597
vt 0.531505 0.566597
vt 0.517993 0.542828
vt 0.523489 0.538128
vt 0.523489 0.542828
vt 0.515464 0.542828
vt 0.517993 0.566597
vt 0.515464 0.566597
vt 0.507070 0.542828
vt 0.507070 0.538128
vt 0.496936 0.468099
vt 0.495148 0.471422
vt 0.495148 0.285223
vt 0.496936 0.520545
vt 0.504541 0.520545
vt 0.496877 0.538206
vt 0.495148 0.488643
vt 0.493426 0.485444
vt 0.493426 0.264557
vt 0.495148 0.267757
vt 0.496508 0.543006
vt 0.504541 0.538128
vt 0.504541 0.542828
vt 0.493872 0.543832
vt 0.496412 0.566597
vt 0.493883 0.566597
vt 0.486714 0.543801
vt 0.486714 0.483320
vt 0.523489 0.211872
vt 0.526018 0.211872
vt 0.541752 0.233718
vt 0.541752 0.238338
vt 0.541752 0.230428
vt 0.539223 0.211872
vt 0.541752 0.211872
vt 0.545348 0.230428
vt 0.545348 0.233718
vt 0.564732 0.211872
vt 0.567261 0.211872
vt 0.579282 0.211872
vt 0.581811 0.211872
vt 0.598581 0.230428
vt 0.596052 0.211872
vt 0.598581 0.211872
vt 0.604689 0.230428
vt 0.604689 0.235128
vt 0.604689 0.514872
vt 0.604689 0.519572
vt 0.604689 0.538128
vt 0.598581 0.519572
vt 0.564711 0.508314
vt 0.552739 0.516282
vt 0.552739 0.511662
vt 0.555268 0.511662
vt 0.552739 0.519572
vt 0.552740 0.538128
vt 0.547877 0.519572
vt 0.547877 0.516282
vt 0.526018 0.508310
vt 0.496412 0.571297
vt 0.504541 0.566597
vt 0.493883 0.571297
vt 0.486655 0.566675
vt 0.507070 0.566597
vt 0.517993 0.571297
vt 0.523489 0.566597
vt 0.523489 0.571297
vt 0.515464 0.571297
vt 0.517993 0.598525
vt 0.531505 0.571297
vt 0.526018 0.571297
vt 0.526018 0.566597
vt 0.534034 0.571297
vt 0.539223 0.566597
vt 0.539223 0.571297
vt 0.534034 0.598525
vt 0.531505 0.598525
vt 0.558083 0.571297
vt 0.555269 0.571297
vt 0.555269 0.566597
vt 0.560612 0.571297
vt 0.564732 0.566597
vt 0.564732 0.571297
vt 0.560612 0.598525
vt 0.558083 0.598525
vt 0.571737 0.571297
vt 0.567261 0.571297
vt 0.567261 0.566597
vt 0.574266 0.571297
vt 0.579282 0.566597
vt 0.579282 0.571297
vt 0.574266 0.598525
vt 0.571737 0.598525
vt 0.588878 0.571297
vt 0.581811 0.571297
vt 0.581811 0.566597
vt 0.591407 0.571297
vt 0.596052 0.566597
vt 0.596052 0.571297
vt 0.591408 0.598525
vt 0.588878 0.598525
vt 0.623212 0.571297
vt 0.607218 0.571297
vt 0.607218 0.566597
vt 0.831826 0.178703
vt 0.831826 0.183403
vt 0.668174 0.183403
vt 0.625000 0.571297
vt 0.625000 0.598525
vt 0.623212 0.598525
vt 0.623212 0.207172
vt 0.623212 0.183403
vt 0.607218 0.211872
vt 0.607218 0.207172
vt 0.591407 0.207172
vt 0.596052 0.207172
vt 0.588878 0.207172
vt 0.581811 0.207172
vt 0.588878 0.183403
vt 0.591407 0.183403
vt 0.574266 0.207172
vt 0.579282 0.207172
vt 0.571737 0.207172
vt 0.567261 0.207172
vt 0.571737 0.183403
vt 0.574266 0.183403
vt 0.560612 0.207172
vt 0.564732 0.207172
vt 0.558083 0.207172
vt 0.555269 0.211872
vt 0.555268 0.207172
vt 0.558083 0.183403
vt 0.560612 0.183403
vt 0.534034 0.207172
vt 0.539223 0.207172
vt 0.531505 0.207172
vt 0.526018 0.207172
vt 0.531505 0.183403
vt 0.534034 0.183403
vt 0.517993 0.207172
vt 0.523489 0.207172
vt 0.515464 0.183403
vt 0.517993 0.183403
vt 0.504541 0.178703
vt 0.496412 0.183403
vt 0.507070 0.178703
vt 0.493925 0.206310
vt 0.486714 0.266677
vt 0.486714 0.206199
vt 0.493883 0.183403
vt 0.484926 0.270000
vt 0.484926 0.486646
vt 0.484926 0.248756
vt 0.486731 0.183424
vt 0.483204 0.245555
vt 0.484926 0.507644
vt 0.483204 0.504440
vt 0.483703 0.177840
vt 0.474622 0.248040
vt 0.486286 0.178525
vt 0.541752 0.542828
vt 0.541752 0.566597
vt 0.541752 0.538128
vt 0.541752 0.519572
vt 0.545348 0.538128
vt 0.545348 0.542828
vt 0.598581 0.542828
vt 0.598581 0.566597
vt 0.598581 0.538128
vt 0.604689 0.542828
vt 0.604689 0.207172
vt 0.604689 0.183403
vt 0.607218 0.183403
vt 0.604689 0.211872
vt 0.598581 0.207172
vt 0.579282 0.183403
vt 0.581811 0.183403
vt 0.564732 0.183403
vt 0.567261 0.183403
vt 0.552739 0.207172
vt 0.552739 0.183403
vt 0.555268 0.183403
vt 0.552739 0.211872
vt 0.552740 0.230428
vt 0.547877 0.211872
vt 0.547877 0.207172
vt 0.523489 0.183403
vt 0.526018 0.183403
vt 0.474622 0.501960
vt 0.472833 0.505283
vt 0.474622 0.572270
vt 0.523489 0.598525
vt 0.526018 0.598525
vt 0.539223 0.598525
vt 0.555269 0.603225
vt 0.555269 0.598525
vt 0.564732 0.598525
vt 0.567261 0.598525
vt 0.579282 0.598525
vt 0.581811 0.598525
vt 0.596052 0.598525
vt 0.623212 0.603225
vt 0.607218 0.603225
vt 0.607218 0.598525
vt 0.607218 0.178703
vt 0.596052 0.178703
vt 0.596052 0.183403
vt 0.581811 0.178703
vt 0.579282 0.178703
vt 0.567261 0.178703
vt 0.564732 0.178703
vt 0.555268 0.178703
vt 0.539223 0.178703
vt 0.539223 0.183403
vt 0.526018 0.178703
vt 0.523489 0.178703
vt 0.541752 0.571297
vt 0.541752 0.598525
vt 0.545348 0.566597
vt 0.545348 0.571297
vt 0.598581 0.571297
vt 0.598581 0.598525
vt 0.604689 0.566597
vt 0.604689 0.571297
vt 0.604689 0.178703
vt 0.604689 0.151475
vt 0.598581 0.183403
vt 0.598581 0.178703
vt 0.552739 0.178703
vt 0.552739 0.151475
vt 0.547877 0.183403
vt 0.547877 0.178703
vt 0.545348 0.598525
vt 0.545348 0.603225
vt 0.604689 0.598525
vt 0.604689 0.603225
vt 0.598581 0.151475
vt 0.598581 0.146775
vt 0.547877 0.151475
vt 0.547877 0.146775
vt 0.547877 0.956826
vt 0.545348 0.956826
vt 0.547877 0.793174
vt 0.547877 0.003323
vt 0.547877 0.000000
vt 0.552740 0.000000
vt 0.545348 0.123616
vt 0.555269 0.956826
vt 0.552740 0.956826
vt 0.552740 0.793174
vt 0.545348 0.128315
vt 0.545348 0.146775
vt 0.541752 0.128315
vt 0.541752 0.146775
vt 0.545348 0.151475
vt 0.545348 0.178703
vt 0.541752 0.151475
vt 0.541752 0.178703
vt 0.545348 0.183403
vt 0.545348 0.207172
vt 0.541752 0.183403
vt 0.541752 0.207172
vt 0.545348 0.211872
vt 0.547877 0.230428
vt 0.547877 0.233718
vt 0.552740 0.233718
vt 0.547877 0.238338
vt 0.545348 0.238338
vt 0.552740 0.238338
vt 0.545348 0.516282
vt 0.545348 0.511662
vt 0.547877 0.511662
vt 0.545348 0.519572
vt 0.547877 0.538128
vt 0.541752 0.516282
vt 0.539223 0.511662
vt 0.541752 0.511662
vt 0.547877 0.542828
vt 0.552740 0.542828
vt 0.547877 0.566597
vt 0.552740 0.566597
vt 0.547877 0.571297
vt 0.552740 0.571297
vt 0.547877 0.598525
vt 0.552740 0.598525
vt 0.547877 0.603225
vt 0.552740 0.603225
vt 0.547877 0.621685
vt 0.552740 0.621685
vt 0.547877 0.626384
vt 0.552740 0.626384
vt 0.547877 0.746677
vt 0.552740 0.746677
vt 0.545348 0.286400
vt 0.547877 0.286415
vt 0.547877 0.463590
vt 0.545348 0.463590
vt 0.541752 0.286400
vt 0.552740 0.286410
vt 0.555268 0.463590
vt 0.552739 0.463590
vt 0.541752 0.463590
vt 0.539223 0.463590
vt 0.526018 0.461025
vt 0.565220 0.460052
vt 0.607218 0.956826
vt 0.604689 0.956826
vt 0.168174 0.003323
vt 0.623212 0.956826
vt 0.516728 0.375000
vt 0.573002 0.375000
vt 0.391214 0.000000
vt 0.875000 0.232778
vt 0.559348 0.000000
vt 0.565997 0.000000
vt 0.532769 0.000000
vt 0.540487 0.000000
vt 0.451046 0.000000
vt 0.462224 0.000000
vt 0.413023 0.000000
vt 0.425024 0.000000
vt 0.875000 0.125966
vt 0.590143 0.000000
vt 0.597316 0.000000
vt 0.573002 0.000000
vt 0.580546 0.000000
vt 0.573002 0.250000
vt 0.516728 0.000000
vt 0.524753 0.000000
vt 0.495148 0.000000
vt 0.505806 0.000000
vt 0.472833 0.000000
vt 0.484926 0.000000
vt 0.462224 0.125965
vt 0.433002 0.000000
vt 0.442053 0.000000
vt 0.462224 0.624035
vt 0.625000 0.540478
vt 0.625000 0.568947
vt 0.875000 0.149125
vt 0.546613 0.000000
vt 0.554004 0.000000
vt 0.605954 0.000000
vt 0.312500 0.187500
vt 0.293422 0.125177
vt 0.705637 0.125174
vt 0.687500 0.187500
vt 0.205666 0.125174
vt 0.187500 0.187500
vt 0.812500 0.187500
vt 0.793400 0.125177
vt 0.187500 0.187500
vt 0.187495 0.125000
vt 0.812505 0.125000
vt 0.812500 0.187500
vt 0.687500 0.187500
vt 0.687483 0.125000
vt 0.312517 0.125000
vt 0.312500 0.187500
vt 0.424214 0.960160
vt 0.372656 0.960160
vt 0.346094 0.508590
vt 0.404682 0.508590
vt 0.421870 0.007812
vt 0.421870 -0.000000
vt 0.578130 -0.000000
vt 0.578130 0.007812
vt 0.370313 0.007812
vt 0.421870 0.056976
vt 0.370313 0.056976
vt 0.627343 0.960160
vt 0.580473 0.960160
vt 0.600005 0.508590
vt 0.653906 0.508590
vt 0.627344 0.042965
vt 0.627344 0.092129
vt 0.578130 0.056976
vt 0.421870 0.242188
vt 0.370313 0.242188
vt 0.370313 0.224274
vt 0.421870 0.224274
vt 0.421870 0.254687
vt 0.578130 0.242188
vt 0.578130 0.254687
vt 0.375000 0.254687
vt 0.421870 0.309186
vt 0.375000 0.309186
vt 0.629687 0.242188
vt 0.578130 0.224274
vt 0.629687 0.224274
vt 0.625000 0.254687
vt 0.625000 0.309186
vt 0.578130 0.309186
vt 0.421870 0.495313
vt 0.375000 0.495313
vt 0.375000 0.440814
vt 0.421870 0.440814
vt 0.421870 0.507812
vt 0.578130 0.495313
vt 0.578130 0.507812
vt 0.129687 0.242188
vt 0.125000 0.242188
vt 0.125000 0.224274
vt 0.129687 0.224274
vt 0.625000 0.495313
vt 0.578130 0.440814
vt 0.625000 0.440814
vt 0.625000 0.507812
vt 0.625000 0.525726
vt 0.578130 0.525726
vt 0.421870 0.742188
vt 0.375000 0.742188
vt 0.375000 0.693024
vt 0.421870 0.693024
vt 0.414840 0.724221
vt 0.578130 0.742188
vt 0.571099 0.724221
vt 0.136718 0.038278
vt 0.136718 0.030466
vt 0.269532 0.375784
vt 0.264845 0.363285
vt 0.625000 0.742188
vt 0.578130 0.693024
vt 0.625000 0.693024
vt 0.632031 0.724221
vt 0.711719 0.432029
vt 0.629696 0.432029
vt 0.421870 0.068024
vt 0.578130 0.068024
vt 0.370314 0.068024
vt 0.422679 0.119381
vt 0.370575 0.125000
vt 0.312502 0.068442
vt 0.317347 0.063213
vt 0.629687 0.068024
vt 0.680239 0.097497
vt 0.687498 0.068442
vt 0.629425 0.125000
vt 0.576512 0.119286
vt 0.421870 0.315814
vt 0.578130 0.315814
vt 0.375000 0.315814
vt 0.421870 0.340436
vt 0.375000 0.340436
vt 0.315814 0.242188
vt 0.309186 0.242188
vt 0.309186 0.224274
vt 0.315814 0.224274
vt 0.690814 0.242188
vt 0.684186 0.242188
vt 0.684186 0.224274
vt 0.690814 0.224274
vt 0.625000 0.315814
vt 0.625000 0.340436
vt 0.578130 0.340436
vt 0.421870 0.536774
vt 0.421870 0.525726
vt 0.578130 0.536774
vt 0.129687 0.213226
vt 0.125000 0.213226
vt 0.125000 0.193119
vt 0.129426 0.187500
vt 0.187500 0.213226
vt 0.184186 0.224274
vt 0.870313 0.213226
vt 0.870313 0.224274
vt 0.815814 0.224274
vt 0.812500 0.213226
vt 0.875000 0.213226
vt 0.870574 0.187500
vt 0.875000 0.193214
vt 0.374991 0.363285
vt 0.356243 0.432029
vt 0.648444 0.363285
vt 0.306625 0.091346
vt 0.191008 0.092113
vt 0.742185 0.332820
vt 0.815759 0.062419
vt 0.706359 0.092113
vt 0.421870 0.371686
vt 0.375000 0.371686
vt 0.375000 0.347064
vt 0.421870 0.347064
vt 0.421870 0.378314
vt 0.578129 0.371686
vt 0.578130 0.378314
vt 0.375000 0.378314
vt 0.421870 0.402936
vt 0.375000 0.402936
vt 0.253314 0.242188
vt 0.246686 0.242188
vt 0.246686 0.226562
vt 0.253314 0.226562
vt 0.421870 0.409564
vt 0.578130 0.402936
vt 0.578130 0.409564
vt 0.375000 0.409564
vt 0.421870 0.434186
vt 0.375000 0.434186
vt 0.222064 0.242188
vt 0.215436 0.242188
vt 0.215268 0.224553
vt 0.221916 0.226213
vt 0.753314 0.242188
vt 0.746686 0.242188
vt 0.746686 0.226562
vt 0.753314 0.226562
vt 0.625000 0.378314
vt 0.625000 0.402936
vt 0.625000 0.371686
vt 0.578130 0.347064
vt 0.625000 0.347064
vt 0.784564 0.242188
vt 0.777936 0.242188
vt 0.777980 0.226457
vt 0.784816 0.224693
vt 0.625000 0.409564
vt 0.625000 0.434186
vt 0.578130 0.434186
vt 0.340427 0.218750
vt 0.340426 0.218750
vt 0.652945 0.218750
vt 0.652945 0.218750
vt 0.356629 0.218750
vt 0.277980 0.226457
vt 0.317639 0.218750
vt 0.284564 0.242188
vt 0.277936 0.242188
vt 0.284816 0.224693
vt 0.398432 0.417974
vt 0.342188 0.382821
vt 0.378338 0.097498
vt 0.593756 0.417974
vt 0.655469 0.417974
vt 0.618123 0.096591
vt 0.722064 0.242188
vt 0.715436 0.242188
vt 0.715268 0.224553
vt 0.721916 0.226213
vt 0.312500 0.213226
vt 0.370313 0.213226
vt 0.282775 0.220275
vt 0.190814 0.242188
vt 0.184186 0.242188
vt 0.190814 0.224274
vt 0.815814 0.242188
vt 0.809186 0.242188
vt 0.809186 0.224274
vt 0.187500 0.068442
vt 0.129687 0.068024
vt 0.136718 0.087442
vt 0.812500 0.068442
vt 0.782776 0.220275
vt 0.217983 0.213267
vt 0.781987 0.213074
vt 0.676005 0.218750
vt 0.217193 0.218750
vt 0.635296 0.218750
vt 0.717982 0.213267
vt 0.281988 0.213074
vt 0.717193 0.218750
vt 0.687500 0.213226
vt 0.423488 0.130714
vt 0.577321 0.130619
vt 0.422679 0.181881
vt 0.370574 0.187500
vt 0.423488 0.193214
vt 0.576512 0.181786
vt 0.577321 0.193119
vt 0.421870 0.213226
vt 0.125000 0.130619
vt 0.129426 0.125000
vt 0.125000 0.181786
vt 0.423488 0.630714
vt 0.422679 0.619381
vt 0.576512 0.619286
vt 0.577321 0.630619
vt 0.125000 0.119286
vt 0.125000 0.068024
vt 0.421870 0.681976
vt 0.578130 0.681976
vt 0.625000 0.625000
vt 0.625000 0.681976
vt 0.870574 0.125000
vt 0.875000 0.130714
vt 0.875000 0.181881
vt 0.870313 0.056976
vt 0.870313 0.068024
vt 0.625000 0.187500
vt 0.629426 0.187500
vt 0.629687 0.213226
vt 0.578130 0.213226
vt 0.423488 0.568214
vt 0.422679 0.556881
vt 0.576512 0.556786
vt 0.577321 0.568119
vt 0.870313 0.007812
vt 0.870313 0.242188
vt 0.187495 0.125000
vt 0.187500 0.187500
vt 0.312500 0.187500
vt 0.312517 0.125000
vt 0.687483 0.125000
vt 0.687500 0.187500
vt 0.812500 0.187500
vt 0.812505 0.125000
vt 0.312517 0.125000
vt 0.187495 0.125000
vt 0.812505 0.125000
vt 0.687483 0.125000
vt 0.187500 0.187500
vt 0.187500 0.187500
vt 0.205666 0.125174
vt 0.293422 0.125177
vt 0.312500 0.187500
vt 0.312500 0.187500
vt 0.687500 0.187500
vt 0.687500 0.187500
vt 0.705637 0.125174
vt 0.793400 0.125177
vt 0.812500 0.187500
vt 0.812500 0.187500
vt 0.793400 0.125177
vt 0.205666 0.125174
vt 0.812505 0.125000
vt 0.187495 0.125000
vt 0.293422 0.125177
vt 0.705637 0.125174
vt 0.312517 0.125000
vt 0.687483 0.125000
vt 0.375000 0.312500
vt 0.625000 0.312500
vt 0.125000 0.218750
vt 0.625000 0.531250
vt 0.375000 0.375000
vt 0.375000 0.406250
vt 0.625000 0.375000
vt 0.625000 0.406250
vt 0.375000 0.343750
vt 0.625000 0.343750
vt 0.375000 0.437500
vt 0.625000 0.437500
vt 0.375000 0.125000
vt 0.375000 0.625000
vt 0.375000 0.687500
vt 0.875000 0.125000
vt 0.625000 0.687500
vt 0.125000 0.187500
vt 0.625000 0.562500
vt 0.375000 0.000000
vt 0.625000 0.000000
vt 0.625000 0.250000
vt 0.375000 0.250000
vt 0.625000 0.500000
vt 0.375000 0.500000
vt 0.625000 0.750000
vt 0.375000 0.750000
vt 0.625000 1.000000
vt 0.375000 1.000000
vt 0.875000 0.000000
vt 0.875000 0.250000
vt 0.125000 0.000000
vt 0.125000 0.250000
vt 0.375000 0.312500
vt 0.387500 0.312500
vt 0.387500 0.687500
vt 0.375000 0.687500
vt 0.400000 0.312500
vt 0.400000 0.687500
vt 0.412500 0.312500
vt 0.412500 0.687500
vt 0.425000 0.312500
vt 0.425000 0.687500
vt 0.437500 0.312500
vt 0.437500 0.687500
vt 0.450000 0.312500
vt 0.450000 0.687500
vt 0.462500 0.312500
vt 0.462500 0.687500
vt 0.475000 0.312500
vt 0.475000 0.687500
vt 0.487500 0.312500
vt 0.487500 0.687500
vt 0.500000 0.312500
vt 0.500000 0.687500
vt 0.512500 0.312500
vt 0.512500 0.687500
vt 0.525000 0.312500
vt 0.525000 0.687500
vt 0.537500 0.312500
vt 0.537500 0.687500
vt 0.550000 0.312500
vt 0.550000 0.687500
vt 0.562500 0.312500
vt 0.562500 0.687500
vt 0.575000 0.312500
vt 0.575000 0.687500
vt 0.587500 0.312500
vt 0.587500 0.687500
vt 0.600000 0.312500
vt 0.600000 0.687500
vt 0.612500 0.312500
vt 0.612500 0.687500
vt 0.625000 0.312500
vt 0.625000 0.687500
vt 0.626409 0.064408
vt 0.648603 0.107966
vt 0.500000 0.156250
vt 0.591842 0.029841
vt 0.548284 0.007647
vt 0.500000 -0.000000
vt 0.451716 0.007647
vt 0.408159 0.029841
vt 0.373591 0.064409
vt 0.351397 0.107966
vt 0.343750 0.156250
vt 0.351397 0.204534
vt 0.373591 0.248091
vt 0.408159 0.282659
vt 0.451716 0.304853
vt 0.500000 0.312500
vt 0.548284 0.304853
vt 0.591841 0.282659
vt 0.626409 0.248091
vt 0.648603 0.204534
vt 0.656250 0.156250
vt 0.648603 0.892034
vt 0.626409 0.935591
vt 0.500000 0.843750
vt 0.591841 0.970159
vt 0.548284 0.992353
vt 0.500000 1.000000
vt 0.451716 0.992353
vt 0.408159 0.970159
vt 0.373591 0.935591
vt 0.351397 0.892034
vt 0.343750 0.843750
vt 0.351397 0.795466
vt 0.373591 0.751909
vt 0.408159 0.717341
vt 0.451716 0.695147
vt 0.500000 0.687500
vt 0.548284 0.695147
vt 0.591842 0.717341
vt 0.626409 0.751908
vt 0.648603 0.795466
vt 0.656250 0.843750
vt 0.375000 0.000000
vt 0.625000 0.000000
vt 0.625000 0.250000
vt 0.375000 0.250000
vt 0.625000 0.500000
vt 0.375000 0.500000
vt 0.625000 0.750000
vt 0.375000 0.750000
vt 0.625000 1.000000
vt 0.375000 1.000000
vt 0.875000 0.000000
vt 0.875000 0.250000
vt 0.125000 0.000000
vt 0.125000 0.250000
vt 0.375000 0.000000
vt 0.625000 0.000000
vt 0.625000 0.250000
vt 0.375000 0.250000
vt 0.625000 0.500000
vt 0.375000 0.500000
vt 0.625000 0.750000
vt 0.375000 0.750000
vt 0.625000 1.000000
vt 0.375000 1.000000
vt 0.875000 0.000000
vt 0.875000 0.250000
vt 0.125000 0.000000
vt 0.125000 0.250000
vn 0.951057 0.000000 -0.309015
vn 0.809016 0.000000 -0.587786
vn 0.809016 0.000000 -0.587786
vn 0.951057 0.000000 -0.309015
vn 0.587785 0.000000 -0.809017
vn 0.587785 0.000000 -0.809017
vn 0.309017 0.000000 -0.951056
vn 0.309017 0.000000 -0.951056
vn 0.000000 0.000000 -1.000000
vn 0.000000 0.000000 -1.000000
vn -0.309017 0.000000 -0.951056
vn -0.309017 0.000000 -0.951056
vn -0.587785 0.000000 -0.809017
vn -0.587785 0.000000 -0.809017
vn -0.809017 0.000000 -0.587786
vn -0.809017 0.000000 -0.587786
vn -0.951056 0.000000 -0.309019
vn -0.951056 0.000000 -0.309019
vn -1.000000 0.000000 0.000000
vn -1.000000 0.000000 0.000000
vn -0.951056 0.000000 0.309019
vn -0.951056 0.000000 0.309019
vn -0.809016 0.000000 0.587786
vn -0.809016 0.000000 0.587786
vn -0.587785 0.000000 0.809017
vn -0.587785 0.000000 0.809017
vn -0.309017 0.000000 0.951057
vn -0.309017 0.000000 0.951057
vn 0.000000 0.000000 1.000000
vn 0.000000 0.000000 1.000000
vn 0.309017 0.000000 0.951056
vn 0.309017 0.000000 0.951056
vn 0.587785 0.000000 0.809017
vn 0.587785 0.000000 0.809017
vn 0.809017 0.000000 0.587786
vn 0.809017 0.000000 0.587786
vn 0.951057 0.000000 0.309015
vn 0.951057 0.000000 0.309015
vn 1.000000 0.000000 0.000000
vn 1.000000 0.000000 0.000000
vn 0.000000 1.000000 0.000000
vn 0.000000 1.000000 0.000000
vn 0.000000 1.000000 0.000000
vn 0.000000 1.000000 0.000000
vn 0.000000 1.000000 0.000000
vn 0.000000 1.000000 0.000000
vn 0.000000 1.000000 0.000000
vn 0.000000 1.000000 0.000000
vn 0.000000 1.000000 0.000000
vn 0.000000 1.000000 0.000000
vn 0.000000 1.000000 0.000000
vn 0.000000 1.000000 0.000000
vn 0.000000 1.000000 -0.000000
vn 0.000000 1.000000 -0.000000
vn 0.000000 1.000000 -0.000000
vn 0.000000 1.000000 -0.000000
vn 0.000000 1.000000 0.000000
vn 0.000000 1.000000 0.000000
vn 0.000000 1.000000 0.000000
vn 0.000000 1.000000 0.000000
vn 0.000000 1.000000 0.000000
vn 0.000000 1.000000 0.000000
vn 0.000000 1.000000 0.000000
vn 0.000000 1.000000 0.000000
vn 0.000000 1.000000 0.000000
vn 0.000000 1.000000 0.000000
vn 0.000000 1.000000 0.000000
vn 0.000000 1.000000 0.000000
vn 0.000000 1.000000 0.000000
vn 0.000000 1.000000 -0.000000
vn 0.000000 1.000000 0.000000
vn 0.000000 1.000000 0.000000
vn 0.000000 1.000000 0.000000
vn 0.000000 1.000000 0.000000
vn 0.000000 1.000000 0.000000
vn 0.000000 1.000000 0.000000
vn 0.000000 1.000000 -0.000000
vn 0.000000 1.000000 -0.000000
vn 0.000000 1.000000 -0.000000
vn 0.000000 1.000000 -0.000000
vn 0.000000 -1.000000 0.000000
vn 0.000000 -1.000000 0.000000
vn 0.000000 -1.000000 0.000000
vn 0.000000 -1.000000 0.000000
vn 0.000000 -1.000000 0.000000
vn 0.000000 -1.000000 0.000000
vn 0.000000 -1.000000 0.000000
vn 0.000000 -1.000000 0.000000
vn 0.000000 -1.000000 0.000000
vn 0.000000 -1.000000 0.000000
vn 0.000000 -1.000000 0.000000
vn 0.000000 -1.000000 0.000000
vn 0.000000 -1.000000 0.000000
vn 0.000000 -1.000000 0.000000
vn 0.000000 -1.000000 0.000000
vn 0.000000 -1.000000 0.000000
vn 0.000000 -1.000000 0.000000
vn 0.000000 -1.000000 0.000000
vn 0.000000 -1.000000 0.000000
vn 0.000000 -1.000000 0.000000
vn 0.000000 -1.000000 0.000000
vn 0.000000 -1.000000 0.000000
vn 0.000000 -1.000000 0.000000
vn 0.000000 -1.000000 0.000000
vn 0.000000 -1.000000 -0.000000
vn 0.000000 -1.000000 -0.000000
vn 0.000000 -1.000000 -0.000000
vn 0.000000 -1.000000 -0.000000
vn 0.000000 -1.000000 -0.000000
vn 0.000000 -1.000000 -0.000000
vn 0.000000 -1.000000 -0.000000
vn 0.000000 -1.000000 -0.000000
vn 0.000000 -1.000000 0.000000
vn 0.000000 -1.000000 0.000000
vn 0.000000 -1.000000 0.000000
vn 0.000000 -1.000000 0.000000
vn 0.000000 -1.000000 0.000000
vn 0.000000 -1.000000 0.000000
vn 0.000000 -1.000000 0.000000
vn 0.000000 -1.000000 0.000000
vn -0.891006 0.000000 0.453992
vn -0.891006 0.000000 0.453992
vn -0.891006 0.000000 0.453992
vn -0.891006 0.000000 0.453992
vn -0.707111 0.000000 0.707102
vn -0.707111 0.000000 0.707102
vn -0.707111 0.000000 0.707102
vn -0.707111 0.000000 0.707102
vn -0.453977 0.000000 0.891013
vn -0.453977 0.000000 0.891013
vn -0.453977 0.000000 0.891013
vn -0.453977 0.000000 0.891013
vn -0.156438 -0.000000 0.987688
vn -0.156438 -0.000000 0.987688
vn -0.156438 -0.000000 0.987688
vn -0.156438 -0.000000 0.987688
vn 0.156431 -0.000000 0.987689
vn 0.156431 -0.000000 0.987689
vn 0.156431 -0.000000 0.987689
vn 0.156431 -0.000000 0.987689
vn 0.453998 0.000000 0.891002
vn 0.453998 0.000000 0.891002
vn 0.453998 0.000000 0.891002
vn 0.453998 0.000000 0.891002
vn 0.707104 0.000000 0.707110
vn 0.707104 0.000000 0.707110
vn 0.707104 0.000000 0.707110
vn 0.707104 0.000000 0.707110
vn 0.891011 0.000000 0.453981
vn 0.891011 0.000000 0.453981
vn 0.891011 0.000000 0.453981
vn 0.891011 0.000000 0.453981
vn 0.987689 0.000000 0.156432
vn 0.987689 0.000000 0.156432
vn 0.987689 0.000000 0.156432
vn 0.987689 0.000000 0.156432
vn 0.987689 0.000000 -0.156432
vn 0.987689 0.000000 -0.156432
vn 0.987689 0.000000 -0.156432
vn 0.987689 0.000000 -0.156432
vn 0.891011 0.000000 -0.453981
vn 0.891011 0.000000 -0.453981
vn 0.891011 0.000000 -0.453981
vn 0.891011 0.000000 -0.453981
vn 0.707104 0.000000 -0.707110
vn 0.707104 0.000000 -0.707110
vn 0.707104 0.000000 -0.707110
vn 0.707104 0.000000 -0.707110
vn 0.156430 0.000000 -0.987689
vn 0.156430 0.000000 -0.987689
vn 0.156430 0.000000 -0.987689
vn 0.156430 0.000000 -0.987689
vn 0.453997 0.000000 -0.891003
vn 0.453997 0.000000 -0.891003
vn 0.453997 0.000000 -0.891003
vn 0.453997 0.000000 -0.891003
vn -0.156437 0.000000 -0.987688
vn -0.156437 0.000000 -0.987688
vn -0.156437 0.000000 -0.987688
vn -0.156437 0.000000 -0.987688
vn -0.453979 0.000000 -0.891013
vn -0.453979 0.000000 -0.891013
vn -0.453979 0.000000 -0.891013
vn -0.453979 0.000000 -0.891013
vn -0.707112 0.000000 -0.707102
vn -0.707112 0.000000 -0.707102
vn -0.707112 0.000000 -0.707102
vn -0.707112 0.000000 -0.707102
vn -0.891005 0.000000 -0.453994
vn -0.891005 0.000000 -0.453994
vn -0.891005 0.000000 -0.453994
vn -0.891005 0.000000 -0.453994
vn -0.987689 0.000000 -0.156432
vn -0.987689 0.000000 -0.156432
vn -0.987689 0.000000 -0.156432
vn -0.987689 0.000000 -0.156432
vn -0.987689 0.000000 0.156432
vn -0.987689 0.000000 0.156432
vn -0.987689 0.000000 0.156432
vn -0.987689 0.000000 0.156432
vn 0.951057 0.000000 -0.309015
vn 0.809016 0.000000 -0.587786
vn 0.809016 0.000000 -0.587786
vn 0.951057 0.000000 -0.309015
vn 0.587785 0.000000 -0.809017
vn 0.587785 0.000000 -0.809017
vn 0.309017 0.000000 -0.951056
vn 0.309017 0.000000 -0.951056
vn 0.000000 0.000000 -1.000000
vn 0.000000 0.000000 -1.000000
vn -0.309017 0.000000 -0.951057
vn -0.309017 0.000000 -0.951057
vn -0.587785 0.000000 -0.809017
vn -0.587785 0.000000 -0.809017
vn -0.809017 0.000000 -0.587786
vn -0.809017 0.000000 -0.587786
vn -0.951056 0.000000 -0.309019
vn -0.951056 0.000000 -0.309019
vn -1.000000 0.000000 0.000000
vn -1.000000 0.000000 0.000000
vn -0.951056 0.000000 0.309019
vn -0.951056 0.000000 0.309019
vn -0.809016 0.000000 0.587786
vn -0.809016 0.000000 0.587786
vn -0.587785 0.000000 0.809017
vn -0.587785 0.000000 0.809017
vn -0.309017 0.000000 0.951057
vn -0.309017 0.000000 0.951057
vn 0.000000 0.000000 1.000000
vn 0.000000 0.000000 1.000000
vn 0.309017 0.000000 0.951056
vn 0.309017 0.000000 0.951056
vn 0.587785 0.000000 0.809017
vn 0.587785 0.000000 0.809017
vn 0.809016 0.000000 0.587786
vn 0.809016 0.000000 0.587786
vn 0.951057 0.000000 0.309015
vn 0.951057 0.000000 0.309015
vn 1.000000 0.000000 0.000000
vn 1.000000 0.000000 0.000000
vn 0.000000 1.000000 -0.000000
vn 0.000000 1.000000 0.000000
vn 0.000000 1.000000 -0.000000
vn 0.000000 1.000000 -0.000000
vn 0.000000 1.000000 0.000000
vn 0.000000 1.000000 0.000000
vn 0.000000 1.000000 0.000000
vn 0.000000 1.000000 0.000000
vn 0.000000 1.000000 0.000000
vn 0.000000 1.000000 0.000000
vn 0.000000 1.000000 0.000000
vn 0.000000 1.000000 0.000000
vn 0.000000 1.000000 0.000000
vn 0.000000 1.000000 0.000000
vn 0.000000 1.000000 0.000000
vn 0.000000 1.000000 0.000000
vn 0.000000 1.000000 0.000000
vn 0.000000 1.000000 0.000000
vn 0.000000 1.000000 0.000000
vn 0.000000 1.000000 0.000000
vn 0.000000 1.000000 0.000000
vn 0.000000 1.000000 0.000000
vn 0.000000 1.000000 0.000000
vn 0.000000 1.000000 0.000000
vn 0.000000 1.000000 -0.000000
vn 0.000000 1.000000 -0.000000
vn 0.000000 1.000000 0.000000
vn 0.000000 1.000000 0.000000
vn 0.000000 1.000000 0.000000
vn 0.000000 1.000000 0.000000
vn 0.000000 1.000000 -0.000000
vn 0.000000 1.000000 -0.000000
vn 0.000000 1.000000 -0.000000
vn 0.000000 1.000000 -0.000000
vn 0.000000 1.000000 -0.000000
vn 0.000000 1.000000 -0.000000
vn 0.000000 1.000000 0.000000
vn 0.000000 1.000000 0.000000
vn 0.000000 1.000000 0.000000
vn 0.000000 1.000000 0.000000
vn 0.000000 -1.000000 0.000000
vn 0.000000 -1.000000 0.000000
vn 0.000000 -1.000000 0.000000
vn 0.000000 -1.000000 0.000000
vn 0.000000 -1.000000 0.000000
vn 0.000000 -1.000000 0.000000
vn 0.000000 -1.000000 0.000000
vn 0.000000 -1.000000 0.000000
vn 0.000000 -1.000000 0.000000
vn 0.000000 -1.000000 0.000000
vn 0.000000 -1.000000 0.000000
vn 0.000000 -1.000000 0.000000
vn 0.000000 -1.000000 0.000000
vn 0.000000 -1.000000 0.000000
vn 0.000000 -1.000000 0.000000
vn 0.000000 -1.000000 0.000000
vn 0.000000 -1.000000 0.000000
vn 0.000000 -1.000000 0.000000
vn 0.000000 -1.000000 0.000000
vn 0.000000 -1.000000 0.000000
vn 0.000000 -1.000000 0.000000
vn 0.000000 -1.000000 0.000000
vn 0.000000 -1.000000 0.000000
vn 0.000000 -1.000000 0.000000
vn 0.000000 -1.000000 0.000000
vn 0.000000 -1.000000 0.000000
vn 0.000000 -1.000000 0.000000
vn 0.000000 -1.000000 0.000000
vn 0.000000 -1.000000 -0.000000
vn 0.000000 -1.000000 -0.000000
vn 0.000000 -1.000000 0.000000
vn 0.000000 -1.000000 0.000000
vn 0.000000 -1.000000 0.000000
vn 0.000000 -1.000000 0.000000
vn 0.000000 -1.000000 0.000000
vn 0.000000 -1.000000 0.000000
vn 0.000000 -1.000000 -0.000000
vn 0.000000 -1.000000 -0.000000
vn 0.000000 -1.000000 -0.000000
vn 0.000000 -1.000000 -0.000000
vn -0.891006 0.000000 0.453992
vn -0.891006 0.000000 0.453992
vn -0.891006 0.000000 0.453992
vn -0.891006 0.000000 0.453992
vn -0.707111 0.000000 0.707102
vn -0.707111 0.000000 0.707102
vn -0.707111 0.000000 0.707102
vn -0.707111 0.000000 0.707102
vn -0.453977 0.000000 0.891013
vn -0.453977 0.000000 0.891013
vn -0.453977 0.000000 0.891013
vn -0.453977 0.000000 0.891013
vn -0.156438 -0.000001 0.987688
vn -0.156438 -0.000001 0.987688
vn -0.156438 -0.000001 0.987688
vn -0.156438 -0.000001 0.987688
vn 0.156431 -0.000001 0.987689
vn 0.156431 -0.000001 0.987689
vn 0.156431 -0.000001 0.987689
vn 0.156431 -0.000001 0.987689
vn 0.453998 0.000000 0.891002
vn 0.453998 0.000000 0.891002
vn 0.453998 0.000000 0.891002
vn 0.453998 0.000000 0.891002
vn 0.707104 0.000000 0.707110
vn 0.707104 0.000000 0.707110
vn 0.707104 0.000000 0.707110
vn 0.707104 0.000000 0.707110
vn 0.891011 0.000000 0.453981
vn 0.891011 0.000000 0.453981
vn 0.891011 0.000000 0.453981
vn 0.891011 0.000000 0.453981
vn 0.987689 0.000000 0.156432
vn 0.987689 0.000000 0.156432
vn 0.987689 0.000000 0.156432
vn 0.987689 0.000000 0.156432
vn 0.987689 0.000000 -0.156432
vn 0.987689 0.000000 -0.156432
vn 0.987689 0.000000 -0.156432
vn 0.987689 0.000000 -0.156432
vn 0.891011 0.000000 -0.453981
vn 0.891011 0.000000 -0.453981
vn 0.891011 0.000000 -0.453981
vn 0.891011 0.000000 -0.453981
vn 0.707104 0.000000 -0.707110
vn 0.707104 0.000000 -0.707110
vn 0.707104 0.000000 -0.707110
vn 0.707104 0.000000 -0.707110
vn 0.156430 0.000000 -0.987689
vn 0.156430 0.000000 -0.987689
vn 0.156430 0.000000 -0.987689
vn 0.156430 0.000000 -0.987689
vn 0.453997 0.000000 -0.891003
vn 0.453997 0.000000 -0.891003
vn 0.453997 0.000000 -0.891003
vn 0.453997 0.000000 -0.891003
vn -0.156437 0.000000 -0.987688
vn -0.156437 0.000000 -0.987688
vn -0.156437 0.000000 -0.987688
vn -0.156437 0.000000 -0.987688
vn -0.453979 0.000000 -0.891013
vn -0.453979 0.000000 -0.891013
vn -0.453979 0.000000 -0.891013
vn -0.453979 0.000000 -0.891013
vn -0.707112 0.000000 -0.707102
vn -0.707112 0.000000 -0.707102
vn -0.707112 0.000000 -0.707102
vn -0.707112 0.000000 -0.707102
vn -0.891005 0.000000 -0.453994
vn -0.891005 0.000000 -0.453994
vn -0.891005 0.000000 -0.453994
vn -0.891005 0.000000 -0.453994
vn -0.987689 0.000000 -0.156432
vn -0.987689 0.000000 -0.156432
vn -0.987689 0.000000 -0.156432
vn -0.987689 0.000000 -0.156432
vn -0.987689 0.000000 0.156432
vn -0.987689 0.000000 0.156432
vn -0.987689 0.000000 0.156432
vn -0.987689 0.000000 0.156432
vn 0.903510 -0.412032 -0.117895
vn 0.833108 -0.531771 -0.152156
vn 0.823419 -0.545541 -0.156096
vn 0.903510 -0.412032 -0.117895
vn 0.620477 -0.753967 -0.215734
vn 0.609905 -0.761899 -0.218004
vn 0.333006 -0.906545 -0.259390
vn 0.325975 -0.908904 -0.260065
vn 0.000000 -0.961419 -0.275090
vn 0.000000 -0.961419 -0.275090
vn -0.333008 -0.906544 -0.259390
vn -0.325976 -0.908904 -0.260065
vn -0.620476 -0.753969 -0.215734
vn -0.609904 -0.761900 -0.218003
vn -0.833106 -0.531773 -0.152156
vn -0.823417 -0.545543 -0.156096
vn -0.903510 -0.412032 -0.117895
vn -0.903510 -0.412032 -0.117895
vn -0.903510 0.412033 0.117895
vn -0.903509 0.412033 0.117895
vn -0.823420 0.545540 0.156096
vn -0.833108 0.531770 0.152156
vn -0.609904 0.761900 0.218003
vn -0.620477 0.753968 0.215734
vn -0.325973 0.908905 0.260065
vn -0.333004 0.906546 0.259390
vn -0.000000 0.961418 0.275091
vn -0.000000 0.961418 0.275091
vn 0.325974 0.908905 0.260065
vn 0.333005 0.906546 0.259390
vn 0.609903 0.761901 0.218003
vn 0.620475 0.753969 0.215733
vn 0.823418 0.545542 0.156096
vn 0.833107 0.531772 0.152156
vn 0.903510 0.412033 0.117895
vn 0.903510 0.412033 0.117895
vn -0.254344 0.250180 -0.934194
vn -0.254344 0.250180 -0.934194
vn -0.254344 0.250180 -0.934194
vn -0.254344 0.250180 -0.934194
vn -0.132800 0.256395 -0.957406
vn -0.132800 0.256395 -0.957406
vn -0.132800 0.256395 -0.957406
vn -0.132800 0.256395 -0.957406
vn -0.068135 0.258084 -0.963717
vn -0.068135 0.258084 -0.963717
vn -0.068135 0.258084 -0.963717
vn -0.068135 0.258084 -0.963717
vn -0.021221 0.258634 -0.965742
vn -0.021221 0.258634 -0.965742
vn -0.021221 0.258634 -0.965742
vn -0.021221 0.258634 -0.965742
vn 0.021221 0.258634 -0.965742
vn 0.021221 0.258634 -0.965742
vn 0.021221 0.258634 -0.965742
vn 0.021221 0.258634 -0.965742
vn 0.068139 0.258085 -0.963716
vn 0.068139 0.258085 -0.963716
vn 0.068139 0.258085 -0.963716
vn 0.068139 0.258085 -0.963716
vn 0.132805 0.256394 -0.957405
vn 0.132805 0.256394 -0.957405
vn 0.132805 0.256394 -0.957405
vn 0.132805 0.256394 -0.957405
vn 0.254344 0.250182 -0.934194
vn 0.254344 0.250182 -0.934194
vn 0.254344 0.250182 -0.934194
vn 0.254344 0.250182 -0.934194
vn 1.000000 -0.000003 0.000000
vn 1.000000 -0.000003 0.000000
vn 1.000000 -0.000003 0.000000
vn 1.000000 -0.000003 0.000000
vn -1.000000 0.000001 0.000000
vn -1.000000 0.000001 0.000000
vn -1.000000 0.000001 0.000000
vn -1.000000 0.000001 0.000000
vn -0.254351 -0.250179 0.934193
vn -0.254351 -0.250179 0.934193
vn -0.254351 -0.250179 0.934193
vn -0.254351 -0.250179 0.934193
vn -0.132821 -0.256395 0.957403
vn -0.132821 -0.256395 0.957403
vn -0.132821 -0.256395 0.957403
vn -0.132821 -0.256395 0.957403
vn -0.068119 -0.258087 0.963717
vn -0.068119 -0.258087 0.963717
vn -0.068119 -0.258087 0.963717
vn -0.068119 -0.258087 0.963717
vn -0.021212 -0.258627 0.965744
vn -0.021212 -0.258627 0.965744
vn -0.021212 -0.258627 0.965744
vn -0.021212 -0.258627 0.965744
vn 0.021214 -0.258628 0.965744
vn 0.021214 -0.258628 0.965744
vn 0.021214 -0.258628 0.965744
vn 0.021214 -0.258628 0.965744
vn 0.068124 -0.258085 0.963718
vn 0.068124 -0.258085 0.963718
vn 0.068124 -0.258085 0.963718
vn 0.068124 -0.258085 0.963718
vn 0.132821 -0.256394 0.957403
vn 0.132821 -0.256394 0.957403
vn 0.132821 -0.256394 0.957403
vn 0.132821 -0.256394 0.957403
vn 0.254348 -0.250174 0.934195
vn 0.254348 -0.250174 0.934195
vn 0.254348 -0.250174 0.934195
vn 0.254348 -0.250174 0.934195
vn 0.000000 0.000000 1.000000
vn 0.000000 0.000000 1.000000
vn 0.000000 0.000000 1.000000
vn 0.000000 0.000000 1.000000
vn 0.000000 1.000000 0.000000
vn 0.000000 1.000000 0.000000
vn 0.000000 1.000000 0.000000
vn 0.000000 1.000000 0.000000
vn 0.000000 0.000000 -1.000000
vn 0.000000 0.000000 -1.000000
vn 0.000000 0.000000 -1.000000
vn 0.000000 0.000000 -1.000000
vn 0.000000 -1.000000 0.000000
vn 0.000000 -1.000000 0.000000
vn 0.000000 -1.000000 0.000000
vn 0.000000 -1.000000 0.000000
vn 1.000000 0.000000 0.000000
vn 1.000000 0.000000 0.000000
vn 1.000000 0.000000 0.000000
vn 1.000000 0.000000 0.000000
vn -1.000000 0.000000 0.000000
vn -1.000000 0.000000 0.000000
vn -1.000000 0.000000 0.000000
vn -1.000000 0.000000 0.000000
vn 0.000000 0.000000 1.000000
vn 0.000000 0.000000 1.000000
vn 0.000000 0.000000 1.000000
vn 0.000000 0.000000 1.000000
vn 0.000000 1.000000 0.000000
vn 0.000000 1.000000 0.000000
vn 0.000000 1.000000 0.000000
vn 0.000000 1.000000 0.000000
vn 0.000000 0.000000 -1.000000
vn 0.000000 0.000000 -1.000000
vn 0.000000 0.000000 -1.000000
vn 0.000000 0.000000 -1.000000
vn 0.000000 -1.000000 0.000000
vn 0.000000 -1.000000 0.000000
vn 0.000000 -1.000000 0.000000
vn 0.000000 -1.000000 0.000000
vn 1.000000 0.000000 0.000000
vn 1.000000 0.000000 0.000000
vn 1.000000 0.000000 0.000000
vn 1.000000 0.000000 0.000000
vn -1.000000 0.000000 0.000000
vn -1.000000 0.000000 0.000000
vn -1.000000 0.000000 0.000000
vn -1.000000 0.000000 0.000000
vn -0.766044 0.000000 -0.642788
vn -0.766044 0.000000 -0.642788
vn -0.766044 0.000000 -0.642788
vn -0.766044 0.000000 -0.642788
vn 0.000000 1.000000 0.000004
vn 0.000000 1.000000 0.000004
vn 0.000000 1.000000 0.000004
vn 0.000000 1.000000 0.000004
vn 0.766044 0.000000 0.642788
vn 0.766044 0.000000 0.642788
vn 0.766044 0.000000 0.642788
vn 0.766044 0.000000 0.642788
vn 0.000000 -1.000000 0.000002
vn 0.000000 -1.000000 0.000002
vn 0.000000 -1.000000 0.000002
vn 0.000000 -1.000000 0.000002
vn -0.642786 0.000000 0.766046
vn -0.642786 0.000000 0.766046
vn -0.642786 0.000000 0.766046
vn -0.642786 0.000000 0.766046
vn 0.642786 0.000000 -0.766046
vn 0.642786 0.000000 -0.766046
vn 0.642786 0.000000 -0.766046
vn 0.642786 0.000000 -0.766046
vn -0.766044 0.000000 -0.642788
vn -0.766044 0.000000 -0.642788
vn -0.766044 0.000000 -0.642788
vn -0.766044 0.000000 -0.642788
vn 0.000000 1.000000 0.000004
vn 0.000000 1.000000 0.000004
vn 0.000000 1.000000 0.000004
vn 0.000000 1.000000 0.000004
vn 0.766044 0.000000 0.642788
vn 0.766044 0.000000 0.642788
vn 0.766044 0.000000 0.642788
vn 0.766044 0.000000 0.642788
vn 0.000000 -1.000000 0.000002
vn 0.000000 -1.000000 0.000002
vn 0.000000 -1.000000 0.000002
vn 0.000000 -1.000000 0.000002
vn -0.642786 0.000000 0.766046
vn -0.642786 0.000000 0.766046
vn -0.642786 0.000000 0.766046
vn -0.642786 0.000000 0.766046
vn 0.642786 0.000000 -0.766046
vn 0.642786 0.000000 -0.766046
vn 0.642786 0.000000 -0.766046
vn 0.642786 0.000000 -0.766046
vn -0.766044 0.000000 -0.642788
vn -0.766044 0.000000 -0.642788
vn -0.766044 0.000000 -0.642788
vn -0.766044 0.000000 -0.642788
vn 0.000000 1.000000 0.000004
vn 0.000000 1.000000 0.000004
vn 0.000000 1.000000 0.000004
vn 0.000000 1.000000 0.000004
vn 0.766044 0.000000 0.642788
vn 0.766044 0.000000 0.642788
vn 0.766044 0.000000 0.642788
vn 0.766044 0.000000 0.642788
vn 0.000000 -1.000000 0.000002
vn 0.000000 -1.000000 0.000002
vn 0.000000 -1.000000 0.000002
vn 0.000000 -1.000000 0.000002
vn -0.642786 0.000000 0.766046
vn -0.642786 0.000000 0.766046
vn -0.642786 0.000000 0.766046
vn -0.642786 0.000000 0.766046
vn 0.642786 0.000000 -0.766046
vn 0.642786 0.000000 -0.766046
vn 0.642786 0.000000 -0.766046
vn 0.642786 0.000000 -0.766046
vn -0.766044 0.000000 -0.642788
vn -0.766044 0.000000 -0.642788
vn -0.766044 0.000000 -0.642788
vn -0.766044 0.000000 -0.642788
vn 0.000000 1.000000 0.000004
vn 0.000000 1.000000 0.000004
vn 0.000000 1.000000 0.000004
vn 0.000000 1.000000 0.000004
vn 0.766044 0.000000 0.642788
vn 0.766044 0.000000 0.642788
vn 0.766044 0.000000 0.642788
vn 0.766044 0.000000 0.642788
vn 0.000000 -1.000000 0.000002
vn 0.000000 -1.000000 0.000002
vn 0.000000 -1.000000 0.000002
vn 0.000000 -1.000000 0.000002
vn -0.642785 0.000000 0.766047
vn -0.642785 0.000000 0.766047
vn -0.642785 0.000000 0.766047
vn -0.642785 0.000000 0.766047
vn 0.642786 0.000000 -0.766046
vn 0.642786 0.000000 -0.766046
vn 0.642786 0.000000 -0.766046
vn 0.642786 0.000000 -0.766046
vn 0.236708 0.951060 0.198632
vn 0.450278 0.809003 0.377841
vn 0.450278 0.809003 0.377841
vn 0.236707 0.951060 0.198632
vn 0.619749 0.587784 0.520020
vn 0.619749 0.587784 0.520020
vn 0.728551 0.309031 0.611321
vn 0.728551 0.309032 0.611321
vn 0.766037 0.000000 0.642797
vn 0.766036 0.000000 0.642797
vn 0.728551 -0.309031 0.611321
vn 0.728551 -0.309032 0.611321
vn 0.619744 -0.587796 0.520013
vn 0.619744 -0.587796 0.520013
vn 0.450278 -0.809003 0.377841
vn 0.450278 -0.809003 0.377841
vn 0.236724 -0.951052 0.198648
vn 0.236724 -0.951052 0.198648
vn -0.000000 -1.000000 -0.000000
vn 0.000000 -1.000000 0.000000
vn -0.236720 -0.951054 -0.198645
vn -0.236721 -0.951054 -0.198645
vn -0.450272 -0.809009 -0.377836
vn -0.450272 -0.809009 -0.377836
vn -0.619750 -0.587785 -0.520018
vn -0.619749 -0.587786 -0.520018
vn -0.728553 -0.309021 -0.611323
vn -0.728553 -0.309022 -0.611323
vn -0.766036 0.000000 -0.642797
vn -0.766036 0.000000 -0.642797
vn -0.728553 0.309021 -0.611323
vn -0.728553 0.309022 -0.611323
vn -0.619750 0.587785 -0.520018
vn -0.619749 0.587786 -0.520018
vn -0.450272 0.809009 -0.377836
vn -0.450272 0.809009 -0.377836
vn -0.236720 0.951054 -0.198645
vn -0.236721 0.951054 -0.198645
vn -0.000000 1.000000 -0.000000
vn 0.000000 1.000000 0.000000
vn -0.642786 0.000000 0.766046
vn -0.642795 0.000011 0.766038
vn -0.642787 -0.000001 0.766045
vn -0.642774 -0.000000 0.766056
vn -0.642795 0.000011 0.766038
vn -0.642792 0.000000 0.766041
vn -0.642805 -0.000011 0.766030
vn -0.642795 -0.000000 0.766038
vn -0.642783 0.000006 0.766048
vn -0.642782 -0.000006 0.766049
vn -0.642787 0.000000 0.766045
vn -0.642782 0.000000 0.766049
vn -0.642765 0.000000 0.766063
vn -0.642778 -0.000011 0.766052
vn -0.642787 -0.000011 0.766045
vn -0.642787 0.000000 0.766045
vn -0.642797 0.000000 0.766036
vn -0.642800 0.000000 0.766034
vn -0.642782 0.000000 0.766049
vn -0.642788 0.000000 0.766044
vn -0.642787 0.000000 0.766045
vn 0.642790 0.000000 -0.766042
vn 0.642791 0.000000 -0.766042
vn 0.642786 0.000001 -0.766046
vn 0.642787 0.000011 -0.766045
vn 0.642790 -0.000011 -0.766042
vn 0.642787 0.000000 -0.766045
vn 0.642790 0.000023 -0.766042
vn 0.642792 0.000000 -0.766041
vn 0.642787 0.000000 -0.766045
vn 0.642782 0.000000 -0.766049
vn 0.642779 0.000000 -0.766051
vn 0.642780 0.000000 -0.766051
vn 0.642786 0.000000 -0.766046
vn 0.642787 0.000000 -0.766045
vn 0.642786 0.000000 -0.766046
vn 0.642787 0.000000 -0.766045
vn 0.642786 0.000000 -0.766046
vn 0.642788 0.000000 -0.766044
vn 0.642787 0.000000 -0.766045
vn 0.642780 0.000000 -0.766051
vn 0.642778 0.000000 -0.766053
vn 0.236708 0.951056 0.198650
vn 0.450278 0.809003 0.377841
vn 0.450277 0.809003 0.377841
vn 0.236707 0.951057 0.198649
vn 0.619749 0.587784 0.520020
vn 0.619749 0.587784 0.520020
vn 0.728551 0.309030 0.611321
vn 0.728551 0.309031 0.611321
vn 0.766045 0.000001 0.642787
vn 0.766045 0.000001 0.642787
vn 0.728551 -0.309030 0.611321
vn 0.728551 -0.309031 0.611321
vn 0.619738 -0.587792 0.520025
vn 0.619738 -0.587792 0.520025
vn 0.450281 -0.809008 0.377826
vn 0.450281 -0.809009 0.377826
vn 0.236726 -0.951055 0.198632
vn 0.236725 -0.951056 0.198631
vn -0.000000 -1.000000 -0.000000
vn 0.000000 -1.000000 0.000000
vn -0.236720 -0.951054 -0.198644
vn -0.236720 -0.951054 -0.198645
vn -0.450272 -0.809009 -0.377836
vn -0.450272 -0.809009 -0.377836
vn -0.619745 -0.587779 -0.520031
vn -0.619744 -0.587780 -0.520031
vn -0.728545 -0.309018 -0.611334
vn -0.728545 -0.309019 -0.611334
vn -0.766036 0.000000 -0.642797
vn -0.766036 0.000000 -0.642797
vn -0.728545 0.309018 -0.611334
vn -0.728545 0.309019 -0.611334
vn -0.619744 0.587780 -0.520031
vn -0.619744 0.587781 -0.520030
vn -0.450275 0.809014 -0.377821
vn -0.450275 0.809014 -0.377821
vn -0.236721 0.951057 -0.198628
vn -0.236721 0.951057 -0.198628
vn -0.000001 1.000000 0.000017
vn 0.000000 1.000000 0.000018
vn -0.642786 0.000000 0.766046
vn -0.642795 0.000011 0.766038
vn -0.642787 -0.000001 0.766045
vn -0.642774 -0.000000 0.766056
vn -0.642795 0.000011 0.766038
vn -0.642792 0.000000 0.766041
vn -0.642805 -0.000011 0.766030
vn -0.642795 -0.000000 0.766038
vn -0.642783 0.000006 0.766048
vn -0.642782 -0.000006 0.766049
vn -0.642787 0.000000 0.766045
vn -0.642782 0.000000 0.766049
vn -0.642765 0.000000 0.766063
vn -0.642778 -0.000011 0.766052
vn -0.642787 -0.000011 0.766045
vn -0.642787 0.000000 0.766045
vn -0.642797 0.000000 0.766036
vn -0.642800 0.000000 0.766034
vn -0.642782 0.000000 0.766049
vn -0.642788 0.000000 0.766044
vn -0.642787 0.000000 0.766045
vn 0.642790 0.000000 -0.766042
vn 0.642780 0.000000 -0.766051
vn 0.642785 0.000001 -0.766047
vn 0.642776 0.000011 -0.766055
vn 0.642790 -0.000011 -0.766042
vn 0.642787 0.000000 -0.766045
vn 0.642790 0.000023 -0.766042
vn 0.642792 0.000000 -0.766041
vn 0.642787 0.000000 -0.766045
vn 0.642782 0.000000 -0.766049
vn 0.642779 0.000000 -0.766051
vn 0.642780 0.000000 -0.766051
vn 0.642786 0.000000 -0.766046
vn 0.642787 0.000000 -0.766045
vn 0.642786 0.000000 -0.766046
vn 0.642787 0.000000 -0.766045
vn 0.642786 0.000000 -0.766046
vn 0.642788 0.000000 -0.766044
vn 0.642787 0.000000 -0.766045
vn 0.642780 0.000000 -0.766051
vn 0.642778 0.000000 -0.766053
vn 0.236709 0.951063 0.198616
vn 0.450278 0.809003 0.377841
vn 0.450277 0.809004 0.377840
vn 0.236709 0.951063 0.198615
vn 0.619738 0.587773 0.520046
vn 0.619738 0.587773 0.520046
vn 0.728551 0.309030 0.611322
vn 0.728551 0.309030 0.611321
vn 0.766054 0.000000 0.642777
vn 0.766054 0.000000 0.642777
vn 0.728551 -0.309030 0.611322
vn 0.728551 -0.309030 0.611321
vn 0.619733 -0.587785 0.520039
vn 0.619733 -0.587785 0.520039
vn 0.450278 -0.809003 0.377841
vn 0.450277 -0.809004 0.377840
vn 0.236726 -0.951055 0.198632
vn 0.236725 -0.951056 0.198631
vn -0.000000 -1.000000 0.000017
vn 0.000000 -1.000000 0.000018
vn -0.236721 -0.951057 -0.198628
vn -0.236721 -0.951057 -0.198628
vn -0.450272 -0.809008 -0.377836
vn -0.450272 -0.809008 -0.377836
vn -0.619750 -0.587785 -0.520018
vn -0.619749 -0.587786 -0.520018
vn -0.728553 -0.309021 -0.611323
vn -0.728553 -0.309022 -0.611323
vn -0.766036 0.000000 -0.642797
vn -0.766036 0.000000 -0.642797
vn -0.728553 0.309021 -0.611323
vn -0.728553 0.309022 -0.611323
vn -0.619750 0.587785 -0.520018
vn -0.619749 0.587786 -0.520018
vn -0.450272 0.809008 -0.377836
vn -0.450272 0.809008 -0.377836
vn -0.236721 0.951057 -0.198628
vn -0.236721 0.951057 -0.198628
vn -0.000000 1.000000 0.000017
vn 0.000000 1.000000 0.000018
vn -0.642786 0.000000 0.766046
vn -0.642795 0.000011 0.766038
vn -0.642785 -0.000001 0.766047
vn -0.642763 -0.000000 0.766065
vn -0.642795 0.000011 0.766039
vn -0.642815 0.000000 0.766022
vn -0.642794 -0.000011 0.766039
vn -0.642773 0.000000 0.766057
vn -0.642783 0.000006 0.766048
vn -0.642782 -0.000006 0.766049
vn -0.642787 0.000000 0.766045
vn -0.642782 0.000000 0.766049
vn -0.642765 0.000000 0.766063
vn -0.642767 -0.000011 0.766062
vn -0.642787 -0.000011 0.766045
vn -0.642810 0.000000 0.766026
vn -0.642786 0.000000 0.766046
vn -0.642778 0.000000 0.766053
vn -0.642782 0.000000 0.766049
vn -0.642788 0.000000 0.766044
vn -0.642787 0.000000 0.766045
vn 0.642790 0.000000 -0.766042
vn 0.642780 0.000000 -0.766051
vn 0.642786 0.000001 -0.766046
vn 0.642764 0.000011 -0.766064
vn 0.642790 -0.000011 -0.766042
vn 0.642810 0.000000 -0.766026
vn 0.642790 0.000023 -0.766042
vn 0.642781 0.000000 -0.766050
vn 0.642787 0.000000 -0.766045
vn 0.642782 0.000000 -0.766049
vn 0.642779 0.000000 -0.766051
vn 0.642780 0.000000 -0.766051
vn 0.642786 0.000000 -0.766046
vn 0.642787 0.000000 -0.766045
vn 0.642797 0.000000 -0.766036
vn 0.642810 0.000000 -0.766026
vn 0.642786 0.000000 -0.766046
vn 0.642777 0.000000 -0.766054
vn 0.642787 0.000000 -0.766045
vn 0.642780 0.000000 -0.766051
vn 0.642778 0.000000 -0.766053
vn 0.236709 0.951061 0.198624
vn 0.450279 0.809006 0.377834
vn 0.450279 0.809006 0.377833
vn 0.236708 0.951061 0.198624
vn 0.619746 0.587781 0.520026
vn 0.619747 0.587781 0.520026
vn 0.728551 0.309030 0.611321
vn 0.728551 0.309031 0.611321
vn 0.766045 0.000000 0.642787
vn 0.766045 0.000000 0.642787
vn 0.728551 -0.309030 0.611321
vn 0.728551 -0.309031 0.611321
vn 0.619741 -0.587793 0.520020
vn 0.619741 -0.587793 0.520020
vn 0.450279 -0.809006 0.377834
vn 0.450279 -0.809006 0.377833
vn 0.236725 -0.951054 0.198640
vn 0.236724 -0.951054 0.198640
vn -0.000000 -1.000000 -0.000000
vn 0.000000 -1.000000 0.000000
vn -0.236721 -0.951057 -0.198628
vn -0.236721 -0.951057 -0.198628
vn -0.450276 -0.809017 -0.377813
vn -0.450276 -0.809017 -0.377813
vn -0.619747 -0.587782 -0.520025
vn -0.619747 -0.587783 -0.520024
vn -0.728549 -0.309020 -0.611329
vn -0.728549 -0.309021 -0.611328
vn -0.766045 0.000000 -0.642787
vn -0.766045 0.000000 -0.642787
vn -0.728549 0.309020 -0.611329
vn -0.728549 0.309021 -0.611328
vn -0.619747 0.587782 -0.520025
vn -0.619747 0.587783 -0.520024
vn -0.450276 0.809017 -0.377813
vn -0.450276 0.809017 -0.377814
vn -0.236721 0.951057 -0.198628
vn -0.236721 0.951057 -0.198628
vn -0.000000 1.000000 -0.000000
vn 0.000000 1.000000 0.000000
vn -0.642786 0.000000 0.766046
vn -0.642795 0.000011 0.766038
vn -0.642786 -0.000001 0.766046
vn -0.642763 -0.000000 0.766065
vn -0.642795 0.000011 0.766039
vn -0.642815 0.000000 0.766022
vn -0.642794 -0.000011 0.766039
vn -0.642773 0.000000 0.766057
vn -0.642783 0.000006 0.766048
vn -0.642782 -0.000006 0.766049
vn -0.642787 0.000000 0.766045
vn -0.642793 0.000000 0.766040
vn -0.642776 0.000000 0.766054
vn -0.642767 -0.000011 0.766062
vn -0.642787 -0.000011 0.766045
vn -0.642810 0.000000 0.766026
vn -0.642786 0.000000 0.766046
vn -0.642778 0.000000 0.766053
vn -0.642782 0.000000 0.766049
vn -0.642788 0.000000 0.766044
vn -0.642787 0.000000 0.766045
vn 0.642790 0.000000 -0.766042
vn 0.642780 0.000000 -0.766051
vn 0.642787 0.000001 -0.766045
vn 0.642764 0.000011 -0.766064
vn 0.642790 -0.000011 -0.766042
vn 0.642810 0.000000 -0.766026
vn 0.642790 0.000023 -0.766042
vn 0.642781 0.000000 -0.766050
vn 0.642787 0.000000 -0.766045
vn 0.642782 0.000000 -0.766049
vn 0.642779 0.000000 -0.766051
vn 0.642786 0.000000 -0.766046
vn 0.642792 0.000000 -0.766041
vn 0.642787 0.000000 -0.766045
vn 0.642797 0.000000 -0.766036
vn 0.642810 0.000000 -0.766026
vn 0.642786 0.000000 -0.766046
vn 0.642777 0.000000 -0.766054
vn 0.642787 0.000000 -0.766045
vn 0.642780 0.000000 -0.766051
vn 0.642778 0.000000 -0.766053
vn 0.236709 0.951061 0.198624
vn 0.450281 0.809008 0.377826
vn 0.450281 0.809009 0.377826
vn 0.236708 0.951061 0.198624
vn 0.619746 0.587782 0.520026
vn 0.619746 0.587782 0.520026
vn 0.728547 0.309029 0.611327
vn 0.728547 0.309029 0.611327
vn 0.766045 0.000000 0.642787
vn 0.766045 0.000000 0.642787
vn 0.728547 -0.309025 0.611328
vn 0.728547 -0.309026 0.611328
vn 0.619738 -0.587791 0.520026
vn 0.619738 -0.587791 0.520026
vn 0.450275 -0.809014 0.377820
vn 0.450275 -0.809015 0.377820
vn 0.236726 -0.951055 0.198632
vn 0.236725 -0.951056 0.198631
vn -0.000000 -1.000000 0.000008
vn 0.000000 -1.000000 0.000009
vn -0.236721 -0.951059 -0.198619
vn -0.236722 -0.951059 -0.198620
vn -0.450268 -0.809018 -0.377822
vn -0.450268 -0.809017 -0.377822
vn -0.619745 -0.587779 -0.520031
vn -0.619744 -0.587780 -0.520031
vn -0.728553 -0.309018 -0.611325
vn -0.728553 -0.309019 -0.611324
vn -0.766044 -0.000000 -0.642788
vn -0.766044 0.000000 -0.642788
vn -0.728549 0.309020 -0.611329
vn -0.728549 0.309021 -0.611328
vn -0.619745 0.587779 -0.520031
vn -0.619744 0.587780 -0.520031
vn -0.450275 0.809014 -0.377821
vn -0.450275 0.809014 -0.377821
vn -0.236721 0.951059 -0.198619
vn -0.236722 0.951059 -0.198620
vn -0.000000 1.000000 0.000008
vn 0.000000 1.000000 0.000009
vn -0.642786 0.000000 0.766046
vn -0.642787 0.000011 0.766045
vn -0.642789 -0.000001 0.766043
vn -0.642785 -0.000000 0.766047
vn -0.642806 0.000011 0.766029
vn -0.642796 0.000000 0.766037
vn -0.642777 -0.000011 0.766053
vn -0.642786 -0.000000 0.766045
vn -0.642800 0.000006 0.766034
vn -0.642787 -0.000006 0.766045
vn -0.642781 0.000000 0.766050
vn -0.642793 0.000000 0.766040
vn -0.642806 0.000000 0.766029
vn -0.642790 -0.000011 0.766042
vn -0.642769 -0.000011 0.766060
vn -0.642792 0.000000 0.766041
vn -0.642798 0.000000 0.766036
vn -0.642789 0.000000 0.766043
vn -0.642779 0.000000 0.766051
vn -0.642782 0.000000 0.766049
vn -0.642787 0.000000 0.766045
vn 0.642790 0.000000 -0.766043
vn 0.642783 0.000000 -0.766049
vn 0.642786 0.000001 -0.766046
vn 0.642770 0.000011 -0.766059
vn 0.642790 -0.000011 -0.766042
vn 0.642792 0.000000 -0.766041
vn 0.642784 0.000023 -0.766047
vn 0.642792 0.000000 -0.766041
vn 0.642797 0.000000 -0.766036
vn 0.642793 0.000000 -0.766040
vn 0.642781 0.000000 -0.766050
vn 0.642792 0.000000 -0.766041
vn 0.642797 0.000000 -0.766036
vn 0.642789 0.000000 -0.766043
vn 0.642780 0.000000 -0.766051
vn 0.642792 0.000000 -0.766041
vn 0.642786 0.000000 -0.766046
vn 0.642777 0.000000 -0.766054
vn 0.642781 0.000000 -0.766050
vn 0.642778 0.000000 -0.766053
vn 0.642783 0.000000 -0.766048
vn 0.236725 0.951054 0.198640
vn 0.450274 0.809012 0.377828
vn 0.450273 0.809012 0.377827
vn 0.236724 0.951054 0.198640
vn 0.619738 0.587791 0.520026
vn 0.619738 0.587790 0.520026
vn 0.728551 0.309027 0.611323
vn 0.728551 0.309027 0.611323
vn 0.766053 0.000000 0.642778
vn 0.766053 0.000000 0.642778
vn 0.728551 -0.309027 0.611323
vn 0.728551 -0.309027 0.611323
vn 0.619738 -0.587791 0.520026
vn 0.619738 -0.587790 0.520026
vn 0.450274 -0.809012 0.377828
vn 0.450273 -0.809012 0.377827
vn 0.236725 -0.951054 0.198640
vn 0.236724 -0.951054 0.198640
vn -0.000000 -1.000000 -0.000000
vn 0.000000 -1.000000 0.000000
vn -0.236721 -0.951057 -0.198628
vn -0.236721 -0.951057 -0.198628
vn -0.450269 -0.809020 -0.377815
vn -0.450269 -0.809020 -0.377815
vn -0.619747 -0.587782 -0.520025
vn -0.619747 -0.587783 -0.520024
vn -0.728553 -0.309018 -0.611325
vn -0.728553 -0.309019 -0.611324
vn -0.766044 0.000000 -0.642788
vn -0.766044 0.000000 -0.642788
vn -0.728553 0.309018 -0.611325
vn -0.728553 0.309019 -0.611324
vn -0.619747 0.587782 -0.520025
vn -0.619747 0.587783 -0.520024
vn -0.450269 0.809020 -0.377815
vn -0.450269 0.809020 -0.377815
vn -0.236721 0.951057 -0.198628
vn -0.236721 0.951057 -0.198628
vn -0.000000 1.000000 -0.000000
vn 0.000000 1.000000 0.000000
vn -0.642807 0.000000 0.766028
vn -0.642790 0.000011 0.766043
vn -0.642787 -0.000001 0.766045
vn -0.642790 -0.000000 0.766042
vn -0.642777 0.000011 0.766053
vn -0.642778 0.000000 0.766052
vn -0.642777 -0.000011 0.766053
vn -0.642786 -0.000000 0.766045
vn -0.642800 0.000006 0.766034
vn -0.642787 -0.000006 0.766045
vn -0.642781 0.000000 0.766050
vn -0.642793 0.000000 0.766040
vn -0.642806 0.000000 0.766029
vn -0.642790 -0.000011 0.766042
vn -0.642769 -0.000011 0.766060
vn -0.642775 0.000000 0.766055
vn -0.642769 0.000000 0.766060
vn -0.642783 0.000000 0.766048
vn -0.642799 0.000000 0.766035
vn -0.642793 0.000000 0.766040
vn -0.642781 0.000000 0.766050
vn 0.642793 0.000000 -0.766040
vn 0.642797 0.000000 -0.766036
vn 0.642788 0.000001 -0.766044
vn 0.642792 0.000011 -0.766041
vn 0.642785 -0.000011 -0.766047
vn 0.642774 0.000000 -0.766056
vn 0.642784 0.000023 -0.766047
vn 0.642792 0.000000 -0.766041
vn 0.642797 0.000000 -0.766036
vn 0.642793 0.000000 -0.766040
vn 0.642781 0.000000 -0.766050
vn 0.642792 0.000000 -0.766041
vn 0.642797 0.000000 -0.766036
vn 0.642789 0.000000 -0.766043
vn 0.642780 0.000000 -0.766051
vn 0.642774 0.000000 -0.766056
vn 0.642780 0.000000 -0.766051
vn 0.642790 0.000000 -0.766043
vn 0.642800 0.000000 -0.766034
vn 0.642793 0.000000 -0.766040
vn 0.642781 0.000000 -0.766050
vn 0.000000 0.000000 1.000000
vn 0.000000 0.000000 1.000000
vn 0.000000 0.000000 1.000000
vn 0.000000 0.000000 1.000000
vn 0.000000 1.000000 0.000000
vn 0.000000 1.000000 0.000000
vn 0.000000 1.000000 0.000000
vn 0.000000 1.000000 0.000000
vn 0.000000 0.000000 -1.000000
vn 0.000000 0.000000 -1.000000
vn 0.000000 0.000000 -1.000000
vn 0.000000 0.000000 -1.000000
vn 0.000000 -1.000000 0.000000
vn 0.000000 -1.000000 0.000000
vn 0.000000 -1.000000 0.000000
vn 0.000000 -1.000000 0.000000
vn 1.000000 0.000000 0.000000
vn 1.000000 0.000000 0.000000
vn 1.000000 0.000000 0.000000
vn 1.000000 0.000000 0.000000
vn -1.000000 0.000000 0.000000
vn -1.000000 0.000000 0.000000
vn -1.000000 0.000000 0.000000
vn -1.000000 0.000000 0.000000
vn 0.000000 0.000000 1.000000
vn 0.000000 0.000000 1.000000
vn 0.000000 0.000000 1.000000
vn 0.000000 0.000000 1.000000
vn 0.000000 1.000000 0.000000
vn 0.000000 1.000000 0.000000
vn 0.000000 1.000000 0.000000
vn 0.000000 1.000000 0.000000
vn 0.000000 0.000000 -1.000000
vn 0.000000 0.000000 -1.000000
vn 0.000000 0.000000 -1.000000
vn 0.000000 0.000000 -1.000000
vn 0.000000 -1.000000 0.000000
vn 0.000000 -1.000000 0.000000
vn 0.000000 -1.000000 0.000000
vn 0.000000 -1.000000 0.000000
vn 1.000000 0.000000 0.000000
vn 1.000000 0.000000 0.000000
vn 1.000000 0.000000 0.000000
vn 1.000000 0.000000 0.000000
vn -1.000000 0.000000 0.000000
vn -1.000000 0.000000 0.000000
vn -1.000000 0.000000 0.000000
vn -1.000000 0.000000 0.000000
vn 0.000000 0.000000 1.000000
vn 0.000000 0.000000 1.000000
vn 0.000000 0.000000 1.000000
vn 0.000000 0.000000 1.000000
vn 0.000000 1.000000 0.000000
vn 0.000000 1.000000 0.000000
vn 0.000000 1.000000 0.000000
vn 0.000000 1.000000 0.000000
vn 0.000000 0.000000 -1.000000
vn 0.000000 0.000000 -1.000000
vn 0.000000 0.000000 -1.000000
vn 0.000000 0.000000 -1.000000
vn 0.000000 -1.000000 0.000000
vn 0.000000 -1.000000 0.000000
vn 0.000000 -1.000000 0.000000
vn 0.000000 -1.000000 0.000000
vn 1.000000 0.000000 0.000000
vn 1.000000 0.000000 0.000000
vn 1.000000 0.000000 0.000000
vn 1.000000 0.000000 0.000000
vn -1.000000 0.000000 0.000000
vn -1.000000 0.000000 0.000000
vn -1.000000 0.000000 0.000000
vn -1.000000 0.000000 0.000000
vn 0.000000 0.000000 1.000000
vn 0.000000 0.000000 1.000000
vn 0.000000 0.000000 1.000000
vn 0.000000 0.000000 1.000000
vn 0.000000 1.000000 0.000000
vn 0.000000 1.000000 0.000000
vn 0.000000 1.000000 0.000000
vn 0.000000 1.000000 0.000000
vn 0.000000 0.000000 -1.000000
vn 0.000000 0.000000 -1.000000
vn 0.000000 0.000000 -1.000000
vn 0.000000 0.000000 -1.000000
vn 0.000000 -1.000000 0.000000
vn 0.000000 -1.000000 0.000000
vn 0.000000 -1.000000 0.000000
vn 0.000000 -1.000000 0.000000
vn 1.000000 0.000000 0.000000
vn 1.000000 0.000000 0.000000
vn 1.000000 0.000000 0.000000
vn 1.000000 0.000000 0.000000
vn -1.000000 0.000000 0.000000
vn -1.000000 0.000000 0.000000
vn -1.000000 0.000000 0.000000
vn -1.000000 0.000000 0.000000
vn 0.000000 0.951066 -0.308987
vn 0.000000 0.809017 -0.587785
vn 0.000000 0.809017 -0.587785
vn 0.000000 0.951066 -0.308987
vn 0.000000 0.587769 -0.809029
vn 0.000000 0.587769 -0.809029
vn 0.000000 0.309021 -0.951055
vn 0.000000 0.309021 -0.951055
vn 0.000000 0.000000 -1.000000
vn 0.000000 0.000000 -1.000000
vn 0.000000 -0.309011 -0.951058
vn 0.000000 -0.309011 -0.951058
vn 0.000000 -0.587785 -0.809017
vn 0.000000 -0.587785 -0.809017
vn 0.000000 -0.809018 -0.587783
vn 0.000000 -0.809018 -0.587783
vn 0.000000 -0.951056 -0.309019
vn 0.000000 -0.951056 -0.309019
vn 0.000000 -1.000000 0.000000
vn 0.000000 -1.000000 0.000000
vn 0.000000 -0.951056 0.309019
vn 0.000000 -0.951056 0.309019
vn 0.000000 -0.809018 0.587783
vn 0.000000 -0.809018 0.587783
vn 0.000000 -0.587783 0.809018
vn 0.000000 -0.587783 0.809018
vn 0.000000 -0.309008 0.951059
vn 0.000000 -0.309008 0.951059
vn 0.000000 0.000000 1.000000
vn 0.000000 0.000000 1.000000
vn 0.000000 0.309019 0.951056
vn 0.000000 0.309019 0.951056
vn 0.000000 0.587783 0.809018
vn 0.000000 0.587783 0.809018
vn 0.000000 0.809018 0.587783
vn 0.000000 0.809018 0.587783
vn 0.000000 0.951056 0.309019
vn 0.000000 0.951056 0.309019
vn 0.000000 1.000000 0.000000
vn 0.000000 1.000000 0.000000
vn 1.000000 0.000000 0.000000
vn 1.000000 0.000000 0.000000
vn 1.000000 -0.000000 0.000000
vn 1.000000 0.000000 0.000000
vn 1.000000 0.000000 0.000000
vn 1.000000 0.000000 0.000000
vn 1.000000 0.000000 0.000000
vn 1.000000 0.000000 0.000000
vn 1.000000 0.000011 0.000000
vn 1.000000 0.000011 0.000000
vn 1.000000 0.000000 0.000000
vn 1.000000 0.000000 0.000000
vn 1.000000 0.000000 0.000000
vn 1.000000 0.000000 0.000000
vn 1.000000 0.000000 0.000000
vn 1.000000 0.000000 0.000000
vn 1.000000 0.000000 0.000000
vn 1.000000 0.000000 0.000000
vn 1.000000 -0.000011 0.000000
vn 1.000000 -0.000011 0.000000
vn 1.000000 0.000000 0.000000
vn -1.000000 0.000000 0.000000
vn -1.000000 -0.000023 0.000000
vn -1.000000 -0.000001 0.000000
vn -1.000000 -0.000023 0.000000
vn -1.000000 0.000000 0.000000
vn -1.000000 0.000000 0.000000
vn -1.000000 0.000000 0.000000
vn -1.000000 0.000023 0.000000
vn -1.000000 0.000023 0.000000
vn -1.000000 0.000000 0.000000
vn -1.000000 0.000000 0.000000
vn -1.000000 -0.000011 0.000000
vn -1.000000 0.000011 0.000000
vn -1.000000 -0.000000 0.000000
vn -1.000000 -0.000023 0.000000
vn -1.000000 0.000000 0.000000
vn -1.000000 0.000023 0.000000
vn -1.000000 0.000000 0.000000
vn -1.000000 -0.000023 0.000000
vn -1.000000 0.000000 0.000000
vn -1.000000 0.000000 0.000000
vn 0.000000 0.951066 -0.308987
vn 0.000000 0.809009 -0.587796
vn 0.000000 0.809009 -0.587796
vn 0.000000 0.951066 -0.308987
vn 0.000000 0.587769 -0.809029
vn 0.000000 0.587769 -0.809029
vn 0.000000 0.309021 -0.951055
vn 0.000000 0.309021 -0.951055
vn 0.000000 0.000000 -1.000000
vn 0.000000 0.000000 -1.000000
vn 0.000000 -0.309021 -0.951055
vn 0.000000 -0.309021 -0.951055
vn 0.000000 -0.587785 -0.809017
vn 0.000000 -0.587785 -0.809017
vn 0.000000 -0.809010 -0.587795
vn 0.000000 -0.809010 -0.587795
vn 0.000000 -0.951056 -0.309018
vn 0.000000 -0.951056 -0.309018
vn 0.000000 -1.000000 0.000000
vn 0.000000 -1.000000 0.000000
vn 0.000000 -0.951056 0.309018
vn 0.000000 -0.951056 0.309018
vn 0.000000 -0.809010 0.587795
vn 0.000000 -0.809010 0.587795
vn 0.000000 -0.587783 0.809018
vn 0.000000 -0.587783 0.809018
vn 0.000000 -0.309019 0.951056
vn 0.000000 -0.309019 0.951056
vn 0.000000 0.000000 1.000000
vn 0.000000 0.000000 1.000000
vn 0.000000 0.309019 0.951056
vn 0.000000 0.309019 0.951056
vn 0.000000 0.587783 0.809018
vn 0.000000 0.587783 0.809018
vn 0.000000 0.809010 0.587795
vn 0.000000 0.809010 0.587795
vn 0.000000 0.951056 0.309019
vn 0.000000 0.951056 0.309019
vn 0.000000 1.000000 0.000000
vn 0.000000 1.000000 0.000000
vn 1.000000 0.000000 0.000000
vn 1.000000 0.000000 0.000000
vn 1.000000 -0.000000 0.000000
vn 1.000000 0.000000 0.000000
vn 1.000000 0.000000 0.000000
vn 1.000000 0.000000 0.000000
vn 1.000000 0.000000 0.000000
vn 1.000000 0.000000 0.000000
vn 1.000000 0.000011 0.000000
vn 1.000000 0.000011 0.000000
vn 1.000000 0.000000 0.000000
vn 1.000000 0.000000 0.000000
vn 1.000000 0.000000 0.000000
vn 1.000000 0.000000 0.000000
vn 1.000000 0.000000 0.000000
vn 1.000000 0.000000 0.000000
vn 1.000000 0.000000 0.000000
vn 1.000000 0.000000 0.000000
vn 1.000000 -0.000011 0.000000
vn 1.000000 -0.000011 0.000000
vn 1.000000 0.000000 0.000000
vn -1.000000 0.000000 0.000000
vn -1.000000 -0.000023 0.000000
vn -1.000000 -0.000001 0.000000
vn -1.000000 -0.000023 0.000000
vn -1.000000 0.000000 0.000000
vn -1.000000 0.000000 0.000000
vn -1.000000 0.000000 0.000000
vn -1.000000 0.000023 0.000000
vn -1.000000 0.000023 0.000000
vn -1.000000 0.000000 0.000000
vn -1.000000 0.000000 0.000000
vn -1.000000 -0.000011 0.000000
vn -1.000000 0.000011 0.000000
vn -1.000000 -0.000000 0.000000
vn -1.000000 -0.000023 0.000000
vn -1.000000 0.000000 0.000000
vn -1.000000 0.000023 0.000000
vn -1.000000 0.000000 0.000000
vn -1.000000 -0.000023 0.000000
vn -1.000000 0.000000 0.000000
vn -1.000000 0.000000 0.000000
vn 0.000000 0.951061 -0.309003
vn 0.000000 0.809009 -0.587796
vn 0.000000 0.809009 -0.587796
vn 0.000000 0.951061 -0.309003
vn 0.000000 0.587777 -0.809023
vn 0.000000 0.587777 -0.809023
vn 0.000000 0.309016 -0.951057
vn 0.000000 0.309016 -0.951057
vn 0.000000 0.000000 -1.000000
vn 0.000000 0.000000 -1.000000
vn 0.000000 -0.309021 -0.951055
vn 0.000000 -0.309021 -0.951055
vn 0.000000 -0.587785 -0.809017
vn 0.000000 -0.587785 -0.809017
vn 0.000000 -0.809010 -0.587795
vn 0.000000 -0.809010 -0.587795
vn 0.000000 -0.951056 -0.309019
vn 0.000000 -0.951056 -0.309019
vn 0.000000 -1.000000 0.000000
vn 0.000000 -1.000000 0.000000
vn 0.000000 -0.951056 0.309019
vn 0.000000 -0.951056 0.309019
vn 0.000000 -0.809010 0.587795
vn 0.000000 -0.809010 0.587795
vn 0.000000 -0.587783 0.809018
vn 0.000000 -0.587783 0.809018
vn 0.000000 -0.309019 0.951056
vn 0.000000 -0.309019 0.951056
vn 0.000000 0.000000 1.000000
vn 0.000000 0.000000 1.000000
vn 0.000000 0.309014 0.951058
vn 0.000000 0.309014 0.951058
vn 0.000000 0.587783 0.809018
vn 0.000000 0.587783 0.809018
vn 0.000000 0.809010 0.587795
vn 0.000000 0.809010 0.587795
vn 0.000000 0.951056 0.309019
vn 0.000000 0.951056 0.309019
vn 0.000000 1.000000 0.000000
vn 0.000000 1.000000 0.000000
vn 1.000000 0.000000 0.000000
vn 1.000000 0.000000 0.000000
vn 1.000000 -0.000000 0.000000
vn 1.000000 0.000000 0.000000
vn 1.000000 0.000000 0.000000
vn 1.000000 0.000000 0.000000
vn 1.000000 0.000000 0.000000
vn 1.000000 0.000000 0.000000
vn 1.000000 0.000011 0.000000
vn 1.000000 0.000011 0.000000
vn 1.000000 0.000000 0.000000
vn 1.000000 0.000000 0.000000
vn 1.000000 0.000000 0.000000
vn 1.000000 0.000000 0.000000
vn 1.000000 0.000000 0.000000
vn 1.000000 0.000000 0.000000
vn 1.000000 0.000000 0.000000
vn 1.000000 0.000000 0.000000
vn 1.000000 -0.000011 0.000000
vn 1.000000 -0.000011 0.000000
vn 1.000000 0.000000 0.000000
vn -1.000000 0.000000 0.000000
vn -1.000000 -0.000023 0.000000
vn -1.000000 -0.000001 0.000000
vn -1.000000 -0.000023 0.000000
vn -1.000000 0.000000 0.000000
vn -1.000000 0.000000 0.000000
vn -1.000000 0.000000 0.000000
vn -1.000000 0.000023 0.000000
vn -1.000000 0.000023 0.000000
vn -1.000000 0.000000 0.000000
vn -1.000000 0.000000 0.000000
vn -1.000000 -0.000011 0.000000
vn -1.000000 0.000011 0.000000
vn -1.000000 -0.000000 0.000000
vn -1.000000 -0.000023 0.000000
vn -1.000000 0.000000 0.000000
vn -1.000000 0.000023 0.000000
vn -1.000000 0.000000 0.000000
vn -1.000000 -0.000023 0.000000
vn -1.000000 0.000000 0.000000
vn -1.000000 0.000000 0.000000
vn 0.000000 0.951061 -0.309003
vn 0.000000 0.809009 -0.587796
vn 0.000000 0.809009 -0.587796
vn 0.000000 0.951061 -0.309003
vn 0.000000 0.587777 -0.809023
vn 0.000000 0.587777 -0.809023
vn 0.000000 0.309021 -0.951055
vn 0.000000 0.309021 -0.951055
vn 0.000000 0.000000 -1.000000
vn 0.000000 0.000000 -1.000000
vn 0.000000 -0.309021 -0.951055
vn 0.000000 -0.309021 -0.951055
vn 0.000000 -0.587785 -0.809017
vn 0.000000 -0.587785 -0.809017
vn 0.000000 -0.809010 -0.587795
vn 0.000000 -0.809010 -0.587795
vn 0.000000 -0.951056 -0.309019
vn 0.000000 -0.951056 -0.309019
vn 0.000000 -1.000000 0.000000
vn 0.000000 -1.000000 0.000000
vn 0.000000 -0.951056 0.309019
vn 0.000000 -0.951056 0.309019
vn 0.000000 -0.809010 0.587795
vn 0.000000 -0.809010 0.587795
vn 0.000000 -0.587783 0.809018
vn 0.000000 -0.587783 0.809018
vn 0.000000 -0.309019 0.951056
vn 0.000000 -0.309019 0.951056
vn 0.000000 0.000000 1.000000
vn 0.000000 0.000000 1.000000
vn 0.000000 0.309019 0.951056
vn 0.000000 0.309019 0.951056
vn 0.000000 0.587783 0.809018
vn 0.000000 0.587783 0.809018
vn 0.000000 0.809010 0.587795
vn 0.000000 0.809010 0.587795
vn 0.000000 0.951056 0.309018
vn 0.000000 0.951056 0.309018
vn 0.000000 1.000000 0.000000
vn 0.000000 1.000000 0.000000
vn 1.000000 0.000000 0.000000
vn 1.000000 0.000000 0.000000
vn 1.000000 -0.000000 0.000000
vn 1.000000 0.000000 0.000000
vn 1.000000 0.000000 0.000000
vn 1.000000 0.000000 0.000000
vn 1.000000 0.000000 0.000000
vn 1.000000 0.000000 0.000000
vn 1.000000 0.000011 0.000000
vn 1.000000 0.000011 0.000000
vn 1.000000 0.000000 0.000000
vn 1.000000 0.000000 0.000000
vn 1.000000 0.000000 0.000000
vn 1.000000 0.000000 0.000000
vn 1.000000 0.000000 0.000000
vn 1.000000 0.000000 0.000000
vn 1.000000 0.000000 0.000000
vn 1.000000 0.000000 0.000000
vn 1.000000 -0.000011 0.000000
vn 1.000000 -0.000011 0.000000
vn 1.000000 0.000000 0.000000
vn -1.000000 0.000000 0.000000
vn -1.000000 -0.000023 0.000000
vn -1.000000 -0.000001 0.000000
vn -1.000000 -0.000023 0.000000
vn -1.000000 0.000000 0.000000
vn -1.000000 0.000000 0.000000
vn -1.000000 0.000000 0.000000
vn -1.000000 0.000023 0.000000
vn -1.000000 0.000023 0.000000
vn -1.000000 0.000000 0.000000
vn -1.000000 0.000000 0.000000
vn -1.000000 -0.000011 0.000000
vn -1.000000 0.000011 0.000000
vn -1.000000 -0.000000 0.000000
vn -1.000000 -0.000023 0.000000
vn -1.000000 0.000000 0.000000
vn -1.000000 0.000023 0.000000
vn -1.000000 0.000000 0.000000
vn -1.000000 -0.000023 0.000000
vn -1.000000 0.000000 0.000000
vn -1.000000 0.000000 0.000000
vn 0.000000 0.951061 -0.309003
vn 0.000000 0.809009 -0.587796
vn 0.000000 0.809009 -0.587796
vn 0.000000 0.951061 -0.309003
vn 0.000000 0.587777 -0.809023
vn 0.000000 0.587777 -0.809023
vn 0.000000 0.309021 -0.951055
vn 0.000000 0.309021 -0.951055
vn 0.000000 0.000000 -1.000000
vn 0.000000 0.000000 -1.000000
vn 0.000000 -0.309016 -0.951057
vn 0.000000 -0.309016 -0.951057
vn 0.000000 -0.587785 -0.809017
vn 0.000000 -0.587785 -0.809017
vn 0.000000 -0.809018 -0.587783
vn 0.000000 -0.809018 -0.587783
vn 0.000000 -0.951056 -0.309018
vn 0.000000 -0.951056 -0.309018
vn 0.000000 -1.000000 0.000000
vn 0.000000 -1.000000 0.000000
vn 0.000000 -0.951056 0.309018
vn 0.000000 -0.951056 0.309018
vn 0.000000 -0.809018 0.587783
vn 0.000000 -0.809018 0.587783
vn 0.000000 -0.587783 0.809018
vn 0.000000 -0.587783 0.809018
vn 0.000000 -0.309014 0.951058
vn 0.000000 -0.309014 0.951058
vn 0.000000 0.000000 1.000000
vn 0.000000 0.000000 1.000000
vn 0.000000 0.309019 0.951056
vn 0.000000 0.309019 0.951056
vn 0.000000 0.587792 0.809012
vn 0.000000 0.587792 0.809012
vn 0.000000 0.809010 0.587795
vn 0.000000 0.809010 0.587795
vn 0.000000 0.951051 0.309034
vn 0.000000 0.951051 0.309034
vn 0.000000 1.000000 0.000000
vn 0.000000 1.000000 0.000000
vn 1.000000 0.000000 0.000000
vn 1.000000 0.000000 0.000000
vn 1.000000 -0.000000 0.000000
vn 1.000000 0.000000 0.000000
vn 1.000000 0.000000 0.000000
vn 1.000000 0.000000 0.000000
vn 1.000000 0.000000 0.000000
vn 1.000000 0.000000 0.000000
vn 1.000000 0.000011 0.000000
vn 1.000000 0.000011 0.000000
vn 1.000000 0.000000 0.000000
vn 1.000000 0.000000 0.000000
vn 1.000000 0.000000 0.000000
vn 1.000000 0.000000 0.000000
vn 1.000000 0.000000 0.000000
vn 1.000000 0.000000 0.000000
vn 1.000000 0.000000 0.000000
vn 1.000000 0.000000 0.000000
vn 1.000000 -0.000011 0.000000
vn 1.000000 -0.000011 0.000000
vn 1.000000 0.000000 0.000000
vn -1.000000 0.000000 0.000000
vn -1.000000 -0.000023 0.000000
vn -1.000000 -0.000001 0.000000
vn -1.000000 -0.000023 0.000000
vn -1.000000 0.000000 0.000000
vn -1.000000 0.000000 0.000000
vn -1.000000 0.000000 0.000000
vn -1.000000 0.000023 0.000000
vn -1.000000 0.000023 0.000000
vn -1.000000 0.000000 0.000000
vn -1.000000 0.000000 0.000000
vn -1.000000 -0.000011 0.000000
vn -1.000000 0.000011 0.000000
vn -1.000000 -0.000000 0.000000
vn -1.000000 -0.000023 0.000000
vn -1.000000 0.000000 0.000000
vn -1.000000 0.000023 0.000000
vn -1.000000 0.000000 0.000000
vn -1.000000 -0.000023 0.000000
vn -1.000000 0.000000 0.000000
vn -1.000000 0.000000 0.000000
vn 0.000000 0.951056 -0.309018
vn 0.000000 0.809017 -0.587785
vn 0.000000 0.809017 -0.587785
vn 0.000000 0.951056 -0.309018
vn 0.000000 0.587785 -0.809017
vn 0.000000 0.587785 -0.809017
vn 0.000000 0.309016 -0.951057
vn 0.000000 0.309016 -0.951057
vn 0.000000 0.000000 -1.000000
vn 0.000000 0.000000 -1.000000
vn 0.000000 -0.309016 -0.951057
vn 0.000000 -0.309016 -0.951057
vn 0.000000 -0.587794 -0.809011
vn 0.000000 -0.587794 -0.809011
vn 0.000000 -0.809018 -0.587783
vn 0.000000 -0.809018 -0.587783
vn 0.000000 -0.951056 -0.309018
vn 0.000000 -0.951056 -0.309018
vn 0.000000 -1.000000 0.000000
vn 0.000000 -1.000000 0.000000
vn 0.000000 -0.951056 0.309018
vn 0.000000 -0.951056 0.309018
vn 0.000000 -0.809018 0.587783
vn 0.000000 -0.809018 0.587783
vn 0.000000 -0.587792 0.809012
vn 0.000000 -0.587792 0.809012
vn 0.000000 -0.309014 0.951058
vn 0.000000 -0.309014 0.951058
vn 0.000000 0.000000 1.000000
vn 0.000000 0.000000 1.000000
vn 0.000000 0.309014 0.951058
vn 0.000000 0.309014 0.951058
vn 0.000000 0.587783 0.809018
vn 0.000000 0.587783 0.809018
vn 0.000000 0.809018 0.587783
vn 0.000000 0.809018 0.587783
vn 0.000000 0.951056 0.309018
vn 0.000000 0.951056 0.309018
vn 0.000000 1.000000 0.000000
vn 0.000000 1.000000 0.000000
vn 1.000000 0.000000 0.000000
vn 1.000000 0.000000 0.000000
vn 1.000000 0.000000 0.000000
vn 1.000000 0.000000 0.000000
vn 1.000000 0.000000 0.000000
vn 1.000000 0.000000 0.000000
vn 1.000000 0.000000 0.000000
vn 1.000000 0.000000 0.000000
vn 1.000000 0.000011 0.000000
vn 1.000000 0.000011 0.000000
vn 1.000000 0.000000 0.000000
vn 1.000000 0.000000 0.000000
vn 1.000000 0.000000 0.000000
vn 1.000000 0.000000 0.000000
vn 1.000000 0.000000 0.000000
vn 1.000000 0.000000 0.000000
vn 1.000000 0.000000 0.000000
vn 1.000000 0.000000 0.000000
vn 1.000000 -0.000011 0.000000
vn 1.000000 -0.000011 0.000000
vn 1.000000 0.000000 0.000000
vn -1.000000 0.000000 0.000000
vn -1.000000 -0.000023 0.000000
vn -1.000000 -0.000001 0.000000
vn -1.000000 -0.000023 0.000000
vn -1.000000 0.000000 0.000000
vn -1.000000 0.000000 0.000000
vn -1.000000 0.000000 0.000000
vn -1.000000 0.000023 0.000000
vn -1.000000 0.000023 0.000000
vn -1.000000 0.000000 0.000000
vn -1.000000 0.000000 0.000000
vn -1.000000 -0.000011 0.000000
vn -1.000000 0.000011 0.000000
vn -1.000000 -0.000000 0.000000
vn -1.000000 -0.000023 0.000000
vn -1.000000 0.000000 0.000000
vn -1.000000 0.000023 0.000000
vn -1.000000 -0.000000 0.000000
vn -1.000000 -0.000023 0.000000
vn -1.000000 0.000000 0.000000
vn -1.000000 0.000000 0.000000
vn 0.948409 0.317048 0.000000
vn 0.800957 0.598722 0.000000
vn 0.800957 0.598722 0.000000
vn 0.948409 0.317048 0.000000
vn 0.576841 0.816857 0.000000
vn 0.576841 0.816857 0.000000
vn 0.301145 0.953578 0.000000
vn 0.301145 0.953578 0.000000
vn 0.000000 1.000000 0.000000
vn 0.000000 1.000000 0.000000
vn -0.301145 0.953578 0.000000
vn -0.301145 0.953578 0.000000
vn -0.576841 0.816857 0.000000
vn -0.576841 0.816857 0.000000
vn -0.800957 0.598722 0.000000
vn -0.800957 0.598722 0.000000
vn -0.948407 0.317056 0.000000
vn -0.948407 0.317056 0.000000
vn -1.000000 0.000000 0.000000
vn -1.000000 0.000000 0.000000
vn -0.948406 -0.317058 0.000000
vn -0.948406 -0.317058 0.000000
vn -0.800957 -0.598722 0.000000
vn -0.800957 -0.598722 0.000000
vn -0.576841 -0.816857 0.000000
vn -0.576841 -0.816857 0.000000
vn -0.301142 -0.953579 0.000000
vn -0.301142 -0.953579 0.000000
vn 0.000000 -1.000000 0.000000
vn 0.000000 -1.000000 0.000000
vn 0.301145 -0.953578 0.000000
vn 0.301145 -0.953578 0.000000
vn 0.576841 -0.816857 0.000000
vn 0.576841 -0.816857 0.000000
vn 0.800956 -0.598724 0.000000
vn 0.800956 -0.598724 0.000000
vn 0.948409 -0.317049 0.000000
vn 0.948409 -0.317049 0.000000
vn 1.000000 0.000000 0.000000
vn 1.000000 0.000000 0.000000
vn 0.000006 0.000000 -1.000000
vn 0.000006 0.000000 -1.000000
vn 0.000000 0.000000 -1.000000
vn 0.000000 0.000000 -1.000000
vn 0.000000 0.000000 -1.000000
vn 0.000000 0.000000 -1.000000
vn 0.000000 0.000000 -1.000000
vn 0.000000 0.000000 -1.000000
vn -0.000003 0.000000 -1.000000
vn -0.000003 0.000000 -1.000000
vn 0.000000 0.000000 -1.000000
vn 0.000000 0.000000 -1.000000
vn 0.000000 0.000000 -1.000000
vn 0.000000 0.000000 -1.000000
vn 0.000000 0.000000 -1.000000
vn 0.000000 0.000000 -1.000000
vn 0.000000 0.000000 -1.000000
vn 0.000000 0.000000 -1.000000
vn 0.000000 0.000000 -1.000000
vn 0.000000 0.000000 -1.000000
vn 0.000000 0.000000 -1.000000
vn -0.000001 0.000000 1.000000
vn -0.000002 0.000000 1.000000
vn -0.000000 0.000000 1.000000
vn 0.000000 0.000000 1.000000
vn -0.000006 0.000000 1.000000
vn 0.000000 0.000000 1.000000
vn 0.000006 0.000000 1.000000
vn 0.000000 0.000000 1.000000
vn 0.000000 0.000000 1.000000
vn 0.000000 0.000000 1.000000
vn 0.000000 0.000000 1.000000
vn 0.000000 0.000000 1.000000
vn 0.000000 0.000000 1.000000
vn -0.000003 0.000000 1.000000
vn 0.000003 0.000000 1.000000
vn 0.000000 0.000000 1.000000
vn 0.000000 0.000000 1.000000
vn 0.000003 0.000000 1.000000
vn -0.000003 0.000000 1.000000
vn 0.000000 0.000000 1.000000
vn 0.000000 0.000000 1.000000
vn 0.948409 0.317048 0.000000
vn 0.800956 0.598724 0.000000
vn 0.800956 0.598724 0.000000
vn 0.948409 0.317048 0.000000
vn 0.576841 0.816857 0.000000
vn 0.576841 0.816857 0.000000
vn 0.301145 0.953578 0.000000
vn 0.301145 0.953578 0.000000
vn 0.000000 1.000000 0.000000
vn 0.000000 1.000000 0.000000
vn -0.301145 0.953578 0.000000
vn -0.301145 0.953578 0.000000
vn -0.576841 0.816857 0.000000
vn -0.576841 0.816857 0.000000
vn -0.800956 0.598724 0.000000
vn -0.800956 0.598724 0.000000
vn -0.948407 0.317056 0.000000
vn -0.948407 0.317056 0.000000
vn -1.000000 0.000000 0.000000
vn -1.000000 0.000000 0.000000
vn -0.948406 -0.317059 0.000000
vn -0.948406 -0.317059 0.000000
vn -0.800959 -0.598720 0.000000
vn -0.800959 -0.598720 0.000000
vn -0.576841 -0.816857 0.000000
vn -0.576841 -0.816857 0.000000
vn -0.301145 -0.953578 0.000000
vn -0.301145 -0.953578 0.000000
vn 0.000000 -1.000000 0.000000
vn 0.000000 -1.000000 0.000000
vn 0.301145 -0.953578 0.000000
vn 0.301145 -0.953578 0.000000
vn 0.576841 -0.816857 0.000000
vn 0.576841 -0.816857 0.000000
vn 0.800959 -0.598720 0.000000
vn 0.800959 -0.598720 0.000000
vn 0.948409 -0.317050 0.000000
vn 0.948409 -0.317050 0.000000
vn 1.000000 -0.000000 0.000000
vn 1.000000 -0.000000 0.000000
vn 0.000006 0.000000 -1.000000
vn 0.000006 0.000000 -1.000000
vn 0.000001 0.000000 -1.000000
vn 0.000000 0.000000 -1.000000
vn 0.000000 0.000000 -1.000000
vn 0.000000 0.000000 -1.000000
vn 0.000000 0.000000 -1.000000
vn 0.000000 0.000000 -1.000000
vn -0.000003 0.000000 -1.000000
vn -0.000003 0.000000 -1.000000
vn 0.000000 0.000000 -1.000000
vn 0.000006 0.000000 -1.000000
vn 0.000006 0.000000 -1.000000
vn 0.000000 0.000000 -1.000000
vn 0.000000 0.000000 -1.000000
vn 0.000000 0.000000 -1.000000
vn 0.000000 0.000000 -1.000000
vn 0.000000 0.000000 -1.000000
vn -0.000003 0.000000 -1.000000
vn -0.000003 0.000000 -1.000000
vn 0.000000 0.000000 -1.000000
vn 0.000000 0.000000 1.000000
vn 0.000000 0.000000 1.000000
vn -0.000000 0.000000 1.000000
vn 0.000000 0.000000 1.000000
vn -0.000006 0.000000 1.000000
vn 0.000000 0.000000 1.000000
vn 0.000006 0.000000 1.000000
vn 0.000000 0.000000 1.000000
vn 0.000000 0.000000 1.000000
vn 0.000000 0.000000 1.000000
vn 0.000000 0.000000 1.000000
vn -0.000001 0.000000 1.000000
vn -0.000002 0.000000 1.000000
vn 0.000003 0.000000 1.000000
vn 0.000003 0.000000 1.000000
vn 0.000000 0.000000 1.000000
vn -0.000006 0.000000 1.000000
vn -0.000006 0.000000 1.000000
vn 0.000000 0.000000 1.000000
vn 0.000000 0.000000 1.000000
vn 0.000000 0.000000 1.000000
vn 0.948409 0.317050 0.000000
vn 0.800959 0.598720 0.000000
vn 0.800959 0.598720 0.000000
vn 0.948409 0.317050 0.000000
vn 0.576841 0.816857 0.000000
vn 0.576841 0.816857 0.000000
vn 0.301145 0.953578 0.000000
vn 0.301145 0.953578 0.000000
vn 0.000000 1.000000 0.000000
vn 0.000000 1.000000 0.000000
vn -0.301145 0.953578 0.000000
vn -0.301145 0.953578 0.000000
vn -0.576841 0.816857 0.000000
vn -0.576841 0.816857 0.000000
vn -0.800959 0.598720 0.000000
vn -0.800959 0.598720 0.000000
vn -0.948406 0.317059 0.000000
vn -0.948406 0.317059 0.000000
vn -1.000000 0.000000 0.000000
vn -1.000000 0.000000 0.000000
vn -0.948407 -0.317056 0.000000
vn -0.948407 -0.317056 0.000000
vn -0.800956 -0.598724 0.000000
vn -0.800956 -0.598724 0.000000
vn -0.576841 -0.816857 0.000000
vn -0.576841 -0.816857 0.000000
vn -0.301145 -0.953578 0.000000
vn -0.301145 -0.953578 0.000000
vn 0.000000 -1.000000 0.000000
vn 0.000000 -1.000000 0.000000
vn 0.301145 -0.953578 0.000000
vn 0.301145 -0.953578 0.000000
vn 0.576841 -0.816857 0.000000
vn 0.576841 -0.816857 0.000000
vn 0.800956 -0.598724 0.000000
vn 0.800956 -0.598724 0.000000
vn 0.948409 -0.317048 0.000000
vn 0.948409 -0.317048 0.000000
vn 1.000000 0.000000 0.000000
vn 1.000000 0.000000 0.000000
vn -0.000006 0.000000 -1.000000
vn -0.000006 0.000000 -1.000000
vn -0.000001 0.000000 -1.000000
vn 0.000000 0.000000 -1.000000
vn 0.000000 0.000000 -1.000000
vn 0.000000 0.000000 -1.000000
vn 0.000000 0.000000 -1.000000
vn 0.000000 0.000000 -1.000000
vn 0.000003 0.000000 -1.000000
vn 0.000003 0.000000 -1.000000
vn 0.000000 0.000000 -1.000000
vn -0.000006 0.000000 -1.000000
vn -0.000006 0.000000 -1.000000
vn 0.000000 0.000000 -1.000000
vn 0.000000 0.000000 -1.000000
vn 0.000000 0.000000 -1.000000
vn 0.000000 0.000000 -1.000000
vn 0.000000 0.000000 -1.000000
vn 0.000003 0.000000 -1.000000
vn 0.000003 0.000000 -1.000000
vn 0.000000 0.000000 -1.000000
vn 0.000001 0.000000 1.000000
vn 0.000002 0.000000 1.000000
vn 0.000000 0.000000 1.000000
vn -0.000003 0.000000 1.000000
vn -0.000003 0.000000 1.000000
vn 0.000000 0.000000 1.000000
vn 0.000006 0.000000 1.000000
vn 0.000006 0.000000 1.000000
vn 0.000000 0.000000 1.000000
vn 0.000000 0.000000 1.000000
vn 0.000000 0.000000 1.000000
vn 0.000000 0.000000 1.000000
vn 0.000000 0.000000 1.000000
vn 0.000000 0.000000 1.000000
vn 0.000006 0.000000 1.000000
vn 0.000000 0.000000 1.000000
vn -0.000006 0.000000 1.000000
vn 0.000000 0.000000 1.000000
vn 0.000000 0.000000 1.000000
vn 0.000000 0.000000 1.000000
vn 0.000000 0.000000 1.000000
vn 0.948409 0.317050 0.000000
vn 0.800959 0.598720 0.000000
vn 0.800959 0.598720 0.000000
vn 0.948409 0.317050 0.000000
vn 0.576841 0.816857 0.000000
vn 0.576841 0.816857 0.000000
vn 0.301145 0.953578 0.000000
vn 0.301145 0.953578 0.000000
vn 0.000000 1.000000 0.000000
vn 0.000000 1.000000 0.000000
vn -0.301145 0.953578 0.000000
vn -0.301145 0.953578 0.000000
vn -0.576841 0.816857 0.000000
vn -0.576841 0.816857 0.000000
vn -0.800959 0.598720 0.000000
vn -0.800959 0.598720 0.000000
vn -0.948406 0.317059 0.000000
vn -0.948406 0.317059 0.000000
vn -1.000000 0.000000 0.000000
vn -1.000000 0.000000 0.000000
vn -0.948407 -0.317056 0.000000
vn -0.948407 -0.317056 0.000000
vn -0.800956 -0.598724 0.000000
vn -0.800956 -0.598724 0.000000
vn -0.576835 -0.816861 0.000000
vn -0.576835 -0.816861 0.000000
vn -0.301145 -0.953578 0.000000
vn -0.301145 -0.953578 0.000000
vn 0.000000 -1.000000 0.000000
vn 0.000000 -1.000000 0.000000
vn 0.301145 -0.953578 0.000000
vn 0.301145 -0.953578 0.000000
vn 0.576835 -0.816861 0.000000
vn 0.576835 -0.816861 0.000000
vn 0.800956 -0.598724 0.000000
vn 0.800956 -0.598724 0.000000
vn 0.948409 -0.317048 0.000000
vn 0.948409 -0.317048 0.000000
vn 1.000000 0.000000 0.000000
vn 1.000000 0.000000 0.000000
vn -0.000006 0.000000 -1.000000
vn -0.000006 0.000000 -1.000000
vn -0.000001 0.000000 -1.000000
vn 0.000000 0.000000 -1.000000
vn 0.000000 0.000000 -1.000000
vn 0.000000 0.000000 -1.000000
vn 0.000000 0.000000 -1.000000
vn 0.000000 0.000000 -1.000000
vn 0.000003 0.000000 -1.000000
vn 0.000003 0.000000 -1.000000
vn 0.000000 0.000000 -1.000000
vn -0.000006 0.000000 -1.000000
vn -0.000006 0.000000 -1.000000
vn 0.000000 0.000000 -1.000000
vn 0.000000 0.000000 -1.000000
vn 0.000000 0.000000 -1.000000
vn 0.000000 0.000000 -1.000000
vn 0.000000 0.000000 -1.000000
vn 0.000003 0.000000 -1.000000
vn 0.000003 0.000000 -1.000000
vn 0.000000 0.000000 -1.000000
vn 0.000001 0.000000 1.000000
vn 0.000002 0.000000 1.000000
vn 0.000000 0.000000 1.000000
vn -0.000003 0.000000 1.000000
vn -0.000003 0.000000 1.000000
vn 0.000000 0.000000 1.000000
vn 0.000006 0.000000 1.000000
vn 0.000006 0.000000 1.000000
vn 0.000000 0.000000 1.000000
vn 0.000000 0.000000 1.000000
vn 0.000000 0.000000 1.000000
vn 0.000000 0.000000 1.000000
vn 0.000000 0.000000 1.000000
vn 0.000003 0.000000 1.000000
vn 0.000003 0.000000 1.000000
vn 0.000000 0.000000 1.000000
vn -0.000006 0.000000 1.000000
vn -0.000006 0.000000 1.000000
vn 0.000000 0.000000 1.000000
vn 0.000000 0.000000 1.000000
vn 0.000000 0.000000 1.000000
vn 0.948409 0.317050 0.000000
vn 0.800959 0.598720 0.000000
vn 0.800959 0.598720 0.000000
vn 0.948409 0.317050 0.000000
vn 0.576841 0.816857 0.000000
vn 0.576841 0.816857 0.000000
vn 0.301145 0.953578 0.000000
vn 0.301145 0.953578 0.000000
vn 0.000000 1.000000 0.000000
vn 0.000000 1.000000 0.000000
vn -0.301145 0.953578 0.000000
vn -0.301145 0.953578 0.000000
vn -0.576841 0.816857 0.000000
vn -0.576841 0.816857 0.000000
vn -0.800959 0.598720 0.000000
vn -0.800959 0.598720 0.000000
vn -0.948406 0.317059 0.000000
vn -0.948406 0.317059 0.000000
vn -1.000000 0.000000 0.000000
vn -1.000000 0.000000 0.000000
vn -0.948407 -0.317056 0.000000
vn -0.948407 -0.317056 0.000000
vn -0.800956 -0.598724 0.000000
vn -0.800956 -0.598724 0.000000
vn -0.576841 -0.816857 0.000000
vn -0.576841 -0.816857 0.000000
vn -0.301145 -0.953578 0.000000
vn -0.301145 -0.953578 0.000000
vn 0.000000 -1.000000 0.000000
vn 0.000000 -1.000000 0.000000
vn 0.301145 -0.953578 0.000000
vn 0.301145 -0.953578 0.000000
vn 0.576841 -0.816857 0.000000
vn 0.576841 -0.816857 0.000000
vn 0.800956 -0.598724 0.000000
vn 0.800956 -0.598724 0.000000
vn 0.948409 -0.317048 0.000000
vn 0.948409 -0.317048 0.000000
vn 1.000000 0.000000 0.000000
vn 1.000000 0.000000 0.000000
vn -0.000006 0.000000 -1.000000
vn -0.000006 0.000000 -1.000000
vn -0.000001 0.000000 -1.000000
vn 0.000000 0.000000 -1.000000
vn 0.000000 0.000000 -1.000000
vn 0.000000 0.000000 -1.000000
vn 0.000000 0.000000 -1.000000
vn 0.000000 0.000000 -1.000000
vn 0.000003 0.000000 -1.000000
vn 0.000003 0.000000 -1.000000
vn 0.000000 0.000000 -1.000000
vn -0.000006 0.000000 -1.000000
vn -0.000006 0.000000 -1.000000
vn 0.000000 0.000000 -1.000000
vn 0.000000 0.000000 -1.000000
vn 0.000000 0.000000 -1.000000
vn 0.000000 0.000000 -1.000000
vn 0.000000 0.000000 -1.000000
vn 0.000003 0.000000 -1.000000
vn 0.000003 0.000000 -1.000000
vn 0.000000 0.000000 -1.000000
vn 0.000001 0.000000 1.000000
vn 0.000002 0.000000 1.000000
vn 0.000000 0.000000 1.000000
vn -0.000003 0.000000 1.000000
vn -0.000003 0.000000 1.000000
vn 0.000000 0.000000 1.000000
vn 0.000006 0.000000 1.000000
vn 0.000006 0.000000 1.000000
vn 0.000000 0.000000 1.000000
vn 0.000000 0.000000 1.000000
vn 0.000000 0.000000 1.000000
vn 0.000000 0.000000 1.000000
vn 0.000000 0.000000 1.000000
vn 0.000000 0.000000 1.000000
vn 0.000006 0.000000 1.000000
vn 0.000000 0.000000 1.000000
vn -0.000006 0.000000 1.000000
vn 0.000000 0.000000 1.000000
vn 0.000000 0.000000 1.000000
vn 0.000000 0.000000 1.000000
vn 0.000000 0.000000 1.000000
vn 0.000000 0.000000 1.000000
vn 0.000000 0.000000 1.000000
vn 0.000000 0.000000 1.000000
vn 0.000000 0.000000 1.000000
vn -0.999980 0.006372 -0.000000
vn -0.999980 0.006372 -0.000000
vn -0.999980 0.006372 0.000000
vn -0.999980 0.006372 -0.000000
vn -0.000000 0.000000 -1.000000
vn -0.000000 0.000000 -1.000000
vn -0.000000 0.000000 -1.000000
vn -0.000000 0.000000 -1.000000
vn 0.999980 -0.006372 0.000000
vn 0.999980 -0.006372 0.000000
vn 0.999980 -0.006372 0.000000
vn 0.999980 -0.006372 0.000000
vn 0.006023 0.999982 0.000000
vn 0.006023 0.999982 0.000000
vn 0.006023 0.999982 0.000000
vn 0.006023 0.999982 0.000000
vn -0.006019 -0.999982 0.000000
vn -0.006019 -0.999982 0.000000
vn -0.006019 -0.999982 0.000000
vn -0.006019 -0.999982 0.000000
vn -0.006019 -0.999982 0.000000
vn -0.006019 -0.999982 0.000000
vn -0.006019 -0.999982 0.000000
vn -0.006019 -0.999982 0.000000
vn 0.999980 -0.006372 0.000000
vn 0.999980 -0.006372 0.000000
vn 0.999980 -0.006372 0.000000
vn 0.999980 -0.006372 0.000000
vn 0.006023 0.999982 0.000000
vn 0.006023 0.999982 0.000000
vn 0.006023 0.999982 0.000000
vn 0.006023 0.999982 0.000000
vn -0.999980 0.006372 0.000000
vn -0.999980 0.006372 0.000000
vn -0.999980 0.006372 0.000000
vn -0.999980 0.006372 0.000000
vn -0.000000 0.000000 1.000000
vn -0.000000 0.000000 1.000000
vn -0.000000 0.000000 1.000000
vn -0.000000 0.000000 1.000000
vn -0.999980 0.006371 0.000000
vn -0.999980 0.006371 0.000000
vn -0.999980 0.006371 0.000000
vn -0.999980 0.006371 0.000000
vn -0.999980 0.006372 0.000000
vn -0.999980 0.006372 0.000000
vn -0.999980 0.006371 0.000000
vn -0.999980 0.006371 0.000000
vn 0.000001 0.000000 -1.000000
vn 0.000001 0.000000 -1.000000
vn 0.000001 0.000000 -1.000000
vn 0.000001 0.000000 -1.000000
vn 0.999980 -0.006371 0.000000
vn 0.999980 -0.006372 0.000000
vn 0.999980 -0.006372 0.000000
vn 0.999980 -0.006371 0.000000
vn 0.999980 -0.006371 0.000000
vn 0.999980 -0.006372 0.000000
vn 0.999980 -0.006371 0.000000
vn 0.999980 -0.006371 0.000000
vn 0.000000 0.000000 -1.000000
vn 0.000000 0.000000 -1.000000
vn 0.000000 0.000000 -1.000000
vn 0.000000 0.000000 -1.000000
vn 0.006020 0.999982 -0.000001
vn 0.006020 0.999982 -0.000001
vn 0.006020 0.999982 -0.000001
vn 0.006020 0.999982 -0.000001
vn -0.000000 -0.000000 1.000000
vn -0.000000 -0.000000 1.000000
vn -0.000000 -0.000000 1.000000
vn -0.000000 -0.000000 1.000000
vn -0.707107 -0.707106 -0.000001
vn -0.707107 -0.707106 -0.000001
vn -0.707107 -0.707106 -0.000001
vn -0.707107 -0.707106 -0.000001
vn 0.000000 -0.707109 0.707105
vn 0.000000 -0.707109 0.707105
vn 0.000000 -0.707109 0.707105
vn 0.000000 -0.707109 0.707105
vn -0.707108 0.000000 0.707106
vn -0.707108 0.000000 0.707106
vn -0.707108 0.000000 0.707106
vn -0.707108 0.000000 0.707106
vn 0.000000 -1.000000 0.000000
vn -0.000000 -1.000000 -0.000000
vn -0.000000 -1.000000 -0.000000
vn 0.000000 -1.000000 0.000000
vn 0.000000 -0.707107 0.707106
vn 0.000000 -0.707107 0.707106
vn 0.000000 -0.707107 0.707107
vn 0.000000 -0.707107 0.707107
vn 0.000000 0.000000 1.000000
vn 0.000000 0.000000 1.000000
vn 0.000000 0.000000 1.000000
vn 0.000000 0.000000 1.000000
vn -0.707108 0.000000 -0.707105
vn -0.707108 0.000000 -0.707105
vn -0.707108 0.000000 -0.707105
vn -0.707108 0.000000 -0.707105
vn -0.000000 -0.707107 -0.707106
vn -0.000000 -0.707107 -0.707106
vn -0.000000 -0.707108 -0.707106
vn -0.000000 -0.707108 -0.707106
vn 0.000000 0.000000 -1.000000
vn 0.000000 0.000000 -1.000000
vn 0.000000 0.000000 -1.000000
vn 0.000000 0.000000 -1.000000
vn 0.000000 -0.707109 -0.707105
vn 0.000000 -0.707109 -0.707105
vn 0.000000 -0.707109 -0.707105
vn 0.000000 -0.707109 -0.707105
vn -0.707108 0.707106 0.000000
vn -0.707108 0.707106 0.000000
vn -0.707108 0.707106 0.000000
vn -0.707108 0.707106 0.000000
vn 0.000000 -0.707109 0.707105
vn 0.000000 -0.707109 0.707105
vn 0.000000 -0.707109 0.707105
vn 0.000000 -0.707109 0.707105
vn 0.707105 -0.707109 0.000000
vn 0.707105 -0.707109 0.000000
vn 0.707105 -0.707109 0.000000
vn 0.707105 -0.707109 0.000000
vn 0.707108 0.000000 0.707106
vn 0.707108 0.000000 0.707106
vn 0.707108 0.000000 0.707106
vn 0.707108 0.000000 0.707106
vn 0.000000 0.000000 1.000000
vn 0.000000 0.000000 1.000000
vn 0.000000 0.000000 1.000000
vn 0.000000 0.000000 1.000000
vn 1.000000 0.000000 0.000000
vn 1.000000 0.000000 0.000000
vn 1.000000 0.000000 0.000000
vn 1.000000 0.000000 0.000000
vn 0.707108 0.000000 0.707106
vn 0.707108 0.000000 0.707106
vn 0.707108 0.000000 0.707106
vn 0.707108 0.000000 0.707106
vn -0.000000 0.707113 0.707101
vn -0.000000 0.707113 0.707100
vn -0.000001 0.707112 0.707101
vn -0.000001 0.707112 0.707101
vn 0.707107 0.000000 0.707106
vn 0.707107 0.000000 0.707106
vn 0.707108 0.000000 0.707106
vn 0.707108 0.000000 0.707106
vn 0.707107 0.707107 -0.000003
vn 0.707107 0.707107 -0.000003
vn 0.707107 0.707107 -0.000003
vn 0.707107 0.707107 -0.000003
vn 0.000000 0.707102 -0.707111
vn 0.000000 0.707102 -0.707111
vn 0.000000 0.707102 -0.707111
vn 0.000000 0.707102 -0.707111
vn 0.707108 0.000000 -0.707105
vn 0.707108 0.000000 -0.707105
vn 0.707108 0.000000 -0.707105
vn 0.707108 0.000000 -0.707105
vn 0.000000 0.000000 -1.000000
vn 0.000000 0.000000 -1.000000
vn 0.000000 0.000000 -1.000000
vn 0.000000 0.000000 -1.000000
vn 1.000000 0.000000 0.000000
vn 1.000000 0.000000 0.000000
vn 1.000000 0.000000 0.000000
vn 1.000000 0.000000 0.000000
vn 0.707108 0.000000 -0.707106
vn 0.707108 0.000000 -0.707106
vn 0.707108 0.000000 -0.707106
vn 0.707108 0.000000 -0.707106
vn 0.000000 -0.707109 -0.707105
vn 0.000000 -0.707109 -0.707105
vn 0.000000 -0.707109 -0.707105
vn 0.000000 -0.707109 -0.707105
vn 0.707109 0.000000 -0.707105
vn 0.707109 0.000000 -0.707105
vn 0.707109 0.000000 -0.707105
vn 0.707109 0.000000 -0.707105
vn 0.000000 -0.707109 0.707105
vn 0.000000 -0.707109 0.707105
vn 0.000000 -0.707109 0.707105
vn 0.000000 -0.707109 0.707105
vn 0.000000 -1.000000 0.000000
vn 0.000000 -1.000000 0.000000
vn 0.000000 -1.000000 0.000000
vn 0.000000 -1.000000 0.000000
vn 0.000000 -0.707108 0.707105
vn 0.000000 -0.707108 0.707105
vn 0.000000 -0.707109 0.707105
vn 0.000000 -0.707109 0.707105
vn 0.000000 0.000000 1.000000
vn 0.000000 0.000000 1.000000
vn 0.000000 0.000000 1.000000
vn 0.000000 0.000000 1.000000
vn 0.000000 -1.000000 0.000000
vn 0.000000 -1.000000 0.000000
vn 0.000000 -1.000000 0.000000
vn 0.000000 -1.000000 0.000000
vn 0.000000 -0.707109 0.707105
vn 0.000000 -0.707109 0.707105
vn 0.000000 -0.707109 0.707105
vn 0.000000 -0.707109 0.707105
vn 0.000000 0.000000 1.000000
vn 0.000000 0.000000 1.000000
vn 0.000000 0.000000 1.000000
vn 0.000000 0.000000 1.000000
vn 0.000000 -0.707109 -0.707105
vn 0.000000 -0.707109 -0.707105
vn 0.000001 -0.707108 -0.707105
vn 0.000001 -0.707108 -0.707105
vn 0.000000 0.000000 -1.000000
vn 0.000000 0.000000 -1.000000
vn 0.000000 0.000000 -1.000000
vn 0.000000 0.000000 -1.000000
vn 0.000000 -0.707108 -0.707105
vn 0.000000 -0.707108 -0.707105
vn 0.000000 -0.707109 -0.707105
vn 0.000000 -0.707109 -0.707105
vn 0.000000 0.000000 -1.000000
vn 0.000000 0.000000 -1.000000
vn 0.000000 0.000000 -1.000000
vn 0.000000 0.000000 -1.000000
vn 0.000000 -0.707109 -0.707105
vn 0.000000 -0.707109 -0.707105
vn 0.000000 -0.707109 -0.707105
vn 0.000000 -0.707109 -0.707105
vn 0.000000 0.000000 1.000000
vn 0.000000 0.000000 1.000000
vn 0.000000 0.000000 1.000000
vn 0.000000 0.000000 1.000000
vn 0.000000 0.000000 1.000000
vn 0.000000 0.000000 1.000000
vn 0.000000 0.000000 1.000000
vn -0.000001 -0.707106 0.707108
vn -0.000001 -0.707106 0.707108
vn -0.000001 -0.707107 0.707107
vn -0.000001 -0.707107 0.707107
vn 0.000000 -1.000000 0.000000
vn -0.000001 -1.000000 0.000001
vn -0.000001 -1.000000 0.000001
vn 0.000000 -1.000000 0.000000
vn 0.000000 -0.707105 0.707109
vn 0.000000 -0.707105 0.707109
vn 0.000000 -0.707105 0.707109
vn 0.000000 -0.707105 0.707109
vn 0.000000 0.000000 1.000000
vn 0.000000 0.000000 1.000000
vn 0.000000 0.000000 1.000000
vn 0.000000 0.000000 1.000000
vn 0.000000 -1.000000 0.000000
vn 0.000000 -1.000000 0.000000
vn 0.000000 -1.000000 0.000000
vn 0.000000 -1.000000 0.000000
vn 0.000000 -0.707105 0.707109
vn 0.000000 -0.707105 0.707109
vn 0.000000 -0.707105 0.707109
vn 0.000000 -0.707105 0.707109
vn 0.000000 0.000000 1.000000
vn 0.000000 0.000000 1.000000
vn 0.000000 0.000000 1.000000
vn 0.000000 0.000000 1.000000
vn -0.000000 -0.707107 -0.707106
vn -0.000000 -0.707107 -0.707106
vn -0.000000 -0.707107 -0.707107
vn -0.000000 -0.707107 -0.707107
vn -0.000001 0.000000 -1.000000
vn -0.000000 0.000000 -1.000000
vn -0.000000 0.000000 -1.000000
vn -0.000001 0.000000 -1.000000
vn -0.000000 -0.707108 -0.707105
vn -0.000000 -0.707108 -0.707105
vn 0.000000 -0.707109 -0.707105
vn 0.000000 -0.707109 -0.707105
vn 0.000000 0.000000 -1.000000
vn 0.000000 0.000000 -1.000000
vn 0.000000 0.000000 -1.000000
vn 0.000000 0.000000 -1.000000
vn 0.000000 -0.707109 -0.707105
vn 0.000000 -0.707109 -0.707105
vn 0.000000 -0.707108 -0.707105
vn 0.000000 -0.707108 -0.707105
vn 0.000000 0.000000 1.000000
vn 0.000000 0.000000 1.000000
vn 0.000000 0.000000 1.000000
vn 0.000000 0.000000 1.000000
vn 0.000000 0.000000 1.000000
vn 0.000000 0.000000 1.000000
vn 0.000000 0.000000 1.000000
vn -0.000000 -0.707106 0.707107
vn -0.000000 -0.707106 0.707107
vn -0.000001 -0.707107 0.707107
vn -0.000001 -0.707107 0.707107
vn 0.000001 -1.000000 -0.000002
vn 0.000000 -1.000000 -0.000002
vn 0.000000 -1.000000 -0.000002
vn 0.000001 -1.000000 -0.000002
vn 0.000001 -0.707108 0.707106
vn 0.000001 -0.707108 0.707106
vn 0.000001 -0.707108 0.707106
vn 0.000001 -0.707108 0.707106
vn -0.000000 0.000000 1.000000
vn 0.000000 0.000000 1.000000
vn 0.000000 0.000000 1.000000
vn -0.000000 0.000000 1.000000
vn 0.000000 -1.000000 -0.000000
vn 0.000000 -1.000000 -0.000001
vn 0.000000 -1.000000 -0.000001
vn 0.000000 -1.000000 -0.000000
vn 0.000000 -0.707109 0.707105
vn 0.000000 -0.707109 0.707105
vn 0.000000 -0.707109 0.707105
vn 0.000000 -0.707109 0.707105
vn 0.000000 0.000000 1.000000
vn 0.000000 0.000000 1.000000
vn -0.001223 0.003254 0.999994
vn -0.001356 0.003609 0.999993
vn 0.000000 -0.707108 -0.707106
vn 0.000000 -0.707108 -0.707106
vn -0.000000 -0.707108 -0.707105
vn -0.000000 -0.707108 -0.707105
vn -0.000000 0.000000 -1.000000
vn 0.000000 0.000000 -1.000000
vn 0.000000 0.000000 -1.000000
vn -0.000000 0.000000 -1.000000
vn 0.000000 -0.707108 -0.707106
vn 0.000000 -0.707108 -0.707106
vn -0.000000 -0.707108 -0.707105
vn -0.000000 -0.707108 -0.707105
vn -0.000000 0.000000 -1.000000
vn -0.000000 0.000000 -1.000000
vn -0.001314 0.003429 -0.999993
vn -0.001138 0.002968 -0.999995
vn 0.000000 -0.707108 -0.707106
vn 0.000000 -0.707108 -0.707106
vn 0.000000 -0.707107 -0.707107
vn 0.000000 -0.707107 -0.707107
vn -0.000000 -1.000000 0.000000
vn 0.000000 -1.000000 0.000000
vn 0.000000 -1.000000 0.000000
vn -0.000000 -1.000000 0.000000
vn -0.000000 -0.707107 0.707107
vn -0.000000 -0.707107 0.707107
vn -0.000000 -0.707107 0.707106
vn -0.000000 -0.707107 0.707106
vn 0.000000 0.000000 1.000000
vn -0.000000 0.000000 1.000000
vn -0.000000 0.000000 1.000000
vn 0.000000 0.000000 1.000000
vn 0.000000 -1.000000 0.000000
vn -0.000000 -1.000000 0.000000
vn -0.000000 -1.000000 0.000000
vn 0.000000 -1.000000 0.000000
vn 0.000000 -0.707109 0.707105
vn 0.000000 -0.707109 0.707105
vn 0.000000 -0.707109 0.707105
vn 0.000000 -0.707109 0.707105
vn -0.000000 0.000000 1.000000
vn 0.000000 0.000000 1.000000
vn 0.000000 0.000000 1.000000
vn -0.000000 0.000000 1.000000
vn 0.000000 0.000000 -1.000000
vn 0.000000 0.000000 -1.000000
vn 0.000000 0.000000 -1.000000
vn 0.000000 0.000000 -1.000000
vn 0.000000 -0.707109 -0.707105
vn 0.000000 -0.707109 -0.707105
vn 0.000000 -0.707109 -0.707105
vn 0.000000 -0.707109 -0.707105
vn 0.000000 0.000000 -1.000000
vn 0.000000 0.000000 -1.000000
vn 0.000000 0.000000 -1.000000
vn 0.000000 0.000000 -1.000000
vn 0.000000 -0.707109 -0.707105
vn 0.000000 -0.707109 -0.707105
vn 0.000000 -0.707109 -0.707105
vn 0.000000 -0.707109 -0.707105
vn 0.000000 0.000000 -1.000000
vn 0.000001 0.000000 -1.000000
vn 0.000000 0.000000 -1.000000
vn 0.000000 0.000000 -1.000000
vn 0.000000 0.000000 -1.000000
vn 0.000000 0.000000 -1.000000
vn 0.000000 0.000000 -1.000000
vn 0.000000 0.000000 -1.000000
vn 0.000000 0.000000 -1.000000
vn 0.000000 0.000000 -1.000000
vn 0.000000 0.000000 -1.000000
vn 0.000000 0.000000 -1.000000
vn 0.000000 0.000000 -1.000000
vn 0.000000 0.000000 -1.000000
vn 0.000000 0.000000 -1.000000
vn 0.000000 0.000000 -1.000000
vn 0.000000 0.000000 -1.000000
vn 0.000000 0.000000 -1.000000
vn 0.707108 0.000000 -0.707106
vn 0.707108 0.000000 -0.707106
vn 0.707108 0.000000 -0.707106
vn 0.707108 0.000000 -0.707106
vn 0.000000 0.000000 1.000000
vn 0.000000 0.000000 1.000000
vn 0.000000 0.000000 1.000000
vn 0.000000 0.000000 1.000000
vn 1.000000 0.000000 0.000000
vn 1.000000 0.000000 0.000000
vn 1.000000 0.000000 0.000000
vn 1.000000 0.000000 0.000000
vn 0.707108 0.000000 0.707106
vn 0.707108 0.000000 0.707106
vn 0.707108 0.000000 0.707106
vn 0.707108 0.000000 0.707106
vn 0.000000 0.000000 1.000000
vn 0.000000 0.000000 1.000000
vn 0.000000 0.000000 1.000000
vn 0.000000 0.000000 1.000000
vn 0.000000 0.000000 1.000000
vn 0.000000 0.000000 1.000000
vn 0.000000 0.000000 1.000000
vn 0.000000 0.000000 1.000000
vn 0.000000 0.000000 1.000000
vn 0.000000 0.000000 1.000000
vn 0.000000 0.000000 1.000000
vn 0.000000 0.000000 1.000000
vn 0.000000 0.000000 1.000000
vn 0.000000 0.000000 1.000000
vn 0.000000 0.000000 1.000000
vn 0.000000 0.000000 1.000000
vn 0.000000 0.000000 -1.000000
vn 0.000000 0.000000 -1.000000
vn 0.000000 0.000000 -1.000000
vn 0.000000 0.000000 -1.000000
vn 0.000001 0.000000 -1.000000
vn 0.000000 0.000000 -1.000000
vn 0.000000 0.000000 -1.000000
vn 0.000000 0.000000 -1.000000
vn 0.000000 0.000000 -1.000000
vn 0.000000 0.000000 -1.000000
vn 0.000000 0.000000 1.000000
vn 0.000000 0.000000 1.000000
vn 0.000000 0.000000 1.000000
vn 0.000000 0.000000 1.000000
vn 0.000000 0.000000 1.000000
vn 0.000000 0.000000 1.000000
vn 0.000000 0.000000 1.000000
vn 0.000000 0.000000 1.000000
vn 0.000000 0.000000 1.000000
vn 0.000000 0.000000 1.000000
vn 0.000000 0.000000 1.000000
vn 0.000000 0.000000 1.000000
vn 0.000000 0.000000 1.000000
vn 0.000000 0.000000 1.000000
vn 0.000000 0.000000 1.000000
vn 0.000000 0.000000 1.000000
vn 0.000000 0.000000 1.000000
vn 0.000000 0.000000 1.000000
vn 0.000000 0.000000 1.000000
vn 0.000000 0.000000 1.000000
vn 0.000000 0.000000 1.000000
vn 0.000000 -0.707109 0.707105
vn 0.000000 -0.707109 0.707105
vn 0.000000 -0.707109 0.707105
vn 0.000000 -0.707109 0.707105
vn 0.000000 -1.000000 0.000000
vn 0.000000 -1.000000 0.000000
vn 0.000000 -1.000000 0.000000
vn 0.000000 -1.000000 0.000000
vn 0.000000 -0.707109 0.707105
vn 0.000000 -0.707109 0.707105
vn 0.000000 -0.707109 0.707105
vn 0.000000 -0.707109 0.707105
vn 0.000000 0.000000 1.000000
vn 0.000000 0.000000 1.000000
vn 0.000000 0.000000 1.000000
vn 0.000000 0.000000 1.000000
vn 0.000000 -1.000000 0.000000
vn 0.000000 -1.000000 0.000000
vn 0.000000 -1.000000 0.000000
vn 0.000000 -1.000000 0.000000
vn 0.000000 -0.707109 0.707105
vn 0.000000 -0.707109 0.707105
vn 0.000000 -0.707109 0.707105
vn 0.000000 -0.707109 0.707105
vn 0.000000 0.000000 1.000000
vn 0.000000 0.000000 1.000000
vn 0.000000 0.000000 1.000000
vn 0.000000 0.000000 1.000000
vn 0.000000 0.000000 1.000000
vn 0.000000 0.000000 1.000000
vn 0.000000 0.000000 1.000000
vn 0.000000 0.000000 1.000000
vn 0.000000 0.000000 1.000000
vn 0.000000 0.000000 1.000000
vn 0.000000 0.000000 1.000000
vn 0.000000 0.000000 1.000000
vn 0.000000 0.000000 1.000000
vn 0.000000 0.000000 1.000000
vn 0.000000 0.000000 1.000000
vn 0.000000 0.000000 1.000000
vn 0.000000 0.000000 1.000000
vn 0.000000 0.000000 1.000000
vn 0.434367 0.533882 0.725462
vn 0.476696 0.509515 0.716348
vn 0.461719 0.522071 0.717118
vn 0.503743 0.493772 0.708825
vn -0.000000 0.000000 1.000000
vn 0.000000 0.000000 1.000000
vn 0.000000 0.000000 1.000000
vn -0.000000 0.000000 1.000000
vn 0.082305 0.680328 0.728272
vn 0.072884 0.683206 0.726579
vn -0.001122 0.704798 0.709408
vn -0.001121 0.704800 0.709405
vn 0.677985 0.735076 -0.000030
vn 0.145463 0.989364 -0.000055
vn 0.145568 0.989348 -0.000055
vn 0.677932 0.735124 -0.000030
vn 0.000000 1.000000 0.000001
vn 0.000000 1.000000 0.000000
vn 0.000000 1.000000 0.000000
vn 0.000000 1.000000 0.000001
vn -0.000000 0.000000 1.000000
vn -0.000000 0.000000 1.000000
vn -0.000000 0.000000 1.000000
vn -0.000000 0.000000 1.000000
vn -0.000000 0.707104 0.707109
vn -0.000000 0.707104 0.707109
vn -0.000002 0.707105 0.707108
vn -0.000002 0.707105 0.707108
vn 0.476986 0.509026 -0.716504
vn 0.434366 0.533398 -0.725819
vn 0.503876 0.493443 -0.708959
vn 0.460934 0.521978 -0.717690
vn 0.072327 0.681846 -0.727911
vn 0.082435 0.678778 -0.729702
vn -0.001234 0.703768 -0.710429
vn -0.001237 0.703762 -0.710435
vn -0.000001 0.000000 -1.000000
vn -0.000000 0.000000 -1.000000
vn -0.000000 0.000000 -1.000000
vn -0.000000 0.000000 -1.000000
vn -0.000000 0.000000 -1.000000
vn 0.000000 0.000000 -1.000000
vn 0.000000 0.000000 -1.000000
vn -0.000000 0.000000 -1.000000
vn -0.000000 0.707104 -0.707110
vn -0.000000 0.707104 -0.707110
vn -0.000000 0.707103 -0.707110
vn -0.000000 0.707103 -0.707110
vn 0.000000 0.000000 -1.000000
vn 0.000000 0.000000 -1.000000
vn 0.000000 0.000000 -1.000000
vn 0.000000 0.000000 -1.000000
vn 0.000000 0.000000 -1.000000
vn 0.000000 0.000000 -1.000000
vn 0.000000 0.000000 -1.000000
vn 0.000000 0.000000 -1.000000
vn 0.000000 0.000000 -1.000000
vn 0.000000 0.000000 -1.000000
vn 0.000000 0.000000 -1.000000
vn 0.000000 0.000000 -1.000000
vn 0.000000 0.000000 -1.000000
vn 0.000000 0.000000 -1.000000
vn 0.000000 0.000000 -1.000000
vn 0.000000 0.000000 -1.000000
vn 0.000000 0.000000 -1.000000
vn 0.000000 0.000000 -1.000000
vn 0.000000 0.000000 -1.000000
vn 0.000000 0.000000 -1.000000
vn 0.000000 -0.707109 -0.707105
vn 0.000000 -0.707109 -0.707105
vn 0.000000 -0.707109 -0.707105
vn 0.000000 -0.707109 -0.707105
vn 0.000000 -0.707109 -0.707105
vn 0.000000 -0.707109 -0.707105
vn 0.000000 -0.707109 -0.707105
vn 0.000000 -0.707109 -0.707105
vn 0.000000 -0.707109 -0.707105
vn 0.000000 -0.707109 -0.707105
vn 0.000000 -0.707109 -0.707105
vn 0.000000 -0.707109 -0.707105
vn 0.000000 0.000000 1.000000
vn 0.000000 0.000000 1.000000
vn 0.000000 0.000000 1.000000
vn 0.000000 0.000000 1.000000
vn 0.000000 0.000000 1.000000
vn 0.000000 0.000000 1.000000
vn 0.000000 0.000000 1.000000
vn 0.000000 0.000000 -1.000000
vn 0.000000 0.000000 -1.000000
vn 0.000000 0.000000 -1.000000
vn 0.000000 0.000000 -1.000000
vn 0.000000 0.000000 -1.000000
vn 0.000000 0.000000 -1.000000
vn 0.000000 0.000000 -1.000000
vn 0.000000 -1.000000 0.000000
vn 0.000000 -1.000000 0.000000
vn 0.000000 -1.000000 0.000000
vn 0.000000 -1.000000 0.000000
vn 0.000000 -0.707109 0.707105
vn 0.000000 -0.707109 0.707105
vn 0.000000 -0.707109 0.707105
vn 0.000000 -0.707109 0.707105
vn 0.000000 0.000000 1.000000
vn 0.000000 0.000000 1.000000
vn 0.000000 0.000000 1.000000
vn 0.000000 -1.000000 0.000000
vn 0.000000 -1.000000 0.000000
vn 0.000000 -1.000000 0.000000
vn 0.000000 -1.000000 0.000000
vn 0.000000 0.000000 1.000000
vn 0.000000 0.000000 1.000000
vn 0.000000 0.000000 1.000000
vn 0.000000 0.000000 1.000000
vn 0.000000 0.000000 1.000000
vn -0.003184 0.689323 0.724447
vn -0.000099 0.688685 0.725060
vn -0.166432 0.643325 0.747284
vn -0.251030 0.610154 0.751462
vn -0.000000 0.000000 1.000000
vn -0.000000 0.000000 1.000000
vn -0.000000 0.000000 1.000000
vn -0.000000 0.000000 1.000000
vn 0.003040 0.687644 0.726042
vn 0.164488 0.651945 0.740211
vn 0.115728 0.665100 0.737732
vn 0.000000 0.000000 1.000000
vn -0.000000 0.000000 1.000000
vn -0.000000 0.000000 1.000000
vn 0.000000 0.000000 1.000000
vn 0.115070 0.993357 0.000062
vn 0.677931 0.735126 0.000039
vn 0.677896 0.735157 0.000039
vn 0.115274 0.993334 0.000062
vn 0.002931 0.690685 -0.723150
vn 0.000137 0.688833 -0.724920
vn 0.115848 0.667548 -0.735499
vn 0.164283 0.653892 -0.738536
vn 0.000000 0.000000 -1.000000
vn -0.000001 0.000000 -1.000000
vn -0.000001 0.000000 -1.000000
vn 0.000000 0.000000 -1.000000
vn -0.003305 0.686273 -0.727337
vn -0.002661 0.687484 -0.726195
vn -0.002661 0.687484 -0.726195
vn -0.000000 0.000000 -1.000000
vn 0.000001 0.000000 -1.000000
vn 0.000000 0.000000 -1.000000
vn 0.000000 0.000000 -1.000000
vn 0.000000 0.000000 -1.000000
vn 0.000000 0.000000 -1.000000
vn 0.000000 0.000000 -1.000000
vn 0.000000 0.000000 -1.000000
vn 0.000000 0.000000 -1.000000
vn 0.000000 0.000000 -1.000000
vn 0.000000 0.000000 -1.000000
vn 0.000000 0.000000 -1.000000
vn 0.000000 0.000000 -1.000000
vn 0.000000 0.000000 -1.000000
vn 0.000000 0.000000 -1.000000
vn 0.000000 -0.707109 -0.707105
vn 0.000000 -0.707109 -0.707105
vn 0.000000 -0.707109 -0.707105
vn 0.000000 -0.707109 -0.707105
vn 0.000000 0.000000 1.000000
vn 0.000000 0.000000 1.000000
vn 0.000000 0.000000 1.000000
vn 0.000000 0.000000 1.000000
vn 0.000000 0.000000 1.000000
vn 0.000000 0.000000 1.000000
vn 0.000000 0.000000 -1.000000
vn 0.000000 0.000000 -1.000000
vn 0.000000 0.000000 -1.000000
vn 0.000000 0.000000 -1.000000
vn 0.000000 0.000000 -1.000000
vn 0.000000 0.000000 -1.000000
vn 0.000000 0.000000 -1.000000
vn 0.000000 -0.707109 0.707105
vn 0.000000 -0.707109 0.707105
vn 0.000000 -0.707109 0.707105
vn 0.000000 -0.707109 0.707105
vn -0.000001 -1.000000 0.000001
vn 0.000000 -1.000000 0.000000
vn 0.000000 -1.000000 0.000000
vn -0.000001 -1.000000 0.000001
vn -0.000001 -0.707108 0.707105
vn -0.000001 -0.707108 0.707105
vn -0.000001 -0.707108 0.707106
vn -0.000001 -0.707108 0.707105
vn 0.000000 0.000000 1.000000
vn 0.000000 0.000000 1.000000
vn 0.000000 0.000000 1.000000
vn -0.000001 -1.000000 0.000001
vn -0.000001 -1.000000 0.000001
vn -0.000001 -1.000000 0.000001
vn -0.000001 -1.000000 0.000001
vn 0.000000 0.000000 1.000000
vn 0.000000 0.000000 1.000000
vn 0.000000 0.000000 1.000000
vn 0.000000 0.000000 1.000000
vn 0.000000 0.000000 1.000000
vn 0.000000 0.000000 1.000000
vn 0.000000 0.000000 1.000000
vn 0.000000 0.000000 1.000000
vn 0.000000 0.000000 1.000000
vn -0.000000 0.000000 1.000000
vn -0.000000 0.000000 1.000000
vn 0.000000 0.000000 1.000000
vn 0.000000 0.000000 1.000000
vn 0.000000 0.000000 -1.000000
vn 0.000000 0.000000 -1.000000
vn 0.000000 0.000000 -1.000000
vn 0.000000 0.000000 -1.000000
vn 0.000000 0.000000 -1.000000
vn 0.000000 0.000000 -1.000000
vn 0.000000 0.000000 -1.000000
vn 0.000000 0.000000 -1.000000
vn 0.000000 0.000000 -1.000000
vn 0.000000 0.000000 -1.000000
vn 0.000000 0.000000 -1.000000
vn 0.000000 0.000000 -1.000000
vn 0.000000 0.000000 -1.000000
vn 0.000000 0.000000 -1.000000
vn 0.000001 0.000000 -1.000000
vn 0.000000 0.000000 -1.000000
vn 0.000000 -0.707109 -0.707105
vn 0.000000 -0.707109 -0.707105
vn 0.000000 -0.707109 -0.707105
vn 0.000000 -0.707109 -0.707105
vn -0.000001 -0.707108 -0.707106
vn -0.000001 -0.707108 -0.707106
vn -0.000001 -0.707107 -0.707107
vn -0.000001 -0.707107 -0.707107
vn 0.000000 0.000000 1.000000
vn 0.000000 0.000000 1.000000
vn 0.000000 0.000000 1.000000
vn 0.000000 0.000000 1.000000
vn 0.000000 0.000000 1.000000
vn 0.000000 0.000000 1.000000
vn 0.000000 0.707103 -0.707111
vn 0.000000 0.707103 -0.707111
vn 0.000000 0.707103 -0.707110
vn 0.000000 0.707103 -0.707110
vn -0.697974 0.002613 -0.716119
vn -0.697974 0.002613 -0.716119
vn -0.589450 0.171790 -0.789327
vn -0.592058 0.168247 -0.788137
vn 0.000000 0.000000 -1.000000
vn -0.000000 0.000000 -1.000000
vn -0.000000 0.000000 -1.000000
vn 0.000000 0.000000 -1.000000
vn 0.000000 0.000000 -1.000000
vn 0.000000 0.000000 -1.000000
vn 0.000000 0.000000 -1.000000
vn -0.147691 0.609191 -0.779149
vn -0.155345 0.603670 -0.781953
vn -0.000562 0.703298 -0.710895
vn -0.000562 0.703301 -0.710892
vn -0.703702 0.710493 0.001693
vn -0.703702 0.710493 0.001693
vn -0.703702 0.710493 0.001693
vn -0.703702 0.710493 0.001693
vn -0.000000 -0.707108 0.707106
vn -0.000000 -0.707108 0.707106
vn -0.000000 -0.707107 0.707107
vn -0.000000 -0.707107 0.707107
vn 0.000000 -1.000000 0.000000
vn -0.000000 -1.000000 0.000000
vn -0.000000 -1.000000 0.000000
vn 0.000000 -1.000000 0.000000
vn 0.000000 -0.707109 0.707105
vn 0.000000 -0.707109 0.707105
vn 0.000000 -0.707109 0.707105
vn 0.000000 -0.707109 0.707105
vn -0.000000 0.000000 1.000000
vn 0.000000 0.000000 1.000000
vn -0.000000 0.000000 1.000000
vn 0.000000 -1.000000 0.000000
vn 0.000000 -1.000000 0.000000
vn 0.000000 -1.000000 0.000000
vn 0.000000 -1.000000 0.000000
vn -0.000000 0.000000 1.000000
vn 0.000000 0.000000 1.000000
vn -0.000000 0.000000 1.000000
vn -0.000000 0.000000 1.000000
vn -0.000000 0.000000 1.000000
vn 0.000000 0.000000 1.000000
vn -0.000000 0.000000 1.000000
vn 0.000000 0.000000 1.000000
vn 0.000000 0.000000 1.000000
vn 0.000000 0.000000 1.000000
vn 0.000000 0.000000 1.000000
vn 0.000000 0.000000 1.000000
vn -0.000000 0.000000 1.000000
vn 0.000000 0.000000 -1.000000
vn 0.000000 0.000000 -1.000000
vn 0.000000 0.000000 -1.000000
vn 0.000000 0.000000 -1.000000
vn 0.000000 0.000000 -1.000000
vn 0.000000 0.000000 -1.000000
vn 0.000000 0.000000 -1.000000
vn 0.000000 0.000000 -1.000000
vn 0.000000 0.000000 -1.000000
vn 0.000000 0.000000 -1.000000
vn 0.000000 0.000000 -1.000000
vn 0.000000 0.000000 -1.000000
vn 0.000000 0.000000 -1.000000
vn 0.000000 0.000000 -1.000000
vn 0.000000 0.000000 -1.000000
vn 0.000000 0.000000 -1.000000
vn 0.000000 -0.707109 -0.707105
vn 0.000000 -0.707109 -0.707105
vn 0.000000 -0.707109 -0.707105
vn 0.000000 -0.707109 -0.707105
vn 0.000000 -0.707109 -0.707105
vn 0.000000 -0.707109 -0.707105
vn 0.000000 -0.707109 -0.707105
vn 0.000000 -0.707109 -0.707105
vn 0.000000 0.000000 1.000000
vn 0.000000 0.000000 1.000000
vn 0.000000 0.000000 1.000000
vn 0.000000 0.000000 1.000000
vn 0.000000 0.000000 1.000000
vn 0.000000 0.000000 1.000000
vn 0.000000 -1.000000 -0.000000
vn 0.000000 -1.000000 -0.000000
vn 0.000000 -1.000000 -0.000000
vn 0.000000 -1.000000 -0.000000
vn 0.000000 -0.707108 0.707106
vn 0.000000 -0.707108 0.707106
vn 0.000000 -0.707107 0.707107
vn 0.000000 -0.707107 0.707107
vn 0.000000 0.000000 1.000000
vn 0.000000 0.000000 1.000000
vn 0.000000 0.000000 1.000000
vn -0.000000 -1.000000 0.000000
vn 0.000000 -1.000000 0.000000
vn 0.000000 -1.000000 0.000000
vn -0.000000 -1.000000 0.000000
vn 0.000000 0.000000 1.000000
vn 0.000000 0.000000 1.000000
vn 0.000000 0.000000 1.000000
vn -0.011589 0.030844 0.999457
vn -0.702118 0.000654 0.712060
vn -0.702118 0.000654 0.712060
vn -0.702118 0.000654 0.712060
vn -0.702118 0.000654 0.712060
vn -0.751485 0.659714 -0.006979
vn -0.751485 0.659714 -0.006979
vn -0.751485 0.659714 -0.006979
vn -0.751485 0.659714 -0.006979
vn 0.000000 0.000000 -1.000000
vn -0.000000 0.000000 -1.000000
vn -0.000001 0.000000 -1.000000
vn 0.000000 0.000000 -1.000000
vn 0.000000 0.000000 -1.000000
vn 0.000000 0.000000 -1.000000
vn 0.000000 0.000000 -1.000000
vn -0.000000 0.000000 -1.000000
vn 0.000000 0.000000 -1.000000
vn -0.000000 0.000000 -1.000000
vn -0.011198 0.029217 -0.999510
vn 0.000000 0.000000 -1.000000
vn 0.000000 0.000000 -1.000000
vn 0.000000 0.000000 -1.000000
vn 0.000000 0.000000 -1.000000
vn -0.000000 -0.707107 -0.707107
vn -0.000000 -0.707107 -0.707107
vn -0.000000 -0.707107 -0.707106
vn -0.000000 -0.707107 -0.707106
vn -0.707105 0.707109 0.000000
vn -0.707105 0.707109 0.000000
vn -0.707105 0.707109 0.000000
vn -0.707105 0.707109 0.000000
vn -0.169289 0.597639 0.783689
vn -0.158131 0.606061 0.779541
vn -0.006052 0.705970 0.708216
vn -0.006052 0.705970 0.708216
vn -0.000000 0.000000 1.000000
vn -0.000000 0.000000 1.000000
vn -0.637973 0.101910 0.763286
vn -0.635825 0.105154 0.764637
vn -0.698726 0.001291 0.715389
vn -0.698726 0.001291 0.715389
vn 0.000000 -1.000000 0.000000
vn 0.000000 -1.000000 0.000000
vn 0.000000 -1.000000 0.000000
vn 0.000000 -1.000000 0.000000
vn 0.000000 -0.707109 0.707105
vn 0.000000 -0.707109 0.707105
vn -0.000001 -0.707108 0.707105
vn -0.000001 -0.707108 0.707105
vn 0.000000 0.000000 1.000000
vn 0.000000 0.000000 1.000000
vn 0.000000 0.000000 1.000000
vn 0.000000 0.000000 1.000000
vn -0.000001 -1.000000 -0.000002
vn -0.000001 -1.000000 -0.000000
vn -0.000001 -1.000000 -0.000000
vn -0.000001 -1.000000 -0.000002
vn 0.000000 0.000000 1.000000
vn -0.000000 0.000000 1.000000
vn -0.000000 0.000000 1.000000
vn 0.000000 0.000000 1.000000
vn 0.000000 0.000000 -1.000000
vn 0.000000 0.000000 -1.000000
vn 0.000000 0.000000 -1.000000
vn 0.000000 0.000000 -1.000000
vn 0.000000 -0.707109 -0.707105
vn 0.000000 -0.707109 -0.707105
vn 0.000000 -0.707109 -0.707105
vn 0.000000 -0.707109 -0.707105
vn 0.000000 0.000000 -1.000000
vn 0.000000 0.000000 -1.000000
vn 0.000000 0.000000 -1.000000
vn 0.000000 0.000000 -1.000000
vn 0.000000 0.000000 -1.000000
vn 0.000000 0.000000 -1.000000
vn 0.000000 0.000000 -1.000000
vn 0.000000 0.000000 -1.000000
vn 0.000000 0.000000 -1.000000
vn 0.000000 0.000000 -1.000000
vn -0.706064 0.004833 -0.708132
vn -0.706064 0.004833 -0.708132
vn -0.706064 0.004833 -0.708132
vn -0.706064 0.004833 -0.708132
vn -0.707109 0.707105 0.000000
vn -0.707109 0.707105 0.000000
vn -0.707109 0.707105 0.000000
vn -0.707109 0.707105 0.000000
vn 0.000000 0.000000 -1.000000
vn 0.000000 0.000000 -1.000000
vn 0.000000 0.000000 -1.000000
vn 0.000000 0.000000 -1.000000
vn 0.000000 0.000000 -1.000000
vn 0.000000 0.000000 -1.000000
vn 0.000000 1.000000 0.000001
vn 0.000000 1.000000 0.000001
vn 0.000000 1.000000 0.000001
vn 0.000000 1.000000 0.000001
vn 0.000000 0.707106 0.707108
vn 0.000000 0.707106 0.707108
vn 0.000000 0.707106 0.707107
vn 0.000000 0.707106 0.707107
vn 0.000000 0.000000 1.000000
vn 0.000000 0.000000 1.000000
vn 0.000000 0.000000 1.000000
vn 0.000000 0.000000 1.000000
vn -0.004130 0.706277 0.707924
vn -0.004131 0.706277 0.707924
vn -0.158547 0.605529 0.779870
vn -0.147638 0.613613 0.775682
vn 0.000000 0.000000 1.000000
vn 0.000000 0.000000 1.000000
vn 0.000000 0.000000 1.000000
vn 0.000000 0.000000 1.000000
vn 0.000000 0.000000 1.000000
vn 0.000000 0.000000 1.000000
vn 0.000000 0.000000 1.000000
vn 0.000000 0.000000 1.000000
vn -0.697973 0.002613 0.716119
vn -0.697973 0.002613 0.716119
vn -0.593787 0.165303 0.787459
vn -0.590582 0.169658 0.788942
vn 0.000000 0.707103 0.707111
vn 0.000000 0.707103 0.707111
vn 0.000000 0.707103 0.707110
vn 0.000000 0.707103 0.707110
vn -0.000001 0.000000 1.000000
vn 0.000000 0.000000 1.000000
vn -0.000001 0.000000 1.000000
vn 0.000000 0.000000 1.000000
vn -0.000000 0.000000 1.000000
vn 0.000000 0.000000 1.000000
vn 0.000000 0.000000 1.000000
vn 0.000000 0.000000 1.000000
vn 0.000000 0.000000 1.000000
vn 0.000000 0.000000 1.000000
vn 0.000000 0.000000 1.000000
vn 0.000000 0.000000 1.000000
vn 0.000000 0.000000 1.000000
vn 0.000000 0.000000 1.000000
vn 0.000000 0.000000 1.000000
vn 0.000000 0.000000 1.000000
vn 0.000000 0.000000 1.000000
vn 0.000000 0.000000 1.000000
vn 0.000000 0.707103 0.707111
vn 0.000000 0.707103 0.707111
vn 0.000000 0.707103 0.707110
vn 0.000000 0.707103 0.707110
vn 0.000000 0.707103 0.707110
vn 0.000000 0.707103 0.707110
vn 0.000000 0.707104 0.707110
vn 0.000000 0.707104 0.707110
vn 0.000000 1.000000 0.000000
vn 0.000000 1.000000 0.000000
vn 0.000000 1.000000 0.000000
vn 0.000000 1.000000 0.000000
vn 0.000000 0.000000 1.000000
vn -0.000001 0.000000 1.000000
vn -0.000001 0.000000 1.000000
vn 0.000000 0.000000 1.000000
vn 0.000000 0.000000 1.000000
vn 0.000000 0.000000 1.000000
vn 0.000000 0.000000 1.000000
vn 0.000000 0.000000 1.000000
vn 0.000000 0.000000 1.000000
vn 0.000000 0.000000 1.000000
vn 0.000001 0.000000 1.000000
vn -0.000001 0.000000 1.000000
vn -0.242440 0.970166 -0.000105
vn -0.778306 0.627885 -0.000047
vn -0.778294 0.627900 -0.000047
vn -0.242657 0.970112 -0.000105
vn -0.106864 0.656135 0.747039
vn -0.118326 0.651245 0.749586
vn 0.003126 0.702563 0.711615
vn 0.003148 0.702531 0.711647
vn -0.543076 0.428510 0.722114
vn -0.469643 0.477469 0.742603
vn -0.586716 0.397772 0.705366
vn -0.529563 0.448319 0.720120
vn 0.000000 0.000000 1.000000
vn -0.000000 0.000000 1.000000
vn 0.000000 0.000000 1.000000
vn 0.000000 0.000000 1.000000
vn 0.000000 0.000000 1.000000
vn 0.000000 0.000000 1.000000
vn 0.000000 0.000000 1.000000
vn 0.000000 0.000000 1.000000
vn 0.000000 0.000000 1.000000
vn 0.000000 0.000000 1.000000
vn 0.000000 0.000000 1.000000
vn 0.000000 0.000000 1.000000
vn 0.000000 0.000000 1.000000
vn 0.000000 0.000000 1.000000
vn 0.000000 0.000000 1.000000
vn 0.000000 0.000000 1.000000
vn 0.000000 0.000000 1.000000
vn 0.707108 0.000000 0.707106
vn 0.707108 0.000000 0.707106
vn 0.707108 0.000000 0.707106
vn 0.707108 0.000000 0.707106
vn 0.000000 0.000000 -1.000000
vn 0.000000 0.000000 -1.000000
vn 0.000000 0.000000 -1.000000
vn 0.000000 0.000000 -1.000000
vn 1.000000 0.000000 0.000000
vn 1.000000 0.000000 0.000000
vn 1.000000 0.000000 0.000000
vn 1.000000 0.000000 0.000000
vn 0.707108 0.000000 -0.707105
vn 0.707108 0.000000 -0.707105
vn 0.707108 0.000000 -0.707105
vn 0.707108 0.000000 -0.707105
vn 0.000000 0.000000 -1.000000
vn 0.000000 0.000000 -1.000000
vn 0.000000 0.000000 -1.000000
vn 0.000000 0.000000 -1.000000
vn 0.000000 0.000000 -1.000000
vn 0.000000 0.000000 -1.000000
vn 0.000000 0.000000 -1.000000
vn 0.000000 0.000000 -1.000000
vn 0.000000 0.000000 -1.000000
vn 0.000000 0.000000 -1.000000
vn 0.000000 0.000000 -1.000000
vn 0.000000 0.000000 -1.000000
vn 0.000000 0.000000 -1.000000
vn 0.000000 0.000000 -1.000000
vn 0.000000 0.000000 -1.000000
vn 0.000000 0.000000 -1.000000
vn 0.000001 0.000000 -1.000000
vn 0.000000 0.000000 -1.000000
vn 0.000000 0.000000 -1.000000
vn 0.000000 0.000000 -1.000000
vn 0.000000 0.000000 -1.000000
vn 0.000001 0.000000 -1.000000
vn 0.000000 0.000000 -1.000000
vn -0.000001 0.000000 -1.000000
vn -0.000001 0.000000 -1.000000
vn -0.000001 0.000000 -1.000000
vn -0.000001 0.000000 -1.000000
vn 0.000001 0.000000 -1.000000
vn 0.000000 0.000000 -1.000000
vn 0.000000 0.000000 -1.000000
vn -0.000001 0.000000 -1.000000
vn 0.000000 0.000000 -1.000000
vn 0.000000 0.000000 -1.000000
vn 0.000000 0.000000 -1.000000
vn 0.000000 0.000000 -1.000000
vn 0.000000 0.000000 -1.000000
vn 0.000000 0.000000 -1.000000
vn 0.000000 0.000000 -1.000000
vn 0.000000 0.000000 -1.000000
vn 0.000000 0.000000 -1.000000
vn 0.000000 0.000000 -1.000000
vn 0.000000 0.000000 -1.000000
vn 0.000000 0.000000 -1.000000
vn 0.000000 0.000000 -1.000000
vn 0.000000 0.000000 -1.000000
vn 0.000000 0.000000 -1.000000
vn 0.000000 0.000000 -1.000000
vn 0.000000 0.000000 -1.000000
vn 0.000000 0.000000 -1.000000
vn 0.000000 0.000000 -1.000000
vn 0.000000 0.000000 -1.000000
vn 0.000000 0.000000 -1.000000
vn 0.000000 0.000000 -1.000000
vn 0.000000 0.000000 -1.000000
vn 0.000000 0.000000 -1.000000
vn 0.000000 0.000000 -1.000000
vn 0.000000 0.000000 -1.000000
vn 0.000000 0.000000 -1.000000
vn 0.000000 0.000000 -1.000000
vn 0.000000 0.000000 -1.000000
vn 0.000000 0.000000 -1.000000
vn 0.000000 0.000000 -1.000000
vn 0.000000 0.000000 -1.000000
vn 0.000000 0.000000 -1.000000
vn -0.707110 0.707103 0.000001
vn -0.707110 0.707103 0.000001
vn -0.707110 0.707103 0.000001
vn -0.707110 0.707103 0.000001
vn 0.000000 0.707104 -0.707110
vn 0.000000 0.707104 -0.707110
vn 0.000000 0.707104 -0.707110
vn 0.000000 0.707104 -0.707110
vn -0.706066 0.004806 -0.708129
vn -0.706066 0.004806 -0.708129
vn -0.614135 0.146623 -0.775461
vn -0.621797 0.136069 -0.771267
vn -0.707103 0.707111 0.000000
vn -0.707103 0.707111 0.000000
vn -0.707103 0.707111 0.000000
vn -0.707103 0.707111 0.000000
vn -0.000000 0.000000 -1.000000
vn -0.000001 0.000000 -1.000000
vn -0.000000 0.000000 -1.000000
vn -0.000000 0.000000 -1.000000
vn 0.000000 0.000000 -1.000000
vn 0.000000 0.000000 -1.000000
vn 0.000000 0.000000 -1.000000
vn -0.164252 0.595015 -0.786752
vn -0.168623 0.591796 -0.788254
vn -0.002587 0.698641 -0.715468
vn -0.002587 0.698641 -0.715468
vn -0.698682 0.001944 0.715429
vn -0.698682 0.001944 0.715429
vn -0.614473 0.136810 0.776985
vn -0.611688 0.140769 0.778474
vn -0.000001 0.000000 1.000000
vn 0.000000 0.000000 1.000000
vn 0.000000 0.000000 1.000000
vn 0.000000 0.000000 1.000000
vn 0.000000 0.000000 1.000000
vn 0.000000 0.000000 1.000000
vn 0.000000 0.000000 1.000000
vn 0.000000 0.000000 1.000000
vn 0.000000 0.000000 1.000000
vn 0.000000 0.000000 1.000000
vn 0.000000 0.000000 1.000000
vn 0.000000 0.000000 1.000000
vn -0.000000 0.000000 1.000000
vn 0.000000 0.000000 1.000000
vn 0.000000 0.000000 1.000000
vn 0.000000 0.000000 1.000000
vn 0.000000 0.000000 1.000000
vn 0.000000 0.000000 1.000000
vn 0.000000 0.000000 1.000000
vn 0.000000 0.000000 1.000000
vn 0.000000 0.000000 1.000000
vn 0.000000 0.000000 1.000000
vn -0.000000 0.000000 1.000000
vn 0.000000 0.000000 -1.000000
vn 0.000000 0.000000 -1.000000
vn 0.000000 0.000000 -1.000000
vn 0.000000 0.000000 -1.000000
vn 0.000000 0.000000 -1.000000
vn 0.000000 0.000000 -1.000000
vn 0.000000 0.000000 -1.000000
vn 0.000001 0.000000 -1.000000
vn 0.000000 0.000000 -1.000000
vn 0.000001 0.000000 -1.000000
vn -0.000001 0.000000 -1.000000
vn 0.000000 0.000000 -1.000000
vn 0.000000 0.000000 -1.000000
vn -0.000000 0.000000 -1.000000
vn 0.000000 0.000000 -1.000000
vn 0.000000 0.000000 -1.000000
vn 0.000000 0.000000 -1.000000
vn -0.000001 0.000000 -1.000000
vn 0.000000 0.000000 -1.000000
vn 0.000000 0.000000 -1.000000
vn 0.000000 0.000000 -1.000000
vn 0.000000 0.000000 -1.000000
vn 0.000000 0.000000 -1.000000
vn 0.000000 0.000000 -1.000000
vn 0.000000 0.000000 -1.000000
vn 0.000000 0.000000 -1.000000
vn 0.000000 0.000000 -1.000000
vn 0.000000 0.000000 -1.000000
vn 0.000000 0.000000 -1.000000
vn 0.000000 0.000000 -1.000000
vn 0.000000 0.000000 -1.000000
vn 0.000000 0.000000 -1.000000
vn 0.000000 0.000000 -1.000000
vn 0.000000 0.000000 -1.000000
vn 0.000000 0.000000 -1.000000
vn 0.000000 0.000000 -1.000000
vn 0.000000 0.000000 -1.000000
vn 0.000000 0.000000 -1.000000
vn 0.000000 0.000000 -1.000000
vn 0.000000 0.000000 -1.000000
vn 0.000000 0.000000 -1.000000
vn 0.000000 0.000000 -1.000000
vn 0.000000 0.000000 -1.000000
vn 0.000000 0.000000 -1.000000
vn 0.000000 0.000000 -1.000000
vn 0.000000 0.000000 -1.000000
vn 0.000000 0.000000 -1.000000
vn 0.000000 0.000000 -1.000000
vn 0.000000 0.000000 -1.000000
vn 0.000000 0.000000 -1.000000
vn 0.000000 0.000000 -1.000000
vn 0.000000 0.000000 -1.000000
vn 0.000000 0.000000 -1.000000
vn 0.000000 0.000000 -1.000000
vn 0.000000 0.000000 -1.000000
vn 0.000000 0.000000 -1.000000
vn 0.000000 0.000000 -1.000000
vn 0.000000 0.000000 -1.000000
vn 0.000000 0.000000 -1.000000
vn 0.000000 0.000000 -1.000000
vn 0.000000 0.000000 -1.000000
vn 0.000000 0.000000 -1.000000
vn 0.000000 0.000000 -1.000000
vn 0.000000 0.000000 -1.000000
vn 0.000000 0.000000 -1.000000
vn 1.000000 0.000000 0.000000
vn 1.000000 0.000000 0.000000
vn 1.000000 0.000000 0.000000
vn 1.000000 0.000000 0.000000
vn 0.707107 0.000000 -0.707106
vn 0.707107 0.000000 -0.707106
vn 0.707107 0.000000 -0.707106
vn 0.707107 0.000000 -0.707106
vn 0.707107 0.000000 0.707106
vn 0.707107 0.000000 0.707106
vn 0.707107 0.000000 0.707106
vn 0.707107 0.000000 0.707106
vn 0.000000 0.000000 1.000000
vn 0.000000 0.000000 1.000000
vn 0.000000 0.000000 1.000000
vn 0.000000 0.000000 1.000000
vn 0.000000 0.000000 1.000000
vn 0.000000 0.000000 1.000000
vn 0.000000 0.000000 1.000000
vn 0.000000 0.000000 1.000000
vn 0.000000 0.000000 1.000000
vn 0.000000 0.000000 1.000000
vn 0.000000 0.000000 1.000000
vn 0.000000 0.000000 1.000000
vn 0.000000 0.000000 1.000000
vn 0.000000 0.000000 1.000000
vn 0.000000 0.000000 1.000000
vn 0.000000 0.000000 1.000000
vn 0.000000 0.000000 1.000000
vn 0.000000 0.000000 1.000000
vn 0.000000 0.000000 1.000000
vn 0.000000 0.000000 1.000000
vn 0.000000 0.000000 1.000000
vn 0.000000 0.000000 1.000000
vn 0.000000 0.000000 1.000000
vn 0.000000 0.000000 1.000000
vn 0.000000 0.000000 1.000000
vn 0.000000 0.000000 1.000000
vn 0.000000 0.000000 1.000000
vn 0.000000 0.000000 1.000000
vn 0.000000 0.000000 1.000000
vn 0.000000 0.000000 1.000000
vn 0.000000 0.000000 1.000000
vn 0.000000 0.000000 1.000000
vn 0.000000 0.000000 1.000000
vn 0.000000 0.000000 1.000000
vn 0.000000 0.000000 1.000000
vn 0.000000 0.000000 1.000000
vn -0.174765 0.593564 0.785582
vn -0.163507 0.602142 0.781467
vn -0.006389 0.705947 0.708236
vn -0.006389 0.705947 0.708236
vn 0.000000 0.000000 1.000000
vn 0.000000 0.000000 1.000000
vn -0.707106 0.707107 0.000000
vn -0.707106 0.707107 0.000000
vn -0.707106 0.707107 0.000000
vn -0.707106 0.707107 0.000000
vn -0.698712 0.001491 0.715401
vn -0.698712 0.001491 0.715401
vn -0.630338 0.113476 0.767982
vn -0.627971 0.116981 0.769395
vn -0.707103 0.707111 0.000000
vn -0.707103 0.707111 0.000000
vn -0.707103 0.707111 0.000000
vn -0.707103 0.707111 0.000000
vn -0.151115 0.610913 0.777142
vn -0.140416 0.618740 0.772945
vn -0.005036 0.706045 0.708149
vn -0.005036 0.706045 0.708149
vn 0.000000 0.000000 1.000000
vn -0.000000 0.000000 1.000000
vn 0.000000 0.000000 1.000000
vn -0.706149 0.003688 -0.708054
vn -0.706149 0.003688 -0.708054
vn -0.631116 0.122357 -0.765978
vn -0.637788 0.112774 -0.761911
vn 0.000000 0.000000 -1.000000
vn 0.000000 0.000000 -1.000000
vn 0.000000 0.000000 -1.000000
vn 0.000000 0.000000 -1.000000
vn -0.000001 0.000000 -1.000000
vn 0.000000 0.000000 -1.000000
vn 0.000000 0.000000 -1.000000
vn 0.000000 0.000000 -1.000000
vn 0.000000 0.000000 -1.000000
vn 0.000000 0.000000 -1.000000
vn 0.000000 0.000000 1.000000
vn 0.000000 0.000000 1.000000
vn 0.000000 0.000000 1.000000
vn 0.000000 0.000000 1.000000
vn 0.000000 0.000000 1.000000
vn 0.000000 0.000000 1.000000
vn 0.000000 0.000000 1.000000
vn 0.000000 0.000000 1.000000
vn 0.000000 0.000000 1.000000
vn 0.000000 0.000000 1.000000
vn 0.000000 0.000000 1.000000
vn 0.000000 0.000000 1.000000
vn 0.000000 0.000000 1.000000
vn 0.000000 0.000000 1.000000
vn 0.000000 0.000000 1.000000
vn 0.000000 0.000000 1.000000
vn 0.000000 0.000000 1.000000
vn 0.000000 0.000000 1.000000
vn -0.707110 0.707104 0.000000
vn -0.707110 0.707104 0.000000
vn -0.707110 0.707104 0.000000
vn -0.707110 0.707104 0.000000
vn -0.002038 0.698674 -0.715438
vn -0.002038 0.698674 -0.715438
vn -0.141162 0.611444 -0.778595
vn -0.145196 0.608586 -0.780091
vn -0.706185 0.003195 -0.708020
vn -0.706185 0.003195 -0.708020
vn -0.639353 0.110216 -0.760973
vn -0.645472 0.101240 -0.757045
vn -0.158879 0.598891 -0.784912
vn -0.163179 0.595752 -0.786417
vn -0.002450 0.698648 -0.715462
vn -0.002450 0.698648 -0.715462
vn 0.000000 0.000000 -1.000000
vn 0.000000 0.000000 -1.000000
vn 0.000000 0.000000 -1.000000
vn 0.000000 0.000000 -1.000000
vn 0.000000 0.000000 -1.000000
vn 0.000000 0.000000 -1.000000
vn 0.000000 0.000000 -1.000000
vn 0.000000 0.000000 -1.000000
vn 0.000000 0.000000 -1.000000
vn 0.000000 0.000000 -1.000000
vn 0.000000 0.000000 -1.000000
vn 0.000000 0.000000 -1.000000
vn 0.000000 0.000000 -1.000000
vn 0.000000 0.000000 -1.000000
vn 0.000000 0.000000 1.000000
vn 0.000000 0.000000 1.000000
vn 0.000000 0.000000 1.000000
vn 0.000000 0.000000 1.000000
vn 0.000000 0.000000 1.000000
vn 0.000000 0.000000 1.000000
vn 0.000000 0.000000 1.000000
vn 0.000000 0.000000 1.000000
vn 0.000000 0.000000 1.000000
vn 0.000000 0.000000 1.000000
vn 0.000000 0.000000 1.000000
vn 0.000000 0.000000 1.000000
vn 0.000000 0.000000 1.000000
vn 0.000000 0.000000 1.000000
vn 0.000000 0.000000 -1.000000
vn 0.000000 0.000000 -1.000000
vn 0.000000 0.000000 -1.000000
vn 0.000000 0.000000 -1.000000
vn 0.000000 0.000000 -1.000000
vn 0.000000 0.000000 -1.000000
vn 0.000000 0.000000 -1.000000
vn 0.000000 0.000000 -1.000000
vn 0.000000 0.000000 1.000000
vn 0.000000 0.000000 1.000000
vn 0.000000 0.000000 1.000000
vn 0.000000 0.000000 1.000000
vn 0.000000 0.000000 1.000000
vn 0.000000 0.000000 1.000000
vn 0.000000 0.000000 1.000000
vn 0.000000 0.000000 1.000000
vn 0.000000 0.000000 -1.000000
vn 0.000000 0.000000 -1.000000
vn 0.000000 0.000000 -1.000000
vn 0.000000 0.000000 -1.000000
vn 0.000000 0.000000 1.000000
vn 0.000000 0.000000 1.000000
vn 0.000000 0.000000 1.000000
vn 0.000000 0.000000 1.000000
vn 0.000001 -1.000000 0.000001
vn 0.000000 -1.000000 0.000000
vn 0.000000 -1.000000 0.000000
vn 0.000001 -1.000000 0.000001
vn 0.000001 -0.707106 0.707108
vn 0.000001 -0.707106 0.707108
vn 0.000001 -0.707107 0.707106
vn 0.000001 -0.707107 0.707106
vn 0.000000 0.000000 1.000000
vn 0.000000 0.000000 1.000000
vn 0.000000 0.000000 1.000000
vn 0.000001 -1.000000 0.000001
vn 0.000002 -1.000000 0.000001
vn 0.000002 -1.000000 0.000001
vn 0.000001 -1.000000 0.000001
vn 0.000000 0.000000 1.000000
vn 0.000000 0.000000 1.000000
vn 0.000000 0.000000 1.000000
vn 0.000000 0.000000 1.000000
vn 0.000000 0.000000 1.000000
vn 0.000000 0.000000 1.000000
vn 0.000000 0.000000 1.000000
vn 0.000000 0.000000 1.000000
vn 0.000000 0.000000 1.000000
vn 0.000000 0.000000 1.000000
vn 0.000000 0.000000 1.000000
vn 0.000000 0.000000 1.000000
vn 0.000000 0.000000 1.000000
vn 0.000000 0.000000 1.000000
vn 0.000000 0.000000 1.000000
vn 0.000000 0.000000 1.000000
vn 0.000000 0.000000 1.000000
vn 0.000000 0.000000 1.000000
vn -0.000001 0.000000 1.000000
vn 0.000000 0.000000 1.000000
vn 0.000000 0.000000 -1.000000
vn 0.000000 0.000000 -1.000000
vn 0.000001 0.000000 -1.000000
vn -0.000001 0.000000 -1.000000
vn -0.000000 0.000000 -1.000000
vn 0.000000 0.000000 -1.000000
vn 0.000000 0.000000 -1.000000
vn 0.000000 0.000000 -1.000000
vn 0.000000 0.000000 -1.000000
vn 0.000000 0.000000 -1.000000
vn 0.000000 0.000000 -1.000000
vn 0.000000 0.000000 -1.000000
vn 0.000000 0.000000 -1.000000
vn 0.000000 0.000000 -1.000000
vn 0.000000 0.000000 -1.000000
vn 0.000000 0.000000 -1.000000
vn 0.000000 0.000000 -1.000000
vn 0.000000 0.000000 -1.000000
vn 0.000000 0.000000 -1.000000
vn 0.000000 0.000000 -1.000000
vn 0.000000 0.000000 -1.000000
vn -0.000001 0.000000 -1.000000
vn 0.000000 0.000000 -1.000000
vn 0.000001 0.000000 -1.000000
vn 0.000000 0.000000 -1.000000
vn -0.000001 0.000000 -1.000000
vn 0.000001 -0.707107 -0.707107
vn 0.000001 -0.707107 -0.707107
vn 0.000001 -0.707107 -0.707107
vn 0.000001 -0.707107 -0.707107
vn 0.000000 1.000000 0.000000
vn 0.000000 1.000000 0.000000
vn 0.000000 1.000000 0.000000
vn 0.000000 1.000000 0.000000
vn 0.000000 0.707105 0.707108
vn 0.000000 0.707105 0.707108
vn 0.000000 0.707105 0.707108
vn 0.000000 0.707105 0.707108
vn 0.000000 0.707104 0.707110
vn 0.000000 0.707104 0.707110
vn 0.000000 0.707104 0.707109
vn 0.000000 0.707104 0.707109
vn 0.000000 1.000000 0.000000
vn 0.000000 1.000000 0.000000
vn 0.000000 1.000000 0.000000
vn 0.000000 1.000000 0.000000
vn 0.002628 0.704046 -0.710150
vn 0.002616 0.704060 -0.710136
vn -0.119098 0.653874 -0.747171
vn -0.108982 0.658228 -0.744888
vn 0.000000 0.707104 -0.707109
vn 0.000000 0.707104 -0.707109
vn 0.000000 0.707105 -0.707109
vn 0.000000 0.707105 -0.707109
vn 0.000000 1.000000 0.000000
vn 0.000000 1.000000 0.000000
vn 0.000000 1.000000 0.000000
vn 0.000000 1.000000 0.000000
vn 0.000000 1.000000 0.000000
vn 0.000000 1.000000 0.000000
vn 0.000000 1.000000 0.000000
vn 0.000000 1.000000 0.000000
vn -0.469454 0.477426 -0.742750
vn -0.540741 0.429147 -0.723486
vn -0.530186 0.448337 -0.719651
vn -0.584199 0.398341 -0.707132
vn 0.000000 0.707105 -0.707108
vn 0.000000 0.707105 -0.707108
vn 0.000000 0.707105 -0.707108
vn 0.000000 0.707105 -0.707108
vn 0.000000 0.707104 -0.707110
vn 0.000000 0.707104 -0.707110
vn 0.000000 0.707103 -0.707110
vn 0.000000 0.707103 -0.707110
vn 0.000000 0.707103 -0.707111
vn 0.000000 0.707103 -0.707111
vn 0.000000 0.707103 -0.707110
vn 0.000000 0.707103 -0.707110
vn -0.149311 0.988790 -0.000120
vn -0.778136 0.628096 -0.000085
vn -0.778002 0.628262 -0.000085
vn -0.149677 0.988735 -0.000121
vn 0.000000 -1.000000 0.000000
vn 0.000000 -1.000000 0.000000
vn 0.000000 -1.000000 0.000000
vn 0.000000 -1.000000 0.000000
vn 0.000000 0.000000 -1.000000
vn 0.000000 0.000000 -1.000000
vn -0.000000 1.000000 0.000000
vn 0.000000 1.000000 0.000000
vn 0.000000 1.000000 0.000000
vn -0.000000 1.000000 0.000000
vn 0.000000 0.000000 1.000000
vn -0.000000 0.000000 1.000000
vn 0.000000 0.000000 1.000000
vn 0.000000 0.000000 1.000000
vn 0.000000 0.000000 -1.000000
vn 0.000000 0.000000 -1.000000
vn -0.000000 -1.000000 -0.000000
vn -0.000000 -1.000000 -0.000000
vn 1.000000 0.000000 0.000000
vn 1.000000 0.000000 0.000000
vn -1.000000 0.000000 0.000000
vn -1.000000 0.000000 0.000000
vn -1.000000 0.000000 0.000000
vn -1.000000 0.000000 0.000000
vn 1.000000 0.000000 0.000000
vn 1.000000 0.000000 0.000000
vn 0.000000 0.000000 1.000000
vn 0.000000 0.000000 1.000000
vn -0.000000 1.000000 0.000000
vn -0.000000 1.000000 0.000000
vn 0.000000 0.000000 -1.000000
vn 0.000000 0.000000 -1.000000
vn 0.000000 -1.000000 0.000000
vn 0.000000 -1.000000 0.000000
vn 0.000000 0.000000 1.000000
vn -0.000001 0.000000 -1.000000
vn -0.000001 0.000000 -1.000000
vn 0.000000 0.000000 1.000000
vn 0.000000 0.000000 -1.000000
vn 0.000000 0.000000 1.000000
vn 0.000000 0.000000 -1.000000
vn -0.000000 0.000000 1.000000
vn -1.000000 -0.000000 0.000000
vn -1.000000 -0.000000 0.000000
vn -1.000000 -0.000000 0.000000
vn -1.000000 -0.000000 0.000000
vn -1.000000 0.000000 0.000000
vn -1.000000 0.000000 0.000000
vn -1.000000 0.000000 0.000000
vn -1.000000 0.000000 0.000000
vn -1.000000 -0.000000 0.000000
vn -1.000000 -0.000000 0.000000
vn -1.000000 -0.000000 0.000000
vn -1.000000 -0.000000 0.000000
vn -1.000000 0.000000 0.000000
vn -1.000000 0.000000 0.000000
vn -1.000000 0.000000 0.000000
vn -1.000000 0.000000 0.000000
vn 0.000000 1.000000 0.000000
vn 0.000000 1.000000 0.000000
vn 0.000000 1.000000 0.000000
vn 0.000000 1.000000 0.000000
vn 0.000000 1.000000 0.000000
vn 0.000000 1.000000 0.000000
vn 0.000000 1.000000 0.000000
vn 0.000000 1.000000 0.000000
vn 0.000000 1.000000 -0.000000
vn 0.000000 1.000000 -0.000000
vn 0.000000 1.000000 -0.000000
vn 0.000000 1.000000 -0.000000
vn 0.000000 1.000000 0.000001
vn 0.000000 1.000000 0.000001
vn -1.000000 0.000000 0.000000
vn -1.000000 0.000000 0.000000
vn -1.000000 0.000000 0.000000
vn -1.000000 0.000000 0.000000
vn -1.000000 0.000000 0.000000
vn 0.000000 1.000000 0.000001
vn 0.000000 1.000000 0.000001
vn 0.000000 1.000000 -0.000000
vn 0.000000 1.000000 -0.000000
vn 0.000000 1.000000 -0.000000
vn 0.000000 1.000000 -0.000000
vn 0.000000 1.000000 0.000000
vn 0.000000 1.000000 0.000000
vn 0.000000 1.000000 0.000000
vn 0.000000 1.000000 0.000000
vn 0.000000 1.000000 0.000000
vn 0.000000 0.000000 -1.000000
vn 0.000000 1.000000 0.000000
vn 0.000000 1.000000 0.000000
vn 0.000000 0.000000 1.000000
vn -0.577349 -0.577353 0.577349
vn -0.577349 -0.577353 0.577349
vn -0.577349 -0.577353 0.577349
vn -0.577355 -0.577344 -0.577352
vn -0.577355 -0.577344 -0.577352
vn -0.577355 -0.577344 -0.577352
vn 0.577349 -0.577353 0.577349
vn 0.577349 -0.577353 0.577349
vn 0.577349 -0.577353 0.577349
vn 0.577346 0.577353 0.577353
vn 0.577346 0.577353 0.577353
vn 0.577346 0.577353 0.577353
vn 0.577352 0.577345 -0.577354
vn 0.577352 0.577345 -0.577354
vn 0.577352 0.577345 -0.577354
vn 0.577349 -0.577353 -0.577349
vn 0.577349 -0.577353 -0.577349
vn 0.577349 -0.577353 -0.577349
vn -0.394080 0.393258 -0.830692
vn -0.163084 0.434052 0.886004
vn -0.392120 0.393968 0.831283
vn -0.166248 0.433788 -0.885545
vn -0.577352 0.577349 0.577349
vn -0.577352 0.577349 0.577349
vn -0.577352 0.577349 0.577349
vn -0.392120 0.393966 0.831284
vn -0.577354 0.577348 -0.577349
vn -0.577354 0.577348 -0.577349
vn -0.577353 0.577348 -0.577349
vn -0.393968 0.392122 -0.831282
vn -0.577353 0.577348 0.577349
vn -0.577354 0.577348 0.577349
vn -0.577354 0.577348 0.577349
vn -0.392120 0.393969 0.831282
vn -0.577351 0.577352 0.577348
vn -0.577351 0.577352 0.577348
vn -0.577351 0.577352 0.577348
vn -0.392121 0.393970 0.831281
vn -0.577349 0.577353 -0.577349
vn -0.577349 0.577353 -0.577349
vn -0.577349 0.577353 -0.577349
vn -0.577353 0.577346 -0.577353
vn -0.577353 0.577346 -0.577353
vn -0.577353 0.577346 -0.577353
vn -0.393966 0.392120 -0.831284
vn -0.393968 0.392122 -0.831282
vn -0.577353 0.577346 0.577353
vn -0.577353 0.577346 0.577353
vn -0.577353 0.577346 0.577353
vn -0.577350 0.577350 -0.577350
vn -0.577350 0.577350 -0.577350
vn -0.577350 0.577350 -0.577350
vn -0.483832 0.487354 -0.726906
vn -0.483832 0.487354 -0.726906
vn 0.866026 0.000000 -0.500000
vn 0.866026 0.000000 -0.500000
vn 0.866026 0.000000 -0.500000
vn 0.866026 0.000000 -0.500000
vn 0.000000 1.000000 -0.000007
vn 0.000000 1.000000 -0.000007
vn 0.000000 1.000000 -0.000007
vn 0.000000 1.000000 -0.000007
vn -0.866026 0.000000 0.500000
vn -0.866026 0.000000 0.500000
vn -0.866026 0.000000 0.500000
vn -0.866026 0.000000 0.500000
vn 0.000000 -1.000000 0.000000
vn 0.000000 -1.000000 0.000000
vn 0.000000 -1.000000 0.000000
vn 0.000000 -1.000000 0.000000
vn -0.500006 0.000000 -0.866022
vn -0.500006 0.000000 -0.866022
vn -0.500006 0.000000 -0.866022
vn -0.500006 0.000000 -0.866022
vn 0.500006 0.000000 0.866022
vn 0.500006 0.000000 0.866022
vn 0.500006 0.000000 0.866022
vn 0.500006 0.000000 0.866022
vn 0.866025 0.000000 -0.500001
vn 0.866025 0.000000 -0.500001
vn 0.866025 0.000000 -0.500001
vn 0.866025 0.000000 -0.500001
vn 0.000000 1.000000 -0.000007
vn 0.000000 1.000000 -0.000007
vn 0.000000 1.000000 -0.000007
vn 0.000000 1.000000 -0.000007
vn -0.866025 0.000000 0.500001
vn -0.866025 0.000000 0.500001
vn -0.866025 0.000000 0.500001
vn -0.866025 0.000000 0.500001
vn 0.000000 -1.000000 0.000000
vn 0.000000 -1.000000 0.000000
vn 0.000000 -1.000000 0.000000
vn 0.000000 -1.000000 0.000000
vn -0.500009 0.000000 -0.866020
vn -0.500009 0.000000 -0.866020
vn -0.500009 0.000000 -0.866020
vn -0.500009 0.000000 -0.866020
vn 0.500006 0.000000 0.866022
vn 0.500006 0.000000 0.866022
vn 0.500006 0.000000 0.866022
vn 0.500006 0.000000 0.866022
vn 0.866025 0.000000 -0.500001
vn 0.866025 0.000000 -0.500001
vn 0.866025 0.000000 -0.500001
vn 0.866025 0.000000 -0.500001
vn 0.000000 1.000000 -0.000007
vn 0.000000 1.000000 -0.000007
vn 0.000000 1.000000 -0.000007
vn 0.000000 1.000000 -0.000007
vn -0.866025 0.000000 0.500001
vn -0.866025 0.000000 0.500001
vn -0.866025 0.000000 0.500001
vn -0.866025 0.000000 0.500001
vn 0.000000 -1.000000 0.000000
vn 0.000000 -1.000000 0.000000
vn 0.000000 -1.000000 0.000000
vn 0.000000 -1.000000 0.000000
vn -0.500004 0.000000 -0.866023
vn -0.500004 0.000000 -0.866023
vn -0.500004 0.000000 -0.866023
vn -0.500004 0.000000 -0.866023
vn 0.500009 0.000000 0.866020
vn 0.500009 0.000000 0.866020
vn 0.500009 0.000000 0.866020
vn 0.500009 0.000000 0.866020
vn 0.866025 0.000000 -0.500001
vn 0.866025 0.000000 -0.500001
vn 0.866025 0.000000 -0.500001
vn 0.866025 0.000000 -0.500001
vn 0.000000 1.000000 -0.000007
vn 0.000000 1.000000 -0.000007
vn 0.000000 1.000000 -0.000007
vn 0.000000 1.000000 -0.000007
vn -0.866025 0.000000 0.500001
vn -0.866025 0.000000 0.500001
vn -0.866025 0.000000 0.500001
vn -0.866025 0.000000 0.500001
vn 0.000000 -1.000000 0.000000
vn 0.000000 -1.000000 0.000000
vn 0.000000 -1.000000 0.000000
vn 0.000000 -1.000000 0.000000
vn -0.500004 0.000000 -0.866023
vn -0.500004 0.000000 -0.866023
vn -0.500004 0.000000 -0.866023
vn -0.500004 0.000000 -0.866023
vn 0.500009 0.000000 0.866020
vn 0.500009 0.000000 0.866020
vn 0.500009 0.000000 0.866020
vn 0.500009 0.000000 0.866020
vn -0.267597 0.951062 0.154509
vn -0.509044 0.809008 0.293906
vn -0.509043 0.809008 0.293906
vn -0.267597 0.951062 0.154509
vn -0.700639 0.587777 0.404504
vn -0.700640 0.587776 0.404505
vn -0.823641 0.309014 0.475528
vn -0.823640 0.309015 0.475528
vn -0.866023 0.000000 0.500004
vn -0.866023 0.000000 0.500004
vn -0.823641 -0.309014 0.475528
vn -0.823640 -0.309015 0.475528
vn -0.700628 -0.587785 0.404510
vn -0.700629 -0.587784 0.404510
vn -0.509044 -0.809008 0.293906
vn -0.509043 -0.809008 0.293906
vn -0.267616 -0.951057 0.154508
vn -0.267617 -0.951057 0.154508
vn 0.000002 -1.000000 -0.000001
vn 0.000001 -1.000000 -0.000001
vn 0.267621 -0.951055 -0.154510
vn 0.267620 -0.951055 -0.154510
vn 0.509040 -0.809011 -0.293904
vn 0.509039 -0.809012 -0.293903
vn 0.700631 -0.587782 -0.404511
vn 0.700632 -0.587780 -0.404512
vn 0.823640 -0.309015 -0.475528
vn 0.823641 -0.309013 -0.475528
vn 0.866023 0.000000 -0.500004
vn 0.866023 0.000000 -0.500004
vn 0.823640 0.309015 -0.475528
vn 0.823641 0.309013 -0.475528
vn 0.700631 0.587782 -0.404511
vn 0.700632 0.587780 -0.404512
vn 0.509040 0.809011 -0.293904
vn 0.509039 0.809012 -0.293903
vn 0.267621 0.951055 -0.154510
vn 0.267620 0.951055 -0.154510
vn 0.000002 1.000000 -0.000001
vn 0.000001 1.000000 -0.000001
vn -0.499988 0.000006 -0.866033
vn -0.499999 0.000006 -0.866026
vn -0.499995 0.000001 -0.866028
vn -0.500007 -0.000011 -0.866021
vn -0.500006 0.000011 -0.866022
vn -0.499982 0.000000 -0.866036
vn -0.500006 -0.000011 -0.866022
vn -0.500009 0.000011 -0.866020
vn -0.499988 -0.000006 -0.866032
vn -0.499989 -0.000006 -0.866032
vn -0.499995 0.000000 -0.866028
vn -0.499985 0.000006 -0.866034
vn -0.499980 0.000017 -0.866037
vn -0.499986 0.000023 -0.866033
vn -0.500006 -0.000000 -0.866022
vn -0.500030 0.000000 -0.866008
vn -0.500001 -0.000000 -0.866025
vn -0.499972 -0.000017 -0.866042
vn -0.499975 -0.000011 -0.866040
vn -0.499990 -0.000006 -0.866031
vn -0.500004 0.000000 -0.866023
vn 0.499995 -0.000011 0.866028
vn 0.499979 -0.000000 0.866038
vn 0.499996 0.000001 0.866027
vn 0.500003 0.000023 0.866024
vn 0.500012 -0.000011 0.866018
vn 0.499986 0.000000 0.866033
vn 0.500012 0.000011 0.866018
vn 0.500016 -0.000023 0.866016
vn 0.499987 -0.000000 0.866033
vn 0.499989 0.000011 0.866032
vn 0.499991 0.000000 0.866031
vn 0.499995 0.000006 0.866029
vn 0.499993 0.000006 0.866030
vn 0.499978 -0.000011 0.866038
vn 0.500001 -0.000011 0.866025
vn 0.500025 0.000000 0.866011
vn 0.500004 0.000011 0.866023
vn 0.499988 0.000011 0.866032
vn 0.499995 0.000000 0.866028
vn 0.499990 0.000000 0.866031
vn 0.499991 0.000000 0.866031
vn -0.267598 0.951063 0.154500
vn -0.509045 0.809010 0.293898
vn -0.509045 0.809010 0.293898
vn -0.267598 0.951063 0.154500
vn -0.700636 0.587776 0.404511
vn -0.700637 0.587774 0.404512
vn -0.823641 0.309014 0.475528
vn -0.823640 0.309015 0.475528
vn -0.866023 0.000000 0.500004
vn -0.866023 0.000000 0.500004
vn -0.823641 -0.309014 0.475528
vn -0.823640 -0.309015 0.475528
vn -0.700630 -0.587788 0.404502
vn -0.700631 -0.587787 0.404503
vn -0.509045 -0.809010 0.293898
vn -0.509045 -0.809010 0.293898
vn -0.267616 -0.951055 0.154516
vn -0.267616 -0.951055 0.154516
vn 0.000002 -1.000000 -0.000001
vn 0.000001 -1.000000 -0.000001
vn 0.267621 -0.951054 -0.154519
vn 0.267620 -0.951054 -0.154518
vn 0.509041 -0.809013 -0.293896
vn 0.509040 -0.809014 -0.293895
vn 0.700634 -0.587783 -0.404504
vn 0.700635 -0.587781 -0.404505
vn 0.823640 -0.309015 -0.475528
vn 0.823641 -0.309013 -0.475528
vn 0.866023 0.000000 -0.500004
vn 0.866023 0.000000 -0.500004
vn 0.823640 0.309015 -0.475528
vn 0.823641 0.309013 -0.475528
vn 0.700634 0.587783 -0.404504
vn 0.700635 0.587781 -0.404505
vn 0.509041 0.809013 -0.293896
vn 0.509040 0.809014 -0.293895
vn 0.267621 0.951054 -0.154519
vn 0.267620 0.951054 -0.154518
vn 0.000002 1.000000 -0.000001
vn 0.000001 1.000000 -0.000001
vn -0.499988 0.000006 -0.866033
vn -0.499999 0.000006 -0.866026
vn -0.499995 0.000001 -0.866028
vn -0.500007 -0.000011 -0.866021
vn -0.500006 0.000011 -0.866022
vn -0.499982 0.000000 -0.866036
vn -0.500006 -0.000011 -0.866022
vn -0.500009 0.000011 -0.866020
vn -0.499988 -0.000006 -0.866032
vn -0.499989 -0.000006 -0.866032
vn -0.499995 0.000000 -0.866028
vn -0.499985 0.000006 -0.866034
vn -0.499980 0.000017 -0.866037
vn -0.499986 0.000023 -0.866033
vn -0.500006 -0.000000 -0.866022
vn -0.500030 0.000000 -0.866008
vn -0.500001 -0.000000 -0.866025
vn -0.499972 -0.000017 -0.866042
vn -0.499975 -0.000011 -0.866040
vn -0.499990 -0.000006 -0.866031
vn -0.500004 0.000000 -0.866023
vn 0.499995 -0.000011 0.866028
vn 0.499979 -0.000000 0.866038
vn 0.499996 0.000001 0.866027
vn 0.500003 0.000023 0.866024
vn 0.500012 -0.000011 0.866018
vn 0.499986 0.000000 0.866033
vn 0.500012 0.000011 0.866018
vn 0.500016 -0.000023 0.866016
vn 0.499987 -0.000000 0.866033
vn 0.499989 0.000011 0.866032
vn 0.499991 0.000000 0.866031
vn 0.499995 0.000006 0.866029
vn 0.499993 0.000006 0.866030
vn 0.499978 -0.000011 0.866038
vn 0.500001 -0.000011 0.866025
vn 0.500025 0.000000 0.866011
vn 0.500004 0.000011 0.866023
vn 0.499988 0.000011 0.866032
vn 0.499995 0.000000 0.866028
vn 0.499990 0.000000 0.866031
vn 0.499991 0.000000 0.866031
vn -0.267598 0.951063 0.154500
vn -0.509045 0.809010 0.293898
vn -0.509045 0.809010 0.293898
vn -0.267598 0.951063 0.154500
vn -0.700636 0.587776 0.404511
vn -0.700637 0.587775 0.404512
vn -0.823641 0.309014 0.475528
vn -0.823640 0.309015 0.475528
vn -0.866023 0.000000 0.500004
vn -0.866023 0.000000 0.500004
vn -0.823641 -0.309014 0.475528
vn -0.823640 -0.309015 0.475528
vn -0.700630 -0.587788 0.404502
vn -0.700631 -0.587787 0.404503
vn -0.509045 -0.809010 0.293898
vn -0.509045 -0.809010 0.293898
vn -0.267616 -0.951055 0.154516
vn -0.267616 -0.951055 0.154516
vn 0.000002 -1.000000 -0.000001
vn 0.000001 -1.000000 -0.000001
vn 0.267621 -0.951054 -0.154519
vn 0.267620 -0.951054 -0.154518
vn 0.509041 -0.809014 -0.293895
vn 0.509040 -0.809014 -0.293895
vn 0.700634 -0.587783 -0.404504
vn 0.700635 -0.587781 -0.404505
vn 0.823640 -0.309015 -0.475528
vn 0.823641 -0.309013 -0.475528
vn 0.866023 0.000000 -0.500004
vn 0.866023 0.000000 -0.500004
vn 0.823640 0.309015 -0.475528
vn 0.823641 0.309013 -0.475528
vn 0.700634 0.587783 -0.404504
vn 0.700635 0.587781 -0.404505
vn 0.509041 0.809014 -0.293895
vn 0.509040 0.809014 -0.293895
vn 0.267621 0.951054 -0.154519
vn 0.267620 0.951054 -0.154518
vn 0.000002 1.000000 -0.000001
vn 0.000001 1.000000 -0.000001
vn -0.499997 0.000006 -0.866027
vn -0.499999 0.000006 -0.866026
vn -0.499999 0.000001 -0.866026
vn -0.500017 -0.000011 -0.866015
vn -0.500006 0.000011 -0.866022
vn -0.499982 0.000000 -0.866036
vn -0.499996 -0.000011 -0.866028
vn -0.500019 0.000011 -0.866015
vn -0.500007 -0.000006 -0.866021
vn -0.499989 -0.000006 -0.866032
vn -0.499995 0.000000 -0.866028
vn -0.499985 0.000006 -0.866034
vn -0.499990 0.000017 -0.866031
vn -0.499996 0.000023 -0.866028
vn -0.500006 0.000000 -0.866022
vn -0.500030 0.000000 -0.866008
vn -0.499992 0.000000 -0.866030
vn -0.499982 -0.000017 -0.866036
vn -0.499995 -0.000011 -0.866028
vn -0.499990 -0.000006 -0.866031
vn -0.500004 0.000000 -0.866023
vn 0.499995 -0.000011 0.866028
vn 0.499989 -0.000000 0.866032
vn 0.499999 0.000001 0.866026
vn 0.500003 0.000023 0.866024
vn 0.500002 -0.000011 0.866024
vn 0.499986 0.000000 0.866033
vn 0.500012 0.000011 0.866018
vn 0.500026 -0.000023 0.866010
vn 0.499997 0.000000 0.866027
vn 0.499989 0.000011 0.866032
vn 0.499991 0.000000 0.866031
vn 0.499995 0.000006 0.866029
vn 0.500012 0.000006 0.866018
vn 0.499988 -0.000011 0.866032
vn 0.499992 -0.000011 0.866030
vn 0.500025 0.000000 0.866011
vn 0.500004 0.000011 0.866023
vn 0.499998 0.000011 0.866027
vn 0.500005 0.000000 0.866022
vn 0.499990 0.000000 0.866031
vn 0.499991 0.000000 0.866031
vn -0.267598 0.951063 0.154500
vn -0.509045 0.809010 0.293898
vn -0.509045 0.809010 0.293898
vn -0.267598 0.951063 0.154500
vn -0.700636 0.587776 0.404511
vn -0.700637 0.587774 0.404512
vn -0.823641 0.309014 0.475528
vn -0.823640 0.309015 0.475528
vn -0.866023 0.000000 0.500004
vn -0.866023 0.000000 0.500004
vn -0.823641 -0.309014 0.475528
vn -0.823640 -0.309015 0.475528
vn -0.700630 -0.587788 0.404502
vn -0.700631 -0.587787 0.404503
vn -0.509045 -0.809010 0.293898
vn -0.509045 -0.809010 0.293898
vn -0.267616 -0.951055 0.154516
vn -0.267616 -0.951055 0.154516
vn 0.000002 -1.000000 -0.000001
vn 0.000001 -1.000000 -0.000001
vn 0.267621 -0.951054 -0.154519
vn 0.267620 -0.951054 -0.154518
vn 0.509041 -0.809013 -0.293896
vn 0.509040 -0.809014 -0.293895
vn 0.700634 -0.587783 -0.404504
vn 0.700635 -0.587781 -0.404505
vn 0.823640 -0.309015 -0.475528
vn 0.823641 -0.309013 -0.475528
vn 0.866023 0.000000 -0.500004
vn 0.866023 0.000000 -0.500004
vn 0.823640 0.309015 -0.475528
vn 0.823641 0.309013 -0.475528
vn 0.700634 0.587783 -0.404504
vn 0.700635 0.587781 -0.404505
vn 0.509041 0.809013 -0.293896
vn 0.509040 0.809014 -0.293895
vn 0.267621 0.951054 -0.154519
vn 0.267620 0.951054 -0.154518
vn 0.000002 1.000000 -0.000001
vn 0.000001 1.000000 -0.000001
vn -0.499997 0.000006 -0.866027
vn -0.499999 0.000006 -0.866026
vn -0.499999 0.000001 -0.866026
vn -0.499997 -0.000011 -0.866027
vn -0.500006 0.000011 -0.866022
vn -0.500011 0.000000 -0.866019
vn -0.499996 -0.000011 -0.866028
vn -0.500009 0.000011 -0.866020
vn -0.500007 -0.000006 -0.866021
vn -0.499989 -0.000006 -0.866032
vn -0.499995 0.000000 -0.866028
vn -0.499985 0.000006 -0.866034
vn -0.499990 0.000017 -0.866031
vn -0.499996 0.000023 -0.866028
vn -0.500006 -0.000000 -0.866022
vn -0.500020 -0.000000 -0.866014
vn -0.499992 -0.000000 -0.866030
vn -0.499992 -0.000017 -0.866030
vn -0.499995 -0.000011 -0.866028
vn -0.499990 -0.000006 -0.866031
vn -0.500004 0.000000 -0.866023
vn 0.499995 -0.000011 0.866028
vn 0.499989 -0.000000 0.866032
vn 0.499999 0.000001 0.866026
vn 0.499993 0.000023 0.866029
vn 0.500002 -0.000011 0.866024
vn 0.500016 0.000000 0.866016
vn 0.500012 0.000011 0.866018
vn 0.500007 -0.000023 0.866022
vn 0.499997 0.000000 0.866027
vn 0.499989 0.000011 0.866032
vn 0.499991 0.000000 0.866031
vn 0.499995 0.000006 0.866029
vn 0.500012 0.000006 0.866018
vn 0.499998 -0.000011 0.866027
vn 0.499992 -0.000011 0.866030
vn 0.500016 0.000000 0.866016
vn 0.500004 0.000011 0.866023
vn 0.499998 0.000011 0.866027
vn 0.500005 0.000000 0.866022
vn 0.499990 0.000000 0.866031
vn 0.499991 0.000000 0.866031
vn -0.267598 0.951063 0.154500
vn -0.509045 0.809010 0.293898
vn -0.509045 0.809010 0.293898
vn -0.267598 0.951063 0.154500
vn -0.700636 0.587776 0.404511
vn -0.700637 0.587775 0.404512
vn -0.823641 0.309014 0.475528
vn -0.823640 0.309015 0.475528
vn -0.866026 0.000000 0.500000
vn -0.866026 0.000000 0.500000
vn -0.823640 -0.309010 0.475531
vn -0.823640 -0.309012 0.475530
vn -0.700628 -0.587786 0.404510
vn -0.700629 -0.587785 0.404510
vn -0.509039 -0.809016 0.293892
vn -0.509039 -0.809016 0.293891
vn -0.267616 -0.951057 0.154508
vn -0.267616 -0.951057 0.154508
vn 0.000002 -1.000000 -0.000001
vn 0.000001 -1.000000 -0.000001
vn 0.267621 -0.951055 -0.154510
vn 0.267620 -0.951055 -0.154510
vn 0.509034 -0.809020 -0.293889
vn 0.509034 -0.809021 -0.293889
vn 0.700631 -0.587781 -0.404512
vn 0.700632 -0.587779 -0.404512
vn 0.823640 -0.309011 -0.475531
vn 0.823641 -0.309009 -0.475531
vn 0.866026 -0.000000 -0.500000
vn 0.866026 -0.000000 -0.500000
vn 0.823640 0.309015 -0.475528
vn 0.823641 0.309013 -0.475528
vn 0.700634 0.587783 -0.404504
vn 0.700635 0.587781 -0.404505
vn 0.509041 0.809014 -0.293895
vn 0.509040 0.809014 -0.293895
vn 0.267621 0.951054 -0.154519
vn 0.267620 0.951054 -0.154518
vn 0.000002 1.000000 -0.000001
vn 0.000001 1.000000 -0.000001
vn -0.499997 0.000006 -0.866027
vn -0.499999 0.000006 -0.866026
vn -0.499997 0.000001 -0.866027
vn -0.499997 -0.000011 -0.866027
vn -0.499996 0.000011 -0.866028
vn -0.499990 -0.000000 -0.866031
vn -0.499995 -0.000011 -0.866029
vn -0.500009 0.000011 -0.866020
vn -0.500007 -0.000006 -0.866021
vn -0.499999 -0.000006 -0.866026
vn -0.500004 0.000000 -0.866023
vn -0.500012 0.000006 -0.866018
vn -0.499999 0.000017 -0.866026
vn -0.499996 0.000023 -0.866028
vn -0.499986 0.000000 -0.866033
vn -0.499990 -0.000000 -0.866031
vn -0.499992 -0.000000 -0.866030
vn -0.499992 -0.000017 -0.866030
vn -0.499995 -0.000011 -0.866028
vn -0.499990 -0.000006 -0.866031
vn -0.500004 0.000000 -0.866023
vn 0.499995 -0.000011 0.866028
vn 0.499989 -0.000000 0.866032
vn 0.499997 0.000001 0.866027
vn 0.499993 0.000023 0.866029
vn 0.500002 -0.000011 0.866024
vn 0.499990 0.000000 0.866031
vn 0.499997 0.000011 0.866027
vn 0.500009 -0.000023 0.866020
vn 0.499999 -0.000000 0.866026
vn 0.500003 0.000011 0.866024
vn 0.499995 0.000000 0.866028
vn 0.500004 0.000006 0.866023
vn 0.500012 0.000006 0.866018
vn 0.500002 -0.000011 0.866024
vn 0.499990 -0.000011 0.866031
vn 0.499990 0.000000 0.866031
vn 0.499994 0.000011 0.866029
vn 0.499998 0.000011 0.866027
vn 0.500005 0.000000 0.866022
vn 0.499990 0.000000 0.866031
vn 0.499991 0.000000 0.866031
vn -0.267616 0.951057 0.154508
vn -0.509039 0.809016 0.293892
vn -0.509038 0.809017 0.293891
vn -0.267617 0.951057 0.154508
vn -0.700628 0.587786 0.404510
vn -0.700629 0.587785 0.404510
vn -0.823640 0.309010 0.475531
vn -0.823640 0.309012 0.475530
vn -0.866028 0.000000 0.499995
vn -0.866028 0.000000 0.499995
vn -0.823640 -0.309010 0.475531
vn -0.823640 -0.309012 0.475530
vn -0.700628 -0.587786 0.404510
vn -0.700629 -0.587785 0.404510
vn -0.509039 -0.809016 0.293892
vn -0.509038 -0.809017 0.293891
vn -0.267616 -0.951057 0.154508
vn -0.267617 -0.951057 0.154508
vn 0.000002 -1.000000 -0.000001
vn 0.000001 -1.000000 -0.000001
vn 0.267621 -0.951055 -0.154510
vn 0.267620 -0.951055 -0.154510
vn 0.509035 -0.809020 -0.293889
vn 0.509034 -0.809020 -0.293889
vn 0.700631 -0.587781 -0.404511
vn 0.700632 -0.587779 -0.404512
vn 0.823640 -0.309011 -0.475531
vn 0.823641 -0.309009 -0.475531
vn 0.866028 0.000000 -0.499995
vn 0.866028 0.000000 -0.499995
vn 0.823640 0.309011 -0.475531
vn 0.823641 0.309009 -0.475531
vn 0.700631 0.587781 -0.404511
vn 0.700632 0.587779 -0.404512
vn 0.509035 0.809020 -0.293889
vn 0.509034 0.809020 -0.293889
vn 0.267621 0.951055 -0.154510
vn 0.267620 0.951055 -0.154510
vn 0.000002 1.000000 -0.000001
vn 0.000001 1.000000 -0.000001
vn -0.500004 0.000006 -0.866023
vn -0.500001 0.000006 -0.866025
vn -0.500000 0.000001 -0.866026
vn -0.500009 -0.000011 -0.866020
vn -0.499995 0.000011 -0.866029
vn -0.499979 0.000000 -0.866037
vn -0.499995 -0.000011 -0.866029
vn -0.500004 0.000011 -0.866023
vn -0.500010 -0.000006 -0.866020
vn -0.500004 -0.000006 -0.866023
vn -0.500001 0.000000 -0.866025
vn -0.500022 0.000006 -0.866013
vn -0.500009 0.000017 -0.866020
vn -0.499996 0.000023 -0.866028
vn -0.499986 0.000000 -0.866033
vn -0.499971 0.000000 -0.866042
vn -0.499990 -0.000000 -0.866031
vn -0.500000 -0.000017 -0.866025
vn -0.500006 -0.000011 -0.866022
vn -0.500011 -0.000006 -0.866019
vn -0.500001 0.000000 -0.866025
vn 0.500008 -0.000011 0.866021
vn 0.500001 -0.000000 0.866025
vn 0.499999 0.000001 0.866026
vn 0.500004 0.000023 0.866023
vn 0.499997 -0.000011 0.866027
vn 0.499975 0.000000 0.866040
vn 0.499997 0.000011 0.866027
vn 0.500009 -0.000023 0.866020
vn 0.500004 -0.000000 0.866023
vn 0.500005 0.000011 0.866022
vn 0.499993 0.000000 0.866030
vn 0.500007 0.000006 0.866021
vn 0.500015 0.000006 0.866017
vn 0.500002 -0.000011 0.866024
vn 0.499990 -0.000011 0.866031
vn 0.499975 0.000000 0.866040
vn 0.499990 0.000011 0.866031
vn 0.500000 0.000011 0.866025
vn 0.500015 0.000000 0.866017
vn 0.500009 0.000000 0.866020
vn 0.499993 0.000000 0.866030
vn 0.000000 0.000000 1.000000
vn 0.000000 0.000000 1.000000
vn 0.000000 0.000000 1.000000
vn 0.000000 0.000000 1.000000
vn 0.000000 1.000000 0.000000
vn 0.000000 1.000000 0.000000
vn 0.000000 1.000000 0.000000
vn 0.000000 1.000000 0.000000
vn 0.000000 0.000000 -1.000000
vn 0.000000 0.000000 -1.000000
vn 0.000000 0.000000 -1.000000
vn 0.000000 0.000000 -1.000000
vn 0.000000 -1.000000 0.000000
vn 0.000000 -1.000000 0.000000
vn 0.000000 -1.000000 0.000000
vn 0.000000 -1.000000 0.000000
vn 1.000000 0.000000 0.000000
vn 1.000000 0.000000 0.000000
vn 1.000000 0.000000 0.000000
vn 1.000000 0.000000 0.000000
vn -1.000000 0.000000 0.000000
vn -1.000000 0.000000 0.000000
vn -1.000000 0.000000 0.000000
vn -1.000000 0.000000 0.000000
vn -0.788008 0.000000 0.615665
vn -0.788008 0.000000 0.615665
vn -0.788008 0.000000 0.615665
vn -0.788008 0.000000 0.615665
vn 0.000000 1.000000 -0.000005
vn 0.000000 1.000000 -0.000005
vn 0.000000 1.000000 -0.000005
vn 0.000000 1.000000 -0.000005
vn 0.788008 0.000000 -0.615665
vn 0.788008 0.000000 -0.615665
vn 0.788008 0.000000 -0.615665
vn 0.788008 0.000000 -0.615665
vn 0.000000 -1.000000 -0.000003
vn 0.000000 -1.000000 -0.000003
vn 0.000000 -1.000000 -0.000003
vn 0.000000 -1.000000 -0.000003
vn 0.615660 0.000000 0.788012
vn 0.615660 0.000000 0.788012
vn 0.615660 0.000000 0.788012
vn 0.615660 0.000000 0.788012
vn -0.615660 0.000000 -0.788012
vn -0.615660 0.000000 -0.788012
vn -0.615660 0.000000 -0.788012
vn -0.615660 0.000000 -0.788012
vn -0.788008 0.000000 0.615665
vn -0.788008 0.000000 0.615665
vn -0.788008 0.000000 0.615665
vn -0.788008 0.000000 0.615665
vn 0.000000 1.000000 0.000004
vn 0.000000 1.000000 0.000004
vn 0.000000 1.000000 0.000004
vn 0.000000 1.000000 0.000004
vn 0.788008 0.000000 -0.615665
vn 0.788008 0.000000 -0.615665
vn 0.788008 0.000000 -0.615665
vn 0.788008 0.000000 -0.615665
vn 0.000000 -1.000000 0.000002
vn 0.000000 -1.000000 0.000002
vn 0.000000 -1.000000 0.000002
vn 0.000000 -1.000000 0.000002
vn 0.615670 0.000000 0.788004
vn 0.615670 0.000000 0.788004
vn 0.615670 0.000000 0.788004
vn 0.615670 0.000000 0.788004
vn -0.615670 0.000000 -0.788004
vn -0.615670 0.000000 -0.788004
vn -0.615670 0.000000 -0.788004
vn -0.615670 0.000000 -0.788004
vn -0.788009 0.000000 0.615664
vn -0.788009 0.000000 0.615664
vn -0.788009 0.000000 0.615664
vn -0.788009 0.000000 0.615664
vn 0.000000 1.000000 0.000004
vn 0.000000 1.000000 0.000004
vn 0.000000 1.000000 0.000004
vn 0.000000 1.000000 0.000004
vn 0.788009 0.000000 -0.615664
vn 0.788009 0.000000 -0.615664
vn 0.788009 0.000000 -0.615664
vn 0.788009 0.000000 -0.615664
vn 0.000000 -1.000000 0.000002
vn 0.000000 -1.000000 0.000002
vn 0.000000 -1.000000 0.000002
vn 0.000000 -1.000000 0.000002
vn 0.615670 0.000000 0.788004
vn 0.615670 0.000000 0.788004
vn 0.615670 0.000000 0.788004
vn 0.615670 0.000000 0.788004
vn -0.615670 0.000000 -0.788004
vn -0.615670 0.000000 -0.788004
vn -0.615670 0.000000 -0.788004
vn -0.615670 0.000000 -0.788004
vn -0.788009 0.000000 0.615664
vn -0.788009 0.000000 0.615664
vn -0.788009 0.000000 0.615664
vn -0.788009 0.000000 0.615664
vn 0.000000 1.000000 -0.000005
vn 0.000000 1.000000 -0.000005
vn 0.000000 1.000000 -0.000005
vn 0.000000 1.000000 -0.000005
vn 0.788009 0.000000 -0.615664
vn 0.788009 0.000000 -0.615664
vn 0.788009 0.000000 -0.615664
vn 0.788009 0.000000 -0.615664
vn 0.000000 -1.000000 -0.000003
vn 0.000000 -1.000000 -0.000003
vn 0.000000 -1.000000 -0.000003
vn 0.000000 -1.000000 -0.000003
vn 0.615660 0.000000 0.788012
vn 0.615660 0.000000 0.788012
vn 0.615660 0.000000 0.788012
vn 0.615660 0.000000 0.788012
vn -0.615660 0.000000 -0.788012
vn -0.615660 0.000000 -0.788012
vn -0.615660 0.000000 -0.788012
vn -0.615660 0.000000 -0.788012
vn 0.243496 0.951061 -0.190247
vn 0.463191 0.809004 -0.361893
vn 0.463192 0.809003 -0.361894
vn 0.243497 0.951060 -0.190248
vn 0.637521 0.587775 -0.498084
vn 0.637520 0.587777 -0.498084
vn 0.749439 0.309022 -0.585531
vn 0.749439 0.309023 -0.585531
vn 0.788008 0.000000 -0.615665
vn 0.788008 0.000000 -0.615665
vn 0.749439 -0.309022 -0.585531
vn 0.749439 -0.309023 -0.585531
vn 0.637515 -0.587787 -0.498077
vn 0.637514 -0.587789 -0.498076
vn 0.463191 -0.809004 -0.361893
vn 0.463192 -0.809003 -0.361894
vn 0.243512 -0.951053 -0.190263
vn 0.243514 -0.951052 -0.190264
vn 0.000000 -1.000000 -0.000000
vn 0.000000 -1.000000 -0.000000
vn -0.243509 -0.951055 0.190260
vn -0.243509 -0.951055 0.190260
vn -0.463186 -0.809008 0.361889
vn -0.463186 -0.809008 0.361889
vn -0.637507 -0.587801 0.498071
vn -0.637507 -0.587801 0.498071
vn -0.749443 -0.309006 0.585534
vn -0.749443 -0.309005 0.585534
vn -0.788008 0.000000 0.615665
vn -0.788008 0.000000 0.615665
vn -0.749443 0.309006 0.585534
vn -0.749443 0.309005 0.585534
vn -0.637507 0.587801 0.498071
vn -0.637507 0.587801 0.498071
vn -0.463186 0.809008 0.361889
vn -0.463186 0.809008 0.361889
vn -0.243509 0.951055 0.190260
vn -0.243509 0.951055 0.190260
vn 0.000000 1.000000 -0.000000
vn 0.000000 1.000000 -0.000000
vn 0.615671 0.000011 0.788003
vn 0.615673 -0.000011 0.788002
vn 0.615663 0.000001 0.788010
vn 0.615649 0.000045 0.788020
vn 0.615660 0.000023 0.788012
vn 0.615683 0.000000 0.787994
vn 0.615660 -0.000023 0.788012
vn 0.615666 -0.000034 0.788007
vn 0.615680 -0.000006 0.787996
vn 0.615666 0.000006 0.788007
vn 0.615666 0.000000 0.788007
vn 0.615652 0.000000 0.788018
vn 0.615657 0.000000 0.788014
vn 0.615655 0.000023 0.788016
vn 0.615653 0.000046 0.788017
vn 0.615674 0.000000 0.788001
vn 0.615654 -0.000046 0.788017
vn 0.615657 -0.000023 0.788014
vn 0.615659 0.000006 0.788013
vn 0.615652 0.000006 0.788018
vn 0.615666 0.000000 0.788007
vn -0.615659 0.000006 -0.788013
vn -0.615651 0.000006 -0.788019
vn -0.615661 -0.000000 -0.788011
vn -0.615641 -0.000023 -0.788026
vn -0.615657 0.000000 -0.788014
vn -0.615682 0.000000 -0.787995
vn -0.615657 -0.000000 -0.788014
vn -0.615657 0.000023 -0.788014
vn -0.615660 -0.000011 -0.788012
vn -0.615652 -0.000011 -0.788018
vn -0.615666 0.000000 -0.788007
vn -0.615652 0.000006 -0.788018
vn -0.615661 0.000006 -0.788011
vn -0.615666 0.000000 -0.788007
vn -0.615665 0.000000 -0.788008
vn -0.615682 0.000000 -0.787995
vn -0.615665 0.000000 -0.788008
vn -0.615665 0.000000 -0.788008
vn -0.615660 0.000000 -0.788012
vn -0.615652 0.000000 -0.788018
vn -0.615666 0.000000 -0.788007
vn 0.243496 0.951064 -0.190229
vn 0.463191 0.809004 -0.361893
vn 0.463192 0.809003 -0.361894
vn 0.243498 0.951063 -0.190231
vn 0.637515 0.587770 -0.498097
vn 0.637514 0.587771 -0.498097
vn 0.749439 0.309021 -0.585531
vn 0.749439 0.309022 -0.585531
vn 0.788016 0.000000 -0.615655
vn 0.788016 0.000000 -0.615655
vn 0.749447 -0.309024 -0.585520
vn 0.749447 -0.309025 -0.585520
vn 0.637510 -0.587782 -0.498090
vn 0.637509 -0.587784 -0.498089
vn 0.463191 -0.809004 -0.361893
vn 0.463192 -0.809003 -0.361894
vn 0.243513 -0.951056 -0.190245
vn 0.243514 -0.951056 -0.190247
vn -0.000000 -1.000000 0.000000
vn -0.000000 -1.000000 0.000000
vn -0.243510 -0.951058 0.190243
vn -0.243510 -0.951058 0.190243
vn -0.463186 -0.809009 0.361889
vn -0.463186 -0.809009 0.361889
vn -0.637502 -0.587796 0.498084
vn -0.637502 -0.587796 0.498084
vn -0.749450 -0.309010 0.585523
vn -0.749451 -0.309009 0.585523
vn -0.788016 -0.000000 0.615655
vn -0.788016 -0.000000 0.615655
vn -0.749443 0.309007 0.585534
vn -0.749443 0.309006 0.585534
vn -0.637502 0.587796 0.498084
vn -0.637502 0.587796 0.498084
vn -0.463186 0.809009 0.361889
vn -0.463186 0.809009 0.361889
vn -0.243510 0.951058 0.190243
vn -0.243510 0.951058 0.190243
vn -0.000000 1.000000 0.000000
vn -0.000000 1.000000 0.000000
vn 0.615671 0.000011 0.788003
vn 0.615673 -0.000011 0.788002
vn 0.615660 0.000001 0.788011
vn 0.615649 0.000045 0.788020
vn 0.615660 0.000023 0.788012
vn 0.615683 0.000000 0.787994
vn 0.615660 -0.000023 0.788012
vn 0.615655 -0.000034 0.788016
vn 0.615669 -0.000006 0.788005
vn 0.615666 0.000006 0.788007
vn 0.615666 0.000000 0.788007
vn 0.615652 0.000000 0.788018
vn 0.615646 0.000000 0.788023
vn 0.615644 0.000023 0.788025
vn 0.615653 0.000046 0.788017
vn 0.615674 0.000000 0.788001
vn 0.615654 -0.000046 0.788017
vn 0.615657 -0.000023 0.788014
vn 0.615659 0.000006 0.788013
vn 0.615652 0.000006 0.788018
vn 0.615666 0.000000 0.788007
vn -0.615659 0.000006 -0.788013
vn -0.615651 0.000006 -0.788019
vn -0.615659 -0.000000 -0.788013
vn -0.615641 -0.000023 -0.788026
vn -0.615657 0.000000 -0.788014
vn -0.615682 0.000000 -0.787995
vn -0.615657 -0.000000 -0.788014
vn -0.615646 0.000023 -0.788023
vn -0.615649 -0.000011 -0.788021
vn -0.615652 -0.000011 -0.788018
vn -0.615666 0.000000 -0.788007
vn -0.615652 0.000006 -0.788018
vn -0.615650 0.000006 -0.788020
vn -0.615655 0.000000 -0.788016
vn -0.615665 0.000000 -0.788008
vn -0.615682 0.000000 -0.787995
vn -0.615665 0.000000 -0.788008
vn -0.615665 0.000000 -0.788008
vn -0.615660 0.000000 -0.788012
vn -0.615652 0.000000 -0.788018
vn -0.615666 0.000000 -0.788007
vn 0.243496 0.951061 -0.190247
vn 0.463191 0.809004 -0.361893
vn 0.463192 0.809003 -0.361894
vn 0.243497 0.951060 -0.190248
vn 0.637521 0.587775 -0.498084
vn 0.637520 0.587777 -0.498084
vn 0.749439 0.309022 -0.585531
vn 0.749439 0.309023 -0.585531
vn 0.788008 0.000000 -0.615665
vn 0.788008 0.000000 -0.615665
vn 0.749439 -0.309022 -0.585531
vn 0.749439 -0.309023 -0.585531
vn 0.637515 -0.587787 -0.498077
vn 0.637514 -0.587789 -0.498076
vn 0.463191 -0.809004 -0.361893
vn 0.463192 -0.809003 -0.361894
vn 0.243512 -0.951053 -0.190263
vn 0.243514 -0.951052 -0.190264
vn 0.000000 -1.000000 -0.000000
vn 0.000000 -1.000000 -0.000000
vn -0.243509 -0.951055 0.190260
vn -0.243509 -0.951055 0.190260
vn -0.463186 -0.809008 0.361889
vn -0.463186 -0.809008 0.361889
vn -0.637507 -0.587801 0.498071
vn -0.637507 -0.587801 0.498071
vn -0.749443 -0.309006 0.585534
vn -0.749443 -0.309005 0.585534
vn -0.788008 0.000000 0.615665
vn -0.788008 0.000000 0.615665
vn -0.749443 0.309006 0.585534
vn -0.749443 0.309005 0.585534
vn -0.637507 0.587801 0.498071
vn -0.637507 0.587801 0.498071
vn -0.463186 0.809008 0.361889
vn -0.463186 0.809008 0.361889
vn -0.243509 0.951055 0.190260
vn -0.243509 0.951055 0.190260
vn 0.000000 1.000000 -0.000000
vn 0.000000 1.000000 -0.000000
vn 0.615671 0.000011 0.788003
vn 0.615673 -0.000011 0.788002
vn 0.615659 0.000001 0.788012
vn 0.615649 0.000045 0.788020
vn 0.615660 0.000023 0.788012
vn 0.615683 0.000000 0.787994
vn 0.615660 -0.000023 0.788012
vn 0.615655 -0.000034 0.788016
vn 0.615669 -0.000006 0.788005
vn 0.615666 0.000006 0.788007
vn 0.615666 0.000000 0.788007
vn 0.615652 0.000000 0.788018
vn 0.615646 0.000000 0.788023
vn 0.615644 0.000023 0.788025
vn 0.615653 0.000046 0.788017
vn 0.615674 0.000000 0.788001
vn 0.615654 -0.000046 0.788017
vn 0.615646 -0.000023 0.788023
vn 0.615648 0.000006 0.788021
vn 0.615652 0.000006 0.788018
vn 0.615666 0.000000 0.788007
vn -0.615659 0.000006 -0.788013
vn -0.615651 0.000006 -0.788019
vn -0.615658 -0.000000 -0.788014
vn -0.615641 -0.000023 -0.788026
vn -0.615657 0.000000 -0.788014
vn -0.615682 0.000000 -0.787995
vn -0.615657 -0.000000 -0.788014
vn -0.615646 0.000023 -0.788023
vn -0.615649 -0.000011 -0.788021
vn -0.615652 -0.000011 -0.788018
vn -0.615666 0.000000 -0.788007
vn -0.615652 0.000006 -0.788018
vn -0.615650 0.000006 -0.788020
vn -0.615655 0.000000 -0.788016
vn -0.615665 0.000000 -0.788008
vn -0.615682 0.000000 -0.787995
vn -0.615665 0.000000 -0.788008
vn -0.615654 0.000000 -0.788016
vn -0.615649 0.000000 -0.788021
vn -0.615652 0.000000 -0.788018
vn -0.615666 0.000000 -0.788007
vn 0.243496 0.951062 -0.190238
vn 0.463192 0.809007 -0.361885
vn 0.463193 0.809006 -0.361886
vn 0.243497 0.951062 -0.190239
vn 0.637518 0.587772 -0.498091
vn 0.637517 0.587774 -0.498090
vn 0.749439 0.309021 -0.585531
vn 0.749439 0.309022 -0.585531
vn 0.788008 0.000000 -0.615665
vn 0.788008 0.000000 -0.615665
vn 0.749439 -0.309021 -0.585531
vn 0.749439 -0.309022 -0.585531
vn 0.637512 -0.587785 -0.498084
vn 0.637511 -0.587786 -0.498083
vn 0.463192 -0.809007 -0.361885
vn 0.463193 -0.809006 -0.361886
vn 0.243513 -0.951055 -0.190254
vn 0.243514 -0.951054 -0.190255
vn 0.000000 -1.000000 -0.000000
vn 0.000000 -1.000000 -0.000000
vn -0.243509 -0.951056 0.190251
vn -0.243509 -0.951056 0.190251
vn -0.463188 -0.809011 0.361882
vn -0.463188 -0.809011 0.361882
vn -0.637505 -0.587798 0.498077
vn -0.637505 -0.587798 0.498077
vn -0.749443 -0.309007 0.585534
vn -0.749443 -0.309006 0.585534
vn -0.788008 0.000000 0.615665
vn -0.788008 0.000000 0.615665
vn -0.749443 0.309007 0.585534
vn -0.749443 0.309006 0.585534
vn -0.637505 0.587798 0.498077
vn -0.637505 0.587798 0.498077
vn -0.463188 0.809011 0.361882
vn -0.463188 0.809011 0.361882
vn -0.243509 0.951056 0.190251
vn -0.243509 0.951056 0.190251
vn 0.000000 1.000000 -0.000000
vn 0.000000 1.000000 -0.000000
vn 0.615671 0.000011 0.788003
vn 0.615673 -0.000011 0.788002
vn 0.615659 0.000001 0.788012
vn 0.615649 0.000045 0.788020
vn 0.615660 0.000023 0.788012
vn 0.615683 0.000000 0.787994
vn 0.615660 -0.000023 0.788012
vn 0.615655 -0.000034 0.788016
vn 0.615669 -0.000006 0.788005
vn 0.615666 0.000006 0.788007
vn 0.615666 0.000000 0.788007
vn 0.615652 0.000000 0.788018
vn 0.615646 0.000000 0.788023
vn 0.615644 0.000023 0.788025
vn 0.615653 0.000046 0.788017
vn 0.615674 0.000000 0.788001
vn 0.615654 -0.000046 0.788017
vn 0.615646 -0.000023 0.788023
vn 0.615648 0.000006 0.788021
vn 0.615652 0.000006 0.788018
vn 0.615666 0.000000 0.788007
vn -0.615659 0.000006 -0.788013
vn -0.615651 0.000006 -0.788019
vn -0.615658 -0.000000 -0.788014
vn -0.615641 -0.000023 -0.788026
vn -0.615657 0.000000 -0.788014
vn -0.615682 0.000000 -0.787995
vn -0.615657 -0.000000 -0.788014
vn -0.615646 0.000023 -0.788023
vn -0.615649 -0.000011 -0.788021
vn -0.615652 -0.000011 -0.788018
vn -0.615666 0.000000 -0.788007
vn -0.615652 0.000006 -0.788018
vn -0.615650 0.000006 -0.788020
vn -0.615655 0.000000 -0.788016
vn -0.615665 0.000000 -0.788008
vn -0.615682 0.000000 -0.787995
vn -0.615665 0.000000 -0.788008
vn -0.615654 0.000000 -0.788016
vn -0.615649 0.000000 -0.788021
vn -0.615652 0.000000 -0.788018
vn -0.615666 0.000000 -0.788007
vn 0.243496 0.951062 -0.190238
vn 0.463192 0.809007 -0.361885
vn 0.463193 0.809006 -0.361886
vn 0.243497 0.951062 -0.190239
vn 0.637518 0.587772 -0.498091
vn 0.637517 0.587774 -0.498090
vn 0.749439 0.309021 -0.585531
vn 0.749439 0.309022 -0.585531
vn 0.788007 0.000000 -0.615666
vn 0.788007 0.000000 -0.615666
vn 0.749439 -0.309017 -0.585533
vn 0.749439 -0.309018 -0.585533
vn 0.637512 -0.587784 -0.498084
vn 0.637511 -0.587786 -0.498083
vn 0.463186 -0.809013 -0.361879
vn 0.463187 -0.809012 -0.361880
vn 0.243513 -0.951055 -0.190254
vn 0.243514 -0.951054 -0.190255
vn 0.000000 -1.000000 0.000000
vn 0.000000 -1.000000 -0.000000
vn -0.243509 -0.951056 0.190251
vn -0.243509 -0.951056 0.190251
vn -0.463182 -0.809017 0.361876
vn -0.463182 -0.809017 0.361876
vn -0.637505 -0.587798 0.498077
vn -0.637505 -0.587798 0.498077
vn -0.749443 -0.309003 0.585536
vn -0.749443 -0.309002 0.585536
vn -0.788007 -0.000000 0.615666
vn -0.788007 -0.000000 0.615666
vn -0.749443 0.309007 0.585534
vn -0.749443 0.309006 0.585534
vn -0.637505 0.587798 0.498077
vn -0.637505 0.587798 0.498077
vn -0.463188 0.809011 0.361882
vn -0.463188 0.809011 0.361882
vn -0.243509 0.951056 0.190251
vn -0.243509 0.951056 0.190251
vn 0.000000 1.000000 -0.000000
vn 0.000000 1.000000 -0.000000
vn 0.615671 0.000011 0.788003
vn 0.615673 -0.000011 0.788002
vn 0.615664 0.000001 0.788009
vn 0.615660 0.000045 0.788011
vn 0.615671 0.000023 0.788003
vn 0.615665 0.000000 0.788008
vn 0.615655 -0.000023 0.788016
vn 0.615664 -0.000034 0.788009
vn 0.615682 -0.000006 0.787995
vn 0.615677 0.000006 0.787999
vn 0.615659 0.000000 0.788013
vn 0.615668 0.000000 0.788006
vn 0.615667 0.000000 0.788007
vn 0.615667 0.000023 0.788006
vn 0.615657 0.000045 0.788014
vn 0.615656 0.000000 0.788015
vn 0.615665 -0.000046 0.788008
vn 0.615657 -0.000023 0.788014
vn 0.615648 0.000006 0.788021
vn 0.615652 0.000006 0.788018
vn 0.615666 0.000000 0.788007
vn -0.615659 0.000006 -0.788013
vn -0.615651 0.000006 -0.788019
vn -0.615662 -0.000000 -0.788010
vn -0.615652 -0.000023 -0.788018
vn -0.615668 0.000000 -0.788006
vn -0.615665 -0.000000 -0.788008
vn -0.615662 0.000000 -0.788010
vn -0.615670 0.000023 -0.788004
vn -0.615670 -0.000011 -0.788004
vn -0.615668 -0.000011 -0.788006
vn -0.615657 0.000000 -0.788014
vn -0.615661 0.000006 -0.788011
vn -0.615665 0.000006 -0.788008
vn -0.615667 0.000000 -0.788006
vn -0.615659 0.000000 -0.788013
vn -0.615664 0.000000 -0.788009
vn -0.615676 0.000000 -0.788000
vn -0.615665 0.000000 -0.788008
vn -0.615649 0.000000 -0.788021
vn -0.615652 0.000000 -0.788018
vn -0.615666 0.000000 -0.788007
vn 0.243513 0.951055 -0.190254
vn 0.463186 0.809013 -0.361879
vn 0.463187 0.809012 -0.361880
vn 0.243514 0.951054 -0.190255
vn 0.637512 0.587784 -0.498084
vn 0.637511 0.587786 -0.498083
vn 0.749439 0.309017 -0.585533
vn 0.749439 0.309018 -0.585533
vn 0.788006 0.000000 -0.615667
vn 0.788006 0.000000 -0.615667
vn 0.749439 -0.309017 -0.585533
vn 0.749439 -0.309018 -0.585533
vn 0.637512 -0.587784 -0.498084
vn 0.637511 -0.587786 -0.498083
vn 0.463186 -0.809013 -0.361879
vn 0.463187 -0.809012 -0.361880
vn 0.243513 -0.951055 -0.190254
vn 0.243514 -0.951054 -0.190255
vn 0.000000 -1.000000 -0.000000
vn 0.000000 -1.000000 -0.000000
vn -0.243509 -0.951056 0.190251
vn -0.243509 -0.951056 0.190251
vn -0.463182 -0.809017 0.361876
vn -0.463182 -0.809017 0.361876
vn -0.637505 -0.587798 0.498077
vn -0.637505 -0.587798 0.498077
vn -0.749443 -0.309003 0.585536
vn -0.749443 -0.309002 0.585536
vn -0.788006 0.000000 0.615667
vn -0.788006 0.000000 0.615667
vn -0.749443 0.309003 0.585536
vn -0.749443 0.309002 0.585536
vn -0.637505 0.587798 0.498077
vn -0.637505 0.587798 0.498077
vn -0.463182 0.809017 0.361876
vn -0.463182 0.809017 0.361876
vn -0.243509 0.951056 0.190251
vn -0.243509 0.951056 0.190251
vn 0.000000 1.000000 -0.000000
vn 0.000000 1.000000 -0.000000
vn 0.615688 0.000011 0.787990
vn 0.615685 -0.000011 0.787992
vn 0.615665 0.000001 0.788008
vn 0.615675 0.000046 0.788000
vn 0.615666 0.000023 0.788007
vn 0.615648 0.000000 0.788022
vn 0.615655 -0.000023 0.788016
vn 0.615664 -0.000034 0.788009
vn 0.615685 -0.000006 0.787992
vn 0.615682 0.000006 0.787995
vn 0.615664 0.000000 0.788009
vn 0.615671 0.000000 0.788003
vn 0.615667 0.000000 0.788007
vn 0.615667 0.000023 0.788006
vn 0.615657 0.000045 0.788014
vn 0.615639 0.000000 0.788029
vn 0.615645 -0.000045 0.788023
vn 0.615656 -0.000023 0.788015
vn 0.615664 0.000006 0.788009
vn 0.615668 0.000006 0.788006
vn 0.615664 0.000000 0.788009
vn -0.615668 0.000006 -0.788006
vn -0.615667 0.000006 -0.788006
vn -0.615664 0.000000 -0.788009
vn -0.615658 -0.000023 -0.788013
vn -0.615651 0.000000 -0.788019
vn -0.615648 0.000000 -0.788022
vn -0.615662 0.000000 -0.788010
vn -0.615670 0.000023 -0.788004
vn -0.615670 -0.000011 -0.788004
vn -0.615671 -0.000011 -0.788003
vn -0.615662 0.000000 -0.788010
vn -0.615666 0.000006 -0.788007
vn -0.615667 0.000006 -0.788006
vn -0.615667 0.000000 -0.788006
vn -0.615659 0.000000 -0.788013
vn -0.615647 0.000000 -0.788022
vn -0.615670 0.000000 -0.788004
vn -0.615678 0.000000 -0.787998
vn -0.615670 0.000000 -0.788004
vn -0.615669 0.000000 -0.788005
vn -0.615662 0.000000 -0.788010
vn 0.000000 0.000000 1.000000
vn 0.000000 0.000000 1.000000
vn 0.000000 0.000000 1.000000
vn 0.000000 0.000000 1.000000
vn 0.000000 1.000000 0.000000
vn 0.000000 1.000000 0.000000
vn 0.000000 1.000000 0.000000
vn 0.000000 1.000000 0.000000
vn 0.000000 0.000000 -1.000000
vn 0.000000 0.000000 -1.000000
vn 0.000000 0.000000 -1.000000
vn 0.000000 0.000000 -1.000000
vn 0.000000 -1.000000 0.000000
vn 0.000000 -1.000000 0.000000
vn 0.000000 -1.000000 0.000000
vn 0.000000 -1.000000 0.000000
vn 1.000000 0.000000 0.000000
vn 1.000000 0.000000 0.000000
vn 1.000000 0.000000 0.000000
vn 1.000000 0.000000 0.000000
vn -1.000000 -0.000000 0.000000
vn -1.000000 -0.000000 0.000000
vn -1.000000 -0.000000 0.000000
vn -1.000000 -0.000000 0.000000
vn 0.000000 0.000000 -1.000000
vn 0.000000 0.000000 -1.000000
vn 0.000000 0.000000 -1.000000
vn 0.000000 0.000000 -1.000000
vn 0.000000 1.000000 0.000000
vn 0.000000 1.000000 0.000000
vn 0.000000 1.000000 0.000000
vn 0.000000 1.000000 0.000000
vn 0.000000 0.000000 1.000000
vn 0.000000 0.000000 1.000000
vn 0.000000 0.000000 1.000000
vn 0.000000 0.000000 1.000000
vn 0.000000 -1.000000 0.000000
vn 0.000000 -1.000000 0.000000
vn 0.000000 -1.000000 0.000000
vn 0.000000 -1.000000 0.000000
vn -1.000000 0.000000 0.000000
vn -1.000000 0.000000 0.000000
vn -1.000000 0.000000 0.000000
vn -1.000000 0.000000 0.000000
vn 1.000000 0.000000 0.000000
vn 1.000000 0.000000 0.000000
vn 1.000000 0.000000 0.000000
vn 1.000000 0.000000 0.000000
vn 0.000000 0.000000 -1.000000
vn 0.000000 0.000000 -1.000000
vn 0.000000 0.000000 -1.000000
vn 0.000000 0.000000 -1.000000
vn 0.000000 1.000000 0.000000
vn 0.000000 1.000000 0.000000
vn 0.000000 1.000000 0.000000
vn 0.000000 1.000000 0.000000
vn 0.000000 0.000000 1.000000
vn 0.000000 0.000000 1.000000
vn 0.000000 0.000000 1.000000
vn 0.000000 0.000000 1.000000
vn 0.000000 -1.000000 0.000000
vn 0.000000 -1.000000 0.000000
vn 0.000000 -1.000000 0.000000
vn 0.000000 -1.000000 0.000000
vn -1.000000 0.000000 0.000000
vn -1.000000 0.000000 0.000000
vn -1.000000 0.000000 0.000000
vn -1.000000 0.000000 0.000000
vn 1.000000 0.000000 0.000000
vn 1.000000 0.000000 0.000000
vn 1.000000 0.000000 0.000000
vn 1.000000 0.000000 0.000000
vn 0.000000 0.000000 -1.000000
vn 0.000000 0.000000 -1.000000
vn 0.000000 0.000000 -1.000000
vn 0.000000 0.000000 -1.000000
vn 0.000000 1.000000 0.000000
vn 0.000000 1.000000 0.000000
vn 0.000000 1.000000 0.000000
vn 0.000000 1.000000 0.000000
vn 0.000000 0.000000 1.000000
vn 0.000000 0.000000 1.000000
vn 0.000000 0.000000 1.000000
vn 0.000000 0.000000 1.000000
vn 0.000000 -1.000000 0.000000
vn 0.000000 -1.000000 0.000000
vn 0.000000 -1.000000 0.000000
vn 0.000000 -1.000000 0.000000
vn -1.000000 0.000000 0.000000
vn -1.000000 0.000000 0.000000
vn -1.000000 0.000000 0.000000
vn -1.000000 0.000000 0.000000
vn 1.000000 0.000000 0.000000
vn 1.000000 0.000000 0.000000
vn 1.000000 0.000000 0.000000
vn 1.000000 0.000000 0.000000
vn 0.000000 0.000000 -1.000000
vn 0.000000 0.000000 -1.000000
vn 0.000000 0.000000 -1.000000
vn 0.000000 0.000000 -1.000000
vn 0.000000 1.000000 0.000000
vn 0.000000 1.000000 0.000000
vn 0.000000 1.000000 0.000000
vn 0.000000 1.000000 0.000000
vn 0.000000 0.000000 1.000000
vn 0.000000 0.000000 1.000000
vn 0.000000 0.000000 1.000000
vn 0.000000 0.000000 1.000000
vn 0.000000 -1.000000 0.000000
vn 0.000000 -1.000000 0.000000
vn 0.000000 -1.000000 0.000000
vn 0.000000 -1.000000 0.000000
vn -1.000000 0.000000 0.000000
vn -1.000000 0.000000 0.000000
vn -1.000000 0.000000 0.000000
vn -1.000000 0.000000 0.000000
vn 1.000000 0.000000 0.000000
vn 1.000000 0.000000 0.000000
vn 1.000000 0.000000 0.000000
vn 1.000000 0.000000 0.000000
vn 0.000000 0.951056 0.309019
vn 0.000000 0.809000 0.587809
vn 0.000000 0.809000 0.587809
vn 0.000000 0.951056 0.309019
vn 0.000000 0.587787 0.809016
vn 0.000000 0.587787 0.809016
vn 0.000000 0.309024 0.951054
vn 0.000000 0.309024 0.951054
vn 0.000000 0.000000 1.000000
vn 0.000000 0.000000 1.000000
vn 0.000000 -0.309024 0.951054
vn 0.000000 -0.309024 0.951054
vn 0.000000 -0.587787 0.809016
vn 0.000000 -0.587787 0.809016
vn 0.000000 -0.809002 0.587806
vn 0.000000 -0.809002 0.587806
vn 0.000000 -0.951056 0.309019
vn 0.000000 -0.951056 0.309019
vn 0.000000 -1.000000 0.000000
vn 0.000000 -1.000000 0.000000
vn 0.000000 -0.951056 -0.309019
vn 0.000000 -0.951056 -0.309019
vn 0.000000 -0.809002 -0.587806
vn 0.000000 -0.809002 -0.587806
vn 0.000000 -0.587783 -0.809018
vn 0.000000 -0.587783 -0.809018
vn 0.000000 -0.309019 -0.951056
vn 0.000000 -0.309019 -0.951056
vn 0.000000 0.000000 -1.000000
vn 0.000000 0.000000 -1.000000
vn 0.000000 0.309019 -0.951056
vn 0.000000 0.309019 -0.951056
vn 0.000000 0.587783 -0.809018
vn 0.000000 0.587783 -0.809018
vn 0.000000 0.809002 -0.587806
vn 0.000000 0.809002 -0.587806
vn 0.000000 0.951056 -0.309019
vn 0.000000 0.951056 -0.309019
vn 0.000000 1.000000 -0.000000
vn 0.000000 1.000000 -0.000000
vn -1.000000 0.000000 0.000000
vn -1.000000 0.000000 0.000000
vn -1.000000 -0.000000 0.000000
vn -1.000000 -0.000011 0.000000
vn -1.000000 0.000011 0.000000
vn -1.000000 0.000011 0.000000
vn -1.000000 -0.000011 0.000000
vn -1.000000 0.000000 0.000000
vn -1.000000 0.000006 0.000000
vn -1.000000 0.000006 0.000000
vn -1.000000 0.000000 0.000000
vn -1.000000 0.000000 0.000000
vn -1.000000 0.000000 0.000000
vn -1.000000 0.000000 0.000000
vn -1.000000 0.000000 0.000000
vn -1.000000 0.000000 0.000000
vn -1.000000 0.000000 0.000000
vn -1.000000 0.000000 0.000000
vn -1.000000 -0.000006 0.000000
vn -1.000000 -0.000006 0.000000
vn -1.000000 0.000000 0.000000
vn 1.000000 -0.000011 0.000000
vn 1.000000 -0.000011 0.000000
vn 1.000000 0.000000 0.000000
vn 1.000000 0.000000 0.000000
vn 1.000000 0.000000 0.000000
vn 1.000000 0.000000 0.000000
vn 1.000000 0.000000 0.000000
vn 1.000000 0.000000 0.000000
vn 1.000000 0.000000 0.000000
vn 1.000000 0.000000 0.000000
vn 1.000000 0.000000 0.000000
vn 1.000000 0.000011 0.000000
vn 1.000000 0.000011 0.000000
vn 1.000000 -0.000023 0.000000
vn 1.000000 0.000000 0.000000
vn 1.000000 0.000000 0.000000
vn 1.000000 -0.000000 0.000000
vn 1.000000 0.000023 0.000000
vn 1.000000 0.000000 0.000000
vn 1.000000 0.000000 0.000000
vn 1.000000 0.000000 0.000000
vn 0.000000 0.951061 0.309003
vn 0.000000 0.809008 0.587798
vn 0.000000 0.809008 0.587798
vn 0.000000 0.951061 0.309003
vn 0.000000 0.587779 0.809022
vn 0.000000 0.587779 0.809022
vn 0.000000 0.309024 0.951054
vn 0.000000 0.309024 0.951054
vn 0.000000 0.000000 1.000000
vn 0.000000 0.000000 1.000000
vn 0.000000 -0.309024 0.951054
vn 0.000000 -0.309024 0.951054
vn 0.000000 -0.587795 0.809009
vn 0.000000 -0.587795 0.809009
vn 0.000000 -0.809010 0.587795
vn 0.000000 -0.809010 0.587795
vn 0.000000 -0.951051 0.309034
vn 0.000000 -0.951051 0.309034
vn 0.000000 -1.000000 0.000000
vn 0.000000 -1.000000 0.000000
vn 0.000000 -0.951051 -0.309034
vn 0.000000 -0.951051 -0.309034
vn 0.000000 -0.809010 -0.587795
vn 0.000000 -0.809010 -0.587795
vn 0.000000 -0.587792 -0.809012
vn 0.000000 -0.587792 -0.809012
vn 0.000000 -0.309019 -0.951056
vn 0.000000 -0.309019 -0.951056
vn 0.000000 0.000000 -1.000000
vn 0.000000 0.000000 -1.000000
vn 0.000000 0.309019 -0.951056
vn 0.000000 0.309019 -0.951056
vn 0.000000 0.587792 -0.809012
vn 0.000000 0.587792 -0.809012
vn 0.000000 0.809010 -0.587795
vn 0.000000 0.809010 -0.587795
vn 0.000000 0.951051 -0.309034
vn 0.000000 0.951051 -0.309034
vn 0.000000 1.000000 0.000000
vn 0.000000 1.000000 0.000000
vn -1.000000 0.000000 0.000000
vn -1.000000 0.000000 0.000000
vn -1.000000 -0.000000 0.000000
vn -1.000000 -0.000011 0.000000
vn -1.000000 0.000011 0.000000
vn -1.000000 0.000011 0.000000
vn -1.000000 -0.000011 0.000000
vn -1.000000 0.000000 0.000000
vn -1.000000 0.000006 0.000000
vn -1.000000 0.000006 0.000000
vn -1.000000 0.000000 0.000000
vn -1.000000 0.000000 0.000000
vn -1.000000 0.000000 0.000000
vn -1.000000 0.000000 0.000000
vn -1.000000 0.000000 0.000000
vn -1.000000 0.000000 0.000000
vn -1.000000 0.000000 0.000000
vn -1.000000 0.000000 0.000000
vn -1.000000 -0.000006 0.000000
vn -1.000000 -0.000006 0.000000
vn -1.000000 0.000000 0.000000
vn 1.000000 -0.000011 0.000000
vn 1.000000 -0.000011 0.000000
vn 1.000000 0.000000 0.000000
vn 1.000000 0.000000 0.000000
vn 1.000000 0.000000 0.000000
vn 1.000000 0.000000 0.000000
vn 1.000000 0.000000 0.000000
vn 1.000000 0.000000 0.000000
vn 1.000000 0.000000 0.000000
vn 1.000000 0.000000 0.000000
vn 1.000000 0.000000 0.000000
vn 1.000000 0.000011 0.000000
vn 1.000000 0.000011 0.000000
vn 1.000000 -0.000023 0.000000
vn 1.000000 0.000000 0.000000
vn 1.000000 0.000000 0.000000
vn 1.000000 -0.000000 0.000000
vn 1.000000 0.000023 0.000000
vn 1.000000 0.000000 0.000000
vn 1.000000 0.000000 0.000000
vn 1.000000 0.000000 0.000000
vn 0.000000 0.951061 0.309003
vn 0.000000 0.809008 0.587798
vn 0.000000 0.809008 0.587798
vn 0.000000 0.951061 0.309003
vn 0.000000 0.587779 0.809022
vn 0.000000 0.587779 0.809022
vn 0.000000 0.309024 0.951054
vn 0.000000 0.309024 0.951054
vn 0.000000 0.000000 1.000000
vn 0.000000 0.000000 1.000000
vn 0.000000 -0.309024 0.951054
vn 0.000000 -0.309024 0.951054
vn 0.000000 -0.587795 0.809009
vn 0.000000 -0.587795 0.809009
vn 0.000000 -0.809010 0.587795
vn 0.000000 -0.809010 0.587795
vn 0.000000 -0.951051 0.309034
vn 0.000000 -0.951051 0.309034
vn 0.000000 -1.000000 0.000000
vn 0.000000 -1.000000 0.000000
vn 0.000000 -0.951051 -0.309034
vn 0.000000 -0.951051 -0.309034
vn 0.000000 -0.809010 -0.587795
vn 0.000000 -0.809010 -0.587795
vn 0.000000 -0.587792 -0.809012
vn 0.000000 -0.587792 -0.809012
vn 0.000000 -0.309019 -0.951056
vn 0.000000 -0.309019 -0.951056
vn 0.000000 0.000000 -1.000000
vn 0.000000 0.000000 -1.000000
vn 0.000000 0.309019 -0.951056
vn 0.000000 0.309019 -0.951056
vn 0.000000 0.587792 -0.809012
vn 0.000000 0.587792 -0.809012
vn 0.000000 0.809010 -0.587795
vn 0.000000 0.809010 -0.587795
vn 0.000000 0.951051 -0.309034
vn 0.000000 0.951051 -0.309034
vn 0.000000 1.000000 0.000000
vn 0.000000 1.000000 0.000000
vn -1.000000 0.000000 0.000000
vn -1.000000 0.000000 0.000000
vn -1.000000 -0.000000 0.000000
vn -1.000000 -0.000011 0.000000
vn -1.000000 0.000011 0.000000
vn -1.000000 0.000011 0.000000
vn -1.000000 -0.000011 0.000000
vn -1.000000 0.000000 0.000000
vn -1.000000 0.000006 0.000000
vn -1.000000 0.000006 0.000000
vn -1.000000 0.000000 0.000000
vn -1.000000 0.000000 0.000000
vn -1.000000 0.000000 0.000000
vn -1.000000 0.000000 0.000000
vn -1.000000 0.000000 0.000000
vn -1.000000 0.000000 0.000000
vn -1.000000 0.000000 0.000000
vn -1.000000 0.000000 0.000000
vn -1.000000 -0.000006 0.000000
vn -1.000000 -0.000006 0.000000
vn -1.000000 0.000000 0.000000
vn 1.000000 -0.000011 0.000000
vn 1.000000 -0.000011 0.000000
vn 1.000000 0.000000 0.000000
vn 1.000000 0.000000 0.000000
vn 1.000000 0.000000 0.000000
vn 1.000000 0.000000 0.000000
vn 1.000000 0.000000 0.000000
vn 1.000000 0.000000 0.000000
vn 1.000000 0.000000 0.000000
vn 1.000000 0.000000 0.000000
vn 1.000000 0.000000 0.000000
vn 1.000000 0.000011 0.000000
vn 1.000000 0.000011 0.000000
vn 1.000000 -0.000023 0.000000
vn 1.000000 0.000000 0.000000
vn 1.000000 0.000000 0.000000
vn 1.000000 -0.000000 0.000000
vn 1.000000 0.000023 0.000000
vn 1.000000 0.000000 0.000000
vn 1.000000 0.000000 0.000000
vn 1.000000 0.000000 0.000000
vn 0.000000 0.951061 0.309003
vn 0.000000 0.809008 0.587798
vn 0.000000 0.809008 0.587798
vn 0.000000 0.951061 0.309003
vn 0.000000 0.587779 0.809022
vn 0.000000 0.587779 0.809022
vn 0.000000 0.309024 0.951054
vn 0.000000 0.309024 0.951054
vn 0.000000 0.000000 1.000000
vn 0.000000 0.000000 1.000000
vn 0.000000 -0.309024 0.951054
vn 0.000000 -0.309024 0.951054
vn 0.000000 -0.587795 0.809009
vn 0.000000 -0.587795 0.809009
vn 0.000000 -0.809010 0.587795
vn 0.000000 -0.809010 0.587795
vn 0.000000 -0.951051 0.309034
vn 0.000000 -0.951051 0.309034
vn 0.000000 -1.000000 0.000000
vn 0.000000 -1.000000 0.000000
vn 0.000000 -0.951051 -0.309034
vn 0.000000 -0.951051 -0.309034
vn 0.000000 -0.809010 -0.587795
vn 0.000000 -0.809010 -0.587795
vn 0.000000 -0.587792 -0.809012
vn 0.000000 -0.587792 -0.809012
vn 0.000000 -0.309019 -0.951056
vn 0.000000 -0.309019 -0.951056
vn 0.000000 0.000000 -1.000000
vn 0.000000 0.000000 -1.000000
vn 0.000000 0.309019 -0.951056
vn 0.000000 0.309019 -0.951056
vn 0.000000 0.587792 -0.809012
vn 0.000000 0.587792 -0.809012
vn 0.000000 0.809010 -0.587795
vn 0.000000 0.809010 -0.587795
vn 0.000000 0.951051 -0.309034
vn 0.000000 0.951051 -0.309034
vn 0.000000 1.000000 0.000000
vn 0.000000 1.000000 0.000000
vn -1.000000 0.000000 0.000000
vn -1.000000 0.000000 0.000000
vn -1.000000 -0.000000 0.000000
vn -1.000000 -0.000011 0.000000
vn -1.000000 0.000011 0.000000
vn -1.000000 0.000011 0.000000
vn -1.000000 -0.000011 0.000000
vn -1.000000 0.000000 0.000000
vn -1.000000 0.000006 0.000000
vn -1.000000 0.000006 0.000000
vn -1.000000 0.000000 0.000000
vn -1.000000 0.000000 0.000000
vn -1.000000 0.000000 0.000000
vn -1.000000 0.000000 0.000000
vn -1.000000 0.000000 0.000000
vn -1.000000 0.000000 0.000000
vn -1.000000 0.000000 0.000000
vn -1.000000 0.000000 0.000000
vn -1.000000 -0.000006 0.000000
vn -1.000000 -0.000006 0.000000
vn -1.000000 0.000000 0.000000
vn 1.000000 -0.000011 0.000000
vn 1.000000 -0.000011 0.000000
vn 1.000000 0.000000 0.000000
vn 1.000000 0.000000 0.000000
vn 1.000000 0.000000 0.000000
vn 1.000000 0.000000 0.000000
vn 1.000000 0.000000 0.000000
vn 1.000000 0.000000 0.000000
vn 1.000000 0.000000 0.000000
vn 1.000000 0.000000 0.000000
vn 1.000000 0.000000 0.000000
vn 1.000000 0.000011 0.000000
vn 1.000000 0.000011 0.000000
vn 1.000000 -0.000023 0.000000
vn 1.000000 0.000000 0.000000
vn 1.000000 0.000000 0.000000
vn 1.000000 -0.000000 0.000000
vn 1.000000 0.000023 0.000000
vn 1.000000 0.000000 0.000000
vn 1.000000 0.000000 0.000000
vn 1.000000 0.000000 0.000000
vn 0.000000 0.951061 0.309003
vn 0.000000 0.809008 0.587798
vn 0.000000 0.809008 0.587798
vn 0.000000 0.951061 0.309003
vn 0.000000 0.587779 0.809022
vn 0.000000 0.587779 0.809022
vn 0.000000 0.309024 0.951054
vn 0.000000 0.309024 0.951054
vn 0.000000 0.000000 1.000000
vn 0.000000 0.000000 1.000000
vn 0.000000 -0.309019 0.951056
vn 0.000000 -0.309019 0.951056
vn 0.000000 -0.587787 0.809016
vn 0.000000 -0.587787 0.809016
vn 0.000000 -0.809018 0.587783
vn 0.000000 -0.809018 0.587783
vn 0.000000 -0.951056 0.309019
vn 0.000000 -0.951056 0.309019
vn 0.000000 -1.000000 0.000000
vn 0.000000 -1.000000 0.000000
vn 0.000000 -0.951056 -0.309019
vn 0.000000 -0.951056 -0.309019
vn 0.000000 -0.809018 -0.587783
vn 0.000000 -0.809018 -0.587783
vn 0.000000 -0.587783 -0.809018
vn 0.000000 -0.587783 -0.809018
vn 0.000000 -0.309014 -0.951058
vn 0.000000 -0.309014 -0.951058
vn 0.000000 0.000000 -1.000000
vn 0.000000 0.000000 -1.000000
vn 0.000000 0.309019 -0.951056
vn 0.000000 0.309019 -0.951056
vn 0.000000 0.587792 -0.809012
vn 0.000000 0.587792 -0.809012
vn 0.000000 0.809010 -0.587795
vn 0.000000 0.809010 -0.587795
vn 0.000000 0.951051 -0.309034
vn 0.000000 0.951051 -0.309034
vn 0.000000 1.000000 0.000000
vn 0.000000 1.000000 0.000000
vn -1.000000 0.000000 0.000000
vn -1.000000 0.000000 0.000000
vn -1.000000 -0.000000 0.000000
vn -1.000000 -0.000011 0.000000
vn -1.000000 0.000011 0.000000
vn -1.000000 0.000011 0.000000
vn -1.000000 -0.000011 0.000000
vn -1.000000 0.000000 0.000000
vn -1.000000 0.000006 0.000000
vn -1.000000 0.000006 0.000000
vn -1.000000 0.000000 0.000000
vn -1.000000 0.000000 0.000000
vn -1.000000 0.000000 0.000000
vn -1.000000 0.000000 0.000000
vn -1.000000 0.000000 0.000000
vn -1.000000 0.000000 0.000000
vn -1.000000 0.000000 0.000000
vn -1.000000 0.000000 0.000000
vn -1.000000 -0.000006 0.000000
vn -1.000000 -0.000006 0.000000
vn -1.000000 0.000000 0.000000
vn 1.000000 -0.000011 0.000000
vn 1.000000 -0.000011 0.000000
vn 1.000000 0.000000 0.000000
vn 1.000000 0.000000 0.000000
vn 1.000000 0.000000 0.000000
vn 1.000000 0.000000 0.000000
vn 1.000000 0.000000 0.000000
vn 1.000000 0.000000 0.000000
vn 1.000000 0.000000 0.000000
vn 1.000000 0.000000 0.000000
vn 1.000000 0.000000 0.000000
vn 1.000000 0.000011 0.000000
vn 1.000000 0.000011 0.000000
vn 1.000000 -0.000023 0.000000
vn 1.000000 -0.000000 0.000000
vn 1.000000 0.000000 0.000000
vn 1.000000 -0.000000 0.000000
vn 1.000000 0.000023 0.000000
vn 1.000000 0.000000 0.000000
vn 1.000000 0.000000 0.000000
vn 1.000000 0.000000 0.000000
vn 0.000000 0.951056 0.309019
vn 0.000000 0.809016 0.587786
vn 0.000000 0.809016 0.587786
vn 0.000000 0.951056 0.309019
vn 0.000000 0.587787 0.809016
vn 0.000000 0.587787 0.809016
vn 0.000000 0.309019 0.951056
vn 0.000000 0.309019 0.951056
vn 0.000000 0.000000 1.000000
vn 0.000000 0.000000 1.000000
vn 0.000000 -0.309019 0.951056
vn 0.000000 -0.309019 0.951056
vn 0.000000 -0.587787 0.809016
vn 0.000000 -0.587787 0.809016
vn 0.000000 -0.809018 0.587783
vn 0.000000 -0.809018 0.587783
vn 0.000000 -0.951056 0.309019
vn 0.000000 -0.951056 0.309019
vn 0.000000 -1.000000 0.000000
vn 0.000000 -1.000000 0.000000
vn 0.000000 -0.951056 -0.309019
vn 0.000000 -0.951056 -0.309019
vn 0.000000 -0.809018 -0.587783
vn 0.000000 -0.809018 -0.587783
vn 0.000000 -0.587783 -0.809018
vn 0.000000 -0.587783 -0.809018
vn 0.000000 -0.309014 -0.951058
vn 0.000000 -0.309014 -0.951058
vn 0.000000 0.000000 -1.000000
vn 0.000000 0.000000 -1.000000
vn 0.000000 0.309014 -0.951058
vn 0.000000 0.309014 -0.951058
vn 0.000000 0.587783 -0.809018
vn 0.000000 0.587783 -0.809018
vn 0.000000 0.809018 -0.587783
vn 0.000000 0.809018 -0.587783
vn 0.000000 0.951056 -0.309019
vn 0.000000 0.951056 -0.309019
vn 0.000000 1.000000 0.000000
vn 0.000000 1.000000 0.000000
vn -1.000000 0.000000 0.000000
vn -1.000000 0.000000 0.000000
vn -1.000000 0.000000 0.000000
vn -1.000000 -0.000011 0.000000
vn -1.000000 0.000011 0.000000
vn -1.000000 0.000011 0.000000
vn -1.000000 -0.000011 0.000000
vn -1.000000 0.000000 0.000000
vn -1.000000 0.000006 0.000000
vn -1.000000 0.000006 0.000000
vn -1.000000 0.000000 0.000000
vn -1.000000 0.000000 0.000000
vn -1.000000 0.000000 0.000000
vn -1.000000 0.000000 0.000000
vn -1.000000 0.000000 0.000000
vn -1.000000 0.000000 0.000000
vn -1.000000 0.000000 0.000000
vn -1.000000 0.000000 0.000000
vn -1.000000 -0.000006 0.000000
vn -1.000000 -0.000006 0.000000
vn -1.000000 0.000000 0.000000
vn 1.000000 -0.000011 0.000000
vn 1.000000 -0.000011 0.000000
vn 1.000000 0.000000 0.000000
vn 1.000000 0.000000 0.000000
vn 1.000000 0.000000 0.000000
vn 1.000000 0.000000 0.000000
vn 1.000000 0.000000 0.000000
vn 1.000000 0.000000 0.000000
vn 1.000000 0.000000 0.000000
vn 1.000000 0.000000 0.000000
vn 1.000000 0.000000 0.000000
vn 1.000000 0.000011 0.000000
vn 1.000000 0.000011 0.000000
vn 1.000000 -0.000023 0.000000
vn 1.000000 -0.000000 0.000000
vn 1.000000 0.000000 0.000000
vn 1.000000 0.000000 0.000000
vn 1.000000 0.000023 0.000000
vn 1.000000 0.000000 0.000000
vn 1.000000 0.000000 0.000000
vn 1.000000 0.000000 0.000000
vn 0.774242 0.000000 0.632889
vn 0.774242 0.000000 0.632889
vn 0.774242 0.000000 0.632889
vn 0.774242 0.000000 0.632889
vn 0.000000 1.000000 0.000005
vn 0.000000 1.000000 0.000005
vn 0.000000 1.000000 0.000005
vn 0.000000 1.000000 0.000005
vn -0.774242 0.000000 -0.632890
vn -0.774242 0.000000 -0.632890
vn -0.774242 0.000000 -0.632890
vn -0.774242 0.000000 -0.632890
vn 0.000000 -1.000000 -0.000002
vn 0.000000 -1.000000 -0.000002
vn 0.000000 -1.000000 -0.000002
vn 0.000000 -1.000000 -0.000002
vn 0.632890 0.000000 -0.774242
vn 0.632890 0.000000 -0.774242
vn 0.632890 0.000000 -0.774242
vn 0.632890 0.000000 -0.774242
vn -0.632896 0.000000 0.774237
vn -0.632896 0.000000 0.774237
vn -0.632896 0.000000 0.774237
vn -0.632896 0.000000 0.774237
vn 0.774240 0.000000 0.632892
vn 0.774240 0.000000 0.632892
vn 0.774240 0.000000 0.632892
vn 0.774240 0.000000 0.632892
vn 0.000000 1.000000 0.000005
vn 0.000000 1.000000 0.000005
vn 0.000000 1.000000 0.000005
vn 0.000000 1.000000 0.000005
vn -0.774242 0.000000 -0.632890
vn -0.774242 0.000000 -0.632890
vn -0.774242 0.000000 -0.632890
vn -0.774242 0.000000 -0.632890
vn 0.000000 -1.000000 0.000005
vn 0.000000 -1.000000 0.000005
vn 0.000000 -1.000000 0.000005
vn 0.000000 -1.000000 0.000005
vn 0.632880 0.000000 -0.774250
vn 0.632880 0.000000 -0.774250
vn 0.632880 0.000000 -0.774250
vn 0.632880 0.000000 -0.774250
vn -0.632888 0.000000 0.774243
vn -0.632888 0.000000 0.774243
vn -0.632888 0.000000 0.774243
vn -0.632888 0.000000 0.774243
vn 0.774241 0.000000 0.632891
vn 0.774241 0.000000 0.632891
vn 0.774241 0.000000 0.632891
vn 0.774241 0.000000 0.632891
vn 0.000000 1.000000 0.000005
vn 0.000000 1.000000 0.000005
vn 0.000000 1.000000 0.000005
vn 0.000000 1.000000 0.000005
vn -0.774241 0.000000 -0.632891
vn -0.774241 0.000000 -0.632891
vn -0.774241 0.000000 -0.632891
vn -0.774241 0.000000 -0.632891
vn 0.000000 -1.000000 -0.000002
vn 0.000000 -1.000000 -0.000002
vn 0.000000 -1.000000 -0.000002
vn 0.000000 -1.000000 -0.000002
vn 0.632890 0.000000 -0.774242
vn 0.632890 0.000000 -0.774242
vn 0.632890 0.000000 -0.774242
vn 0.632890 0.000000 -0.774242
vn -0.632890 0.000000 0.774242
vn -0.632890 0.000000 0.774242
vn -0.632890 0.000000 0.774242
vn -0.632890 0.000000 0.774242
vn 0.774241 0.000000 0.632891
vn 0.774241 0.000000 0.632891
vn 0.774241 0.000000 0.632891
vn 0.774241 0.000000 0.632891
vn 0.000000 1.000000 0.000000
vn 0.000000 1.000000 0.000000
vn 0.000000 1.000000 0.000000
vn 0.000000 1.000000 0.000000
vn -0.774242 0.000000 -0.632890
vn -0.774242 0.000000 -0.632890
vn -0.774242 0.000000 -0.632890
vn -0.774242 0.000000 -0.632890
vn 0.000000 -1.000000 0.000003
vn 0.000000 -1.000000 0.000003
vn 0.000000 -1.000000 0.000003
vn 0.000000 -1.000000 0.000003
vn 0.632884 0.000000 -0.774247
vn 0.632884 0.000000 -0.774247
vn 0.632884 0.000000 -0.774247
vn 0.632884 0.000000 -0.774247
vn -0.632880 0.000000 0.774250
vn -0.632880 0.000000 0.774250
vn -0.632880 0.000000 0.774250
vn -0.632880 0.000000 0.774250
vn -0.239239 0.951062 -0.195567
vn -0.455101 0.809004 -0.372015
vn -0.455101 0.809004 -0.372015
vn -0.239240 0.951061 -0.195568
vn -0.626381 0.587778 -0.512019
vn -0.626381 0.587778 -0.512019
vn -0.736343 0.309022 -0.601917
vn -0.736344 0.309021 -0.601917
vn -0.774239 0.000000 -0.632893
vn -0.774239 0.000000 -0.632893
vn -0.736343 -0.309022 -0.601917
vn -0.736344 -0.309021 -0.601917
vn -0.626376 -0.587790 -0.512012
vn -0.626375 -0.587790 -0.512012
vn -0.455101 -0.809004 -0.372015
vn -0.455101 -0.809004 -0.372015
vn -0.239255 -0.951054 -0.195583
vn -0.239257 -0.951054 -0.195584
vn 0.000002 -1.000000 0.000001
vn 0.000002 -1.000000 0.000002
vn 0.239253 -0.951055 0.195581
vn 0.239254 -0.951055 0.195581
vn 0.455095 -0.809009 0.372010
vn 0.455095 -0.809010 0.372010
vn 0.626377 -0.587787 0.512013
vn 0.626377 -0.587788 0.512013
vn 0.736344 -0.309022 0.601917
vn 0.736343 -0.309022 0.601917
vn 0.774239 0.000000 0.632893
vn 0.774239 0.000000 0.632893
vn 0.736344 0.309022 0.601917
vn 0.736343 0.309022 0.601917
vn 0.626377 0.587787 0.512013
vn 0.626377 0.587788 0.512013
vn 0.455095 0.809009 0.372010
vn 0.455095 0.809010 0.372010
vn 0.239253 0.951055 0.195581
vn 0.239254 0.951055 0.195581
vn 0.000002 1.000000 0.000001
vn 0.000002 1.000000 0.000002
vn 0.632888 0.000023 -0.774244
vn 0.632874 0.000000 -0.774255
vn 0.632888 -0.000001 -0.774243
vn 0.632869 0.000000 -0.774259
vn 0.632896 -0.000023 -0.774237
vn 0.632937 0.000000 -0.774203
vn 0.632892 0.000023 -0.774240
vn 0.632870 0.000011 -0.774258
vn 0.632881 -0.000017 -0.774249
vn 0.632863 -0.000006 -0.774264
vn 0.632895 0.000000 -0.774238
vn 0.632890 -0.000011 -0.774242
vn 0.632870 -0.000034 -0.774258
vn 0.632873 -0.000023 -0.774255
vn 0.632896 0.000023 -0.774237
vn 0.632937 0.000000 -0.774203
vn 0.632903 -0.000023 -0.774231
vn 0.632881 0.000011 -0.774249
vn 0.632870 0.000017 -0.774258
vn 0.632890 0.000006 -0.774242
vn 0.632895 0.000000 -0.774238
vn -0.632888 0.000006 0.774244
vn -0.632872 0.000006 0.774256
vn -0.632892 0.000001 0.774240
vn -0.632877 0.000000 0.774252
vn -0.632910 0.000000 0.774225
vn -0.632940 0.000000 0.774201
vn -0.632898 0.000000 0.774235
vn -0.632883 0.000000 0.774248
vn -0.632878 0.000000 0.774251
vn -0.632877 0.000000 0.774253
vn -0.632893 0.000000 0.774239
vn -0.632877 0.000000 0.774253
vn -0.632886 0.000000 0.774245
vn -0.632886 0.000000 0.774245
vn -0.632905 0.000023 0.774230
vn -0.632937 0.000000 0.774204
vn -0.632893 -0.000023 0.774239
vn -0.632872 0.000000 0.774256
vn -0.632890 0.000000 0.774242
vn -0.632882 0.000000 0.774248
vn -0.632893 0.000000 0.774239
vn -0.239239 0.951062 -0.195567
vn -0.455104 0.809009 -0.372000
vn -0.455104 0.809009 -0.372000
vn -0.239240 0.951061 -0.195568
vn -0.626376 0.587772 -0.512032
vn -0.626375 0.587773 -0.512032
vn -0.736335 0.309020 -0.601928
vn -0.736336 0.309018 -0.601928
vn -0.774248 0.000000 -0.632882
vn -0.774248 0.000000 -0.632882
vn -0.736343 -0.309023 -0.601917
vn -0.736344 -0.309021 -0.601917
vn -0.626370 -0.587784 -0.512025
vn -0.626370 -0.587785 -0.512025
vn -0.455104 -0.809009 -0.372000
vn -0.455104 -0.809009 -0.372000
vn -0.239255 -0.951054 -0.195583
vn -0.239257 -0.951054 -0.195584
vn 0.000002 -1.000000 0.000001
vn 0.000002 -1.000000 0.000002
vn 0.239254 -0.951055 0.195581
vn 0.239254 -0.951055 0.195582
vn 0.455098 -0.809015 0.371995
vn 0.455098 -0.809016 0.371995
vn 0.626377 -0.587787 0.512013
vn 0.626377 -0.587788 0.512013
vn 0.736344 -0.309021 0.601917
vn 0.736343 -0.309022 0.601917
vn 0.774231 -0.000001 0.632903
vn 0.774231 -0.000001 0.632903
vn 0.736336 0.309019 0.601928
vn 0.736336 0.309019 0.601928
vn 0.626377 0.587787 0.512013
vn 0.626377 0.587788 0.512013
vn 0.455096 0.809009 0.372010
vn 0.455095 0.809010 0.372010
vn 0.239253 0.951055 0.195581
vn 0.239254 0.951055 0.195581
vn 0.000002 1.000000 -0.000016
vn 0.000002 1.000000 -0.000016
vn 0.632888 0.000023 -0.774244
vn 0.632874 0.000000 -0.774255
vn 0.632888 -0.000001 -0.774243
vn 0.632869 0.000000 -0.774259
vn 0.632896 -0.000023 -0.774237
vn 0.632937 0.000000 -0.774203
vn 0.632892 0.000023 -0.774240
vn 0.632870 0.000011 -0.774258
vn 0.632881 -0.000017 -0.774249
vn 0.632863 -0.000006 -0.774264
vn 0.632895 0.000000 -0.774238
vn 0.632890 -0.000011 -0.774242
vn 0.632870 -0.000034 -0.774258
vn 0.632873 -0.000023 -0.774255
vn 0.632896 0.000023 -0.774237
vn 0.632937 0.000000 -0.774203
vn 0.632903 -0.000023 -0.774231
vn 0.632881 0.000011 -0.774249
vn 0.632870 0.000017 -0.774258
vn 0.632890 0.000006 -0.774242
vn 0.632895 0.000000 -0.774238
vn -0.632888 0.000006 0.774244
vn -0.632872 0.000006 0.774256
vn -0.632892 0.000001 0.774240
vn -0.632877 0.000000 0.774252
vn -0.632910 0.000000 0.774225
vn -0.632940 0.000000 0.774201
vn -0.632898 0.000000 0.774235
vn -0.632883 0.000000 0.774248
vn -0.632878 0.000000 0.774251
vn -0.632877 0.000000 0.774253
vn -0.632893 0.000000 0.774239
vn -0.632877 0.000000 0.774253
vn -0.632886 0.000000 0.774245
vn -0.632886 0.000000 0.774245
vn -0.632905 0.000023 0.774230
vn -0.632937 0.000000 0.774204
vn -0.632893 -0.000023 0.774239
vn -0.632872 0.000000 0.774256
vn -0.632890 0.000000 0.774242
vn -0.632882 0.000000 0.774248
vn -0.632893 0.000000 0.774239
vn -0.239239 0.951062 -0.195567
vn -0.455101 0.809004 -0.372015
vn -0.455101 0.809004 -0.372015
vn -0.239240 0.951061 -0.195568
vn -0.626381 0.587778 -0.512019
vn -0.626381 0.587778 -0.512019
vn -0.736343 0.309022 -0.601917
vn -0.736344 0.309021 -0.601917
vn -0.774239 0.000000 -0.632893
vn -0.774239 0.000000 -0.632893
vn -0.736343 -0.309022 -0.601917
vn -0.736344 -0.309021 -0.601917
vn -0.626376 -0.587790 -0.512012
vn -0.626375 -0.587790 -0.512012
vn -0.455101 -0.809004 -0.372015
vn -0.455101 -0.809004 -0.372015
vn -0.239255 -0.951054 -0.195583
vn -0.239257 -0.951054 -0.195584
vn 0.000001 -1.000000 0.000019
vn 0.000002 -1.000000 0.000019
vn 0.239254 -0.951055 0.195582
vn 0.239254 -0.951055 0.195582
vn 0.455098 -0.809015 0.371995
vn 0.455097 -0.809016 0.371994
vn 0.626377 -0.587787 0.512013
vn 0.626377 -0.587788 0.512013
vn 0.736344 -0.309021 0.601917
vn 0.736344 -0.309021 0.601917
vn 0.774248 0.000000 0.632882
vn 0.774248 0.000000 0.632882
vn 0.736351 0.309024 0.601906
vn 0.736351 0.309025 0.601906
vn 0.626377 0.587787 0.512013
vn 0.626377 0.587788 0.512013
vn 0.455098 0.809015 0.371995
vn 0.455097 0.809016 0.371994
vn 0.239254 0.951055 0.195582
vn 0.239254 0.951055 0.195582
vn 0.000001 1.000000 0.000019
vn 0.000002 1.000000 0.000019
vn 0.632888 0.000023 -0.774244
vn 0.632874 0.000000 -0.774255
vn 0.632885 -0.000001 -0.774246
vn 0.632880 0.000000 -0.774250
vn 0.632884 -0.000023 -0.774246
vn 0.632892 0.000000 -0.774240
vn 0.632881 0.000023 -0.774249
vn 0.632881 0.000011 -0.774249
vn 0.632881 -0.000017 -0.774249
vn 0.632863 -0.000006 -0.774264
vn 0.632895 0.000000 -0.774238
vn 0.632890 -0.000011 -0.774242
vn 0.632870 -0.000034 -0.774258
vn 0.632896 -0.000023 -0.774237
vn 0.632896 0.000023 -0.774237
vn 0.632892 0.000000 -0.774240
vn 0.632892 -0.000023 -0.774240
vn 0.632892 0.000011 -0.774240
vn 0.632870 0.000017 -0.774258
vn 0.632890 0.000006 -0.774242
vn 0.632895 0.000000 -0.774238
vn -0.632888 0.000006 0.774244
vn -0.632872 0.000006 0.774256
vn -0.632890 0.000001 0.774242
vn -0.632888 0.000000 0.774243
vn -0.632899 0.000000 0.774234
vn -0.632895 0.000000 0.774237
vn -0.632898 0.000000 0.774235
vn -0.632905 0.000000 0.774230
vn -0.632878 0.000000 0.774251
vn -0.632877 0.000000 0.774253
vn -0.632893 0.000000 0.774239
vn -0.632877 0.000000 0.774253
vn -0.632886 0.000000 0.774245
vn -0.632897 0.000000 0.774236
vn -0.632894 0.000023 0.774239
vn -0.632892 0.000000 0.774240
vn -0.632893 -0.000023 0.774239
vn -0.632895 0.000000 0.774238
vn -0.632890 0.000000 0.774242
vn -0.632882 0.000000 0.774248
vn -0.632893 0.000000 0.774239
vn -0.239239 0.951063 -0.195558
vn -0.455101 0.809004 -0.372015
vn -0.455101 0.809004 -0.372015
vn -0.239240 0.951063 -0.195559
vn -0.626382 0.587777 -0.512020
vn -0.626381 0.587778 -0.512019
vn -0.736347 0.309024 -0.601911
vn -0.736347 0.309023 -0.601911
vn -0.774239 0.000000 -0.632893
vn -0.774239 0.000000 -0.632893
vn -0.736347 -0.309024 -0.601911
vn -0.736347 -0.309023 -0.601911
vn -0.626373 -0.587786 -0.512019
vn -0.626373 -0.587787 -0.512019
vn -0.455101 -0.809004 -0.372015
vn -0.455101 -0.809004 -0.372015
vn -0.239256 -0.951058 -0.195566
vn -0.239257 -0.951057 -0.195567
vn 0.000001 -1.000000 0.000001
vn 0.000002 -1.000000 0.000002
vn 0.239254 -0.951058 0.195565
vn 0.239255 -0.951058 0.195565
vn 0.455095 -0.809010 0.372010
vn 0.455095 -0.809010 0.372010
vn 0.626374 -0.587785 0.512020
vn 0.626374 -0.587786 0.512019
vn 0.736348 -0.309022 0.601911
vn 0.736347 -0.309023 0.601911
vn 0.774244 0.000000 0.632887
vn 0.774244 -0.000000 0.632887
vn 0.736352 0.309024 0.601906
vn 0.736351 0.309024 0.601906
vn 0.626374 0.587785 0.512020
vn 0.626374 0.587786 0.512019
vn 0.455095 0.809010 0.372010
vn 0.455095 0.809010 0.372010
vn 0.239254 0.951058 0.195565
vn 0.239255 0.951058 0.195565
vn 0.000001 1.000000 0.000001
vn 0.000002 1.000000 0.000002
vn 0.632888 0.000023 -0.774244
vn 0.632874 0.000000 -0.774255
vn 0.632885 -0.000001 -0.774246
vn 0.632880 0.000000 -0.774250
vn 0.632884 -0.000023 -0.774246
vn 0.632892 0.000000 -0.774240
vn 0.632881 0.000023 -0.774249
vn 0.632881 0.000011 -0.774249
vn 0.632881 -0.000017 -0.774249
vn 0.632863 -0.000006 -0.774264
vn 0.632895 0.000000 -0.774238
vn 0.632890 -0.000011 -0.774242
vn 0.632870 -0.000034 -0.774258
vn 0.632896 -0.000023 -0.774237
vn 0.632896 0.000023 -0.774237
vn 0.632892 0.000000 -0.774240
vn 0.632892 -0.000023 -0.774240
vn 0.632892 0.000011 -0.774240
vn 0.632870 0.000017 -0.774258
vn 0.632890 0.000006 -0.774242
vn 0.632895 0.000000 -0.774238
vn -0.632888 0.000006 0.774244
vn -0.632872 0.000006 0.774256
vn -0.632890 0.000001 0.774242
vn -0.632888 0.000000 0.774243
vn -0.632899 0.000000 0.774234
vn -0.632895 0.000000 0.774237
vn -0.632898 0.000000 0.774235
vn -0.632905 0.000000 0.774230
vn -0.632878 0.000000 0.774251
vn -0.632877 0.000000 0.774253
vn -0.632893 0.000000 0.774239
vn -0.632877 0.000000 0.774253
vn -0.632886 0.000000 0.774245
vn -0.632897 0.000000 0.774236
vn -0.632894 0.000023 0.774239
vn -0.632892 0.000000 0.774240
vn -0.632893 -0.000023 0.774239
vn -0.632895 0.000000 0.774238
vn -0.632890 0.000000 0.774242
vn -0.632882 0.000000 0.774248
vn -0.632893 0.000000 0.774239
vn -0.239239 0.951063 -0.195558
vn -0.455101 0.809004 -0.372015
vn -0.455101 0.809004 -0.372015
vn -0.239240 0.951063 -0.195559
vn -0.626382 0.587777 -0.512020
vn -0.626381 0.587778 -0.512019
vn -0.736347 0.309024 -0.601911
vn -0.736347 0.309023 -0.601911
vn -0.774239 0.000000 -0.632894
vn -0.774239 -0.000000 -0.632894
vn -0.736347 -0.309021 -0.601913
vn -0.736348 -0.309019 -0.601913
vn -0.626373 -0.587786 -0.512019
vn -0.626373 -0.587787 -0.512019
vn -0.455095 -0.809010 -0.372009
vn -0.455096 -0.809010 -0.372009
vn -0.239256 -0.951057 -0.195566
vn -0.239257 -0.951057 -0.195567
vn 0.000002 -1.000000 0.000001
vn 0.000002 -1.000000 0.000002
vn 0.239254 -0.951058 0.195564
vn 0.239254 -0.951058 0.195565
vn 0.455090 -0.809016 0.372004
vn 0.455089 -0.809016 0.372004
vn 0.626374 -0.587785 0.512020
vn 0.626374 -0.587786 0.512019
vn 0.736348 -0.309019 0.601913
vn 0.736348 -0.309019 0.601913
vn 0.774239 0.000000 0.632893
vn 0.774239 0.000000 0.632893
vn 0.736348 0.309022 0.601911
vn 0.736347 0.309023 0.601911
vn 0.626374 0.587785 0.512020
vn 0.626374 0.587786 0.512019
vn 0.455095 0.809009 0.372010
vn 0.455095 0.809010 0.372010
vn 0.239254 0.951058 0.195564
vn 0.239255 0.951058 0.195565
vn 0.000001 1.000000 0.000001
vn 0.000002 1.000000 0.000002
vn 0.632888 0.000023 -0.774244
vn 0.632874 0.000000 -0.774255
vn 0.632889 -0.000001 -0.774243
vn 0.632880 0.000000 -0.774250
vn 0.632884 -0.000023 -0.774246
vn 0.632884 0.000000 -0.774246
vn 0.632880 0.000023 -0.774250
vn 0.632888 0.000011 -0.774243
vn 0.632902 -0.000017 -0.774232
vn 0.632888 -0.000006 -0.774244
vn 0.632899 0.000000 -0.774235
vn 0.632907 -0.000011 -0.774228
vn 0.632887 -0.000034 -0.774245
vn 0.632895 -0.000023 -0.774237
vn 0.632891 0.000023 -0.774241
vn 0.632888 0.000000 -0.774243
vn 0.632892 -0.000023 -0.774240
vn 0.632892 0.000011 -0.774240
vn 0.632873 0.000017 -0.774256
vn 0.632893 0.000006 -0.774239
vn 0.632895 0.000000 -0.774238
vn -0.632891 0.000006 0.774241
vn -0.632881 0.000006 0.774249
vn -0.632892 0.000001 0.774240
vn -0.632894 0.000000 0.774238
vn -0.632899 0.000000 0.774234
vn -0.632889 0.000000 0.774242
vn -0.632892 0.000000 0.774240
vn -0.632903 0.000000 0.774231
vn -0.632893 0.000000 0.774239
vn -0.632897 0.000000 0.774236
vn -0.632894 0.000000 0.774238
vn -0.632891 0.000000 0.774241
vn -0.632900 0.000000 0.774234
vn -0.632895 0.000000 0.774237
vn -0.632888 0.000023 0.774244
vn -0.632884 0.000000 0.774246
vn -0.632893 -0.000023 0.774239
vn -0.632895 0.000000 0.774238
vn -0.632884 0.000000 0.774247
vn -0.632877 0.000000 0.774253
vn -0.632893 0.000000 0.774239
vn -0.239256 0.951057 -0.195566
vn -0.455095 0.809010 -0.372009
vn -0.455096 0.809010 -0.372009
vn -0.239257 0.951057 -0.195567
vn -0.626373 0.587786 -0.512019
vn -0.626373 0.587787 -0.512019
vn -0.736347 0.309021 -0.601913
vn -0.736348 0.309019 -0.601913
vn -0.774238 0.000000 -0.632894
vn -0.774238 0.000000 -0.632894
vn -0.736347 -0.309021 -0.601913
vn -0.736348 -0.309019 -0.601913
vn -0.626373 -0.587786 -0.512019
vn -0.626373 -0.587787 -0.512019
vn -0.455095 -0.809010 -0.372009
vn -0.455096 -0.809010 -0.372009
vn -0.239256 -0.951057 -0.195566
vn -0.239257 -0.951057 -0.195567
vn 0.000001 -1.000000 0.000001
vn 0.000002 -1.000000 0.000002
vn 0.239254 -0.951058 0.195565
vn 0.239255 -0.951058 0.195565
vn 0.455090 -0.809016 0.372004
vn 0.455089 -0.809016 0.372004
vn 0.626374 -0.587785 0.512020
vn 0.626374 -0.587786 0.512019
vn 0.736352 -0.309020 0.601907
vn 0.736352 -0.309021 0.601907
vn 0.774243 -0.000000 0.632889
vn 0.774243 -0.000000 0.632889
vn 0.736348 0.309018 0.601913
vn 0.736348 0.309019 0.601913
vn 0.626374 0.587785 0.512020
vn 0.626374 0.587786 0.512019
vn 0.455090 0.809016 0.372004
vn 0.455089 0.809016 0.372004
vn 0.239254 0.951058 0.195565
vn 0.239255 0.951058 0.195565
vn 0.000001 1.000000 0.000001
vn 0.000002 1.000000 0.000002
vn 0.632899 0.000023 -0.774234
vn 0.632885 0.000000 -0.774246
vn 0.632891 -0.000001 -0.774241
vn 0.632884 -0.000000 -0.774246
vn 0.632877 -0.000023 -0.774253
vn 0.632877 0.000000 -0.774253
vn 0.632880 0.000023 -0.774250
vn 0.632888 0.000011 -0.774243
vn 0.632902 -0.000017 -0.774232
vn 0.632888 -0.000006 -0.774244
vn 0.632899 0.000000 -0.774235
vn 0.632907 -0.000011 -0.774228
vn 0.632887 -0.000034 -0.774245
vn 0.632895 -0.000023 -0.774237
vn 0.632891 0.000023 -0.774241
vn 0.632883 0.000000 -0.774247
vn 0.632888 -0.000023 -0.774243
vn 0.632892 0.000011 -0.774240
vn 0.632887 0.000017 -0.774245
vn 0.632907 0.000006 -0.774228
vn 0.632899 0.000000 -0.774235
vn -0.632897 0.000006 0.774236
vn -0.632893 0.000006 0.774239
vn -0.632893 0.000001 0.774239
vn -0.632902 0.000000 0.774232
vn -0.632891 0.000000 0.774241
vn -0.632883 0.000000 0.774247
vn -0.632892 0.000000 0.774240
vn -0.632903 0.000000 0.774231
vn -0.632893 0.000000 0.774239
vn -0.632897 0.000000 0.774236
vn -0.632894 0.000000 0.774238
vn -0.632891 0.000000 0.774241
vn -0.632900 0.000000 0.774234
vn -0.632895 0.000000 0.774237
vn -0.632888 0.000023 0.774244
vn -0.632877 0.000000 0.774253
vn -0.632887 -0.000023 0.774244
vn -0.632895 0.000000 0.774238
vn -0.632902 0.000000 0.774232
vn -0.632894 0.000000 0.774238
vn -0.632894 0.000000 0.774238
vn 0.951057 0.309016 0.000000
vn 0.809017 0.587785 0.000000
vn 0.809017 0.587785 0.000000
vn 0.951057 0.309016 0.000000
vn 0.587786 0.809016 0.000000
vn 0.587786 0.809016 0.000000
vn 0.309017 0.951056 0.000000
vn 0.309017 0.951056 0.000000
vn 0.000000 1.000000 0.000000
vn 0.000000 1.000000 0.000000
vn -0.309017 0.951056 0.000000
vn -0.309017 0.951056 0.000000
vn -0.587786 0.809016 0.000000
vn -0.587786 0.809016 0.000000
vn -0.809017 0.587786 0.000000
vn -0.809017 0.587786 0.000000
vn -0.951056 0.309017 0.000000
vn -0.951056 0.309017 0.000000
vn -1.000000 0.000000 0.000000
vn -1.000000 0.000000 0.000000
vn -0.951056 -0.309017 0.000000
vn -0.951056 -0.309017 0.000000
vn -0.809017 -0.587786 0.000000
vn -0.809017 -0.587786 0.000000
vn -0.587784 -0.809018 0.000000
vn -0.587784 -0.809018 0.000000
vn -0.309017 -0.951056 0.000000
vn -0.309017 -0.951056 0.000000
vn 0.000000 -1.000000 0.000000
vn 0.000000 -1.000000 0.000000
vn 0.309017 -0.951056 0.000000
vn 0.309017 -0.951056 0.000000
vn 0.587784 -0.809018 0.000000
vn 0.587784 -0.809018 0.000000
vn 0.809017 -0.587785 0.000000
vn 0.809017 -0.587785 0.000000
vn 0.951057 -0.309016 0.000000
vn 0.951057 -0.309016 0.000000
vn 1.000000 0.000000 0.000000
vn 1.000000 0.000000 0.000000
vn 0.000000 0.000000 -1.000000
vn 0.000000 0.000000 -1.000000
vn 0.000000 0.000000 -1.000000
vn 0.000000 0.000000 -1.000000
vn 0.000000 0.000000 -1.000000
vn 0.000000 0.000000 -1.000000
vn 0.000002 0.000000 -1.000000
vn -0.000000 0.000000 -1.000000
vn -0.000002 0.000000 -1.000000
vn 0.000000 0.000000 -1.000000
vn 0.000000 0.000000 -1.000000
vn 0.000000 0.000000 -1.000000
vn 0.000000 0.000000 -1.000000
vn 0.000000 0.000000 -1.000000
vn 0.000000 0.000000 -1.000000
vn 0.000000 0.000000 -1.000000
vn 0.000000 0.000000 -1.000000
vn 0.000002 0.000000 -1.000000
vn 0.000002 0.000000 -1.000000
vn 0.000000 0.000000 -1.000000
vn 0.000000 0.000000 -1.000000
vn 0.000001 0.000000 1.000000
vn 0.000001 0.000000 1.000000
vn 0.000000 0.000000 1.000000
vn 0.000000 0.000000 1.000000
vn 0.000000 0.000000 1.000000
vn 0.000000 0.000000 1.000000
vn 0.000000 0.000000 1.000000
vn 0.000000 0.000000 1.000000
vn 0.000000 0.000000 1.000000
vn 0.000000 0.000000 1.000000
vn 0.000000 0.000000 1.000000
vn -0.000001 0.000000 1.000000
vn -0.000001 0.000000 1.000000
vn 0.000000 0.000000 1.000000
vn 0.000000 0.000000 1.000000
vn 0.000000 0.000000 1.000000
vn 0.000000 0.000000 1.000000
vn 0.000000 0.000000 1.000000
vn 0.000000 0.000000 1.000000
vn 0.000000 0.000000 1.000000
vn 0.000000 0.000000 1.000000
vn -0.707107 -0.707106 -0.000001
vn -0.707107 -0.707106 -0.000001
vn -0.707107 -0.707106 -0.000001
vn -0.707107 -0.707106 -0.000001
vn 0.000000 -0.707109 0.707105
vn 0.000000 -0.707109 0.707105
vn 0.000000 -0.707109 0.707105
vn 0.000000 -0.707109 0.707105
vn -0.707108 0.000000 0.707105
vn -0.707108 0.000000 0.707105
vn -0.707108 0.000000 0.707105
vn -0.707108 0.000000 0.707105
vn 0.000000 -1.000000 0.000000
vn -0.000000 -1.000000 -0.000000
vn -0.000000 -1.000000 -0.000000
vn 0.000000 -1.000000 0.000000
vn 0.000000 -0.707107 0.707106
vn 0.000000 -0.707107 0.707106
vn 0.000000 -0.707107 0.707107
vn 0.000000 -0.707107 0.707107
vn 0.000000 0.000000 1.000000
vn 0.000000 0.000000 1.000000
vn 0.000000 0.000000 1.000000
vn 0.000000 0.000000 1.000000
vn -0.707107 0.000000 -0.707106
vn -0.707107 0.000000 -0.707106
vn -0.707107 0.000000 -0.707106
vn -0.707107 0.000000 -0.707106
vn -0.000001 -0.707107 -0.707106
vn -0.000001 -0.707107 -0.707106
vn -0.000000 -0.707107 -0.707106
vn -0.000000 -0.707107 -0.707106
vn 0.000000 0.000000 -1.000000
vn 0.000000 0.000000 -1.000000
vn 0.000000 0.000000 -1.000000
vn 0.000000 0.000000 -1.000000
vn 0.000000 -0.707108 -0.707105
vn 0.000000 -0.707108 -0.707105
vn 0.000000 -0.707108 -0.707105
vn 0.000000 -0.707108 -0.707105
vn -0.707108 0.707105 0.000000
vn -0.707108 0.707105 0.000000
vn -0.707108 0.707105 0.000000
vn -0.707108 0.707105 0.000000
vn 0.000000 -0.707109 0.707105
vn 0.000000 -0.707109 0.707105
vn 0.000000 -0.707109 0.707105
vn 0.000000 -0.707109 0.707105
vn 0.707105 -0.707108 0.000000
vn 0.707105 -0.707108 0.000000
vn 0.707105 -0.707108 0.000000
vn 0.707105 -0.707108 0.000000
vn 0.707108 0.000000 0.707106
vn 0.707108 0.000000 0.707106
vn 0.707108 0.000000 0.707106
vn 0.707108 0.000000 0.707106
vn 0.000000 0.000000 1.000000
vn 0.000000 0.000000 1.000000
vn 0.000000 0.000000 1.000000
vn 0.000000 0.000000 1.000000
vn 1.000000 0.000000 0.000000
vn 1.000000 0.000000 0.000000
vn 1.000000 0.000000 0.000000
vn 1.000000 0.000000 0.000000
vn 0.707108 0.000000 0.707106
vn 0.707108 0.000000 0.707106
vn 0.707108 0.000000 0.707106
vn 0.707108 0.000000 0.707106
vn -0.000000 0.707113 0.707101
vn -0.000000 0.707113 0.707100
vn -0.000001 0.707112 0.707101
vn -0.000001 0.707112 0.707101
vn 0.707108 0.000000 0.707105
vn 0.707108 0.000000 0.707105
vn 0.707108 0.000000 0.707105
vn 0.707108 0.000000 0.707105
vn 0.707107 0.707107 -0.000003
vn 0.707107 0.707107 -0.000003
vn 0.707107 0.707107 -0.000003
vn 0.707107 0.707107 -0.000003
vn 0.000000 0.707102 -0.707111
vn 0.000000 0.707102 -0.707111
vn 0.000000 0.707102 -0.707111
vn 0.000000 0.707102 -0.707111
vn 0.707108 0.000000 -0.707106
vn 0.707108 0.000000 -0.707106
vn 0.707108 0.000000 -0.707106
vn 0.707108 0.000000 -0.707106
vn 0.000000 0.000000 -1.000000
vn 0.000000 0.000000 -1.000000
vn 0.000000 0.000000 -1.000000
vn 0.000000 0.000000 -1.000000
vn 1.000000 0.000000 0.000000
vn 1.000000 0.000000 0.000000
vn 1.000000 0.000000 0.000000
vn 1.000000 0.000000 0.000000
vn 0.707107 0.000000 -0.707107
vn 0.707107 0.000000 -0.707107
vn 0.707107 0.000000 -0.707107
vn 0.707107 0.000000 -0.707107
vn 0.000000 -0.707108 -0.707105
vn 0.000000 -0.707108 -0.707105
vn 0.000000 -0.707108 -0.707105
vn 0.000000 -0.707108 -0.707105
vn 0.707107 0.000000 -0.707107
vn 0.707107 0.000000 -0.707107
vn 0.707107 0.000000 -0.707107
vn 0.707107 0.000000 -0.707107
vn 0.000000 -0.707109 0.707105
vn 0.000000 -0.707109 0.707105
vn 0.000000 -0.707109 0.707105
vn 0.000000 -0.707109 0.707105
vn 0.000000 -1.000000 0.000000
vn 0.000000 -1.000000 0.000000
vn 0.000000 -1.000000 0.000000
vn 0.000000 -1.000000 0.000000
vn 0.000000 -0.707108 0.707105
vn 0.000000 -0.707108 0.707105
vn 0.000000 -0.707109 0.707105
vn 0.000000 -0.707109 0.707105
vn 0.000000 0.000000 1.000000
vn 0.000000 0.000000 1.000000
vn 0.000000 0.000000 1.000000
vn 0.000000 0.000000 1.000000
vn 0.000000 -1.000000 0.000000
vn 0.000000 -1.000000 0.000000
vn 0.000000 -1.000000 0.000000
vn 0.000000 -1.000000 0.000000
vn 0.000000 -0.707109 0.707105
vn 0.000000 -0.707109 0.707105
vn 0.000000 -0.707109 0.707105
vn 0.000000 -0.707109 0.707105
vn 0.000000 0.000000 1.000000
vn 0.000000 0.000000 1.000000
vn 0.000000 0.000000 1.000000
vn 0.000000 0.000000 1.000000
vn 0.000000 -0.707108 -0.707105
vn 0.000000 -0.707108 -0.707105
vn 0.000001 -0.707108 -0.707106
vn 0.000001 -0.707108 -0.707106
vn 0.000000 0.000000 -1.000000
vn 0.000000 0.000000 -1.000000
vn 0.000000 0.000000 -1.000000
vn 0.000000 0.000000 -1.000000
vn 0.000000 -0.707108 -0.707106
vn 0.000000 -0.707108 -0.707106
vn 0.000000 -0.707108 -0.707105
vn 0.000000 -0.707108 -0.707105
vn 0.000000 0.000000 -1.000000
vn 0.000000 0.000000 -1.000000
vn 0.000000 0.000000 -1.000000
vn 0.000000 0.000000 -1.000000
vn 0.000000 -0.707108 -0.707105
vn 0.000000 -0.707108 -0.707105
vn 0.000000 -0.707108 -0.707105
vn 0.000000 -0.707108 -0.707105
vn 0.000000 0.000000 1.000000
vn 0.000000 0.000000 1.000000
vn 0.000000 0.000000 1.000000
vn 0.000000 0.000000 1.000000
vn 0.000000 0.000000 1.000000
vn 0.000000 0.000000 1.000000
vn 0.000000 0.000000 1.000000
vn -0.000001 -0.707106 0.707108
vn -0.000001 -0.707106 0.707108
vn -0.000001 -0.707107 0.707107
vn -0.000001 -0.707107 0.707107
vn 0.000000 -1.000000 0.000000
vn -0.000001 -1.000000 0.000001
vn -0.000001 -1.000000 0.000001
vn 0.000000 -1.000000 0.000000
vn 0.000000 -0.707105 0.707109
vn 0.000000 -0.707105 0.707109
vn 0.000000 -0.707105 0.707109
vn 0.000000 -0.707105 0.707109
vn 0.000000 0.000000 1.000000
vn 0.000000 0.000000 1.000000
vn 0.000000 0.000000 1.000000
vn 0.000000 0.000000 1.000000
vn 0.000000 -1.000000 0.000000
vn 0.000000 -1.000000 0.000000
vn 0.000000 -1.000000 0.000000
vn 0.000000 -1.000000 0.000000
vn 0.000000 -0.707105 0.707109
vn 0.000000 -0.707105 0.707109
vn 0.000000 -0.707105 0.707109
vn 0.000000 -0.707105 0.707109
vn 0.000000 0.000000 1.000000
vn 0.000000 0.000000 1.000000
vn 0.000000 0.000000 1.000000
vn 0.000000 0.000000 1.000000
vn -0.000001 -0.707107 -0.707107
vn -0.000001 -0.707107 -0.707107
vn -0.000000 -0.707106 -0.707107
vn -0.000000 -0.707106 -0.707107
vn -0.000000 0.000000 -1.000000
vn -0.000000 0.000000 -1.000000
vn -0.000000 0.000000 -1.000000
vn -0.000000 0.000000 -1.000000
vn -0.000001 -0.707108 -0.707105
vn -0.000001 -0.707108 -0.707105
vn 0.000000 -0.707109 -0.707105
vn 0.000000 -0.707109 -0.707105
vn 0.000000 0.000000 -1.000000
vn 0.000000 0.000000 -1.000000
vn 0.000000 0.000000 -1.000000
vn 0.000000 0.000000 -1.000000
vn 0.000000 -0.707109 -0.707105
vn 0.000000 -0.707109 -0.707105
vn 0.000001 -0.707108 -0.707105
vn 0.000001 -0.707108 -0.707105
vn 0.000000 0.000000 1.000000
vn 0.000000 0.000000 1.000000
vn 0.000000 0.000000 1.000000
vn 0.000000 0.000000 1.000000
vn 0.000000 0.000000 1.000000
vn 0.000000 0.000000 1.000000
vn 0.000000 0.000000 1.000000
vn -0.000000 -0.707106 0.707107
vn -0.000000 -0.707106 0.707107
vn -0.000001 -0.707107 0.707107
vn -0.000001 -0.707107 0.707107
vn 0.000001 -1.000000 -0.000002
vn 0.000000 -1.000000 -0.000002
vn 0.000000 -1.000000 -0.000002
vn 0.000001 -1.000000 -0.000002
vn 0.000001 -0.707108 0.707106
vn 0.000001 -0.707108 0.707106
vn 0.000001 -0.707108 0.707106
vn 0.000001 -0.707108 0.707106
vn 0.000000 0.000000 1.000000
vn -0.000000 0.000000 1.000000
vn -0.000000 0.000000 1.000000
vn 0.000000 0.000000 1.000000
vn 0.000000 -1.000000 -0.000000
vn 0.000000 -1.000000 -0.000001
vn 0.000000 -1.000000 -0.000001
vn 0.000000 -1.000000 -0.000000
vn 0.000000 -0.707109 0.707105
vn 0.000000 -0.707109 0.707105
vn 0.000000 -0.707109 0.707105
vn 0.000000 -0.707109 0.707105
vn -0.000000 0.000000 1.000000
vn 0.000000 0.000000 1.000000
vn -0.001223 0.003254 0.999994
vn -0.001356 0.003609 0.999993
vn 0.000000 -0.707107 -0.707106
vn 0.000000 -0.707107 -0.707106
vn 0.000000 -0.707108 -0.707106
vn 0.000000 -0.707108 -0.707106
vn 0.000000 0.000000 -1.000000
vn -0.000000 0.000000 -1.000000
vn -0.000000 0.000000 -1.000000
vn 0.000000 0.000000 -1.000000
vn -0.000000 -0.707108 -0.707106
vn -0.000000 -0.707108 -0.707106
vn -0.000000 -0.707108 -0.707106
vn -0.000000 -0.707108 -0.707106
vn -0.000000 0.000000 -1.000000
vn 0.000000 0.000000 -1.000000
vn -0.001314 0.003429 -0.999993
vn -0.001138 0.002968 -0.999995
vn 0.000001 -0.707107 -0.707106
vn 0.000001 -0.707107 -0.707106
vn 0.000001 -0.707107 -0.707106
vn 0.000001 -0.707107 -0.707106
vn -0.000000 -1.000000 0.000000
vn 0.000000 -1.000000 0.000000
vn 0.000000 -1.000000 0.000000
vn -0.000000 -1.000000 0.000000
vn -0.000001 -0.707107 0.707107
vn -0.000001 -0.707107 0.707107
vn -0.000001 -0.707107 0.707106
vn -0.000001 -0.707107 0.707106
vn 0.000000 0.000000 1.000000
vn -0.000000 0.000000 1.000000
vn -0.000000 0.000000 1.000000
vn 0.000000 0.000000 1.000000
vn 0.000000 -1.000000 0.000000
vn -0.000000 -1.000000 0.000000
vn -0.000000 -1.000000 0.000000
vn 0.000000 -1.000000 0.000000
vn 0.000000 -0.707109 0.707105
vn 0.000000 -0.707109 0.707105
vn 0.000000 -0.707109 0.707105
vn 0.000000 -0.707109 0.707105
vn -0.000000 0.000000 1.000000
vn 0.000000 0.000000 1.000000
vn 0.000000 0.000000 1.000000
vn -0.000000 0.000000 1.000000
vn 0.000000 0.000000 -1.000000
vn 0.000000 0.000000 -1.000000
vn 0.000000 0.000000 -1.000000
vn 0.000000 0.000000 -1.000000
vn 0.000000 -0.707108 -0.707105
vn 0.000000 -0.707108 -0.707105
vn 0.000000 -0.707108 -0.707105
vn 0.000000 -0.707108 -0.707105
vn 0.000000 0.000000 -1.000000
vn 0.000000 0.000000 -1.000000
vn 0.000000 0.000000 -1.000000
vn 0.000000 0.000000 -1.000000
vn 0.000000 -0.707108 -0.707105
vn 0.000000 -0.707108 -0.707105
vn 0.000000 -0.707108 -0.707105
vn 0.000000 -0.707108 -0.707105
vn 0.000000 0.000000 -1.000000
vn 0.000000 0.000000 -1.000000
vn 0.000000 0.000000 -1.000000
vn 0.000000 0.000000 -1.000000
vn 0.000000 0.000000 -1.000000
vn 0.000000 0.000000 -1.000000
vn 0.000000 0.000000 -1.000000
vn 0.000000 0.000000 -1.000000
vn 0.000000 0.000000 -1.000000
vn 0.000000 0.000000 -1.000000
vn 0.000000 0.000000 -1.000000
vn 0.000000 0.000000 -1.000000
vn 0.000000 0.000000 -1.000000
vn 0.000000 0.000000 -1.000000
vn 0.000000 0.000000 -1.000000
vn 0.000000 0.000000 -1.000000
vn 0.000000 0.000000 -1.000000
vn 0.000000 0.000000 -1.000000
vn 0.707107 0.000000 -0.707106
vn 0.707107 0.000000 -0.707106
vn 0.707107 0.000000 -0.707106
vn 0.707107 0.000000 -0.707106
vn 0.000000 0.000000 1.000000
vn 0.000000 0.000000 1.000000
vn 0.000000 0.000000 1.000000
vn 0.000000 0.000000 1.000000
vn 1.000000 0.000000 0.000000
vn 1.000000 0.000000 0.000000
vn 1.000000 0.000000 0.000000
vn 1.000000 0.000000 0.000000
vn 0.707107 0.000000 0.707106
vn 0.707107 0.000000 0.707106
vn 0.707107 0.000000 0.707106
vn 0.707107 0.000000 0.707106
vn 0.000000 0.000000 1.000000
vn 0.000000 0.000000 1.000000
vn 0.000000 0.000000 1.000000
vn 0.000000 0.000000 1.000000
vn 0.000000 0.000000 1.000000
vn 0.000000 0.000000 1.000000
vn 0.000000 0.000000 1.000000
vn 0.000000 0.000000 1.000000
vn 0.000000 0.000000 1.000000
vn 0.000000 0.000000 1.000000
vn 0.000000 0.000000 1.000000
vn 0.000000 0.000000 1.000000
vn 0.000000 0.000000 1.000000
vn 0.000000 0.000000 1.000000
vn 0.000000 0.000000 1.000000
vn 0.000000 0.000000 1.000000
vn 0.000000 0.000000 -1.000000
vn 0.000000 0.000000 -1.000000
vn 0.000000 0.000000 -1.000000
vn 0.000000 0.000000 -1.000000
vn 0.000000 0.000000 -1.000000
vn 0.000000 0.000000 -1.000000
vn 0.000000 0.000000 -1.000000
vn 0.000000 0.000000 -1.000000
vn 0.000000 0.000000 -1.000000
vn 0.000000 0.000000 -1.000000
vn 0.000000 0.000000 1.000000
vn 0.000000 0.000000 1.000000
vn 0.000000 0.000000 1.000000
vn 0.000000 0.000000 1.000000
vn 0.000000 0.000000 1.000000
vn 0.000000 0.000000 1.000000
vn 0.000000 0.000000 1.000000
vn 0.000000 0.000000 1.000000
vn 0.000000 0.000000 1.000000
vn 0.000000 0.000000 1.000000
vn 0.000000 0.000000 1.000000
vn 0.000000 0.000000 1.000000
vn 0.000000 0.000000 1.000000
vn 0.000000 0.000000 1.000000
vn 0.000000 0.000000 1.000000
vn 0.000000 0.000000 1.000000
vn 0.000000 0.000000 1.000000
vn 0.000000 0.000000 1.000000
vn 0.000000 0.000000 1.000000
vn 0.000000 0.000000 1.000000
vn 0.000000 0.000000 1.000000
vn 0.000000 -0.707109 0.707105
vn 0.000000 -0.707109 0.707105
vn 0.000000 -0.707109 0.707105
vn 0.000000 -0.707109 0.707105
vn 0.000000 -1.000000 0.000000
vn 0.000000 -1.000000 0.000000
vn 0.000000 -1.000000 0.000000
vn 0.000000 -1.000000 0.000000
vn 0.000000 -0.707109 0.707105
vn 0.000000 -0.707109 0.707105
vn 0.000000 -0.707109 0.707105
vn 0.000000 -0.707109 0.707105
vn 0.000000 0.000000 1.000000
vn 0.000000 0.000000 1.000000
vn 0.000000 0.000000 1.000000
vn 0.000000 0.000000 1.000000
vn 0.000000 -1.000000 0.000000
vn 0.000000 -1.000000 0.000000
vn 0.000000 -1.000000 0.000000
vn 0.000000 -1.000000 0.000000
vn 0.000000 -0.707109 0.707105
vn 0.000000 -0.707109 0.707105
vn 0.000000 -0.707109 0.707105
vn 0.000000 -0.707109 0.707105
vn 0.000000 0.000000 1.000000
vn 0.000000 0.000000 1.000000
vn 0.000000 0.000000 1.000000
vn 0.000000 0.000000 1.000000
vn 0.000000 0.000000 1.000000
vn 0.000000 0.000000 1.000000
vn 0.000000 0.000000 1.000000
vn 0.000000 0.000000 1.000000
vn 0.000000 0.000000 1.000000
vn 0.000000 0.000000 1.000000
vn 0.000000 0.000000 1.000000
vn 0.000000 0.000000 1.000000
vn 0.000000 0.000000 1.000000
vn 0.000000 0.000000 1.000000
vn 0.000000 0.000000 1.000000
vn 0.000000 0.000000 1.000000
vn 0.000000 0.000000 1.000000
vn 0.000000 0.000000 1.000000
vn 0.434367 0.533882 0.725462
vn 0.476697 0.509515 0.716348
vn 0.461720 0.522070 0.717117
vn 0.503744 0.493771 0.708824
vn 0.000001 0.000000 1.000000
vn 0.000000 0.000000 1.000000
vn 0.000000 0.000000 1.000000
vn 0.000000 0.000000 1.000000
vn 0.082303 0.680328 0.728272
vn 0.072882 0.683206 0.726579
vn -0.001122 0.704798 0.709408
vn -0.001121 0.704800 0.709405
vn 0.677985 0.735076 -0.000030
vn 0.145463 0.989364 -0.000055
vn 0.145568 0.989348 -0.000055
vn 0.677932 0.735124 -0.000030
vn 0.000000 1.000000 0.000001
vn 0.000000 1.000000 0.000000
vn 0.000000 1.000000 0.000000
vn 0.000000 1.000000 0.000001
vn -0.000000 0.000000 1.000000
vn -0.000000 0.000000 1.000000
vn -0.000000 0.000000 1.000000
vn -0.000000 0.000000 1.000000
vn -0.000000 0.707104 0.707109
vn -0.000000 0.707104 0.707109
vn -0.000001 0.707105 0.707108
vn -0.000001 0.707105 0.707108
vn 0.476984 0.509026 -0.716504
vn 0.434366 0.533398 -0.725819
vn 0.503874 0.493444 -0.708960
vn 0.460932 0.521979 -0.717690
vn 0.072327 0.681846 -0.727911
vn 0.082435 0.678778 -0.729702
vn -0.001235 0.703768 -0.710429
vn -0.001237 0.703762 -0.710435
vn 0.000000 0.000000 -1.000000
vn -0.000000 0.000000 -1.000000
vn -0.000000 0.000000 -1.000000
vn 0.000000 0.000000 -1.000000
vn -0.000000 0.000000 -1.000000
vn 0.000000 0.000000 -1.000000
vn 0.000000 0.000000 -1.000000
vn -0.000000 0.000000 -1.000000
vn 0.000000 0.707103 -0.707110
vn 0.000000 0.707103 -0.707110
vn 0.000000 0.707103 -0.707111
vn 0.000000 0.707103 -0.707111
vn 0.000000 0.000000 -1.000000
vn 0.000000 0.000000 -1.000000
vn 0.000000 0.000000 -1.000000
vn 0.000000 0.000000 -1.000000
vn 0.000000 0.000000 -1.000000
vn 0.000000 0.000000 -1.000000
vn 0.000000 0.000000 -1.000000
vn 0.000000 0.000000 -1.000000
vn 0.000000 0.000000 -1.000000
vn 0.000000 0.000000 -1.000000
vn 0.000000 0.000000 -1.000000
vn 0.000000 0.000000 -1.000000
vn 0.000000 0.000000 -1.000000
vn 0.000000 0.000000 -1.000000
vn 0.000000 0.000000 -1.000000
vn 0.000000 0.000000 -1.000000
vn 0.000000 0.000000 -1.000000
vn 0.000000 0.000000 -1.000000
vn 0.000000 0.000000 -1.000000
vn 0.000000 0.000000 -1.000000
vn 0.000000 -0.707108 -0.707105
vn 0.000000 -0.707108 -0.707105
vn 0.000000 -0.707108 -0.707105
vn 0.000000 -0.707108 -0.707105
vn 0.000000 -0.707108 -0.707106
vn 0.000000 -0.707108 -0.707106
vn 0.000000 -0.707108 -0.707105
vn 0.000000 -0.707108 -0.707105
vn 0.000000 -0.707108 -0.707105
vn 0.000000 -0.707108 -0.707105
vn 0.000000 -0.707108 -0.707106
vn 0.000000 -0.707108 -0.707106
vn 0.000000 0.000000 1.000000
vn 0.000000 0.000000 1.000000
vn 0.000000 0.000000 1.000000
vn 0.000000 0.000000 1.000000
vn 0.000000 0.000000 1.000000
vn 0.000000 0.000000 1.000000
vn 0.000000 0.000000 1.000000
vn 0.000000 0.000000 -1.000000
vn 0.000000 0.000000 -1.000000
vn 0.000000 0.000000 -1.000000
vn 0.000000 0.000000 -1.000000
vn 0.000000 0.000000 -1.000000
vn 0.000000 0.000000 -1.000000
vn 0.000000 0.000000 -1.000000
vn 0.000000 -1.000000 0.000000
vn 0.000000 -1.000000 0.000000
vn 0.000000 -1.000000 0.000000
vn 0.000000 -1.000000 0.000000
vn 0.000000 -0.707109 0.707105
vn 0.000000 -0.707109 0.707105
vn 0.000000 -0.707109 0.707105
vn 0.000000 -0.707109 0.707105
vn 0.000000 0.000000 1.000000
vn 0.000000 0.000000 1.000000
vn 0.000000 0.000000 1.000000
vn 0.000000 -1.000000 0.000000
vn 0.000000 -1.000000 0.000000
vn 0.000000 -1.000000 0.000000
vn 0.000000 -1.000000 0.000000
vn 0.000000 0.000000 1.000000
vn 0.000000 0.000000 1.000000
vn 0.000000 0.000000 1.000000
vn 0.000000 0.000000 1.000000
vn 0.000000 0.000000 1.000000
vn -0.003183 0.689323 0.724447
vn -0.000099 0.688685 0.725060
vn -0.166431 0.643325 0.747284
vn -0.251029 0.610154 0.751462
vn -0.000000 0.000000 1.000000
vn -0.000000 0.000000 1.000000
vn -0.000000 0.000000 1.000000
vn -0.000000 0.000000 1.000000
vn 0.003039 0.687644 0.726042
vn 0.164488 0.651945 0.740211
vn 0.115728 0.665100 0.737732
vn 0.000000 0.000000 1.000000
vn -0.000000 0.000000 1.000000
vn -0.000000 0.000000 1.000000
vn 0.000000 0.000000 1.000000
vn 0.115070 0.993357 0.000062
vn 0.677931 0.735126 0.000039
vn 0.677896 0.735157 0.000039
vn 0.115274 0.993334 0.000062
vn 0.002931 0.690685 -0.723150
vn 0.000138 0.688833 -0.724920
vn 0.115847 0.667549 -0.735499
vn 0.164282 0.653893 -0.738536
vn -0.000000 0.000000 -1.000000
vn 0.000000 0.000000 -1.000000
vn 0.000000 0.000000 -1.000000
vn -0.000000 0.000000 -1.000000
vn -0.003304 0.686273 -0.727336
vn -0.002660 0.687484 -0.726195
vn -0.002660 0.687484 -0.726195
vn 0.000000 0.000000 -1.000000
vn 0.000000 0.000000 -1.000000
vn 0.000000 0.000000 -1.000000
vn 0.000000 0.000000 -1.000000
vn 0.000000 0.000000 -1.000000
vn 0.000000 0.000000 -1.000000
vn 0.000000 0.000000 -1.000000
vn 0.000000 0.000000 -1.000000
vn 0.000000 0.000000 -1.000000
vn 0.000000 0.000000 -1.000000
vn 0.000000 0.000000 -1.000000
vn 0.000000 0.000000 -1.000000
vn 0.000000 0.000000 -1.000000
vn 0.000000 0.000000 -1.000000
vn 0.000000 0.000000 -1.000000
vn 0.000000 -0.707108 -0.707105
vn 0.000000 -0.707108 -0.707105
vn 0.000000 -0.707108 -0.707105
vn 0.000000 -0.707108 -0.707105
vn 0.000000 0.000000 1.000000
vn 0.000000 0.000000 1.000000
vn 0.000000 0.000000 1.000000
vn 0.000000 0.000000 1.000000
vn 0.000000 0.000000 1.000000
vn 0.000000 0.000000 1.000000
vn 0.000000 0.000000 -1.000000
vn 0.000000 0.000000 -1.000000
vn 0.000000 0.000000 -1.000000
vn 0.000000 0.000000 -1.000000
vn 0.000000 0.000000 -1.000000
vn 0.000000 0.000000 -1.000000
vn -0.000000 0.000000 -1.000000
vn 0.000000 -0.707109 0.707105
vn 0.000000 -0.707109 0.707105
vn 0.000000 -0.707109 0.707105
vn 0.000000 -0.707109 0.707105
vn -0.000001 -1.000000 0.000001
vn 0.000000 -1.000000 0.000000
vn 0.000000 -1.000000 0.000000
vn -0.000001 -1.000000 0.000001
vn 0.000000 -0.707108 0.707105
vn 0.000000 -0.707108 0.707105
vn 0.000000 -0.707108 0.707106
vn 0.000000 -0.707108 0.707105
vn 0.000000 0.000000 1.000000
vn 0.000000 0.000000 1.000000
vn 0.000000 0.000000 1.000000
vn -0.000001 -1.000000 0.000001
vn -0.000001 -1.000000 0.000001
vn -0.000001 -1.000000 0.000001
vn -0.000001 -1.000000 0.000001
vn 0.000000 0.000000 1.000000
vn 0.000000 0.000000 1.000000
vn 0.000000 0.000000 1.000000
vn 0.000000 0.000000 1.000000
vn 0.000000 0.000000 1.000000
vn 0.000000 0.000000 1.000000
vn 0.000000 0.000000 1.000000
vn 0.000000 0.000000 1.000000
vn 0.000000 0.000000 1.000000
vn 0.000000 0.000000 1.000000
vn 0.000000 0.000000 1.000000
vn 0.000000 0.000000 1.000000
vn 0.000000 0.000000 1.000000
vn 0.000000 0.000000 -1.000000
vn 0.000000 0.000000 -1.000000
vn 0.000000 0.000000 -1.000000
vn 0.000000 0.000000 -1.000000
vn 0.000000 0.000000 -1.000000
vn 0.000000 0.000000 -1.000000
vn 0.000000 0.000000 -1.000000
vn 0.000000 0.000000 -1.000000
vn 0.000000 0.000000 -1.000000
vn 0.000000 0.000000 -1.000000
vn 0.000000 0.000000 -1.000000
vn 0.000000 0.000000 -1.000000
vn 0.000000 0.000000 -1.000000
vn 0.000000 0.000000 -1.000000
vn 0.000000 0.000000 -1.000000
vn 0.000000 0.000000 -1.000000
vn 0.000000 -0.707108 -0.707105
vn 0.000000 -0.707108 -0.707105
vn 0.000000 -0.707108 -0.707105
vn 0.000000 -0.707108 -0.707105
vn -0.000001 -0.707107 -0.707106
vn -0.000001 -0.707107 -0.707106
vn -0.000001 -0.707106 -0.707107
vn -0.000001 -0.707106 -0.707107
vn 0.000000 0.000000 1.000000
vn 0.000000 0.000000 1.000000
vn 0.000000 0.000000 1.000000
vn 0.000000 0.000000 1.000000
vn 0.000000 0.000000 1.000000
vn 0.000000 0.000000 1.000000
vn 0.000000 0.707102 -0.707111
vn 0.000000 0.707102 -0.707111
vn 0.000000 0.707103 -0.707111
vn 0.000000 0.707103 -0.707111
vn -0.697972 0.002613 -0.716120
vn -0.697972 0.002613 -0.716120
vn -0.589449 0.171790 -0.789328
vn -0.592057 0.168247 -0.788138
vn 0.000000 0.000000 -1.000000
vn -0.000001 0.000000 -1.000000
vn -0.000000 0.000000 -1.000000
vn 0.000000 0.000000 -1.000000
vn 0.000000 0.000000 -1.000000
vn 0.000000 0.000000 -1.000000
vn 0.000000 0.000000 -1.000000
vn -0.147692 0.609191 -0.779149
vn -0.155345 0.603670 -0.781953
vn -0.000562 0.703298 -0.710895
vn -0.000561 0.703300 -0.710893
vn -0.703701 0.710494 0.001693
vn -0.703701 0.710494 0.001693
vn -0.703701 0.710494 0.001693
vn -0.703701 0.710494 0.001693
vn -0.000001 -0.707108 0.707106
vn -0.000001 -0.707108 0.707106
vn -0.000001 -0.707107 0.707107
vn -0.000001 -0.707107 0.707107
vn 0.000000 -1.000000 0.000000
vn -0.000000 -1.000000 0.000000
vn -0.000000 -1.000000 0.000000
vn 0.000000 -1.000000 0.000000
vn 0.000000 -0.707109 0.707105
vn 0.000000 -0.707109 0.707105
vn 0.000000 -0.707109 0.707105
vn 0.000000 -0.707109 0.707105
vn 0.000000 0.000000 1.000000
vn 0.000000 0.000000 1.000000
vn 0.000000 0.000000 1.000000
vn 0.000000 -1.000000 0.000000
vn 0.000000 -1.000000 0.000000
vn 0.000000 -1.000000 0.000000
vn 0.000000 -1.000000 0.000000
vn 0.000000 0.000000 1.000000
vn 0.000000 0.000000 1.000000
vn 0.000000 0.000000 1.000000
vn 0.000000 0.000000 1.000000
vn 0.000000 0.000000 1.000000
vn -0.000000 0.000000 1.000000
vn 0.000000 0.000000 1.000000
vn -0.000000 0.000000 1.000000
vn -0.000000 0.000000 1.000000
vn -0.000000 0.000000 1.000000
vn -0.000000 0.000000 1.000000
vn -0.000000 0.000000 1.000000
vn 0.000000 0.000000 1.000000
vn 0.000000 0.000000 -1.000000
vn 0.000000 0.000000 -1.000000
vn 0.000000 0.000000 -1.000000
vn 0.000000 0.000000 -1.000000
vn 0.000000 0.000000 -1.000000
vn 0.000000 0.000000 -1.000000
vn 0.000000 0.000000 -1.000000
vn 0.000000 0.000000 -1.000000
vn 0.000000 0.000000 -1.000000
vn 0.000000 0.000000 -1.000000
vn 0.000000 0.000000 -1.000000
vn 0.000000 0.000000 -1.000000
vn 0.000000 0.000000 -1.000000
vn 0.000000 0.000000 -1.000000
vn 0.000000 0.000000 -1.000000
vn 0.000000 0.000000 -1.000000
vn 0.000000 -0.707108 -0.707105
vn 0.000000 -0.707108 -0.707105
vn 0.000000 -0.707108 -0.707105
vn 0.000000 -0.707108 -0.707105
vn 0.000000 -0.707108 -0.707105
vn 0.000000 -0.707108 -0.707105
vn 0.000000 -0.707108 -0.707105
vn 0.000000 -0.707108 -0.707105
vn 0.000000 0.000000 1.000000
vn 0.000000 0.000000 1.000000
vn 0.000000 0.000000 1.000000
vn 0.000000 0.000000 1.000000
vn 0.000000 0.000000 1.000000
vn 0.000000 0.000000 1.000000
vn 0.000000 -1.000000 -0.000000
vn 0.000000 -1.000000 -0.000000
vn 0.000000 -1.000000 -0.000000
vn 0.000000 -1.000000 -0.000000
vn 0.000001 -0.707108 0.707106
vn 0.000001 -0.707108 0.707106
vn 0.000001 -0.707107 0.707107
vn 0.000001 -0.707107 0.707107
vn 0.000000 0.000000 1.000000
vn -0.000000 0.000000 1.000000
vn 0.000000 0.000000 1.000000
vn -0.000000 -1.000000 0.000000
vn 0.000000 -1.000000 0.000000
vn 0.000000 -1.000000 0.000000
vn -0.000000 -1.000000 0.000000
vn 0.000000 0.000000 1.000000
vn -0.000000 0.000000 1.000000
vn 0.000000 0.000000 1.000000
vn -0.011589 0.030844 0.999457
vn -0.702117 0.000654 0.712061
vn -0.702117 0.000654 0.712061
vn -0.702117 0.000654 0.712061
vn -0.702117 0.000654 0.712061
vn -0.751484 0.659715 -0.006979
vn -0.751484 0.659715 -0.006979
vn -0.751484 0.659715 -0.006979
vn -0.751484 0.659715 -0.006979
vn -0.000000 0.000000 -1.000000
vn -0.000000 0.000000 -1.000000
vn -0.000000 0.000000 -1.000000
vn -0.000000 0.000000 -1.000000
vn 0.000000 0.000000 -1.000000
vn -0.000000 0.000000 -1.000000
vn 0.000000 0.000000 -1.000000
vn -0.000000 0.000000 -1.000000
vn 0.000000 0.000000 -1.000000
vn -0.000000 0.000000 -1.000000
vn -0.011198 0.029217 -0.999510
vn -0.000000 0.000000 -1.000000
vn 0.000000 0.000000 -1.000000
vn 0.000000 0.000000 -1.000000
vn 0.000000 0.000000 -1.000000
vn -0.000001 -0.707107 -0.707107
vn -0.000001 -0.707107 -0.707107
vn -0.000001 -0.707107 -0.707106
vn -0.000001 -0.707107 -0.707106
vn -0.707105 0.707108 0.000000
vn -0.707105 0.707108 0.000000
vn -0.707105 0.707108 0.000000
vn -0.707105 0.707108 0.000000
vn -0.169288 0.597639 0.783689
vn -0.158131 0.606061 0.779541
vn -0.006051 0.705970 0.708216
vn -0.006051 0.705970 0.708216
vn -0.000000 0.000000 1.000000
vn -0.000000 0.000000 1.000000
vn -0.637972 0.101910 0.763287
vn -0.635824 0.105154 0.764638
vn -0.698724 0.001291 0.715390
vn -0.698724 0.001291 0.715390
vn 0.000000 -1.000000 0.000000
vn 0.000000 -1.000000 0.000000
vn 0.000000 -1.000000 0.000000
vn 0.000000 -1.000000 0.000000
vn 0.000000 -0.707109 0.707105
vn 0.000000 -0.707109 0.707105
vn -0.000001 -0.707108 0.707105
vn -0.000001 -0.707108 0.707105
vn 0.000000 0.000000 1.000000
vn 0.000000 0.000000 1.000000
vn 0.000000 0.000000 1.000000
vn 0.000000 0.000000 1.000000
vn -0.000001 -1.000000 -0.000002
vn -0.000001 -1.000000 -0.000000
vn -0.000001 -1.000000 -0.000000
vn -0.000001 -1.000000 -0.000002
vn 0.000000 0.000000 1.000000
vn 0.000000 0.000000 1.000000
vn 0.000000 0.000000 1.000000
vn 0.000000 0.000000 1.000000
vn 0.000000 0.000000 -1.000000
vn 0.000000 0.000000 -1.000000
vn 0.000000 0.000000 -1.000000
vn 0.000000 0.000000 -1.000000
vn 0.000000 -0.707108 -0.707105
vn 0.000000 -0.707108 -0.707105
vn 0.000000 -0.707108 -0.707105
vn 0.000000 -0.707108 -0.707105
vn -0.000000 0.000000 -1.000000
vn 0.000000 0.000000 -1.000000
vn 0.000000 0.000000 -1.000000
vn -0.000000 0.000000 -1.000000
vn 0.000000 0.000000 -1.000000
vn -0.000000 0.000000 -1.000000
vn 0.000000 0.000000 -1.000000
vn -0.000000 0.000000 -1.000000
vn 0.000000 0.000000 -1.000000
vn -0.000000 0.000000 -1.000000
vn -0.706063 0.004833 -0.708132
vn -0.706063 0.004833 -0.708132
vn -0.706063 0.004833 -0.708132
vn -0.706063 0.004833 -0.708132
vn -0.707110 0.707104 0.000000
vn -0.707110 0.707104 0.000000
vn -0.707110 0.707104 0.000000
vn -0.707110 0.707104 0.000000
vn 0.000000 0.000000 -1.000000
vn 0.000000 0.000000 -1.000000
vn 0.000000 0.000000 -1.000000
vn 0.000000 0.000000 -1.000000
vn 0.000000 0.000000 -1.000000
vn 0.000000 0.000000 -1.000000
vn 0.000000 1.000000 0.000001
vn 0.000000 1.000000 0.000001
vn 0.000000 1.000000 0.000001
vn 0.000000 1.000000 0.000001
vn 0.000000 0.707106 0.707108
vn 0.000000 0.707106 0.707108
vn 0.000000 0.707106 0.707107
vn 0.000000 0.707106 0.707107
vn 0.000000 0.000000 1.000000
vn 0.000000 0.000000 1.000000
vn -0.000000 0.000000 1.000000
vn 0.000000 0.000000 1.000000
vn -0.004130 0.706277 0.707924
vn -0.004130 0.706277 0.707924
vn -0.158547 0.605529 0.779870
vn -0.147637 0.613613 0.775682
vn -0.000000 0.000000 1.000000
vn -0.000000 0.000000 1.000000
vn -0.000000 0.000000 1.000000
vn 0.000000 0.000000 1.000000
vn 0.000000 0.000000 1.000000
vn 0.000000 0.000000 1.000000
vn 0.000000 0.000000 1.000000
vn 0.000000 0.000000 1.000000
vn -0.697973 0.002613 0.716120
vn -0.697973 0.002613 0.716120
vn -0.593787 0.165304 0.787459
vn -0.590581 0.169658 0.788942
vn 0.000000 0.707103 0.707111
vn 0.000000 0.707103 0.707111
vn 0.000000 0.707103 0.707110
vn 0.000000 0.707103 0.707110
vn 0.000000 0.000000 1.000000
vn 0.000000 0.000000 1.000000
vn 0.000000 0.000000 1.000000
vn 0.000001 0.000000 1.000000
vn 0.000000 0.000000 1.000000
vn 0.000001 0.000000 1.000000
vn 0.000000 0.000000 1.000000
vn 0.000000 0.000000 1.000000
vn 0.000000 0.000000 1.000000
vn 0.000000 0.000000 1.000000
vn 0.000000 0.000000 1.000000
vn 0.000000 0.000000 1.000000
vn 0.000000 0.000000 1.000000
vn 0.000000 0.000000 1.000000
vn 0.000000 0.000000 1.000000
vn 0.000000 0.000000 1.000000
vn 0.000000 0.000000 1.000000
vn 0.000000 0.000000 1.000000
vn 0.000000 0.707103 0.707111
vn 0.000000 0.707103 0.707111
vn 0.000000 0.707103 0.707110
vn 0.000000 0.707103 0.707110
vn 0.000000 0.707103 0.707110
vn 0.000000 0.707103 0.707110
vn 0.000000 0.707104 0.707110
vn 0.000000 0.707104 0.707110
vn 0.000000 1.000000 0.000000
vn 0.000000 1.000000 0.000000
vn 0.000000 1.000000 0.000000
vn 0.000000 1.000000 0.000000
vn 0.000000 0.000000 1.000000
vn -0.000001 0.000000 1.000000
vn -0.000001 0.000000 1.000000
vn 0.000000 0.000000 1.000000
vn 0.000000 0.000000 1.000000
vn 0.000000 0.000000 1.000000
vn 0.000000 0.000000 1.000000
vn 0.000000 0.000000 1.000000
vn 0.000000 0.000000 1.000000
vn 0.000000 0.000000 1.000000
vn 0.000001 0.000000 1.000000
vn -0.000001 0.000000 1.000000
vn -0.242440 0.970166 -0.000105
vn -0.778306 0.627884 -0.000047
vn -0.778294 0.627900 -0.000047
vn -0.242657 0.970112 -0.000105
vn -0.106863 0.656135 0.747039
vn -0.118325 0.651245 0.749586
vn 0.003126 0.702563 0.711615
vn 0.003149 0.702531 0.711647
vn -0.543077 0.428509 0.722113
vn -0.469643 0.477469 0.742602
vn -0.586718 0.397772 0.705365
vn -0.529564 0.448319 0.720120
vn 0.000000 0.000000 1.000000
vn -0.000000 0.000000 1.000000
vn 0.000000 0.000000 1.000000
vn 0.000000 0.000000 1.000000
vn 0.000000 0.000000 1.000000
vn 0.000000 0.000000 1.000000
vn 0.000000 0.000000 1.000000
vn 0.000000 0.000000 1.000000
vn 0.000000 0.000000 1.000000
vn 0.000000 0.000000 1.000000
vn 0.000000 0.000000 1.000000
vn 0.000000 0.000000 1.000000
vn 0.000000 0.000000 1.000000
vn 0.000000 0.000000 1.000000
vn 0.000000 0.000000 1.000000
vn 0.000000 0.000000 1.000000
vn 0.000000 0.000000 1.000000
vn 0.707108 0.000000 0.707106
vn 0.707108 0.000000 0.707106
vn 0.707108 0.000000 0.707106
vn 0.707108 0.000000 0.707106
vn 0.000000 0.000000 -1.000000
vn 0.000000 0.000000 -1.000000
vn 0.000000 0.000000 -1.000000
vn 0.000000 0.000000 -1.000000
vn 1.000000 0.000000 0.000000
vn 1.000000 0.000000 0.000000
vn 1.000000 0.000000 0.000000
vn 1.000000 0.000000 0.000000
vn 0.707107 0.000000 -0.707106
vn 0.707107 0.000000 -0.707106
vn 0.707107 0.000000 -0.707106
vn 0.707107 0.000000 -0.707106
vn 0.000000 0.000000 -1.000000
vn 0.000000 0.000000 -1.000000
vn 0.000000 0.000000 -1.000000
vn 0.000000 0.000000 -1.000000
vn 0.000000 0.000000 -1.000000
vn 0.000000 0.000000 -1.000000
vn 0.000000 0.000000 -1.000000
vn 0.000000 0.000000 -1.000000
vn 0.000000 0.000000 -1.000000
vn 0.000000 0.000000 -1.000000
vn 0.000000 0.000000 -1.000000
vn 0.000000 0.000000 -1.000000
vn 0.000000 0.000000 -1.000000
vn 0.000000 0.000000 -1.000000
vn 0.000000 0.000000 -1.000000
vn 0.000000 0.000000 -1.000000
vn 0.000000 0.000000 -1.000000
vn 0.000000 0.000000 -1.000000
vn -0.000000 0.000000 -1.000000
vn 0.000000 0.000000 -1.000000
vn 0.000000 0.000000 -1.000000
vn 0.000000 0.000000 -1.000000
vn 0.000000 0.000000 -1.000000
vn 0.000001 0.000000 -1.000000
vn 0.000000 0.000000 -1.000000
vn 0.000001 0.000000 -1.000000
vn 0.000001 0.000000 -1.000000
vn 0.000001 0.000000 -1.000000
vn 0.000000 0.000000 -1.000000
vn 0.000000 0.000000 -1.000000
vn 0.000000 0.000000 -1.000000
vn 0.000000 0.000000 -1.000000
vn 0.000000 0.000000 -1.000000
vn 0.000000 0.000000 -1.000000
vn 0.000000 0.000000 -1.000000
vn 0.000000 0.000000 -1.000000
vn 0.000000 0.000000 -1.000000
vn 0.000000 0.000000 -1.000000
vn 0.000000 0.000000 -1.000000
vn 0.000000 0.000000 -1.000000
vn 0.000000 0.000000 -1.000000
vn 0.000000 0.000000 -1.000000
vn 0.000000 0.000000 -1.000000
vn 0.000000 0.000000 -1.000000
vn 0.000000 0.000000 -1.000000
vn 0.000000 0.000000 -1.000000
vn 0.000000 0.000000 -1.000000
vn 0.000000 0.000000 -1.000000
vn 0.000000 0.000000 -1.000000
vn 0.000000 0.000000 -1.000000
vn 0.000000 0.000000 -1.000000
vn 0.000000 0.000000 -1.000000
vn 0.000000 0.000000 -1.000000
vn 0.000000 0.000000 -1.000000
vn 0.000000 0.000000 -1.000000
vn 0.000000 0.000000 -1.000000
vn 0.000000 0.000000 -1.000000
vn 0.000000 0.000000 -1.000000
vn 0.000000 0.000000 -1.000000
vn 0.000000 0.000000 -1.000000
vn 0.000000 0.000000 -1.000000
vn 0.000000 0.000000 -1.000000
vn 0.000000 0.000000 -1.000000
vn 0.000000 0.000000 -1.000000
vn -0.707110 0.707103 0.000001
vn -0.707110 0.707103 0.000001
vn -0.707110 0.707103 0.000001
vn -0.707110 0.707103 0.000001
vn 0.000000 0.707103 -0.707110
vn 0.000000 0.707103 -0.707110
vn 0.000000 0.707103 -0.707110
vn 0.000000 0.707103 -0.707110
vn -0.706065 0.004806 -0.708131
vn -0.706065 0.004806 -0.708131
vn -0.614134 0.146623 -0.775462
vn -0.621797 0.136068 -0.771268
vn -0.707103 0.707111 0.000000
vn -0.707103 0.707111 0.000000
vn -0.707103 0.707111 0.000000
vn -0.707103 0.707111 0.000000
vn -0.000000 0.000000 -1.000000
vn -0.000000 0.000000 -1.000000
vn -0.000000 0.000000 -1.000000
vn -0.000000 0.000000 -1.000000
vn 0.000000 0.000000 -1.000000
vn 0.000000 0.000000 -1.000000
vn 0.000000 0.000000 -1.000000
vn -0.164252 0.595014 -0.786753
vn -0.168623 0.591795 -0.788254
vn -0.002587 0.698640 -0.715468
vn -0.002587 0.698640 -0.715468
vn -0.698682 0.001944 0.715429
vn -0.698682 0.001944 0.715429
vn -0.614472 0.136810 0.776986
vn -0.611688 0.140769 0.778474
vn 0.000000 0.000000 1.000000
vn 0.000000 0.000000 1.000000
vn 0.000000 0.000000 1.000000
vn 0.000001 0.000000 1.000000
vn 0.000000 0.000000 1.000000
vn 0.000000 0.000000 1.000000
vn 0.000000 0.000000 1.000000
vn 0.000000 0.000000 1.000000
vn 0.000000 0.000000 1.000000
vn 0.000000 0.000000 1.000000
vn 0.000000 0.000000 1.000000
vn 0.000000 0.000000 1.000000
vn -0.000000 0.000000 1.000000
vn 0.000000 0.000000 1.000000
vn 0.000000 0.000000 1.000000
vn 0.000000 0.000000 1.000000
vn 0.000000 0.000000 1.000000
vn 0.000000 0.000000 1.000000
vn 0.000000 0.000000 1.000000
vn 0.000000 0.000000 1.000000
vn 0.000000 0.000000 1.000000
vn 0.000000 0.000000 1.000000
vn -0.000000 0.000000 1.000000
vn 0.000000 0.000000 -1.000000
vn 0.000000 0.000000 -1.000000
vn 0.000000 0.000000 -1.000000
vn 0.000000 0.000000 -1.000000
vn 0.000000 0.000000 -1.000000
vn 0.000000 0.000000 -1.000000
vn -0.000001 0.000000 -1.000000
vn -0.000000 0.000000 -1.000000
vn 0.000000 0.000000 -1.000000
vn 0.000000 0.000000 -1.000000
vn 0.000001 0.000000 -1.000000
vn -0.000000 0.000000 -1.000000
vn -0.000000 0.000000 -1.000000
vn -0.000000 0.000000 -1.000000
vn 0.000000 0.000000 -1.000000
vn -0.000001 0.000000 -1.000000
vn 0.000000 0.000000 -1.000000
vn 0.000000 0.000000 -1.000000
vn 0.000000 0.000000 -1.000000
vn 0.000000 0.000000 -1.000000
vn 0.000000 0.000000 -1.000000
vn -0.000000 0.000000 -1.000000
vn 0.000000 0.000000 -1.000000
vn 0.000000 0.000000 -1.000000
vn 0.000000 0.000000 -1.000000
vn 0.000000 0.000000 -1.000000
vn 0.000000 0.000000 -1.000000
vn 0.000000 0.000000 -1.000000
vn 0.000000 0.000000 -1.000000
vn 0.000000 0.000000 -1.000000
vn 0.000000 0.000000 -1.000000
vn 0.000000 0.000000 -1.000000
vn 0.000000 0.000000 -1.000000
vn 0.000000 0.000000 -1.000000
vn 0.000000 0.000000 -1.000000
vn 0.000000 0.000000 -1.000000
vn 0.000000 0.000000 -1.000000
vn 0.000000 0.000000 -1.000000
vn 0.000000 0.000000 -1.000000
vn 0.000000 0.000000 -1.000000
vn 0.000000 0.000000 -1.000000
vn 0.000000 0.000000 -1.000000
vn 0.000000 0.000000 -1.000000
vn 0.000000 0.000000 -1.000000
vn 0.000000 0.000000 -1.000000
vn 0.000000 0.000000 -1.000000
vn 0.000000 0.000000 -1.000000
vn 0.000000 0.000000 -1.000000
vn 0.000000 0.000000 -1.000000
vn 0.000000 0.000000 -1.000000
vn 0.000000 0.000000 -1.000000
vn 0.000000 0.000000 -1.000000
vn 0.000000 0.000000 -1.000000
vn 0.000000 0.000000 -1.000000
vn 0.000000 0.000000 -1.000000
vn 0.000000 0.000000 -1.000000
vn 0.000000 0.000000 -1.000000
vn 0.000000 0.000000 -1.000000
vn 0.000000 0.000000 -1.000000
vn 0.000000 0.000000 -1.000000
vn 0.000000 0.000000 -1.000000
vn 0.000000 0.000000 -1.000000
vn 0.000000 0.000000 -1.000000
vn 0.000000 0.000000 -1.000000
vn 0.000000 0.000000 -1.000000
vn 1.000000 0.000000 0.000000
vn 1.000000 0.000000 0.000000
vn 1.000000 0.000000 0.000000
vn 1.000000 0.000000 0.000000
vn 0.707107 0.000000 -0.707106
vn 0.707107 0.000000 -0.707106
vn 0.707107 0.000000 -0.707106
vn 0.707107 0.000000 -0.707106
vn 0.707108 0.000000 0.707105
vn 0.707108 0.000000 0.707105
vn 0.707108 0.000000 0.707106
vn 0.707108 0.000000 0.707106
vn 0.000000 0.000000 1.000000
vn 0.000000 0.000000 1.000000
vn 0.000000 0.000000 1.000000
vn 0.000000 0.000000 1.000000
vn 0.000000 0.000000 1.000000
vn 0.000000 0.000000 1.000000
vn 0.000000 0.000000 1.000000
vn 0.000000 0.000000 1.000000
vn 0.000000 0.000000 1.000000
vn 0.000000 0.000000 1.000000
vn 0.000000 0.000000 1.000000
vn 0.000000 0.000000 1.000000
vn 0.000000 0.000000 1.000000
vn 0.000000 0.000000 1.000000
vn 0.000000 0.000000 1.000000
vn 0.000000 0.000000 1.000000
vn 0.000000 0.000000 1.000000
vn 0.000000 0.000000 1.000000
vn 0.000000 0.000000 1.000000
vn 0.000000 0.000000 1.000000
vn 0.000000 0.000000 1.000000
vn 0.000000 0.000000 1.000000
vn 0.000000 0.000000 1.000000
vn 0.000000 0.000000 1.000000
vn 0.000000 0.000000 1.000000
vn 0.000000 0.000000 1.000000
vn 0.000000 0.000000 1.000000
vn 0.000000 0.000000 1.000000
vn 0.000000 0.000000 1.000000
vn 0.000000 0.000000 1.000000
vn 0.000000 0.000000 1.000000
vn 0.000000 0.000000 1.000000
vn 0.000000 0.000000 1.000000
vn 0.000000 0.000000 1.000000
vn 0.000000 0.000000 1.000000
vn 0.000000 0.000000 1.000000
vn -0.174765 0.593564 0.785582
vn -0.163507 0.602142 0.781467
vn -0.006388 0.705947 0.708236
vn -0.006388 0.705947 0.708236
vn 0.000000 0.000000 1.000000
vn -0.000000 0.000000 1.000000
vn -0.707106 0.707107 0.000000
vn -0.707106 0.707107 0.000000
vn -0.707106 0.707107 0.000000
vn -0.707106 0.707107 0.000000
vn -0.698711 0.001491 0.715403
vn -0.698711 0.001491 0.715403
vn -0.630337 0.113476 0.767983
vn -0.627969 0.116981 0.769396
vn -0.707103 0.707111 0.000000
vn -0.707103 0.707111 0.000000
vn -0.707103 0.707111 0.000000
vn -0.707103 0.707111 0.000000
vn -0.151114 0.610913 0.777142
vn -0.140416 0.618740 0.772945
vn -0.005036 0.706045 0.708149
vn -0.005036 0.706045 0.708149
vn 0.000000 0.000000 1.000000
vn -0.000000 0.000000 1.000000
vn -0.000000 0.000000 1.000000
vn -0.706148 0.003688 -0.708055
vn -0.706148 0.003688 -0.708055
vn -0.631115 0.122357 -0.765978
vn -0.637787 0.112774 -0.761912
vn 0.000000 0.000000 -1.000000
vn 0.000000 0.000000 -1.000000
vn 0.000000 0.000000 -1.000000
vn 0.000000 0.000000 -1.000000
vn 0.000000 0.000000 -1.000000
vn 0.000000 0.000000 -1.000000
vn 0.000000 0.000000 -1.000000
vn 0.000000 0.000000 -1.000000
vn 0.000000 0.000000 -1.000000
vn 0.000000 0.000000 -1.000000
vn 0.000000 0.000000 1.000000
vn 0.000000 0.000000 1.000000
vn 0.000000 0.000000 1.000000
vn 0.000000 0.000000 1.000000
vn 0.000000 0.000000 1.000000
vn 0.000000 0.000000 1.000000
vn 0.000000 0.000000 1.000000
vn 0.000000 0.000000 1.000000
vn 0.000000 0.000000 1.000000
vn 0.000000 0.000000 1.000000
vn 0.000000 0.000000 1.000000
vn 0.000000 0.000000 1.000000
vn 0.000000 0.000000 1.000000
vn 0.000000 0.000000 1.000000
vn 0.000000 0.000000 1.000000
vn 0.000000 0.000000 1.000000
vn 0.000000 0.000000 1.000000
vn 0.000000 0.000000 1.000000
vn -0.707110 0.707103 0.000000
vn -0.707110 0.707103 0.000000
vn -0.707110 0.707103 0.000000
vn -0.707110 0.707103 0.000000
vn -0.002038 0.698673 -0.715438
vn -0.002038 0.698673 -0.715438
vn -0.141162 0.611443 -0.778595
vn -0.145196 0.608585 -0.780091
vn -0.706184 0.003195 -0.708021
vn -0.706184 0.003195 -0.708021
vn -0.639352 0.110216 -0.760974
vn -0.645471 0.101240 -0.757045
vn -0.158878 0.598890 -0.784913
vn -0.163179 0.595751 -0.786418
vn -0.002450 0.698647 -0.715462
vn -0.002450 0.698647 -0.715462
vn 0.000000 0.000000 -1.000000
vn 0.000000 0.000000 -1.000000
vn 0.000000 0.000000 -1.000000
vn 0.000000 0.000000 -1.000000
vn 0.000000 0.000000 -1.000000
vn 0.000000 0.000000 -1.000000
vn 0.000000 0.000000 -1.000000
vn 0.000000 0.000000 -1.000000
vn 0.000000 0.000000 -1.000000
vn 0.000000 0.000000 -1.000000
vn 0.000000 0.000000 -1.000000
vn 0.000000 0.000000 -1.000000
vn 0.000000 0.000000 -1.000000
vn 0.000000 0.000000 -1.000000
vn 0.000000 0.000000 1.000000
vn 0.000000 0.000000 1.000000
vn 0.000000 0.000000 1.000000
vn 0.000000 0.000000 1.000000
vn 0.000000 0.000000 1.000000
vn 0.000000 0.000000 1.000000
vn 0.000000 0.000000 1.000000
vn 0.000000 0.000000 1.000000
vn 0.000000 0.000000 1.000000
vn 0.000000 0.000000 1.000000
vn 0.000000 0.000000 1.000000
vn 0.000000 0.000000 1.000000
vn 0.000000 0.000000 1.000000
vn 0.000000 0.000000 1.000000
vn 0.000000 0.000000 -1.000000
vn 0.000000 0.000000 -1.000000
vn 0.000000 0.000000 -1.000000
vn 0.000000 0.000000 -1.000000
vn 0.000000 0.000000 -1.000000
vn 0.000000 0.000000 -1.000000
vn 0.000000 0.000000 -1.000000
vn 0.000000 0.000000 -1.000000
vn 0.000000 0.000000 1.000000
vn 0.000000 0.000000 1.000000
vn 0.000000 0.000000 1.000000
vn 0.000000 0.000000 1.000000
vn 0.000000 0.000000 1.000000
vn 0.000000 0.000000 1.000000
vn 0.000000 0.000000 1.000000
vn 0.000000 0.000000 1.000000
vn 0.000000 0.000000 -1.000000
vn 0.000000 0.000000 -1.000000
vn 0.000000 0.000000 -1.000000
vn 0.000000 0.000000 -1.000000
vn 0.000000 0.000000 1.000000
vn 0.000000 0.000000 1.000000
vn 0.000000 0.000000 1.000000
vn 0.000000 0.000000 1.000000
vn 0.000001 -1.000000 0.000001
vn 0.000000 -1.000000 0.000000
vn 0.000000 -1.000000 0.000000
vn 0.000001 -1.000000 0.000001
vn 0.000001 -0.707106 0.707108
vn 0.000001 -0.707106 0.707108
vn 0.000001 -0.707107 0.707106
vn 0.000001 -0.707107 0.707106
vn 0.000000 0.000000 1.000000
vn 0.000000 0.000000 1.000000
vn 0.000000 0.000000 1.000000
vn 0.000001 -1.000000 0.000001
vn 0.000002 -1.000000 0.000001
vn 0.000002 -1.000000 0.000001
vn 0.000001 -1.000000 0.000001
vn 0.000000 0.000000 1.000000
vn 0.000000 0.000000 1.000000
vn 0.000000 0.000000 1.000000
vn 0.000000 0.000000 1.000000
vn 0.000000 0.000000 1.000000
vn 0.000000 0.000000 1.000000
vn 0.000000 0.000000 1.000000
vn 0.000000 0.000000 1.000000
vn 0.000000 0.000000 1.000000
vn 0.000000 0.000000 1.000000
vn 0.000000 0.000000 1.000000
vn 0.000000 0.000000 1.000000
vn 0.000000 0.000000 1.000000
vn 0.000000 0.000000 1.000000
vn 0.000000 0.000000 1.000000
vn 0.000000 0.000000 1.000000
vn 0.000000 0.000000 1.000000
vn 0.000000 0.000000 1.000000
vn -0.000001 0.000000 1.000000
vn 0.000000 0.000000 1.000000
vn 0.000000 0.000000 -1.000000
vn 0.000000 0.000000 -1.000000
vn 0.000000 0.000000 -1.000000
vn 0.000000 0.000000 -1.000000
vn -0.000000 0.000000 -1.000000
vn 0.000000 0.000000 -1.000000
vn 0.000000 0.000000 -1.000000
vn 0.000000 0.000000 -1.000000
vn 0.000000 0.000000 -1.000000
vn 0.000000 0.000000 -1.000000
vn 0.000000 0.000000 -1.000000
vn 0.000000 0.000000 -1.000000
vn 0.000000 0.000000 -1.000000
vn 0.000000 0.000000 -1.000000
vn 0.000000 0.000000 -1.000000
vn 0.000000 0.000000 -1.000000
vn 0.000000 0.000000 -1.000000
vn 0.000000 0.000000 -1.000000
vn 0.000000 0.000000 -1.000000
vn 0.000000 0.000000 -1.000000
vn 0.000000 0.000000 -1.000000
vn -0.000000 0.000000 -1.000000
vn 0.000000 0.000000 -1.000000
vn 0.000001 0.000000 -1.000000
vn 0.000000 0.000000 -1.000000
vn -0.000000 0.000000 -1.000000
vn 0.000001 -0.707107 -0.707107
vn 0.000001 -0.707107 -0.707107
vn 0.000001 -0.707106 -0.707107
vn 0.000001 -0.707106 -0.707107
vn 0.000000 1.000000 0.000000
vn 0.000000 1.000000 0.000000
vn 0.000000 1.000000 0.000000
vn 0.000000 1.000000 0.000000
vn 0.000000 0.707105 0.707108
vn 0.000000 0.707105 0.707108
vn 0.000000 0.707105 0.707108
vn 0.000000 0.707105 0.707108
vn 0.000000 0.707104 0.707110
vn 0.000000 0.707104 0.707110
vn 0.000000 0.707104 0.707109
vn 0.000000 0.707104 0.707109
vn 0.000000 1.000000 0.000000
vn 0.000000 1.000000 0.000000
vn 0.000000 1.000000 0.000000
vn 0.000000 1.000000 0.000000
vn 0.002629 0.704046 -0.710150
vn 0.002617 0.704060 -0.710135
vn -0.119098 0.653874 -0.747171
vn -0.108981 0.658229 -0.744888
vn 0.000000 0.707104 -0.707110
vn 0.000000 0.707104 -0.707110
vn 0.000000 0.707104 -0.707110
vn 0.000000 0.707104 -0.707110
vn 0.000000 1.000000 0.000000
vn 0.000000 1.000000 0.000000
vn 0.000000 1.000000 0.000000
vn 0.000000 1.000000 0.000000
vn 0.000000 1.000000 0.000000
vn 0.000000 1.000000 0.000000
vn 0.000000 1.000000 0.000000
vn 0.000000 1.000000 0.000000
vn -0.469455 0.477425 -0.742750
vn -0.540741 0.429147 -0.723486
vn -0.530186 0.448337 -0.719651
vn -0.584199 0.398341 -0.707132
vn 0.000000 0.707104 -0.707109
vn 0.000000 0.707104 -0.707109
vn 0.000000 0.707105 -0.707109
vn 0.000000 0.707105 -0.707109
vn 0.000000 0.707103 -0.707110
vn 0.000000 0.707103 -0.707110
vn 0.000000 0.707103 -0.707111
vn 0.000000 0.707103 -0.707111
vn 0.000000 0.707102 -0.707111
vn 0.000000 0.707102 -0.707111
vn 0.000000 0.707103 -0.707111
vn 0.000000 0.707103 -0.707111
vn -0.149311 0.988790 -0.000120
vn -0.778136 0.628096 -0.000085
vn -0.778001 0.628262 -0.000085
vn -0.149677 0.988735 -0.000121
vn 0.000000 -1.000000 0.000000
vn 0.000000 -1.000000 0.000000
vn 0.000000 -1.000000 0.000000
vn 0.000000 -1.000000 0.000000
vn 0.000000 0.000000 -1.000000
vn 0.000000 0.000000 -1.000000
vn -0.000000 1.000000 0.000000
vn 0.000000 1.000000 0.000000
vn 0.000000 1.000000 0.000000
vn -0.000000 1.000000 0.000000
vn 0.000000 0.000000 1.000000
vn -0.000000 0.000000 1.000000
vn 0.000000 0.000000 1.000000
vn 0.000000 0.000000 1.000000
vn 0.000000 0.000000 -1.000000
vn 0.000000 0.000000 -1.000000
vn -0.000000 -1.000000 -0.000000
vn -0.000000 -1.000000 -0.000000
vn 1.000000 0.000000 0.000000
vn 1.000000 0.000000 0.000000
vn -1.000000 0.000000 0.000000
vn -1.000000 0.000000 0.000000
vn -1.000000 0.000000 0.000000
vn -1.000000 0.000000 0.000000
vn 1.000000 0.000000 0.000000
vn 1.000000 0.000000 0.000000
vn 0.000000 0.000000 1.000000
vn 0.000000 0.000000 1.000000
vn -0.000000 1.000000 0.000000
vn -0.000000 1.000000 0.000000
vn 0.000000 0.000000 -1.000000
vn 0.000000 0.000000 -1.000000
vn 0.000000 -1.000000 0.000000
vn 0.000000 -1.000000 0.000000
vn 0.000000 0.000000 1.000000
vn -0.000000 0.000000 -1.000000
vn 0.000000 0.000000 -1.000000
vn 0.000000 0.000000 1.000000
vn 0.000001 0.000000 -1.000000
vn 0.000000 0.000000 1.000000
vn 0.000000 0.000000 -1.000000
vn -0.000000 0.000000 1.000000
vn -1.000000 -0.000000 0.000000
vn -1.000000 -0.000000 0.000000
vn -1.000000 -0.000000 0.000000
vn -1.000000 -0.000000 0.000000
vn -1.000000 0.000000 0.000000
vn -1.000000 0.000000 0.000000
vn -1.000000 0.000000 0.000000
vn -1.000000 0.000000 0.000000
vn -1.000000 -0.000000 0.000000
vn -1.000000 -0.000000 0.000000
vn -1.000000 -0.000000 0.000000
vn -1.000000 -0.000000 0.000000
vn -1.000000 0.000000 0.000000
vn -1.000000 0.000000 0.000000
vn -1.000000 0.000000 0.000000
vn -1.000000 0.000000 0.000000
vn 0.000000 1.000000 0.000000
vn 0.000000 1.000000 0.000000
vn 0.000000 1.000000 0.000000
vn 0.000000 1.000000 0.000000
vn 0.000000 1.000000 0.000000
vn 0.000000 1.000000 0.000000
vn 0.000000 1.000000 0.000000
vn 0.000000 1.000000 0.000000
vn 0.000000 1.000000 -0.000000
vn 0.000000 1.000000 -0.000000
vn 0.000000 1.000000 -0.000000
vn 0.000000 1.000000 -0.000000
vn 0.000000 1.000000 0.000001
vn 0.000000 1.000000 0.000001
vn -1.000000 -0.000000 0.000000
vn -1.000000 -0.000000 0.000000
vn -1.000000 -0.000000 0.000000
vn -1.000000 -0.000000 0.000000
vn -1.000000 -0.000000 0.000000
vn 0.000000 1.000000 0.000001
vn 0.000000 1.000000 0.000001
vn 0.000000 1.000000 -0.000000
vn 0.000000 1.000000 -0.000000
vn 0.000000 1.000000 -0.000000
vn 0.000000 1.000000 -0.000000
vn 0.000000 1.000000 0.000000
vn 0.000000 1.000000 0.000000
vn 0.000000 1.000000 0.000000
vn 0.000000 1.000000 0.000000
vn 0.000000 1.000000 0.000000
vn -0.000001 0.000000 -1.000000
vn 0.000000 1.000000 0.000000
vn 0.000000 1.000000 0.000000
vn 0.000001 0.000000 1.000000
vn -0.577350 -0.577353 0.577348
vn -0.577350 -0.577353 0.577348
vn -0.577350 -0.577353 0.577348
vn -0.577351 -0.577351 -0.577349
vn -0.577351 -0.577351 -0.577349
vn -0.577351 -0.577351 -0.577349
vn 0.577350 -0.577353 0.577348
vn 0.577350 -0.577353 0.577348
vn 0.577350 -0.577353 0.577348
vn 0.577349 0.577351 0.577351
vn 0.577349 0.577351 0.577351
vn 0.577349 0.577351 0.577351
vn 0.577349 0.577346 -0.577356
vn 0.577349 0.577347 -0.577356
vn 0.577349 0.577347 -0.577356
vn 0.577349 -0.577353 -0.577349
vn 0.577349 -0.577353 -0.577349
vn 0.577349 -0.577353 -0.577349
vn -0.394081 0.393258 -0.830692
vn -0.163083 0.434052 0.886004
vn -0.392120 0.393968 0.831283
vn -0.166248 0.433787 -0.885545
vn -0.577353 0.577349 0.577349
vn -0.577353 0.577349 0.577349
vn -0.577353 0.577349 0.577349
vn -0.392120 0.393966 0.831284
vn -0.577354 0.577348 -0.577349
vn -0.577354 0.577348 -0.577349
vn -0.577354 0.577348 -0.577349
vn -0.393968 0.392122 -0.831282
vn -0.577355 0.577347 0.577348
vn -0.577355 0.577347 0.577348
vn -0.577355 0.577347 0.577348
vn -0.392120 0.393969 0.831282
vn -0.577352 0.577351 0.577348
vn -0.577352 0.577351 0.577348
vn -0.577352 0.577351 0.577348
vn -0.392121 0.393970 0.831281
vn -0.577351 0.577351 -0.577349
vn -0.577351 0.577351 -0.577349
vn -0.577351 0.577351 -0.577349
vn -0.577353 0.577346 -0.577353
vn -0.577353 0.577346 -0.577353
vn -0.577353 0.577346 -0.577353
vn -0.393966 0.392119 -0.831284
vn -0.393968 0.392122 -0.831282
vn -0.577354 0.577345 0.577352
vn -0.577354 0.577345 0.577352
vn -0.577354 0.577345 0.577352
vn -0.577354 0.577347 -0.577349
vn -0.577354 0.577347 -0.577349
vn -0.577354 0.577347 -0.577349
vn -0.483832 0.487354 -0.726906
vn -0.483832 0.487354 -0.726906
vn 0.000000 0.000000 1.000000
vn 0.000000 0.000000 1.000000
vn 0.000000 0.000000 1.000000
vn 0.000000 0.000000 1.000000
vn 0.000000 0.000000 -1.000000
vn 0.000000 0.000000 -1.000000
vn 0.000000 0.000000 -1.000000
vn 0.000000 0.000000 -1.000000
vn 0.000000 0.000000 1.000000
vn 0.000000 0.000000 1.000000
vn 0.000000 0.000000 1.000000
vn 0.000000 0.000000 1.000000
vn 0.000000 0.000000 -1.000000
vn 0.000000 0.000000 -1.000000
vn 0.000000 0.000000 -1.000000
vn 0.000000 0.000000 -1.000000
vn -0.744130 -0.668035 0.000000
vn -0.744130 -0.668035 0.000000
vn -0.744130 -0.668035 0.000000
vn -0.744130 -0.668035 0.000000
vn 0.000000 -0.690383 0.723444
vn 0.000000 -0.690383 0.723444
vn 0.000000 -0.690383 0.723444
vn 0.000000 -0.690383 0.723444
vn -0.728363 0.000000 0.685192
vn -0.728363 0.000000 0.685192
vn -0.728363 0.000000 0.685192
vn -0.728363 0.000000 0.685192
vn 0.744130 -0.668035 0.000000
vn 0.744130 -0.668035 0.000000
vn 0.744130 -0.668035 0.000000
vn 0.744130 -0.668035 0.000000
vn 0.728363 0.000000 0.685192
vn 0.728363 0.000000 0.685192
vn 0.728363 0.000000 0.685192
vn 0.728363 0.000000 0.685192
vn -0.728363 0.000000 0.685192
vn -0.728363 0.000000 0.685192
vn -0.728363 0.000000 0.685192
vn -0.728363 0.000000 0.685192
vn 0.000000 0.690384 0.723443
vn 0.000000 0.690384 0.723443
vn 0.000000 0.690384 0.723443
vn 0.000000 0.690384 0.723443
vn -0.744130 0.668035 0.000000
vn -0.744130 0.668035 0.000000
vn -0.744130 0.668035 0.000000
vn -0.744130 0.668035 0.000000
vn 0.728363 0.000000 0.685192
vn 0.728363 0.000000 0.685192
vn 0.728363 0.000000 0.685192
vn 0.728363 0.000000 0.685192
vn 0.744130 0.668035 0.000000
vn 0.744130 0.668035 0.000000
vn 0.744130 0.668035 0.000000
vn 0.744130 0.668035 0.000000
vn -0.744130 0.668035 0.000000
vn -0.744130 0.668035 0.000000
vn -0.744130 0.668035 0.000000
vn -0.744130 0.668035 0.000000
vn 0.000000 0.690384 -0.723443
vn 0.000000 0.690384 -0.723443
vn 0.000000 0.690384 -0.723443
vn 0.000000 0.690384 -0.723443
vn -0.728363 0.000000 -0.685192
vn -0.728363 0.000000 -0.685192
vn -0.728363 0.000000 -0.685191
vn -0.728363 0.000000 -0.685191
vn 0.744130 0.668035 0.000000
vn 0.744130 0.668035 0.000000
vn 0.744130 0.668035 0.000000
vn 0.744130 0.668035 0.000000
vn 0.728363 0.000000 -0.685192
vn 0.728363 0.000000 -0.685192
vn 0.728363 0.000000 -0.685191
vn 0.728363 0.000000 -0.685191
vn -0.728363 0.000000 -0.685191
vn -0.728363 0.000000 -0.685191
vn -0.728363 0.000000 -0.685191
vn -0.728363 0.000000 -0.685191
vn 0.000000 -0.690384 -0.723443
vn 0.000000 -0.690384 -0.723443
vn 0.000000 -0.690384 -0.723443
vn 0.000000 -0.690384 -0.723443
vn -0.744130 -0.668035 0.000000
vn -0.744130 -0.668035 0.000000
vn -0.744130 -0.668035 0.000000
vn -0.744130 -0.668035 0.000000
vn 0.728363 0.000000 -0.685191
vn 0.728363 0.000000 -0.685191
vn 0.728363 0.000000 -0.685191
vn 0.728363 0.000000 -0.685191
vn 0.744130 -0.668035 0.000000
vn 0.744130 -0.668035 0.000000
vn 0.744130 -0.668035 0.000000
vn 0.744130 -0.668035 0.000000
vn 0.000000 0.000000 1.000000
vn 0.000000 0.000000 1.000000
vn 0.000000 0.000000 1.000000
vn 0.000000 0.000000 1.000000
vn -0.718138 -0.001552 0.695899
vn -0.718130 -0.001553 0.695907
vn -0.715176 -0.001400 0.698943
vn -0.707228 -0.000888 0.706985
vn -1.000000 0.000000 0.000000
vn -1.000000 -0.000000 0.000000
vn -1.000000 -0.000000 0.000000
vn -1.000000 0.000000 0.000000
vn 1.000000 -0.000000 0.000000
vn 1.000000 0.000000 0.000000
vn 1.000000 -0.000000 0.000000
vn 1.000000 -0.000000 0.000000
vn 0.715535 -0.000907 0.698577
vn 0.715547 -0.000906 0.698564
vn 0.705735 -0.000499 0.708475
vn 0.712216 -0.001408 0.701959
vn 0.000000 1.000000 0.000000
vn 0.000000 1.000000 0.000000
vn 0.000000 1.000000 0.000000
vn 0.000000 1.000000 0.000000
vn -0.744130 0.668035 0.000000
vn -0.744130 0.668035 0.000000
vn -0.744130 0.668035 0.000000
vn -0.744130 0.668035 0.000000
vn -1.000000 0.000000 0.000000
vn -1.000000 0.000000 0.000000
vn -1.000000 0.000000 0.000000
vn -1.000000 0.000000 0.000000
vn 1.000000 0.000002 0.000000
vn 1.000000 0.000000 0.000000
vn 1.000000 0.000000 0.000000
vn 1.000000 0.000001 0.000000
vn 0.744130 0.668035 0.000000
vn 0.744130 0.668035 0.000000
vn 0.744130 0.668035 0.000000
vn 0.744130 0.668035 0.000000
vn 0.000000 0.000000 -1.000000
vn 0.000000 0.000000 -1.000000
vn 0.000000 0.000000 -1.000000
vn 0.000000 0.000000 -1.000000
vn -0.720419 0.002967 -0.693532
vn -0.720393 0.002977 -0.693560
vn -0.714605 0.003089 -0.699522
vn -0.704108 0.001222 -0.710092
vn -1.000000 0.000000 0.000000
vn -1.000000 0.000000 0.000000
vn -1.000000 0.000000 0.000000
vn -1.000000 0.000000 0.000000
vn 1.000000 -0.000000 0.000000
vn 1.000000 0.000000 0.000000
vn 1.000000 0.000000 0.000000
vn 1.000000 -0.000000 0.000000
vn 0.718151 0.001741 -0.695886
vn 0.718193 0.001734 -0.695841
vn 0.703174 0.000687 -0.711017
vn 0.711669 0.003118 -0.702508
vn 0.000000 -0.690384 0.723443
vn 0.000000 -0.690384 0.723443
vn 0.000000 -0.690384 0.723443
vn 0.000000 -0.690384 0.723443
vn -0.732724 -0.003926 0.680515
vn -0.732724 -0.003926 0.680515
vn -0.732203 -0.038916 0.679974
vn -0.732274 -0.036248 0.680044
vn 0.723958 -0.003929 0.689833
vn 0.723958 -0.003929 0.689833
vn 0.723417 -0.037837 0.689373
vn 0.723430 -0.037380 0.689385
vn -0.744130 0.668035 0.000000
vn -0.744130 0.668035 0.000000
vn -0.744130 0.668035 0.000000
vn -0.744130 0.668035 0.000000
vn 0.000000 1.000000 0.000000
vn 0.000000 1.000000 0.000000
vn 0.000000 1.000000 0.000000
vn 0.000000 1.000000 0.000000
vn -0.744130 0.668035 0.000000
vn -0.744130 0.668035 0.000000
vn -0.744130 0.668035 0.000000
vn -0.744130 0.668035 0.000000
vn -1.000000 0.000000 0.000000
vn -1.000000 0.000000 0.000000
vn -1.000000 0.000000 0.000000
vn -1.000000 0.000000 0.000000
vn 0.000000 1.000000 0.000000
vn 0.000000 1.000000 0.000000
vn 0.000000 1.000000 0.000000
vn 0.000000 1.000000 0.000000
vn -0.744130 0.668035 0.000000
vn -0.744130 0.668035 0.000000
vn -0.744130 0.668035 0.000000
vn -0.744130 0.668035 0.000000
vn -1.000000 0.000000 0.000000
vn -1.000000 0.000000 0.000000
vn -0.999457 -0.017231 0.028088
vn -0.998426 -0.029325 0.047802
vn 1.000000 -0.000003 0.000000
vn 1.000000 -0.000002 0.000000
vn 1.000000 -0.000002 0.000000
vn 1.000000 -0.000003 0.000000
vn 0.744130 0.668035 0.000000
vn 0.744130 0.668035 0.000000
vn 0.744130 0.668035 0.000000
vn 0.744130 0.668035 0.000000
vn 0.744130 0.668035 0.000000
vn 0.744130 0.668035 0.000000
vn 0.744130 0.668035 0.000000
vn 0.744130 0.668035 0.000000
vn 1.000000 -0.000000 0.000000
vn 1.000000 -0.000003 0.000000
vn 0.998420 -0.029386 0.047902
vn 0.999431 -0.017640 0.028756
vn 0.744130 0.668035 0.000000
vn 0.744130 0.668035 0.000000
vn 0.744130 0.668035 0.000000
vn 0.744130 0.668035 0.000000
vn 0.000000 -1.000000 -0.000000
vn 0.000000 -1.000000 0.000000
vn 0.000000 -1.000000 0.000000
vn 0.000000 -1.000000 -0.000000
vn -0.747228 -0.664562 -0.002634
vn -0.747227 -0.664564 -0.002633
vn -0.748074 -0.663607 -0.003356
vn -0.748074 -0.663607 -0.003356
vn -0.741945 -0.670450 0.003781
vn -0.741946 -0.670448 0.003779
vn -0.741339 -0.671114 0.004824
vn -0.741339 -0.671114 0.004824
vn -1.000000 0.000000 0.000000
vn -1.000000 0.000000 0.000000
vn -0.998420 -0.029382 -0.047902
vn -0.999431 -0.017639 -0.028756
vn 0.000000 1.000000 0.000000
vn 0.000000 1.000000 0.000000
vn 0.000000 1.000000 0.000000
vn 0.000000 1.000000 0.000000
vn -0.723958 -0.003929 -0.689833
vn -0.723958 -0.003929 -0.689833
vn -0.723417 -0.037837 -0.689374
vn -0.723430 -0.037380 -0.689385
vn 0.000000 -0.690384 -0.723443
vn 0.000000 -0.690384 -0.723443
vn 0.000000 -0.690384 -0.723443
vn 0.000000 -0.690384 -0.723443
vn 0.732723 -0.003925 -0.680515
vn 0.732723 -0.003925 -0.680515
vn 0.732203 -0.038916 -0.679974
vn 0.732274 -0.036248 -0.680045
vn 1.000000 -0.000002 0.000000
vn 1.000000 0.000001 0.000000
vn 0.999457 -0.017230 -0.028088
vn 0.998426 -0.029327 -0.047802
vn -1.000000 0.000000 0.000000
vn -1.000000 0.000000 0.000000
vn -1.000000 0.000000 0.000000
vn -0.999747 -0.011764 -0.019179
vn 0.000000 0.000000 -1.000000
vn 0.000000 0.000000 -1.000000
vn 0.000000 0.000000 -1.000000
vn 0.000000 0.000000 -1.000000
vn -1.000000 0.000000 0.000000
vn -1.000000 0.000000 0.000000
vn -1.000000 0.000000 0.000000
vn 0.000000 1.000000 0.000000
vn 0.000000 1.000000 0.000000
vn 0.000000 1.000000 0.000000
vn 0.000000 1.000000 0.000000
vn 1.000000 0.000000 0.000000
vn 1.000000 0.000000 0.000000
vn 1.000000 -0.000001 0.000000
vn -1.000000 0.000000 0.000000
vn -1.000000 -0.000000 0.000000
vn -1.000000 -0.000000 0.000000
vn -1.000000 0.000000 0.000000
vn 0.000000 0.000000 1.000000
vn -0.000000 0.000000 1.000000
vn -0.000000 0.000000 1.000000
vn 0.000000 0.000000 1.000000
vn 0.999747 -0.011765 0.019179
vn -0.001290 -0.843754 0.536728
vn -0.000067 -0.490844 0.871247
vn -0.000066 -0.490696 0.871331
vn -0.001290 -0.843754 0.536728
vn -0.999750 -0.011694 0.019061
vn 0.001289 -0.843754 -0.536728
vn 0.000067 -0.490844 -0.871247
vn 0.000066 -0.490696 -0.871331
vn 0.001289 -0.843754 -0.536728
vn 0.741339 -0.671114 -0.004824
vn 0.741339 -0.671114 -0.004824
vn 0.741945 -0.670450 -0.003781
vn 0.741946 -0.670449 -0.003779
vn 0.999750 -0.011693 -0.019061
vn 1.000000 -0.000000 0.000000
vn -0.000000 0.000000 1.000000
vn -0.000000 0.000000 1.000000
vn -0.000000 0.000000 1.000000
vn -0.000000 0.000000 1.000000
vn -0.699391 -0.000352 0.714739
vn -0.699391 -0.000345 0.714739
vn -0.703173 0.000687 0.711018
vn 0.000000 0.000000 1.000000
vn -0.000000 0.000000 1.000000
vn -0.000000 0.000000 1.000000
vn 0.000000 0.000000 1.000000
vn -0.711669 0.003119 0.702508
vn -0.718150 0.001742 0.695886
vn -0.718193 0.001734 0.695841
vn -0.699393 0.000345 -0.714737
vn -0.705736 -0.000500 -0.708474
vn -0.699393 0.000352 -0.714737
vn 0.000000 0.000000 -1.000000
vn 0.000000 0.000000 -1.000000
vn 0.000000 0.000000 -1.000000
vn 0.000000 0.000000 -1.000000
vn -0.712216 -0.001409 -0.701959
vn -0.715535 -0.000907 -0.698576
vn -0.715547 -0.000906 -0.698564
vn 0.000000 0.000000 -1.000000
vn 0.000000 0.000000 -1.000000
vn 0.000000 0.000000 -1.000000
vn 0.000000 0.000000 -1.000000
vn 0.715175 -0.001399 -0.698944
vn 0.707229 -0.000888 -0.706984
vn 0.718137 -0.001552 -0.695900
vn 0.718130 -0.001553 -0.695908
vn 0.699393 -0.000352 -0.714737
vn 0.699393 -0.000346 -0.714737
vn 1.000000 0.000001 0.000000
vn 1.000000 0.000000 0.000000
vn 1.000000 0.000000 0.000000
vn 1.000000 0.000000 0.000000
vn 0.699391 0.000345 0.714739
vn 0.704107 0.001222 0.710093
vn 0.699391 0.000352 0.714739
vn 0.714605 0.003088 0.699521
vn 0.720420 0.002966 0.693532
vn 0.720393 0.002976 0.693560
vn -0.000000 0.000000 -1.000000
vn -0.000000 0.000000 -1.000000
vn -0.000000 0.000000 -1.000000
vn -0.000000 0.000000 -1.000000
vn 0.000000 0.000000 1.000000
vn 0.000000 0.000000 1.000000
vn 0.000000 0.000000 1.000000
vn 0.000000 0.000000 1.000000
vn 1.000000 0.000000 0.000000
vn 1.000000 -0.000000 0.000000
vn 0.747230 -0.664560 0.002634
vn 0.747229 -0.664561 0.002633
vn 0.748077 -0.663603 0.003357
vn 0.748077 -0.663603 0.003357
vn 0.000000 0.000000 1.000000
vn 0.000000 0.000000 1.000000
vn 0.000000 1.000000 0.000000
vn 0.000000 1.000000 0.000000
vn 0.000000 0.000000 -1.000000
vn 0.000000 0.000000 -1.000000
vn 0.000000 -1.000000 0.000000
vn 0.000000 -1.000000 0.000000
vn 0.000000 -1.000000 0.000000
vn 0.000000 -1.000000 0.000000
vn 1.000000 0.000001 0.000000
vn 1.000000 0.000001 0.000000
vn -1.000000 0.000000 0.000000
vn -1.000000 0.000000 0.000000
vn -1.000000 0.000000 0.000000
vn -1.000000 0.000000 0.000000
vn 0.000000 -1.000000 0.000000
vn 0.000000 -1.000000 0.000000
vn 0.000000 -1.000000 0.000000
vn 0.000000 -1.000000 0.000000
vn 1.000000 0.000001 0.000000
vn 1.000000 0.000001 0.000000
vn 0.000000 1.000000 0.000000
vn 0.000000 1.000000 0.000000
vn -1.000000 0.000000 0.000000
vn -1.000000 0.000000 0.000000
vn 0.000000 0.000000 -1.000000
vn 0.000000 0.000000 -1.000000
vn 1.000000 0.000000 0.000000
vn 1.000000 0.000000 0.000000
vn 0.000000 0.000000 1.000000
vn 0.000000 0.000000 1.000000
vn -1.000000 0.000000 0.000000
vn -1.000000 0.000000 0.000000
vn -1.000000 0.000000 0.000000
vn -1.000000 0.000000 0.000000
vn -1.000000 0.000000 0.000000
vn -1.000000 0.000000 0.000000
vn -1.000000 0.000000 0.000000
vn -1.000000 0.000000 0.000000
vn 1.000000 0.000000 0.000000
vn 1.000000 0.000000 0.000000
vn 1.000000 0.000000 0.000000
vn 1.000000 0.000000 0.000000
vn 1.000000 0.000000 0.000000
vn 1.000000 0.000000 0.000000
vn 1.000000 0.000000 0.000000
vn 1.000000 0.000000 0.000000
vn -1.000000 -0.000000 0.000000
vn -1.000000 -0.000000 0.000000
vn -1.000000 -0.000000 0.000000
vn -1.000000 -0.000000 0.000000
vn 1.000000 0.000000 0.000000
vn 1.000000 0.000000 0.000000
vn 1.000000 0.000000 0.000000
vn 1.000000 0.000000 0.000000
vn -1.000000 0.000000 0.000000
vn -1.000000 0.000000 0.000000
vn -1.000000 0.000000 0.000000
vn -1.000000 0.000000 0.000000
vn -1.000000 0.000000 0.000000
vn -1.000000 0.000000 0.000000
vn -1.000000 0.000000 0.000000
vn -1.000000 0.000000 0.000000
vn 1.000000 -0.000000 0.000000
vn 1.000000 -0.000000 0.000000
vn 1.000000 0.000000 0.000000
vn 1.000000 0.000000 0.000000
vn 1.000000 0.000000 0.000000
vn 1.000000 0.000000 0.000000
vn 1.000000 -0.000000 0.000000
vn 1.000000 -0.000000 0.000000
vn 0.000000 -1.000000 -0.000000
vn 0.000000 -1.000000 -0.000000
vn 0.000000 -1.000000 0.000000
vn 0.000000 -1.000000 0.000000
vn -0.000000 -0.468409 0.883512
vn -0.000000 -0.468409 0.883512
vn 0.000000 0.000000 1.000000
vn 0.000000 0.000000 1.000000
vn -0.000000 0.000000 1.000000
vn -0.000000 0.000000 1.000000
vn 0.000000 -0.468409 -0.883512
vn 0.000000 -0.468409 -0.883512
vn 0.000000 0.000000 -1.000000
vn 0.000000 0.000000 -1.000000
vn 0.000000 0.000000 -1.000000
vn 0.000000 0.000000 -1.000000
vn -0.609608 -0.547268 0.573477
vn -0.609608 -0.547268 0.573477
vn -0.609608 -0.547268 0.573477
vn 0.609605 -0.547273 0.573475
vn 0.609605 -0.547273 0.573475
vn 0.609605 -0.547273 0.573475
vn -0.609607 0.547269 0.573477
vn -0.609607 0.547269 0.573477
vn -0.609607 0.547269 0.573477
vn 0.609604 0.547274 0.573475
vn 0.609604 0.547274 0.573475
vn 0.609604 0.547274 0.573475
vn -0.609607 0.547269 -0.573477
vn -0.609607 0.547269 -0.573477
vn -0.609607 0.547269 -0.573477
vn 0.609604 0.547274 -0.573475
vn 0.609604 0.547274 -0.573475
vn 0.609604 0.547274 -0.573475
vn -0.609609 -0.547268 -0.573476
vn -0.609609 -0.547268 -0.573476
vn -0.609609 -0.547268 -0.573476
vn 0.609607 -0.547273 -0.573474
vn 0.609607 -0.547273 -0.573474
vn 0.609607 -0.547273 -0.573474
vn -0.609609 -0.547268 0.573476
vn -0.609609 -0.547268 0.573476
vn -0.609609 -0.547268 0.573476
vn 0.609609 -0.547268 0.573476
vn 0.609609 -0.547268 0.573476
vn 0.609609 -0.547268 0.573476
vn -0.609609 -0.547268 -0.573476
vn -0.609609 -0.547268 -0.573476
vn -0.609609 -0.547268 -0.573476
vn 0.609609 -0.547268 -0.573476
vn 0.609609 -0.547268 -0.573476
vn 0.609609 -0.547268 -0.573476
vn 0.671904 -0.399931 -0.623378
vn -0.671906 -0.399927 0.623379
vn -0.881639 -0.246779 0.402260
vn 0.881640 -0.246776 -0.402260
vn -0.663129 -0.400211 -0.632528
vn 0.663129 -0.400211 0.632528
vn -0.885608 -0.242835 -0.395892
vn 0.885607 -0.242838 0.395892
vn 0.000000 0.000000 1.000000
vn 0.000000 0.000000 1.000000
vn 0.000000 0.000000 1.000000
vn 0.000000 0.000000 1.000000
vn 0.000000 1.000000 0.000000
vn 0.000000 1.000000 0.000000
vn 0.000000 1.000000 0.000000
vn 0.000000 1.000000 0.000000
vn 0.000000 0.000000 -1.000000
vn 0.000000 0.000000 -1.000000
vn 0.000000 0.000000 -1.000000
vn 0.000000 0.000000 -1.000000
vn 0.000000 -1.000000 0.000000
vn 0.000000 -1.000000 0.000000
vn 0.000000 -1.000000 0.000000
vn 0.000000 -1.000000 0.000000
vn 1.000000 0.000000 0.000000
vn 1.000000 0.000000 0.000000
vn 1.000000 0.000000 0.000000
vn 1.000000 0.000000 0.000000
vn -1.000000 0.000000 0.000000
vn -1.000000 0.000000 0.000000
vn -1.000000 0.000000 0.000000
vn -1.000000 0.000000 0.000000
vn 0.951057 0.000000 -0.309015
vn 0.809017 0.000000 -0.587785
vn 0.809017 0.000000 -0.587785
vn 0.951057 0.000000 -0.309015
vn 0.587785 0.000000 -0.809017
vn 0.587785 0.000000 -0.809017
vn 0.309016 0.000000 -0.951057
vn 0.309016 0.000000 -0.951057
vn 0.000000 0.000000 -1.000000
vn 0.000000 0.000000 -1.000000
vn -0.309017 0.000000 -0.951057
vn -0.309017 0.000000 -0.951057
vn -0.587786 0.000000 -0.809016
vn -0.587786 0.000000 -0.809016
vn -0.809017 0.000000 -0.587785
vn -0.809017 0.000000 -0.587785
vn -0.951057 0.000000 -0.309017
vn -0.951057 0.000000 -0.309017
vn -1.000000 0.000000 0.000000
vn -1.000000 0.000000 0.000000
vn -0.951057 0.000000 0.309017
vn -0.951057 0.000000 0.309017
vn -0.809017 0.000000 0.587785
vn -0.809017 0.000000 0.587785
vn -0.587786 0.000000 0.809017
vn -0.587786 0.000000 0.809017
vn -0.309017 0.000000 0.951056
vn -0.309017 0.000000 0.951056
vn 0.000000 0.000000 1.000000
vn 0.000000 0.000000 1.000000
vn 0.309017 0.000000 0.951056
vn 0.309017 0.000000 0.951056
vn 0.587785 0.000000 0.809017
vn 0.587785 0.000000 0.809017
vn 0.809017 0.000000 0.587785
vn 0.809017 0.000000 0.587785
vn 0.951057 0.000000 0.309017
vn 0.951057 0.000000 0.309017
vn 1.000000 0.000000 0.000001
vn 1.000000 0.000000 0.000001
vn 0.000000 -1.000000 0.000001
vn 0.000000 -1.000000 0.000001
vn 0.000000 -1.000000 0.000000
vn 0.000000 -1.000000 0.000000
vn 0.000000 -1.000000 0.000000
vn 0.000000 -1.000000 0.000000
vn 0.000000 -1.000000 0.000000
vn 0.000000 -1.000000 0.000000
vn 0.000000 -1.000000 0.000001
vn 0.000000 -1.000000 0.000001
vn 0.000000 -1.000000 0.000000
vn 0.000000 -1.000000 -0.000001
vn 0.000000 -1.000000 -0.000001
vn 0.000000 -1.000000 0.000000
vn 0.000000 -1.000000 0.000000
vn 0.000000 -1.000000 0.000000
vn 0.000000 -1.000000 0.000000
vn 0.000000 -1.000000 0.000000
vn 0.000000 -1.000000 -0.000001
vn 0.000000 -1.000000 -0.000001
vn 0.000000 -1.000000 0.000000
vn 0.000000 1.000000 0.000000
vn 0.000000 1.000000 0.000000
vn 0.000000 1.000000 -0.000001
vn 0.000000 1.000000 0.000000
vn 0.000000 1.000000 0.000000
vn 0.000000 1.000000 0.000000
vn 0.000000 1.000000 -0.000003
vn 0.000000 1.000000 -0.000005
vn 0.000000 1.000000 -0.000003
vn 0.000000 1.000000 0.000005
vn 0.000000 1.000000 0.000000
vn 0.000000 1.000000 -0.000005
vn 0.000000 1.000000 0.000000
vn 0.000000 1.000000 0.000003
vn 0.000000 1.000000 0.000003
vn 0.000000 1.000000 0.000000
vn 0.000000 1.000000 0.000000
vn 0.000000 1.000000 0.000003
vn 0.000000 1.000000 0.000003
vn 0.000000 1.000000 -0.000005
vn 0.000000 1.000000 -0.000005
vn 0.000000 0.000000 1.000000
vn 0.000000 0.000000 1.000000
vn 0.000000 0.000000 1.000000
vn 0.000000 0.000000 1.000000
vn 0.000000 1.000000 0.000000
vn 0.000000 1.000000 0.000000
vn 0.000000 1.000000 0.000000
vn 0.000000 1.000000 0.000000
vn 0.000000 0.000000 -1.000000
vn 0.000000 0.000000 -1.000000
vn 0.000000 0.000000 -1.000000
vn 0.000000 0.000000 -1.000000
vn 0.000000 -1.000000 0.000000
vn 0.000000 -1.000000 0.000000
vn 0.000000 -1.000000 0.000000
vn 0.000000 -1.000000 0.000000
vn 1.000000 0.000000 0.000000
vn 1.000000 0.000000 0.000000
vn 1.000000 0.000000 0.000000
vn 1.000000 0.000000 0.000000
vn -1.000000 0.000000 0.000000
vn -1.000000 0.000000 0.000000
vn -1.000000 0.000000 0.000000
vn -1.000000 0.000000 0.000000
vn 0.000000 0.000000 1.000000
vn 0.000000 0.000000 1.000000
vn 0.000000 0.000000 1.000000
vn 0.000000 0.000000 1.000000
vn 0.000000 1.000000 0.000000
vn 0.000000 1.000000 0.000000
vn 0.000000 1.000000 0.000000
vn 0.000000 1.000000 0.000000
vn 0.000000 0.000000 -1.000000
vn 0.000000 0.000000 -1.000000
vn 0.000000 0.000000 -1.000000
vn 0.000000 0.000000 -1.000000
vn 0.000000 -1.000000 0.000000
vn 0.000000 -1.000000 0.000000
vn 0.000000 -1.000000 0.000000
vn 0.000000 -1.000000 0.000000
vn 1.000000 0.000000 0.000000
vn 1.000000 0.000000 0.000000
vn 1.000000 0.000000 0.000000
vn 1.000000 0.000000 0.000000
vn -1.000000 -0.000000 0.000000
vn -1.000000 -0.000000 0.000000
vn -1.000000 -0.000000 0.000000
vn -1.000000 -0.000000 0.000000
s 1
g Windmill
usemtl initialShadingGroup
f 1/21/1 2/22/2 22/43/3 21/42/4
f 2/22/2 3/23/5 23/44/6 22/43/3
f 3/23/5 4/24/7 24/45/8 23/44/6
f 4/24/7 5/25/9 25/46/10 24/45/8
f 5/25/9 6/26/11 26/47/12 25/46/10
f 6/26/11 7/27/13 27/48/14 26/47/12
f 7/27/13 8/28/15 28/49/16 27/48/14
f 8/28/15 9/29/17 29/50/18 28/49/16
f 9/29/17 10/30/19 30/51/20 29/50/18
f 10/30/19 11/31/21 31/52/22 30/51/20
f 11/31/21 12/32/23 32/53/24 31/52/22
f 12/32/23 13/33/25 33/54/26 32/53/24
f 13/33/25 14/34/27 34/55/28 33/54/26
f 14/34/27 15/35/29 35/56/30 34/55/28
f 15/35/29 16/36/31 36/57/32 35/56/30
f 16/36/31 17/37/33 37/58/34 36/57/32
f 17/37/33 18/38/35 38/59/36 37/58/34
f 18/38/35 19/39/37 39/60/38 38/59/36
f 19/39/37 20/40/39 40/61/40 39/60/38
f 20/40/39 1/41/1 21/62/4 40/61/40
s 2
f 39/63/41 40/82/42 42/84/43 41/83/44
f 40/82/42 21/81/45 43/85/46 42/84/43
f 21/81/45 22/80/47 44/86/48 43/85/46
f 22/80/47 23/79/49 45/87/50 44/86/48
f 23/79/49 24/78/51 46/88/52 45/87/50
f 24/78/51 25/77/53 47/89/54 46/88/52
f 25/77/53 26/76/55 48/90/56 47/89/54
f 26/76/55 27/75/57 49/91/58 48/90/56
f 27/75/57 28/74/59 50/92/60 49/91/58
f 28/74/59 29/73/61 51/93/62 50/92/60
f 29/73/61 30/72/63 52/94/64 51/93/62
f 30/72/63 31/71/65 53/95/66 52/94/64
f 31/71/65 32/70/67 54/96/68 53/95/66
f 32/70/67 33/69/69 55/97/70 54/96/68
f 33/69/69 34/68/71 56/98/72 55/97/70
f 34/68/71 35/67/73 57/99/74 56/98/72
f 35/67/73 36/66/75 58/100/76 57/99/74
f 36/66/75 37/65/77 59/101/78 58/100/76
f 37/65/77 38/64/79 60/102/80 59/101/78
f 38/64/79 39/63/41 41/83/44 60/102/80
s 3
f 19/19/81 18/18/82 62/104/83 61/103/84
f 18/18/82 17/17/85 63/105/86 62/104/83
f 17/17/85 16/16/87 64/106/88 63/105/86
f 16/16/87 15/15/89 65/107/90 64/106/88
f 15/15/89 14/14/91 66/108/92 65/107/90
f 14/14/91 13/13/93 67/109/94 66/108/92
f 13/13/93 12/12/95 68/110/96 67/109/94
f 12/12/95 11/11/97 69/111/98 68/110/96
f 11/11/97 10/10/99 70/112/100 69/111/98
f 10/10/99 9/9/101 71/113/102 70/112/100
f 9/9/101 8/8/103 72/114/104 71/113/102
f 8/8/103 7/7/105 73/115/106 72/114/104
f 7/7/105 6/6/107 74/116/108 73/115/106
f 6/6/107 5/5/109 75/117/110 74/116/108
f 5/5/109 4/4/111 76/118/112 75/117/110
f 4/4/111 3/3/113 77/119/114 76/118/112
f 3/3/113 2/2/115 78/120/116 77/119/114
f 2/2/115 1/1/117 79/121/118 78/120/116
f 1/1/117 20/20/119 80/122/120 79/121/118
f 20/20/119 19/19/81 61/103/84 80/122/120
s off
f 43/85/121 44/86/122 78/120/123 79/121/124
f 44/86/125 45/87/126 77/119/127 78/120/128
f 45/87/129 46/88/130 76/118/131 77/119/132
f 46/88/133 47/89/134 75/117/135 76/118/136
f 47/89/137 48/90/138 74/116/139 75/117/140
f 48/90/141 49/91/142 73/115/143 74/116/144
f 49/91/145 50/92/146 72/114/147 73/115/148
f 50/92/149 51/93/150 71/113/151 72/114/152
f 51/93/153 52/94/154 70/112/155 71/113/156
f 52/94/157 53/95/158 69/111/159 70/112/160
f 53/95/161 54/96/162 68/110/163 69/111/164
f 54/96/165 55/97/166 67/109/167 68/110/168
f 56/98/169 57/99/170 65/107/171 66/108/172
f 55/97/173 56/98/174 66/108/175 67/109/176
f 57/99/177 58/100/178 64/106/179 65/107/180
f 58/100/181 59/101/182 63/105/183 64/106/184
f 59/101/185 60/102/186 62/104/187 63/105/188
f 60/102/189 41/83/190 61/103/191 62/104/192
f 41/83/193 42/84/194 80/122/195 61/103/196
f 42/84/197 43/85/198 79/121/199 80/122/200
s 4
f 81/123/201 82/124/202 102/125/203 101/126/204
f 82/124/202 83/127/205 103/128/206 102/125/203
f 83/127/205 84/129/207 104/130/208 103/128/206
f 84/129/207 85/131/209 105/132/210 104/130/208
f 85/131/209 86/133/211 106/134/212 105/132/210
f 86/133/211 87/135/213 107/136/214 106/134/212
f 87/135/213 88/137/215 108/138/216 107/136/214
f 88/137/215 89/139/217 109/140/218 108/138/216
f 89/139/217 90/141/219 110/142/220 109/140/218
f 90/141/219 91/143/221 111/144/222 110/142/220
f 91/143/221 92/145/223 112/146/224 111/144/222
f 92/145/223 93/147/225 113/148/226 112/146/224
f 93/147/225 94/149/227 114/150/228 113/148/226
f 94/149/227 95/151/229 115/152/230 114/150/228
f 95/151/229 96/153/231 116/154/232 115/152/230
f 96/153/231 97/155/233 117/156/234 116/154/232
f 97/155/233 98/157/235 118/158/236 117/156/234
f 98/157/235 99/159/237 119/160/238 118/158/236
f 99/159/237 100/161/239 120/162/240 119/160/238
f 100/161/239 81/163/201 101/164/204 120/162/240
s 5
f 119/165/241 120/166/242 122/167/243 121/168/244
f 120/166/242 101/169/245 123/170/246 122/167/243
f 101/169/245 102/171/247 124/172/248 123/170/246
f 102/171/247 103/173/249 125/174/250 124/172/248
f 103/173/249 104/175/251 126/176/252 125/174/250
f 104/175/251 105/177/253 127/178/254 126/176/252
f 105/177/253 106/179/255 128/180/256 127/178/254
f 106/179/255 107/181/257 129/182/258 128/180/256
f 107/181/257 108/183/259 130/184/260 129/182/258
f 108/183/259 109/185/261 131/186/262 130/184/260
f 109/185/261 110/187/263 132/188/264 131/186/262
f 110/187/263 111/189/265 133/190/266 132/188/264
f 111/189/265 112/191/267 134/192/268 133/190/266
f 112/191/267 113/193/269 135/194/270 134/192/268
f 113/193/269 114/195/271 136/196/272 135/194/270
f 114/195/271 115/197/273 137/198/274 136/196/272
f 115/197/273 116/199/275 138/200/276 137/198/274
f 116/199/275 117/201/277 139/202/278 138/200/276
f 117/201/277 118/203/279 140/204/280 139/202/278
f 118/203/279 119/165/241 121/168/244 140/204/280
s 6
f 99/205/281 98/206/282 142/207/283 141/208/284
f 98/206/282 97/209/285 143/210/286 142/207/283
f 97/209/285 96/211/287 144/212/288 143/210/286
f 96/211/287 95/213/289 145/214/290 144/212/288
f 95/213/289 94/215/291 146/216/292 145/214/290
f 94/215/291 93/217/293 147/218/294 146/216/292
f 93/217/293 92/219/295 148/220/296 147/218/294
f 92/219/295 91/221/297 149/222/298 148/220/296
f 91/221/297 90/223/299 150/224/300 149/222/298
f 90/223/299 89/225/301 151/226/302 150/224/300
f 89/225/301 88/227/303 152/228/304 151/226/302
f 88/227/303 87/229/305 153/230/306 152/228/304
f 87/229/305 86/231/307 154/232/308 153/230/306
f 86/231/307 85/233/309 155/234/310 154/232/308
f 85/233/309 84/235/311 156/236/312 155/234/310
f 84/235/311 83/237/313 157/238/314 156/236/312
f 83/237/313 82/239/315 158/240/316 157/238/314
f 82/239/315 81/241/317 159/242/318 158/240/316
f 81/241/317 100/243/319 160/244/320 159/242/318
f 100/243/319 99/205/281 141/208/284 160/244/320
s off
f 123/170/321 124/172/322 158/240/323 159/242/324
f 124/172/325 125/174/326 157/238/327 158/240/328
f 125/174/329 126/176/330 156/236/331 157/238/332
f 126/176/333 127/178/334 155/234/335 156/236/336
f 127/178/337 128/180/338 154/232/339 155/234/340
f 128/180/341 129/182/342 153/230/343 154/232/344
f 129/182/345 130/184/346 152/228/347 153/230/348
f 130/184/349 131/186/350 151/226/351 152/228/352
f 131/186/353 132/188/354 150/224/355 151/226/356
f 132/188/357 133/190/358 149/222/359 150/224/360
f 133/190/361 134/192/362 148/220/363 149/222/364
f 134/192/365 135/194/366 147/218/367 148/220/368
f 136/196/369 137/198/370 145/214/371 146/216/372
f 135/194/373 136/196/374 146/216/375 147/218/376
f 137/198/377 138/200/378 144/212/379 145/214/380
f 138/200/381 139/202/382 143/210/383 144/212/384
f 139/202/385 140/204/386 142/207/387 143/210/388
f 140/204/389 121/168/390 141/208/391 142/207/392
f 121/168/393 122/167/394 160/244/395 141/208/396
f 122/167/397 123/170/398 159/242/399 160/244/400
s 7
f 161/245/401 162/246/402 171/247/403 170/248/404
f 162/246/402 163/249/405 172/250/406 171/247/403
f 163/249/405 164/251/407 173/252/408 172/250/406
f 164/251/407 165/253/409 174/254/410 173/252/408
f 165/253/409 166/255/411 175/256/412 174/254/410
f 166/255/411 167/257/413 176/258/414 175/256/412
f 167/257/413 168/259/415 177/260/416 176/258/414
f 168/259/415 169/261/417 178/262/418 177/260/416
s 8
f 179/263/419 188/264/420 189/265/421 180/266/422
f 180/266/422 189/265/421 190/267/423 181/268/424
f 181/268/424 190/267/423 191/269/425 182/270/426
f 182/270/426 191/269/425 192/271/427 183/272/428
f 183/272/428 192/271/427 193/273/429 184/274/430
f 184/274/430 193/273/429 194/275/431 185/276/432
f 185/276/432 194/275/431 195/277/433 186/278/434
f 186/278/434 195/277/433 196/279/435 187/280/436
s off
f 177/260/437 178/262/438 196/279/439 195/277/440
f 176/258/441 177/260/442 195/277/443 194/275/444
f 175/256/445 176/258/446 194/275/447 193/273/448
f 174/254/449 175/256/450 193/273/451 192/271/452
f 173/252/453 174/254/454 192/271/455 191/269/456
f 172/250/457 173/252/458 191/269/459 190/267/460
f 171/247/461 172/250/462 190/267/463 189/265/464
f 170/248/465 171/247/466 189/265/467 188/264/468
f 161/245/469 170/248/470 188/264/471 179/263/472
f 178/262/473 169/261/474 187/280/475 196/279/476
f 162/246/477 161/245/478 179/263/479 180/266/480
f 163/249/481 162/246/482 180/266/483 181/268/484
f 164/251/485 163/249/486 181/268/487 182/270/488
f 165/253/489 164/251/490 182/270/491 183/272/492
f 166/255/493 165/253/494 183/272/495 184/274/496
f 167/257/497 166/255/498 184/274/499 185/276/500
f 168/259/501 167/257/502 185/276/503 186/278/504
f 169/261/505 168/259/506 186/278/507 187/280/508
f 197/281/509 198/282/510 200/283/511 199/284/512
f 199/284/513 200/283/514 202/285/515 201/286/516
f 201/286/517 202/285/518 204/287/519 203/288/520
f 203/288/521 204/287/522 198/289/523 197/290/524
f 198/282/525 204/291/526 202/292/527 200/283/528
f 203/293/529 197/281/530 199/284/531 201/294/532
f 205/295/533 206/296/534 208/297/535 207/298/536
f 207/298/537 208/297/538 210/299/539 209/300/540
f 209/300/541 210/299/542 212/301/543 211/302/544
f 211/302/545 212/301/546 206/303/547 205/304/548
f 206/296/549 212/305/550 210/306/551 208/297/552
f 211/307/553 205/295/554 207/298/555 209/308/556
f 213/309/557 214/310/558 216/311/559 215/312/560
f 215/312/561 216/311/562 218/313/563 217/314/564
f 217/314/565 218/313/566 220/315/567 219/316/568
f 219/316/569 220/315/570 214/317/571 213/318/572
f 214/310/573 220/319/574 218/320/575 216/311/576
f 219/321/577 213/309/578 215/312/579 217/322/580
f 221/323/581 222/324/582 224/325/583 223/326/584
f 223/326/585 224/325/586 226/327/587 225/328/588
f 225/328/589 226/327/590 228/329/591 227/330/592
f 227/330/593 228/329/594 222/331/595 221/332/596
f 222/324/597 228/333/598 226/334/599 224/325/600
f 227/335/601 221/323/602 223/326/603 225/336/604
f 229/337/605 230/338/606 232/339/607 231/340/608
f 231/340/609 232/339/610 234/341/611 233/342/612
f 233/342/613 234/341/614 236/343/615 235/344/616
f 235/344/617 236/343/618 230/345/619 229/346/620
f 230/338/621 236/347/622 234/348/623 232/339/624
f 235/349/625 229/337/626 231/340/627 233/350/628
f 237/351/629 238/352/630 240/353/631 239/354/632
f 239/354/633 240/353/634 242/355/635 241/356/636
f 241/356/637 242/355/638 244/357/639 243/358/640
f 243/358/641 244/357/642 238/359/643 237/360/644
f 238/352/645 244/361/646 242/362/647 240/353/648
f 243/363/649 237/351/650 239/354/651 241/364/652
s 9
f 245/365/653 246/366/654 266/367/655 265/368/656
f 246/366/654 247/369/657 267/370/658 266/367/655
f 247/369/657 248/371/659 268/372/660 267/370/658
f 248/371/659 249/373/661 269/374/662 268/372/660
f 249/373/661 250/375/663 270/376/664 269/374/662
f 250/375/663 251/377/665 271/378/666 270/376/664
f 251/377/665 252/379/667 272/380/668 271/378/666
f 252/379/667 253/381/669 273/382/670 272/380/668
f 253/381/669 254/383/671 274/384/672 273/382/670
f 254/383/671 255/385/673 275/386/674 274/384/672
f 255/385/673 256/387/675 276/388/676 275/386/674
f 256/387/675 257/389/677 277/390/678 276/388/676
f 257/389/677 258/391/679 278/392/680 277/390/678
f 258/391/679 259/393/681 279/394/682 278/392/680
f 259/393/681 260/395/683 280/396/684 279/394/682
f 260/395/683 261/397/685 281/398/686 280/396/684
f 261/397/685 262/399/687 282/400/688 281/398/686
f 262/399/687 263/401/689 283/402/690 282/400/688
f 263/401/689 264/403/691 284/404/692 283/402/690
f 264/403/691 245/405/653 265/406/656 284/404/692
s 10
f 246/407/693 245/408/694 285/409/695
f 247/410/696 246/407/693 285/409/695
f 248/411/697 247/410/696 285/409/695
f 249/412/698 248/411/697 285/409/695
f 250/413/699 249/412/698 285/409/695
f 251/414/700 250/413/699 285/409/695
f 252/415/701 251/414/700 285/409/695
f 253/416/702 252/415/701 285/409/695
f 254/417/703 253/416/702 285/409/695
f 255/418/704 254/417/703 285/409/695
f 256/419/705 255/418/704 285/409/695
f 257/420/706 256/419/705 285/409/695
f 258/421/707 257/420/706 285/409/695
f 259/422/708 258/421/707 285/409/695
f 260/423/709 259/422/708 285/409/695
f 261/424/710 260/423/709 285/409/695
f 262/425/711 261/424/710 285/409/695
f 263/426/712 262/425/711 285/409/695
f 264/427/713 263/426/712 285/409/695
f 245/408/694 264/427/713 285/409/695
s 11
f 265/428/714 266/429/715 286/430/716
f 266/429/715 267/431/717 286/430/716
f 267/431/717 268/432/718 286/430/716
f 268/432/718 269/433/719 286/430/716
f 269/433/719 270/434/720 286/430/716
f 270/434/720 271/435/721 286/430/716
f 271/435/721 272/436/722 286/430/716
f 272/436/722 273/437/723 286/430/716
f 273/437/723 274/438/724 286/430/716
f 274/438/724 275/439/725 286/430/716
f 275/439/725 276/440/726 286/430/716
f 276/440/726 277/441/727 286/430/716
f 277/441/727 278/442/728 286/430/716
f 278/442/728 279/443/729 286/430/716
f 279/443/729 280/444/730 286/430/716
f 280/444/730 281/445/731 286/430/716
f 281/445/731 282/446/732 286/430/716
f 282/446/732 283/447/733 286/430/716
f 283/447/733 284/448/734 286/430/716
f 284/448/734 265/428/714 286/430/716
s 12
f 287/449/735 288/450/736 308/451/737 307/452/738
f 288/450/736 289/453/739 309/454/740 308/451/737
f 289/453/739 290/455/741 310/456/742 309/454/740
f 290/455/741 291/457/743 311/458/744 310/456/742
f 291/457/743 292/459/745 312/460/746 311/458/744
f 292/459/745 293/461/747 313/462/748 312/460/746
f 293/461/747 294/463/749 314/464/750 313/462/748
f 294/463/749 295/465/751 315/466/752 314/464/750
f 295/465/751 296/467/753 316/468/754 315/466/752
f 296/467/753 297/469/755 317/470/756 316/468/754
f 297/469/755 298/471/757 318/472/758 317/470/756
f 298/471/757 299/473/759 319/474/760 318/472/758
f 299/473/759 300/475/761 320/476/762 319/474/760
f 300/475/761 301/477/763 321/478/764 320/476/762
f 301/477/763 302/479/765 322/480/766 321/478/764
f 302/479/765 303/481/767 323/482/768 322/480/766
f 303/481/767 304/483/769 324/484/770 323/482/768
f 304/483/769 305/485/771 325/486/772 324/484/770
f 305/485/771 306/487/773 326/488/774 325/486/772
f 306/487/773 287/489/735 307/490/738 326/488/774
s 13
f 288/491/775 287/492/776 327/493/777
f 289/494/778 288/491/775 327/493/777
f 290/495/779 289/494/778 327/493/777
f 291/496/780 290/495/779 327/493/777
f 292/497/781 291/496/780 327/493/777
f 293/498/782 292/497/781 327/493/777
f 294/499/783 293/498/782 327/493/777
f 295/500/784 294/499/783 327/493/777
f 296/501/785 295/500/784 327/493/777
f 297/502/786 296/501/785 327/493/777
f 298/503/787 297/502/786 327/493/777
f 299/504/788 298/503/787 327/493/777
f 300/505/789 299/504/788 327/493/777
f 301/506/790 300/505/789 327/493/777
f 302/507/791 301/506/790 327/493/777
f 303/508/792 302/507/791 327/493/777
f 304/509/793 303/508/792 327/493/777
f 305/510/794 304/509/793 327/493/777
f 306/511/795 305/510/794 327/493/777
f 287/492/776 306/511/795 327/493/777
s 14
f 307/512/796 308/513/797 328/514/798
f 308/513/797 309/515/799 328/514/798
f 309/515/799 310/516/800 328/514/798
f 310/516/800 311/517/801 328/514/798
f 311/517/801 312/518/802 328/514/798
f 312/518/802 313/519/803 328/514/798
f 313/519/803 314/520/804 328/514/798
f 314/520/804 315/521/805 328/514/798
f 315/521/805 316/522/806 328/514/798
f 316/522/806 317/523/807 328/514/798
f 317/523/807 318/524/808 328/514/798
f 318/524/808 319/525/809 328/514/798
f 319/525/809 320/526/810 328/514/798
f 320/526/810 321/527/811 328/514/798
f 321/527/811 322/528/812 328/514/798
f 322/528/812 323/529/813 328/514/798
f 323/529/813 324/530/814 328/514/798
f 324/530/814 325/531/815 328/514/798
f 325/531/815 326/532/816 328/514/798
f 326/532/816 307/512/796 328/514/798
s 15
f 329/533/817 330/534/818 350/535/819 349/536/820
f 330/534/818 331/537/821 351/538/822 350/535/819
f 331/537/821 332/539/823 352/540/824 351/538/822
f 332/539/823 333/541/825 353/542/826 352/540/824
f 333/541/825 334/543/827 354/544/828 353/542/826
f 334/543/827 335/545/829 355/546/830 354/544/828
f 335/545/829 336/547/831 356/548/832 355/546/830
f 336/547/831 337/549/833 357/550/834 356/548/832
f 337/549/833 338/551/835 358/552/836 357/550/834
f 338/551/835 339/553/837 359/554/838 358/552/836
f 339/553/837 340/555/839 360/556/840 359/554/838
f 340/555/839 341/557/841 361/558/842 360/556/840
f 341/557/841 342/559/843 362/560/844 361/558/842
f 342/559/843 343/561/845 363/562/846 362/560/844
f 343/561/845 344/563/847 364/564/848 363/562/846
f 344/563/847 345/565/849 365/566/850 364/564/848
f 345/565/849 346/567/851 366/568/852 365/566/850
f 346/567/851 347/569/853 367/570/854 366/568/852
f 347/569/853 348/571/855 368/572/856 367/570/854
f 348/571/855 329/573/817 349/574/820 368/572/856
s 16
f 330/575/857 329/576/858 369/577/859
f 331/578/860 330/575/857 369/577/859
f 332/579/861 331/578/860 369/577/859
f 333/580/862 332/579/861 369/577/859
f 334/581/863 333/580/862 369/577/859
f 335/582/864 334/581/863 369/577/859
f 336/583/865 335/582/864 369/577/859
f 337/584/866 336/583/865 369/577/859
f 338/585/867 337/584/866 369/577/859
f 339/586/868 338/585/867 369/577/859
f 340/587/869 339/586/868 369/577/859
f 341/588/870 340/587/869 369/577/859
f 342/589/871 341/588/870 369/577/859
f 343/590/872 342/589/871 369/577/859
f 344/591/873 343/590/872 369/577/859
f 345/592/874 344/591/873 369/577/859
f 346/593/875 345/592/874 369/577/859
f 347/594/876 346/593/875 369/577/859
f 348/595/877 347/594/876 369/577/859
f 329/576/858 348/595/877 369/577/859
s 17
f 349/596/878 350/597/879 370/598/880
f 350/597/879 351/599/881 370/598/880
f 351/599/881 352/600/882 370/598/880
f 352/600/882 353/601/883 370/598/880
f 353/601/883 354/602/884 370/598/880
f 354/602/884 355/603/885 370/598/880
f 355/603/885 356/604/886 370/598/880
f 356/604/886 357/605/887 370/598/880
f 357/605/887 358/606/888 370/598/880
f 358/606/888 359/607/889 370/598/880
f 359/607/889 360/608/890 370/598/880
f 360/608/890 361/609/891 370/598/880
f 361/609/891 362/610/892 370/598/880
f 362/610/892 363/611/893 370/598/880
f 363/611/893 364/612/894 370/598/880
f 364/612/894 365/613/895 370/598/880
f 365/613/895 366/614/896 370/598/880
f 366/614/896 367/615/897 370/598/880
f 367/615/897 368/616/898 370/598/880
f 368/616/898 349/596/878 370/598/880
s 18
f 371/617/899 372/618/900 392/619/901 391/620/902
f 372/618/900 373/621/903 393/622/904 392/619/901
f 373/621/903 374/623/905 394/624/906 393/622/904
f 374/623/905 375/625/907 395/626/908 394/624/906
f 375/625/907 376/627/909 396/628/910 395/626/908
f 376/627/909 377/629/911 397/630/912 396/628/910
f 377/629/911 378/631/913 398/632/914 397/630/912
f 378/631/913 379/633/915 399/634/916 398/632/914
f 379/633/915 380/635/917 400/636/918 399/634/916
f 380/635/917 381/637/919 401/638/920 400/636/918
f 381/637/919 382/639/921 402/640/922 401/638/920
f 382/639/921 383/641/923 403/642/924 402/640/922
f 383/641/923 384/643/925 404/644/926 403/642/924
f 384/643/925 385/645/927 405/646/928 404/644/926
f 385/645/927 386/647/929 406/648/930 405/646/928
f 386/647/929 387/649/931 407/650/932 406/648/930
f 387/649/931 388/651/933 408/652/934 407/650/932
f 388/651/933 389/653/935 409/654/936 408/652/934
f 389/653/935 390/655/937 410/656/938 409/654/936
f 390/655/937 371/657/899 391/658/902 410/656/938
s 19
f 372/659/939 371/660/940 411/661/941
f 373/662/942 372/659/939 411/661/941
f 374/663/943 373/662/942 411/661/941
f 375/664/944 374/663/943 411/661/941
f 376/665/945 375/664/944 411/661/941
f 377/666/946 376/665/945 411/661/941
f 378/667/947 377/666/946 411/661/941
f 379/668/948 378/667/947 411/661/941
f 380/669/949 379/668/948 411/661/941
f 381/670/950 380/669/949 411/661/941
f 382/671/951 381/670/950 411/661/941
f 383/672/952 382/671/951 411/661/941
f 384/673/953 383/672/952 411/661/941
f 385/674/954 384/673/953 411/661/941
f 386/675/955 385/674/954 411/661/941
f 387/676/956 386/675/955 411/661/941
f 388/677/957 387/676/956 411/661/941
f 389/678/958 388/677/957 411/661/941
f 390/679/959 389/678/958 411/661/941
f 371/660/940 390/679/959 411/661/941
s 20
f 391/680/960 392/681/961 412/682/962
f 392/681/961 393/683/963 412/682/962
f 393/683/963 394/684/964 412/682/962
f 394/684/964 395/685/965 412/682/962
f 395/685/965 396/686/966 412/682/962
f 396/686/966 397/687/967 412/682/962
f 397/687/967 398/688/968 412/682/962
f 398/688/968 399/689/969 412/682/962
f 399/689/969 400/690/970 412/682/962
f 400/690/970 401/691/971 412/682/962
f 401/691/971 402/692/972 412/682/962
f 402/692/972 403/693/973 412/682/962
f 403/693/973 404/694/974 412/682/962
f 404/694/974 405/695/975 412/682/962
f 405/695/975 406/696/976 412/682/962
f 406/696/976 407/697/977 412/682/962
f 407/697/977 408/698/978 412/682/962
f 408/698/978 409/699/979 412/682/962
f 409/699/979 410/700/980 412/682/962
f 410/700/980 391/680/960 412/682/962
s 21
f 413/701/981 414/702/982 434/703/983 433/704/984
f 414/702/982 415/705/985 435/706/986 434/703/983
f 415/705/985 416/707/987 436/708/988 435/706/986
f 416/707/987 417/709/989 437/710/990 436/708/988
f 417/709/989 418/711/991 438/712/992 437/710/990
f 418/711/991 419/713/993 439/714/994 438/712/992
f 419/713/993 420/715/995 440/716/996 439/714/994
f 420/715/995 421/717/997 441/718/998 440/716/996
f 421/717/997 422/719/999 442/720/1000 441/718/998
f 422/719/999 423/721/1001 443/722/1002 442/720/1000
f 423/721/1001 424/723/1003 444/724/1004 443/722/1002
f 424/723/1003 425/725/1005 445/726/1006 444/724/1004
f 425/725/1005 426/727/1007 446/728/1008 445/726/1006
f 426/727/1007 427/729/1009 447/730/1010 446/728/1008
f 427/729/1009 428/731/1011 448/732/1012 447/730/1010
f 428/731/1011 429/733/1013 449/734/1014 448/732/1012
f 429/733/1013 430/735/1015 450/736/1016 449/734/1014
f 430/735/1015 431/737/1017 451/738/1018 450/736/1016
f 431/737/1017 432/739/1019 452/740/1020 451/738/1018
f 432/739/1019 413/741/981 433/742/984 452/740/1020
s 22
f 414/743/1021 413/744/1022 453/745/1023
f 415/746/1024 414/743/1021 453/745/1023
f 416/747/1025 415/746/1024 453/745/1023
f 417/748/1026 416/747/1025 453/745/1023
f 418/749/1027 417/748/1026 453/745/1023
f 419/750/1028 418/749/1027 453/745/1023
f 420/751/1029 419/750/1028 453/745/1023
f 421/752/1030 420/751/1029 453/745/1023
f 422/753/1031 421/752/1030 453/745/1023
f 423/754/1032 422/753/1031 453/745/1023
f 424/755/1033 423/754/1032 453/745/1023
f 425/756/1034 424/755/1033 453/745/1023
f 426/757/1035 425/756/1034 453/745/1023
f 427/758/1036 426/757/1035 453/745/1023
f 428/759/1037 427/758/1036 453/745/1023
f 429/760/1038 428/759/1037 453/745/1023
f 430/761/1039 429/760/1038 453/745/1023
f 431/762/1040 430/761/1039 453/745/1023
f 432/763/1041 431/762/1040 453/745/1023
f 413/744/1022 432/763/1041 453/745/1023
s 23
f 433/764/1042 434/765/1043 454/766/1044
f 434/765/1043 435/767/1045 454/766/1044
f 435/767/1045 436/768/1046 454/766/1044
f 436/768/1046 437/769/1047 454/766/1044
f 437/769/1047 438/770/1048 454/766/1044
f 438/770/1048 439/771/1049 454/766/1044
f 439/771/1049 440/772/1050 454/766/1044
f 440/772/1050 441/773/1051 454/766/1044
f 441/773/1051 442/774/1052 454/766/1044
f 442/774/1052 443/775/1053 454/766/1044
f 443/775/1053 444/776/1054 454/766/1044
f 444/776/1054 445/777/1055 454/766/1044
f 445/777/1055 446/778/1056 454/766/1044
f 446/778/1056 447/779/1057 454/766/1044
f 447/779/1057 448/780/1058 454/766/1044
f 448/780/1058 449/781/1059 454/766/1044
f 449/781/1059 450/782/1060 454/766/1044
f 450/782/1060 451/783/1061 454/766/1044
f 451/783/1061 452/784/1062 454/766/1044
f 452/784/1062 433/764/1042 454/766/1044
s 24
f 455/785/1063 456/786/1064 476/787/1065 475/788/1066
f 456/786/1064 457/789/1067 477/790/1068 476/787/1065
f 457/789/1067 458/791/1069 478/792/1070 477/790/1068
f 458/791/1069 459/793/1071 479/794/1072 478/792/1070
f 459/793/1071 460/795/1073 480/796/1074 479/794/1072
f 460/795/1073 461/797/1075 481/798/1076 480/796/1074
f 461/797/1075 462/799/1077 482/800/1078 481/798/1076
f 462/799/1077 463/801/1079 483/802/1080 482/800/1078
f 463/801/1079 464/803/1081 484/804/1082 483/802/1080
f 464/803/1081 465/805/1083 485/806/1084 484/804/1082
f 465/805/1083 466/807/1085 486/808/1086 485/806/1084
f 466/807/1085 467/809/1087 487/810/1088 486/808/1086
f 467/809/1087 468/811/1089 488/812/1090 487/810/1088
f 468/811/1089 469/813/1091 489/814/1092 488/812/1090
f 469/813/1091 470/815/1093 490/816/1094 489/814/1092
f 470/815/1093 471/817/1095 491/818/1096 490/816/1094
f 471/817/1095 472/819/1097 492/820/1098 491/818/1096
f 472/819/1097 473/821/1099 493/822/1100 492/820/1098
f 473/821/1099 474/823/1101 494/824/1102 493/822/1100
f 474/823/1101 455/825/1063 475/826/1066 494/824/1102
s 25
f 456/827/1103 455/828/1104 495/829/1105
f 457/830/1106 456/827/1103 495/829/1105
f 458/831/1107 457/830/1106 495/829/1105
f 459/832/1108 458/831/1107 495/829/1105
f 460/833/1109 459/832/1108 495/829/1105
f 461/834/1110 460/833/1109 495/829/1105
f 462/835/1111 461/834/1110 495/829/1105
f 463/836/1112 462/835/1111 495/829/1105
f 464/837/1113 463/836/1112 495/829/1105
f 465/838/1114 464/837/1113 495/829/1105
f 466/839/1115 465/838/1114 495/829/1105
f 467/840/1116 466/839/1115 495/829/1105
f 468/841/1117 467/840/1116 495/829/1105
f 469/842/1118 468/841/1117 495/829/1105
f 470/843/1119 469/842/1118 495/829/1105
f 471/844/1120 470/843/1119 495/829/1105
f 472/845/1121 471/844/1120 495/829/1105
f 473/846/1122 472/845/1121 495/829/1105
f 474/847/1123 473/846/1122 495/829/1105
f 455/828/1104 474/847/1123 495/829/1105
s 26
f 475/848/1124 476/849/1125 496/850/1126
f 476/849/1125 477/851/1127 496/850/1126
f 477/851/1127 478/852/1128 496/850/1126
f 478/852/1128 479/853/1129 496/850/1126
f 479/853/1129 480/854/1130 496/850/1126
f 480/854/1130 481/855/1131 496/850/1126
f 481/855/1131 482/856/1132 496/850/1126
f 482/856/1132 483/857/1133 496/850/1126
f 483/857/1133 484/858/1134 496/850/1126
f 484/858/1134 485/859/1135 496/850/1126
f 485/859/1135 486/860/1136 496/850/1126
f 486/860/1136 487/861/1137 496/850/1126
f 487/861/1137 488/862/1138 496/850/1126
f 488/862/1138 489/863/1139 496/850/1126
f 489/863/1139 490/864/1140 496/850/1126
f 490/864/1140 491/865/1141 496/850/1126
f 491/865/1141 492/866/1142 496/850/1126
f 492/866/1142 493/867/1143 496/850/1126
f 493/867/1143 494/868/1144 496/850/1126
f 494/868/1144 475/848/1124 496/850/1126
s off
f 497/869/1145 498/870/1146 500/871/1147 499/872/1148
f 499/872/1149 500/871/1150 502/873/1151 501/874/1152
f 501/874/1153 502/873/1154 504/875/1155 503/876/1156
f 503/876/1157 504/875/1158 498/877/1159 497/878/1160
f 498/870/1161 504/879/1162 502/880/1163 500/871/1164
f 503/881/1165 497/869/1166 499/872/1167 501/882/1168
f 505/883/1169 506/884/1170 508/885/1171 507/886/1172
f 507/886/1173 508/885/1174 510/887/1175 509/888/1176
f 509/888/1177 510/887/1178 512/889/1179 511/890/1180
f 511/890/1181 512/889/1182 506/891/1183 505/892/1184
f 506/884/1185 512/893/1186 510/894/1187 508/885/1188
f 511/895/1189 505/883/1190 507/886/1191 509/896/1192
f 513/897/1193 514/898/1194 516/899/1195 515/900/1196
f 515/900/1197 516/899/1198 518/901/1199 517/902/1200
f 517/902/1201 518/901/1202 520/903/1203 519/904/1204
f 519/904/1205 520/903/1206 514/905/1207 513/906/1208
f 514/898/1209 520/907/1210 518/908/1211 516/899/1212
f 519/909/1213 513/897/1214 515/900/1215 517/910/1216
f 521/911/1217 522/912/1218 524/913/1219 523/914/1220
f 523/914/1221 524/913/1222 526/915/1223 525/916/1224
f 525/916/1225 526/915/1226 528/917/1227 527/918/1228
f 527/918/1229 528/917/1230 522/919/1231 521/920/1232
f 522/912/1233 528/921/1234 526/922/1235 524/913/1236
f 527/923/1237 521/911/1238 523/914/1239 525/924/1240
s 27
f 529/925/1241 530/926/1242 550/927/1243 549/928/1244
f 530/926/1242 531/929/1245 551/930/1246 550/927/1243
f 531/929/1245 532/931/1247 552/932/1248 551/930/1246
f 532/931/1247 533/933/1249 553/934/1250 552/932/1248
f 533/933/1249 534/935/1251 554/936/1252 553/934/1250
f 534/935/1251 535/937/1253 555/938/1254 554/936/1252
f 535/937/1253 536/939/1255 556/940/1256 555/938/1254
f 536/939/1255 537/941/1257 557/942/1258 556/940/1256
f 537/941/1257 538/943/1259 558/944/1260 557/942/1258
f 538/943/1259 539/945/1261 559/946/1262 558/944/1260
f 539/945/1261 540/947/1263 560/948/1264 559/946/1262
f 540/947/1263 541/949/1265 561/950/1266 560/948/1264
f 541/949/1265 542/951/1267 562/952/1268 561/950/1266
f 542/951/1267 543/953/1269 563/954/1270 562/952/1268
f 543/953/1269 544/955/1271 564/956/1272 563/954/1270
f 544/955/1271 545/957/1273 565/958/1274 564/956/1272
f 545/957/1273 546/959/1275 566/960/1276 565/958/1274
f 546/959/1275 547/961/1277 567/962/1278 566/960/1276
f 547/961/1277 548/963/1279 568/964/1280 567/962/1278
f 548/963/1279 529/965/1241 549/966/1244 568/964/1280
s 28
f 530/967/1281 529/968/1282 569/969/1283
f 531/970/1284 530/967/1281 569/969/1283
f 532/971/1285 531/970/1284 569/969/1283
f 533/972/1286 532/971/1285 569/969/1283
f 534/973/1287 533/972/1286 569/969/1283
f 535/974/1288 534/973/1287 569/969/1283
f 536/975/1289 535/974/1288 569/969/1283
f 537/976/1290 536/975/1289 569/969/1283
f 538/977/1291 537/976/1290 569/969/1283
f 539/978/1292 538/977/1291 569/969/1283
f 540/979/1293 539/978/1292 569/969/1283
f 541/980/1294 540/979/1293 569/969/1283
f 542/981/1295 541/980/1294 569/969/1283
f 543/982/1296 542/981/1295 569/969/1283
f 544/983/1297 543/982/1296 569/969/1283
f 545/984/1298 544/983/1297 569/969/1283
f 546/985/1299 545/984/1298 569/969/1283
f 547/986/1300 546/985/1299 569/969/1283
f 548/987/1301 547/986/1300 569/969/1283
f 529/968/1282 548/987/1301 569/969/1283
s 29
f 549/988/1302 550/989/1303 570/990/1304
f 550/989/1303 551/991/1305 570/990/1304
f 551/991/1305 552/992/1306 570/990/1304
f 552/992/1306 553/993/1307 570/990/1304
f 553/993/1307 554/994/1308 570/990/1304
f 554/994/1308 555/995/1309 570/990/1304
f 555/995/1309 556/996/1310 570/990/1304
f 556/996/1310 557/997/1311 570/990/1304
f 557/997/1311 558/998/1312 570/990/1304
f 558/998/1312 559/999/1313 570/990/1304
f 559/999/1313 560/1000/1314 570/990/1304
f 560/1000/1314 561/1001/1315 570/990/1304
f 561/1001/1315 562/1002/1316 570/990/1304
f 562/1002/1316 563/1003/1317 570/990/1304
f 563/1003/1317 564/1004/1318 570/990/1304
f 564/1004/1318 565/1005/1319 570/990/1304
f 565/1005/1319 566/1006/1320 570/990/1304
f 566/1006/1320 567/1007/1321 570/990/1304
f 567/1007/1321 568/1008/1322 570/990/1304
f 568/1008/1322 549/988/1302 570/990/1304
s 30
f 571/1009/1323 572/1010/1324 592/1011/1325 591/1012/1326
f 572/1010/1324 573/1013/1327 593/1014/1328 592/1011/1325
f 573/1013/1327 574/1015/1329 594/1016/1330 593/1014/1328
f 574/1015/1329 575/1017/1331 595/1018/1332 594/1016/1330
f 575/1017/1331 576/1019/1333 596/1020/1334 595/1018/1332
f 576/1019/1333 577/1021/1335 597/1022/1336 596/1020/1334
f 577/1021/1335 578/1023/1337 598/1024/1338 597/1022/1336
f 578/1023/1337 579/1025/1339 599/1026/1340 598/1024/1338
f 579/1025/1339 580/1027/1341 600/1028/1342 599/1026/1340
f 580/1027/1341 581/1029/1343 601/1030/1344 600/1028/1342
f 581/1029/1343 582/1031/1345 602/1032/1346 601/1030/1344
f 582/1031/1345 583/1033/1347 603/1034/1348 602/1032/1346
f 583/1033/1347 584/1035/1349 604/1036/1350 603/1034/1348
f 584/1035/1349 585/1037/1351 605/1038/1352 604/1036/1350
f 585/1037/1351 586/1039/1353 606/1040/1354 605/1038/1352
f 586/1039/1353 587/1041/1355 607/1042/1356 606/1040/1354
f 587/1041/1355 588/1043/1357 608/1044/1358 607/1042/1356
f 588/1043/1357 589/1045/1359 609/1046/1360 608/1044/1358
f 589/1045/1359 590/1047/1361 610/1048/1362 609/1046/1360
f 590/1047/1361 571/1049/1323 591/1050/1326 610/1048/1362
s 31
f 572/1051/1363 571/1052/1364 611/1053/1365
f 573/1054/1366 572/1051/1363 611/1053/1365
f 574/1055/1367 573/1054/1366 611/1053/1365
f 575/1056/1368 574/1055/1367 611/1053/1365
f 576/1057/1369 575/1056/1368 611/1053/1365
f 577/1058/1370 576/1057/1369 611/1053/1365
f 578/1059/1371 577/1058/1370 611/1053/1365
f 579/1060/1372 578/1059/1371 611/1053/1365
f 580/1061/1373 579/1060/1372 611/1053/1365
f 581/1062/1374 580/1061/1373 611/1053/1365
f 582/1063/1375 581/1062/1374 611/1053/1365
f 583/1064/1376 582/1063/1375 611/1053/1365
f 584/1065/1377 583/1064/1376 611/1053/1365
f 585/1066/1378 584/1065/1377 611/1053/1365
f 586/1067/1379 585/1066/1378 611/1053/1365
f 587/1068/1380 586/1067/1379 611/1053/1365
f 588/1069/1381 587/1068/1380 611/1053/1365
f 589/1070/1382 588/1069/1381 611/1053/1365
f 590/1071/1383 589/1070/1382 611/1053/1365
f 571/1052/1364 590/1071/1383 611/1053/1365
s 32
f 591/1072/1384 592/1073/1385 612/1074/1386
f 592/1073/1385 593/1075/1387 612/1074/1386
f 593/1075/1387 594/1076/1388 612/1074/1386
f 594/1076/1388 595/1077/1389 612/1074/1386
f 595/1077/1389 596/1078/1390 612/1074/1386
f 596/1078/1390 597/1079/1391 612/1074/1386
f 597/1079/1391 598/1080/1392 612/1074/1386
f 598/1080/1392 599/1081/1393 612/1074/1386
f 599/1081/1393 600/1082/1394 612/1074/1386
f 600/1082/1394 601/1083/1395 612/1074/1386
f 601/1083/1395 602/1084/1396 612/1074/1386
f 602/1084/1396 603/1085/1397 612/1074/1386
f 603/1085/1397 604/1086/1398 612/1074/1386
f 604/1086/1398 605/1087/1399 612/1074/1386
f 605/1087/1399 606/1088/1400 612/1074/1386
f 606/1088/1400 607/1089/1401 612/1074/1386
f 607/1089/1401 608/1090/1402 612/1074/1386
f 608/1090/1402 609/1091/1403 612/1074/1386
f 609/1091/1403 610/1092/1404 612/1074/1386
f 610/1092/1404 591/1072/1384 612/1074/1386
s 33
f 613/1093/1405 614/1094/1406 634/1095/1407 633/1096/1408
f 614/1094/1406 615/1097/1409 635/1098/1410 634/1095/1407
f 615/1097/1409 616/1099/1411 636/1100/1412 635/1098/1410
f 616/1099/1411 617/1101/1413 637/1102/1414 636/1100/1412
f 617/1101/1413 618/1103/1415 638/1104/1416 637/1102/1414
f 618/1103/1415 619/1105/1417 639/1106/1418 638/1104/1416
f 619/1105/1417 620/1107/1419 640/1108/1420 639/1106/1418
f 620/1107/1419 621/1109/1421 641/1110/1422 640/1108/1420
f 621/1109/1421 622/1111/1423 642/1112/1424 641/1110/1422
f 622/1111/1423 623/1113/1425 643/1114/1426 642/1112/1424
f 623/1113/1425 624/1115/1427 644/1116/1428 643/1114/1426
f 624/1115/1427 625/1117/1429 645/1118/1430 644/1116/1428
f 625/1117/1429 626/1119/1431 646/1120/1432 645/1118/1430
f 626/1119/1431 627/1121/1433 647/1122/1434 646/1120/1432
f 627/1121/1433 628/1123/1435 648/1124/1436 647/1122/1434
f 628/1123/1435 629/1125/1437 649/1126/1438 648/1124/1436
f 629/1125/1437 630/1127/1439 650/1128/1440 649/1126/1438
f 630/1127/1439 631/1129/1441 651/1130/1442 650/1128/1440
f 631/1129/1441 632/1131/1443 652/1132/1444 651/1130/1442
f 632/1131/1443 613/1133/1405 633/1134/1408 652/1132/1444
s 34
f 614/1135/1445 613/1136/1446 653/1137/1447
f 615/1138/1448 614/1135/1445 653/1137/1447
f 616/1139/1449 615/1138/1448 653/1137/1447
f 617/1140/1450 616/1139/1449 653/1137/1447
f 618/1141/1451 617/1140/1450 653/1137/1447
f 619/1142/1452 618/1141/1451 653/1137/1447
f 620/1143/1453 619/1142/1452 653/1137/1447
f 621/1144/1454 620/1143/1453 653/1137/1447
f 622/1145/1455 621/1144/1454 653/1137/1447
f 623/1146/1456 622/1145/1455 653/1137/1447
f 624/1147/1457 623/1146/1456 653/1137/1447
f 625/1148/1458 624/1147/1457 653/1137/1447
f 626/1149/1459 625/1148/1458 653/1137/1447
f 627/1150/1460 626/1149/1459 653/1137/1447
f 628/1151/1461 627/1150/1460 653/1137/1447
f 629/1152/1462 628/1151/1461 653/1137/1447
f 630/1153/1463 629/1152/1462 653/1137/1447
f 631/1154/1464 630/1153/1463 653/1137/1447
f 632/1155/1465 631/1154/1464 653/1137/1447
f 613/1136/1446 632/1155/1465 653/1137/1447
s 35
f 633/1156/1466 634/1157/1467 654/1158/1468
f 634/1157/1467 635/1159/1469 654/1158/1468
f 635/1159/1469 636/1160/1470 654/1158/1468
f 636/1160/1470 637/1161/1471 654/1158/1468
f 637/1161/1471 638/1162/1472 654/1158/1468
f 638/1162/1472 639/1163/1473 654/1158/1468
f 639/1163/1473 640/1164/1474 654/1158/1468
f 640/1164/1474 641/1165/1475 654/1158/1468
f 641/1165/1475 642/1166/1476 654/1158/1468
f 642/1166/1476 643/1167/1477 654/1158/1468
f 643/1167/1477 644/1168/1478 654/1158/1468
f 644/1168/1478 645/1169/1479 654/1158/1468
f 645/1169/1479 646/1170/1480 654/1158/1468
f 646/1170/1480 647/1171/1481 654/1158/1468
f 647/1171/1481 648/1172/1482 654/1158/1468
f 648/1172/1482 649/1173/1483 654/1158/1468
f 649/1173/1483 650/1174/1484 654/1158/1468
f 650/1174/1484 651/1175/1485 654/1158/1468
f 651/1175/1485 652/1176/1486 654/1158/1468
f 652/1176/1486 633/1156/1466 654/1158/1468
s 36
f 655/1177/1487 656/1178/1488 676/1179/1489 675/1180/1490
f 656/1178/1488 657/1181/1491 677/1182/1492 676/1179/1489
f 657/1181/1491 658/1183/1493 678/1184/1494 677/1182/1492
f 658/1183/1493 659/1185/1495 679/1186/1496 678/1184/1494
f 659/1185/1495 660/1187/1497 680/1188/1498 679/1186/1496
f 660/1187/1497 661/1189/1499 681/1190/1500 680/1188/1498
f 661/1189/1499 662/1191/1501 682/1192/1502 681/1190/1500
f 662/1191/1501 663/1193/1503 683/1194/1504 682/1192/1502
f 663/1193/1503 664/1195/1505 684/1196/1506 683/1194/1504
f 664/1195/1505 665/1197/1507 685/1198/1508 684/1196/1506
f 665/1197/1507 666/1199/1509 686/1200/1510 685/1198/1508
f 666/1199/1509 667/1201/1511 687/1202/1512 686/1200/1510
f 667/1201/1511 668/1203/1513 688/1204/1514 687/1202/1512
f 668/1203/1513 669/1205/1515 689/1206/1516 688/1204/1514
f 669/1205/1515 670/1207/1517 690/1208/1518 689/1206/1516
f 670/1207/1517 671/1209/1519 691/1210/1520 690/1208/1518
f 671/1209/1519 672/1211/1521 692/1212/1522 691/1210/1520
f 672/1211/1521 673/1213/1523 693/1214/1524 692/1212/1522
f 673/1213/1523 674/1215/1525 694/1216/1526 693/1214/1524
f 674/1215/1525 655/1217/1487 675/1218/1490 694/1216/1526
s 37
f 656/1219/1527 655/1220/1528 695/1221/1529
f 657/1222/1530 656/1219/1527 695/1221/1529
f 658/1223/1531 657/1222/1530 695/1221/1529
f 659/1224/1532 658/1223/1531 695/1221/1529
f 660/1225/1533 659/1224/1532 695/1221/1529
f 661/1226/1534 660/1225/1533 695/1221/1529
f 662/1227/1535 661/1226/1534 695/1221/1529
f 663/1228/1536 662/1227/1535 695/1221/1529
f 664/1229/1537 663/1228/1536 695/1221/1529
f 665/1230/1538 664/1229/1537 695/1221/1529
f 666/1231/1539 665/1230/1538 695/1221/1529
f 667/1232/1540 666/1231/1539 695/1221/1529
f 668/1233/1541 667/1232/1540 695/1221/1529
f 669/1234/1542 668/1233/1541 695/1221/1529
f 670/1235/1543 669/1234/1542 695/1221/1529
f 671/1236/1544 670/1235/1543 695/1221/1529
f 672/1237/1545 671/1236/1544 695/1221/1529
f 673/1238/1546 672/1237/1545 695/1221/1529
f 674/1239/1547 673/1238/1546 695/1221/1529
f 655/1220/1528 674/1239/1547 695/1221/1529
s 38
f 675/1240/1548 676/1241/1549 696/1242/1550
f 676/1241/1549 677/1243/1551 696/1242/1550
f 677/1243/1551 678/1244/1552 696/1242/1550
f 678/1244/1552 679/1245/1553 696/1242/1550
f 679/1245/1553 680/1246/1554 696/1242/1550
f 680/1246/1554 681/1247/1555 696/1242/1550
f 681/1247/1555 682/1248/1556 696/1242/1550
f 682/1248/1556 683/1249/1557 696/1242/1550
f 683/1249/1557 684/1250/1558 696/1242/1550
f 684/1250/1558 685/1251/1559 696/1242/1550
f 685/1251/1559 686/1252/1560 696/1242/1550
f 686/1252/1560 687/1253/1561 696/1242/1550
f 687/1253/1561 688/1254/1562 696/1242/1550
f 688/1254/1562 689/1255/1563 696/1242/1550
f 689/1255/1563 690/1256/1564 696/1242/1550
f 690/1256/1564 691/1257/1565 696/1242/1550
f 691/1257/1565 692/1258/1566 696/1242/1550
f 692/1258/1566 693/1259/1567 696/1242/1550
f 693/1259/1567 694/1260/1568 696/1242/1550
f 694/1260/1568 675/1240/1548 696/1242/1550
s 39
f 697/1261/1569 698/1262/1570 718/1263/1571 717/1264/1572
f 698/1262/1570 699/1265/1573 719/1266/1574 718/1263/1571
f 699/1265/1573 700/1267/1575 720/1268/1576 719/1266/1574
f 700/1267/1575 701/1269/1577 721/1270/1578 720/1268/1576
f 701/1269/1577 702/1271/1579 722/1272/1580 721/1270/1578
f 702/1271/1579 703/1273/1581 723/1274/1582 722/1272/1580
f 703/1273/1581 704/1275/1583 724/1276/1584 723/1274/1582
f 704/1275/1583 705/1277/1585 725/1278/1586 724/1276/1584
f 705/1277/1585 706/1279/1587 726/1280/1588 725/1278/1586
f 706/1279/1587 707/1281/1589 727/1282/1590 726/1280/1588
f 707/1281/1589 708/1283/1591 728/1284/1592 727/1282/1590
f 708/1283/1591 709/1285/1593 729/1286/1594 728/1284/1592
f 709/1285/1593 710/1287/1595 730/1288/1596 729/1286/1594
f 710/1287/1595 711/1289/1597 731/1290/1598 730/1288/1596
f 711/1289/1597 712/1291/1599 732/1292/1600 731/1290/1598
f 712/1291/1599 713/1293/1601 733/1294/1602 732/1292/1600
f 713/1293/1601 714/1295/1603 734/1296/1604 733/1294/1602
f 714/1295/1603 715/1297/1605 735/1298/1606 734/1296/1604
f 715/1297/1605 716/1299/1607 736/1300/1608 735/1298/1606
f 716/1299/1607 697/1301/1569 717/1302/1572 736/1300/1608
s 40
f 698/1303/1609 697/1304/1610 737/1305/1611
f 699/1306/1612 698/1303/1609 737/1305/1611
f 700/1307/1613 699/1306/1612 737/1305/1611
f 701/1308/1614 700/1307/1613 737/1305/1611
f 702/1309/1615 701/1308/1614 737/1305/1611
f 703/1310/1616 702/1309/1615 737/1305/1611
f 704/1311/1617 703/1310/1616 737/1305/1611
f 705/1312/1618 704/1311/1617 737/1305/1611
f 706/1313/1619 705/1312/1618 737/1305/1611
f 707/1314/1620 706/1313/1619 737/1305/1611
f 708/1315/1621 707/1314/1620 737/1305/1611
f 709/1316/1622 708/1315/1621 737/1305/1611
f 710/1317/1623 709/1316/1622 737/1305/1611
f 711/1318/1624 710/1317/1623 737/1305/1611
f 712/1319/1625 711/1318/1624 737/1305/1611
f 713/1320/1626 712/1319/1625 737/1305/1611
f 714/1321/1627 713/1320/1626 737/1305/1611
f 715/1322/1628 714/1321/1627 737/1305/1611
f 716/1323/1629 715/1322/1628 737/1305/1611
f 697/1304/1610 716/1323/1629 737/1305/1611
s 41
f 717/1324/1630 718/1325/1631 738/1326/1632
f 718/1325/1631 719/1327/1633 738/1326/1632
f 719/1327/1633 720/1328/1634 738/1326/1632
f 720/1328/1634 721/1329/1635 738/1326/1632
f 721/1329/1635 722/1330/1636 738/1326/1632
f 722/1330/1636 723/1331/1637 738/1326/1632
f 723/1331/1637 724/1332/1638 738/1326/1632
f 724/1332/1638 725/1333/1639 738/1326/1632
f 725/1333/1639 726/1334/1640 738/1326/1632
f 726/1334/1640 727/1335/1641 738/1326/1632
f 727/1335/1641 728/1336/1642 738/1326/1632
f 728/1336/1642 729/1337/1643 738/1326/1632
f 729/1337/1643 730/1338/1644 738/1326/1632
f 730/1338/1644 731/1339/1645 738/1326/1632
f 731/1339/1645 732/1340/1646 738/1326/1632
f 732/1340/1646 733/1341/1647 738/1326/1632
f 733/1341/1647 734/1342/1648 738/1326/1632
f 734/1342/1648 735/1343/1649 738/1326/1632
f 735/1343/1649 736/1344/1650 738/1326/1632
f 736/1344/1650 717/1324/1630 738/1326/1632
s 42
f 739/1345/1651 740/1346/1652 760/1347/1653 759/1348/1654
f 740/1346/1652 741/1349/1655 761/1350/1656 760/1347/1653
f 741/1349/1655 742/1351/1657 762/1352/1658 761/1350/1656
f 742/1351/1657 743/1353/1659 763/1354/1660 762/1352/1658
f 743/1353/1659 744/1355/1661 764/1356/1662 763/1354/1660
f 744/1355/1661 745/1357/1663 765/1358/1664 764/1356/1662
f 745/1357/1663 746/1359/1665 766/1360/1666 765/1358/1664
f 746/1359/1665 747/1361/1667 767/1362/1668 766/1360/1666
f 747/1361/1667 748/1363/1669 768/1364/1670 767/1362/1668
f 748/1363/1669 749/1365/1671 769/1366/1672 768/1364/1670
f 749/1365/1671 750/1367/1673 770/1368/1674 769/1366/1672
f 750/1367/1673 751/1369/1675 771/1370/1676 770/1368/1674
f 751/1369/1675 752/1371/1677 772/1372/1678 771/1370/1676
f 752/1371/1677 753/1373/1679 773/1374/1680 772/1372/1678
f 753/1373/1679 754/1375/1681 774/1376/1682 773/1374/1680
f 754/1375/1681 755/1377/1683 775/1378/1684 774/1376/1682
f 755/1377/1683 756/1379/1685 776/1380/1686 775/1378/1684
f 756/1379/1685 757/1381/1687 777/1382/1688 776/1380/1686
f 757/1381/1687 758/1383/1689 778/1384/1690 777/1382/1688
f 758/1383/1689 739/1385/1651 759/1386/1654 778/1384/1690
s 43
f 740/1387/1691 739/1388/1692 779/1389/1693
f 741/1390/1694 740/1387/1691 779/1389/1693
f 742/1391/1695 741/1390/1694 779/1389/1693
f 743/1392/1696 742/1391/1695 779/1389/1693
f 744/1393/1697 743/1392/1696 779/1389/1693
f 745/1394/1698 744/1393/1697 779/1389/1693
f 746/1395/1699 745/1394/1698 779/1389/1693
f 747/1396/1700 746/1395/1699 779/1389/1693
f 748/1397/1701 747/1396/1700 779/1389/1693
f 749/1398/1702 748/1397/1701 779/1389/1693
f 750/1399/1703 749/1398/1702 779/1389/1693
f 751/1400/1704 750/1399/1703 779/1389/1693
f 752/1401/1705 751/1400/1704 779/1389/1693
f 753/1402/1706 752/1401/1705 779/1389/1693
f 754/1403/1707 753/1402/1706 779/1389/1693
f 755/1404/1708 754/1403/1707 779/1389/1693
f 756/1405/1709 755/1404/1708 779/1389/1693
f 757/1406/1710 756/1405/1709 779/1389/1693
f 758/1407/1711 757/1406/1710 779/1389/1693
f 739/1388/1692 758/1407/1711 779/1389/1693
s 44
f 759/1408/1712 760/1409/1713 780/1410/1714
f 760/1409/1713 761/1411/1715 780/1410/1714
f 761/1411/1715 762/1412/1716 780/1410/1714
f 762/1412/1716 763/1413/1717 780/1410/1714
f 763/1413/1717 764/1414/1718 780/1410/1714
f 764/1414/1718 765/1415/1719 780/1410/1714
f 765/1415/1719 766/1416/1720 780/1410/1714
f 766/1416/1720 767/1417/1721 780/1410/1714
f 767/1417/1721 768/1418/1722 780/1410/1714
f 768/1418/1722 769/1419/1723 780/1410/1714
f 769/1419/1723 770/1420/1724 780/1410/1714
f 770/1420/1724 771/1421/1725 780/1410/1714
f 771/1421/1725 772/1422/1726 780/1410/1714
f 772/1422/1726 773/1423/1727 780/1410/1714
f 773/1423/1727 774/1424/1728 780/1410/1714
f 774/1424/1728 775/1425/1729 780/1410/1714
f 775/1425/1729 776/1426/1730 780/1410/1714
f 776/1426/1730 777/1427/1731 780/1410/1714
f 777/1427/1731 778/1428/1732 780/1410/1714
f 778/1428/1732 759/1408/1712 780/1410/1714
s 45
f 781/1429/1733 782/1430/1734 802/1431/1735 801/1432/1736
f 782/1430/1734 783/1433/1737 803/1434/1738 802/1431/1735
f 783/1433/1737 784/1435/1739 804/1436/1740 803/1434/1738
f 784/1435/1739 785/1437/1741 805/1438/1742 804/1436/1740
f 785/1437/1741 786/1439/1743 806/1440/1744 805/1438/1742
f 786/1439/1743 787/1441/1745 807/1442/1746 806/1440/1744
f 787/1441/1745 788/1443/1747 808/1444/1748 807/1442/1746
f 788/1443/1747 789/1445/1749 809/1446/1750 808/1444/1748
f 789/1445/1749 790/1447/1751 810/1448/1752 809/1446/1750
f 790/1447/1751 791/1449/1753 811/1450/1754 810/1448/1752
f 791/1449/1753 792/1451/1755 812/1452/1756 811/1450/1754
f 792/1451/1755 793/1453/1757 813/1454/1758 812/1452/1756
f 793/1453/1757 794/1455/1759 814/1456/1760 813/1454/1758
f 794/1455/1759 795/1457/1761 815/1458/1762 814/1456/1760
f 795/1457/1761 796/1459/1763 816/1460/1764 815/1458/1762
f 796/1459/1763 797/1461/1765 817/1462/1766 816/1460/1764
f 797/1461/1765 798/1463/1767 818/1464/1768 817/1462/1766
f 798/1463/1767 799/1465/1769 819/1466/1770 818/1464/1768
f 799/1465/1769 800/1467/1771 820/1468/1772 819/1466/1770
f 800/1467/1771 781/1469/1733 801/1470/1736 820/1468/1772
s 46
f 782/1471/1773 781/1472/1774 821/1473/1775
f 783/1474/1776 782/1471/1773 821/1473/1775
f 784/1475/1777 783/1474/1776 821/1473/1775
f 785/1476/1778 784/1475/1777 821/1473/1775
f 786/1477/1779 785/1476/1778 821/1473/1775
f 787/1478/1780 786/1477/1779 821/1473/1775
f 788/1479/1781 787/1478/1780 821/1473/1775
f 789/1480/1782 788/1479/1781 821/1473/1775
f 790/1481/1783 789/1480/1782 821/1473/1775
f 791/1482/1784 790/1481/1783 821/1473/1775
f 792/1483/1785 791/1482/1784 821/1473/1775
f 793/1484/1786 792/1483/1785 821/1473/1775
f 794/1485/1787 793/1484/1786 821/1473/1775
f 795/1486/1788 794/1485/1787 821/1473/1775
f 796/1487/1789 795/1486/1788 821/1473/1775
f 797/1488/1790 796/1487/1789 821/1473/1775
f 798/1489/1791 797/1488/1790 821/1473/1775
f 799/1490/1792 798/1489/1791 821/1473/1775
f 800/1491/1793 799/1490/1792 821/1473/1775
f 781/1472/1774 800/1491/1793 821/1473/1775
s 47
f 801/1492/1794 802/1493/1795 822/1494/1796
f 802/1493/1795 803/1495/1797 822/1494/1796
f 803/1495/1797 804/1496/1798 822/1494/1796
f 804/1496/1798 805/1497/1799 822/1494/1796
f 805/1497/1799 806/1498/1800 822/1494/1796
f 806/1498/1800 807/1499/1801 822/1494/1796
f 807/1499/1801 808/1500/1802 822/1494/1796
f 808/1500/1802 809/1501/1803 822/1494/1796
f 809/1501/1803 810/1502/1804 822/1494/1796
f 810/1502/1804 811/1503/1805 822/1494/1796
f 811/1503/1805 812/1504/1806 822/1494/1796
f 812/1504/1806 813/1505/1807 822/1494/1796
f 813/1505/1807 814/1506/1808 822/1494/1796
f 814/1506/1808 815/1507/1809 822/1494/1796
f 815/1507/1809 816/1508/1810 822/1494/1796
f 816/1508/1810 817/1509/1811 822/1494/1796
f 817/1509/1811 818/1510/1812 822/1494/1796
f 818/1510/1812 819/1511/1813 822/1494/1796
f 819/1511/1813 820/1512/1814 822/1494/1796
f 820/1512/1814 801/1492/1794 822/1494/1796
s 48
f 823/1513/1815 824/1514/1816 844/1515/1817 843/1516/1818
f 824/1514/1816 825/1517/1819 845/1518/1820 844/1515/1817
f 825/1517/1819 826/1519/1821 846/1520/1822 845/1518/1820
f 826/1519/1821 827/1521/1823 847/1522/1824 846/1520/1822
f 827/1521/1823 828/1523/1825 848/1524/1826 847/1522/1824
f 828/1523/1825 829/1525/1827 849/1526/1828 848/1524/1826
f 829/1525/1827 830/1527/1829 850/1528/1830 849/1526/1828
f 830/1527/1829 831/1529/1831 851/1530/1832 850/1528/1830
f 831/1529/1831 832/1531/1833 852/1532/1834 851/1530/1832
f 832/1531/1833 833/1533/1835 853/1534/1836 852/1532/1834
f 833/1533/1835 834/1535/1837 854/1536/1838 853/1534/1836
f 834/1535/1837 835/1537/1839 855/1538/1840 854/1536/1838
f 835/1537/1839 836/1539/1841 856/1540/1842 855/1538/1840
f 836/1539/1841 837/1541/1843 857/1542/1844 856/1540/1842
f 837/1541/1843 838/1543/1845 858/1544/1846 857/1542/1844
f 838/1543/1845 839/1545/1847 859/1546/1848 858/1544/1846
f 839/1545/1847 840/1547/1849 860/1548/1850 859/1546/1848
f 840/1547/1849 841/1549/1851 861/1550/1852 860/1548/1850
f 841/1549/1851 842/1551/1853 862/1552/1854 861/1550/1852
f 842/1551/1853 823/1553/1815 843/1554/1818 862/1552/1854
s 49
f 824/1555/1855 823/1556/1856 863/1557/1857
f 825/1558/1858 824/1555/1855 863/1557/1857
f 826/1559/1859 825/1558/1858 863/1557/1857
f 827/1560/1860 826/1559/1859 863/1557/1857
f 828/1561/1861 827/1560/1860 863/1557/1857
f 829/1562/1862 828/1561/1861 863/1557/1857
f 830/1563/1863 829/1562/1862 863/1557/1857
f 831/1564/1864 830/1563/1863 863/1557/1857
f 832/1565/1865 831/1564/1864 863/1557/1857
f 833/1566/1866 832/1565/1865 863/1557/1857
f 834/1567/1867 833/1566/1866 863/1557/1857
f 835/1568/1868 834/1567/1867 863/1557/1857
f 836/1569/1869 835/1568/1868 863/1557/1857
f 837/1570/1870 836/1569/1869 863/1557/1857
f 838/1571/1871 837/1570/1870 863/1557/1857
f 839/1572/1872 838/1571/1871 863/1557/1857
f 840/1573/1873 839/1572/1872 863/1557/1857
f 841/1574/1874 840/1573/1873 863/1557/1857
f 842/1575/1875 841/1574/1874 863/1557/1857
f 823/1556/1856 842/1575/1875 863/1557/1857
s 50
f 843/1576/1876 844/1577/1877 864/1578/1878
f 844/1577/1877 845/1579/1879 864/1578/1878
f 845/1579/1879 846/1580/1880 864/1578/1878
f 846/1580/1880 847/1581/1881 864/1578/1878
f 847/1581/1881 848/1582/1882 864/1578/1878
f 848/1582/1882 849/1583/1883 864/1578/1878
f 849/1583/1883 850/1584/1884 864/1578/1878
f 850/1584/1884 851/1585/1885 864/1578/1878
f 851/1585/1885 852/1586/1886 864/1578/1878
f 852/1586/1886 853/1587/1887 864/1578/1878
f 853/1587/1887 854/1588/1888 864/1578/1878
f 854/1588/1888 855/1589/1889 864/1578/1878
f 855/1589/1889 856/1590/1890 864/1578/1878
f 856/1590/1890 857/1591/1891 864/1578/1878
f 857/1591/1891 858/1592/1892 864/1578/1878
f 858/1592/1892 859/1593/1893 864/1578/1878
f 859/1593/1893 860/1594/1894 864/1578/1878
f 860/1594/1894 861/1595/1895 864/1578/1878
f 861/1595/1895 862/1596/1896 864/1578/1878
f 862/1596/1896 843/1576/1876 864/1578/1878
s 51
f 865/1597/1897 866/1598/1898 886/1599/1899 885/1600/1900
f 866/1598/1898 867/1601/1901 887/1602/1902 886/1599/1899
f 867/1601/1901 868/1603/1903 888/1604/1904 887/1602/1902
f 868/1603/1903 869/1605/1905 889/1606/1906 888/1604/1904
f 869/1605/1905 870/1607/1907 890/1608/1908 889/1606/1906
f 870/1607/1907 871/1609/1909 891/1610/1910 890/1608/1908
f 871/1609/1909 872/1611/1911 892/1612/1912 891/1610/1910
f 872/1611/1911 873/1613/1913 893/1614/1914 892/1612/1912
f 873/1613/1913 874/1615/1915 894/1616/1916 893/1614/1914
f 874/1615/1915 875/1617/1917 895/1618/1918 894/1616/1916
f 875/1617/1917 876/1619/1919 896/1620/1920 895/1618/1918
f 876/1619/1919 877/1621/1921 897/1622/1922 896/1620/1920
f 877/1621/1921 878/1623/1923 898/1624/1924 897/1622/1922
f 878/1623/1923 879/1625/1925 899/1626/1926 898/1624/1924
f 879/1625/1925 880/1627/1927 900/1628/1928 899/1626/1926
f 880/1627/1927 881/1629/1929 901/1630/1930 900/1628/1928
f 881/1629/1929 882/1631/1931 902/1632/1932 901/1630/1930
f 882/1631/1931 883/1633/1933 903/1634/1934 902/1632/1932
f 883/1633/1933 884/1635/1935 904/1636/1936 903/1634/1934
f 884/1635/1935 865/1637/1897 885/1638/1900 904/1636/1936
s 52
f 866/1639/1937 865/1640/1938 905/1641/1939
f 867/1642/1940 866/1639/1937 905/1641/1939
f 868/1643/1941 867/1642/1940 905/1641/1939
f 869/1644/1942 868/1643/1941 905/1641/1939
f 870/1645/1943 869/1644/1942 905/1641/1939
f 871/1646/1944 870/1645/1943 905/1641/1939
f 872/1647/1945 871/1646/1944 905/1641/1939
f 873/1648/1946 872/1647/1945 905/1641/1939
f 874/1649/1947 873/1648/1946 905/1641/1939
f 875/1650/1948 874/1649/1947 905/1641/1939
f 876/1651/1949 875/1650/1948 905/1641/1939
f 877/1652/1950 876/1651/1949 905/1641/1939
f 878/1653/1951 877/1652/1950 905/1641/1939
f 879/1654/1952 878/1653/1951 905/1641/1939
f 880/1655/1953 879/1654/1952 905/1641/1939
f 881/1656/1954 880/1655/1953 905/1641/1939
f 882/1657/1955 881/1656/1954 905/1641/1939
f 883/1658/1956 882/1657/1955 905/1641/1939
f 884/1659/1957 883/1658/1956 905/1641/1939
f 865/1640/1938 884/1659/1957 905/1641/1939
s 53
f 885/1660/1958 886/1661/1959 906/1662/1960
f 886/1661/1959 887/1663/1961 906/1662/1960
f 887/1663/1961 888/1664/1962 906/1662/1960
f 888/1664/1962 889/1665/1963 906/1662/1960
f 889/1665/1963 890/1666/1964 906/1662/1960
f 890/1666/1964 891/1667/1965 906/1662/1960
f 891/1667/1965 892/1668/1966 906/1662/1960
f 892/1668/1966 893/1669/1967 906/1662/1960
f 893/1669/1967 894/1670/1968 906/1662/1960
f 894/1670/1968 895/1671/1969 906/1662/1960
f 895/1671/1969 896/1672/1970 906/1662/1960
f 896/1672/1970 897/1673/1971 906/1662/1960
f 897/1673/1971 898/1674/1972 906/1662/1960
f 898/1674/1972 899/1675/1973 906/1662/1960
f 899/1675/1973 900/1676/1974 906/1662/1960
f 900/1676/1974 901/1677/1975 906/1662/1960
f 901/1677/1975 902/1678/1976 906/1662/1960
f 902/1678/1976 903/1679/1977 906/1662/1960
f 903/1679/1977 904/1680/1978 906/1662/1960
f 904/1680/1978 885/1660/1958 906/1662/1960
s 54
f 907/1681/1979 908/1682/1980 928/1683/1981 927/1684/1982
f 908/1682/1980 909/1685/1983 929/1686/1984 928/1683/1981
f 909/1685/1983 910/1687/1985 930/1688/1986 929/1686/1984
f 910/1687/1985 911/1689/1987 931/1690/1988 930/1688/1986
f 911/1689/1987 912/1691/1989 932/1692/1990 931/1690/1988
f 912/1691/1989 913/1693/1991 933/1694/1992 932/1692/1990
f 913/1693/1991 914/1695/1993 934/1696/1994 933/1694/1992
f 914/1695/1993 915/1697/1995 935/1698/1996 934/1696/1994
f 915/1697/1995 916/1699/1997 936/1700/1998 935/1698/1996
f 916/1699/1997 917/1701/1999 937/1702/2000 936/1700/1998
f 917/1701/1999 918/1703/2001 938/1704/2002 937/1702/2000
f 918/1703/2001 919/1705/2003 939/1706/2004 938/1704/2002
f 919/1705/2003 920/1707/2005 940/1708/2006 939/1706/2004
f 920/1707/2005 921/1709/2007 941/1710/2008 940/1708/2006
f 921/1709/2007 922/1711/2009 942/1712/2010 941/1710/2008
f 922/1711/2009 923/1713/2011 943/1714/2012 942/1712/2010
f 923/1713/2011 924/1715/2013 944/1716/2014 943/1714/2012
f 924/1715/2013 925/1717/2015 945/1718/2016 944/1716/2014
f 925/1717/2015 926/1719/2017 946/1720/2018 945/1718/2016
f 926/1719/2017 907/1721/1979 927/1722/1982 946/1720/2018
s 55
f 908/1723/2019 907/1724/2020 947/1725/2021
f 909/1726/2022 908/1723/2019 947/1725/2021
f 910/1727/2023 909/1726/2022 947/1725/2021
f 911/1728/2024 910/1727/2023 947/1725/2021
f 912/1729/2025 911/1728/2024 947/1725/2021
f 913/1730/2026 912/1729/2025 947/1725/2021
f 914/1731/2027 913/1730/2026 947/1725/2021
f 915/1732/2028 914/1731/2027 947/1725/2021
f 916/1733/2029 915/1732/2028 947/1725/2021
f 917/1734/2030 916/1733/2029 947/1725/2021
f 918/1735/2031 917/1734/2030 947/1725/2021
f 919/1736/2032 918/1735/2031 947/1725/2021
f 920/1737/2033 919/1736/2032 947/1725/2021
f 921/1738/2034 920/1737/2033 947/1725/2021
f 922/1739/2035 921/1738/2034 947/1725/2021
f 923/1740/2036 922/1739/2035 947/1725/2021
f 924/1741/2037 923/1740/2036 947/1725/2021
f 925/1742/2038 924/1741/2037 947/1725/2021
f 926/1743/2039 925/1742/2038 947/1725/2021
f 907/1724/2020 926/1743/2039 947/1725/2021
s 56
f 927/1744/2040 928/1745/2041 948/1746/2042
f 928/1745/2041 929/1747/2043 948/1746/2042
f 929/1747/2043 930/1748/2044 948/1746/2042
f 930/1748/2044 931/1749/2045 948/1746/2042
f 931/1749/2045 932/1750/2046 948/1746/2042
f 932/1750/2046 933/1751/2047 948/1746/2042
f 933/1751/2047 934/1752/2048 948/1746/2042
f 934/1752/2048 935/1753/2049 948/1746/2042
f 935/1753/2049 936/1754/2050 948/1746/2042
f 936/1754/2050 937/1755/2051 948/1746/2042
f 937/1755/2051 938/1756/2052 948/1746/2042
f 938/1756/2052 939/1757/2053 948/1746/2042
f 939/1757/2053 940/1758/2054 948/1746/2042
f 940/1758/2054 941/1759/2055 948/1746/2042
f 941/1759/2055 942/1760/2056 948/1746/2042
f 942/1760/2056 943/1761/2057 948/1746/2042
f 943/1761/2057 944/1762/2058 948/1746/2042
f 944/1762/2058 945/1763/2059 948/1746/2042
f 945/1763/2059 946/1764/2060 948/1746/2042
f 946/1764/2060 927/1744/2040 948/1746/2042
s 57
f 949/1765/2061 950/1766/2062 970/1767/2063 969/1768/2064
f 950/1766/2062 951/1769/2065 971/1770/2066 970/1767/2063
f 951/1769/2065 952/1771/2067 972/1772/2068 971/1770/2066
f 952/1771/2067 953/1773/2069 973/1774/2070 972/1772/2068
f 953/1773/2069 954/1775/2071 974/1776/2072 973/1774/2070
f 954/1775/2071 955/1777/2073 975/1778/2074 974/1776/2072
f 955/1777/2073 956/1779/2075 976/1780/2076 975/1778/2074
f 956/1779/2075 957/1781/2077 977/1782/2078 976/1780/2076
f 957/1781/2077 958/1783/2079 978/1784/2080 977/1782/2078
f 958/1783/2079 959/1785/2081 979/1786/2082 978/1784/2080
f 959/1785/2081 960/1787/2083 980/1788/2084 979/1786/2082
f 960/1787/2083 961/1789/2085 981/1790/2086 980/1788/2084
f 961/1789/2085 962/1791/2087 982/1792/2088 981/1790/2086
f 962/1791/2087 963/1793/2089 983/1794/2090 982/1792/2088
f 963/1793/2089 964/1795/2091 984/1796/2092 983/1794/2090
f 964/1795/2091 965/1797/2093 985/1798/2094 984/1796/2092
f 965/1797/2093 966/1799/2095 986/1800/2096 985/1798/2094
f 966/1799/2095 967/1801/2097 987/1802/2098 986/1800/2096
f 967/1801/2097 968/1803/2099 988/1804/2100 987/1802/2098
f 968/1803/2099 949/1805/2061 969/1806/2064 988/1804/2100
s 58
f 950/1807/2101 949/1808/2102 989/1809/2103
f 951/1810/2104 950/1807/2101 989/1809/2103
f 952/1811/2105 951/1810/2104 989/1809/2103
f 953/1812/2106 952/1811/2105 989/1809/2103
f 954/1813/2107 953/1812/2106 989/1809/2103
f 955/1814/2108 954/1813/2107 989/1809/2103
f 956/1815/2109 955/1814/2108 989/1809/2103
f 957/1816/2110 956/1815/2109 989/1809/2103
f 958/1817/2111 957/1816/2110 989/1809/2103
f 959/1818/2112 958/1817/2111 989/1809/2103
f 960/1819/2113 959/1818/2112 989/1809/2103
f 961/1820/2114 960/1819/2113 989/1809/2103
f 962/1821/2115 961/1820/2114 989/1809/2103
f 963/1822/2116 962/1821/2115 989/1809/2103
f 964/1823/2117 963/1822/2116 989/1809/2103
f 965/1824/2118 964/1823/2117 989/1809/2103
f 966/1825/2119 965/1824/2118 989/1809/2103
f 967/1826/2120 966/1825/2119 989/1809/2103
f 968/1827/2121 967/1826/2120 989/1809/2103
f 949/1808/2102 968/1827/2121 989/1809/2103
s 59
f 969/1828/2122 970/1829/2123 990/1830/2124
f 970/1829/2123 971/1831/2125 990/1830/2124
f 971/1831/2125 972/1832/2126 990/1830/2124
f 972/1832/2126 973/1833/2127 990/1830/2124
f 973/1833/2127 974/1834/2128 990/1830/2124
f 974/1834/2128 975/1835/2129 990/1830/2124
f 975/1835/2129 976/1836/2130 990/1830/2124
f 976/1836/2130 977/1837/2131 990/1830/2124
f 977/1837/2131 978/1838/2132 990/1830/2124
f 978/1838/2132 979/1839/2133 990/1830/2124
f 979/1839/2133 980/1840/2134 990/1830/2124
f 980/1840/2134 981/1841/2135 990/1830/2124
f 981/1841/2135 982/1842/2136 990/1830/2124
f 982/1842/2136 983/1843/2137 990/1830/2124
f 983/1843/2137 984/1844/2138 990/1830/2124
f 984/1844/2138 985/1845/2139 990/1830/2124
f 985/1845/2139 986/1846/2140 990/1830/2124
f 986/1846/2140 987/1847/2141 990/1830/2124
f 987/1847/2141 988/1848/2142 990/1830/2124
f 988/1848/2142 969/1828/2122 990/1830/2124
s 60
f 991/1849/2143 1003/1850/2144 1004/1851/2145 993/1852/2146
s 61
f 993/1852/2147 1004/1851/2148 1005/1853/2149 999/1854/2150
s 62
f 995/1855/2151 1006/1856/2152 1007/1857/2153 997/1858/2154
s 63
f 1000/1859/2155 1008/1860/2156 1003/1861/2157 991/1862/2158
s off
f 992/1863/2159 1001/1864/2160 1002/1865/2161 994/1866/2162
s 64
f 999/1867/2163 1000/1868/2164 991/1849/2165 993/1852/2166
f 997/1869/2167 1015/1870/2168 1016/1871/2169 995/1872/2170
s 63
f 997/1858/2171 1007/1857/2172 1022/1873/2173 1015/1874/2174
s off
f 1019/1875/2175 1020/1876/2176 998/1877/2177 996/1878/2178
s 61
f 1016/1879/2179 1017/1880/2180 1006/1856/2181 995/1855/2182
s 60
f 1010/1881/2183 1011/1882/2184 992/1863/2185 994/1866/2186
s 61
f 1009/1883/2187 1010/1881/2188 994/1866/2189 1002/1865/2190
f 1014/1884/2191 1018/1885/2192 1019/1875/2193 996/1886/2194
s 62
f 1013/1887/2195 1014/1884/2196 996/1886/2197 998/1888/2198
s 63
f 1020/1876/2199 1021/1889/2200 1013/1887/2201 998/1888/2202
f 1011/1890/2203 1012/1891/2204 1001/1864/2205 992/1892/2206
s 61
f 1005/1853/2149 1004/1851/2148 1010/1881/2188 1009/1883/2187
s 60
f 1004/1851/2145 1003/1850/2144 1011/1882/2184 1010/1881/2183
s 63
f 1003/1861/2157 1008/1860/2156 1012/1891/2204 1011/1890/2203
f 1021/1889/2200 1022/1873/2173 1007/1857/2172 1013/1887/2201
s 62
f 1007/1857/2153 1006/1856/2152 1014/1884/2196 1013/1887/2195
s 61
f 1006/1856/2181 1017/1880/2180 1018/1885/2192 1014/1884/2191
s 64
f 1016/1871/2169 1015/1870/2168 1000/1868/2164 999/1867/2163
s 61
f 999/1854/2150 1005/1853/2149 1017/1880/2180 1016/1879/2179
f 1018/1885/2192 1017/1880/2180 1005/1853/2149 1009/1883/2187
s 63
f 1008/1860/2156 1022/1873/2173 1021/1889/2200 1012/1891/2204
f 1015/1874/2174 1022/1873/2173 1008/1860/2156 1000/1859/2155
s off
f 1009/1883/2207 1002/1865/2208 1001/1864/2209 1012/1891/2210
f 1012/1891/2211 1021/1889/2212 1018/1885/2213 1009/1883/2214
f 1019/1875/2215 1018/1885/2216 1021/1889/2217 1020/1876/2218
f 1025/1893/2219 1027/1894/2220 1034/1895/2221 1033/1896/2222
s 66
f 1026/1897/2223 1025/1898/2224 1031/1899/2225 1030/1900/2226
s off
f 1027/1901/2227 1026/1897/2228 1040/1902/2229 1039/1903/2230
s 67
f 1028/1904/2231 1031/1905/2232 1035/1906/2233 1038/1907/2234
s 66
f 1029/1908/2235 1028/1909/2236 1119/1910/2237 1122/1911/2238
s 68
f 1030/1900/2239 1029/1908/2240 1434/1912/2241 1433/1913/2242
s off
f 1032/1914/2243 1034/1915/2244 1137/1916/2245 1138/1917/2246
s 69
f 1033/1896/2247 1032/1914/2248 1036/1918/2249 1035/1906/2250
s 70
f 1037/1919/2251 1036/1918/2252 1436/1920/2253 1435/1921/2254
s 69
f 1038/1907/2255 1037/1919/2256 1127/1922/2257 1130/1923/2258
s off
f 1039/1903/2259 1040/1902/2260 1138/1924/2261 1137/1925/2262
s 66
f 1041/1926/2263 1043/1927/2264 2023/1928/2265 2022/1929/2266
s off
f 1042/1930/2267 1041/1931/2268 1060/1932/2269 1059/1933/2270
s 72
f 1043/1927/2271 1042/1930/2272 1045/1934/2273 1044/1935/2274
s 68
f 1044/1935/2275 1047/1936/2276 1178/1937/2277 1177/1938/2278
s 74
f 1046/1939/2279 1045/1934/2280 1153/1940/2281 1152/1941/2282
s 72
f 1047/1936/2283 1046/1939/2284 1156/1942/2285 1155/1943/2286
s 75
f 1048/1944/2287 1050/1945/2288 2055/1946/2289 2054/1947/2290
s 72
f 1049/1948/2291 1048/1944/2292 1502/1949/2293 1501/1950/2294
s off
f 1050/1951/2295 1049/1948/2296 1052/1952/2297 1051/1953/2298
s 77
f 1051/1954/2299 1053/1955/2300 2051/1956/2301 2050/1957/2302
s 78
f 1053/1958/2303 1052/1952/2304 1055/1959/2305 1054/1960/2306
s 70
f 1054/1961/2307 1057/1962/2308 1567/1963/2309 1566/1964/2310
s 74
f 1056/1965/2311 1055/1959/2312 1501/1950/2313 1500/1966/2314
s 78
f 1057/1962/2315 1056/1967/2316 1504/1968/2317 1503/1969/2318
s 69
f 1058/1970/2319 1060/1971/2320 2027/1972/2321 2026/1973/2322
s 78
f 1059/1933/2323 1058/1974/2324 1154/1975/2325 1153/1940/2326
s 66
f 1061/1976/2327 1064/1977/2328 1878/1978/2329 1877/1979/2330
s 67
f 1062/1980/2331 1061/1981/2332 1072/1982/2333 1071/1983/2334
s 66
f 1063/1984/2335 1062/1985/2336 1068/1986/2337 1067/1987/2338
s 68
f 1064/1977/2339 1063/1984/2340 1080/1988/2341 1079/1989/2342
s 67
f 1065/1990/2343 1068/1991/2344 1073/1992/2345 1076/1993/2346
s 66
f 1066/1994/2347 1065/1995/2348 1243/1996/2349 1246/1997/2350
s 68
f 1067/1987/2351 1066/1994/2352 1257/1998/2353 1256/1999/2354
s 69
f 1069/2000/2355 1072/1982/2356 1966/2001/2357 1965/2002/2358
s 70
f 1070/2003/2359 1069/2000/2360 1150/2004/2361 1149/2005/2362
s 69
f 1071/1983/2363 1070/2003/2364 1074/2006/2365 1073/1992/2366
s 70
f 1075/2007/2367 1074/2006/2368 1171/2008/2369 1174/2009/2370
s 69
f 1076/1993/2371 1075/2007/2372 1281/2010/2373 1284/2011/2374
s 68
f 1077/2012/2375 1080/1988/2341 1256/1999/2354 1255/2013/2376
f 1078/2014/2377 1077/2012/2375 1162/2015/2378 1161/2016/2379
f 1079/1989/2342 1078/2014/2377 1182/2017/2380 1181/2018/2381
s 66
f 1081/2019/2382 1084/2020/2383 1302/2021/2384 1301/2022/2385
s 67
f 1082/2023/2386 1081/2024/2387 1092/2025/2388 1091/2026/2389
s 66
f 1083/2027/2390 1082/2028/2391 1088/2029/2392 1087/2030/2393
s 68
f 1084/2020/2394 1083/2027/2395 1100/2031/2396 1099/2032/2397
s 67
f 1085/2033/2398 1088/2034/2399 1093/2035/2400 1096/2036/2401
s 66
f 1086/2037/2402 1085/2038/2403 1873/2039/2404 1876/2040/2405
s 68
f 1087/2030/2406 1086/2037/2407 1887/2041/2408 1886/2042/2409
s 69
f 1089/2043/2410 1092/2025/2411 1326/2044/2412 1325/2045/2413
s 70
f 1090/2046/2414 1089/2043/2415 1146/2047/2416 1145/2048/2417
s 69
f 1091/2026/2418 1090/2046/2419 1094/2049/2420 1093/2035/2421
s 70
f 1095/2050/2422 1094/2049/2423 1167/2051/2424 1170/2052/2425
s 69
f 1096/2036/2426 1095/2050/2427 1961/2053/2428 1964/2054/2429
s 68
f 1097/2055/2430 1100/2031/2396 1886/2042/2409 1885/2056/2431
f 1098/2057/2432 1097/2055/2430 1166/2058/2433 1165/2059/2434
f 1099/2032/2397 1098/2057/2432 1186/2060/2435 1185/2061/2436
s 66
f 1101/2062/2437 1104/2063/2438 1418/2064/2439 1417/2065/2440
s 67
f 1102/2066/2441 1101/2067/2442 1112/2068/2443 1111/2069/2444
s 66
f 1103/2070/2445 1102/2071/2446 1108/2072/2447 1107/2073/2448
s 68
f 1104/2063/2449 1103/2070/2450 1118/2074/2451 1117/2075/2452
s 67
f 1105/2076/2453 1108/2077/2454 1113/2078/2455 1116/2079/2456
s 66
f 1106/2080/2457 1105/2081/2458 1376/2082/2459 1379/2083/2460
s 68
f 1107/2073/2461 1106/2080/2462 1388/2084/2463 1391/2085/2464
s 69
f 1109/2086/2465 1112/2068/2466 1426/2087/2467 1425/2088/2468
s 70
f 1110/2089/2469 1109/2086/2470 1142/2090/2471 1141/2091/2472
s 69
f 1111/2069/2473 1110/2089/2474 1114/2092/2475 1113/2078/2476
s 70
f 1115/2093/2477 1114/2092/2478 1444/2094/2479 1443/2095/2480
s 69
f 1116/2079/2481 1115/2093/2482 1400/2096/2483 1403/2097/2484
s 67
f 1120/2098/2485 1119/2099/2486 1130/1923/2487 1129/2100/2488
s 66
f 1121/2101/2489 1120/2102/2490 1126/2103/2491 1125/2104/2492
s 68
f 1122/1911/2493 1121/2101/2494 1136/2105/2495 1135/2106/2496
s 67
f 1123/2107/2497 1126/2108/2498 1131/2109/2499 1134/2110/2500
s 66
f 1124/2111/2501 1123/2112/2502 1413/2113/2503 1416/2114/2504
s 68
f 1125/2104/2505 1124/2111/2506 1453/2115/2507 1452/2116/2508
s 70
f 1128/2117/2509 1127/1922/2510 1140/2118/2511 1139/2119/2512
s 69
f 1129/2100/2513 1128/2117/2514 1132/2120/2515 1131/2109/2516
s 70
f 1133/2121/2517 1132/2120/2518 1455/2122/2519 1454/2123/2520
s 69
f 1134/2110/2521 1133/2121/2522 1421/2124/2523 1424/2125/2524
s 70
f 1143/2126/2525 1146/2047/2416 1318/2127/2526 1317/2128/2527
f 1144/2129/2528 1143/2126/2525 1734/2130/2529 1733/2131/2530
f 1145/2048/2417 1144/2129/2528 1168/2132/2531 1167/2051/2424
f 1147/2133/2532 1150/2004/2361 1958/2134/2533 1957/2135/2534
f 1148/2136/2535 1147/2133/2532 1738/2137/2536 1737/2138/2537
f 1149/2005/2362 1148/2136/2535 1172/2139/2538 1171/2008/2369
f 1151/2140/2539 1154/2141/2540 2031/2142/2541 2030/2143/2542
s 78
f 1152/1941/2543 1151/2144/2544 1750/2145/2545 1749/2146/2546
s 68
f 1155/1943/2547 1158/2147/2548 1854/2148/2549 1853/2149/2550
s 74
f 1157/2150/2551 1156/1942/2552 1749/2146/2553 1748/2151/2554
s 72
f 1158/2147/2555 1157/2150/2556 1751/2152/2557 1754/2153/2558
s 68
f 1159/2154/2559 1162/2015/2378 1862/2155/2560 1861/2156/2561
f 1160/2157/2562 1159/2154/2559 1766/2158/2563 1765/2159/2564
f 1161/2016/2379 1160/2157/2562 1866/2160/2565 1865/2161/2566
f 1163/2162/2567 1166/2058/2433 1894/2163/2568 1893/2164/2569
f 1164/2165/2570 1163/2162/2567 1770/2166/2571 1769/2167/2572
f 1165/2059/2434 1164/2165/2570 1870/2168/2573 1869/2169/2574
s 70
f 1169/2170/2575 1168/2132/2531 1837/2171/2576 1840/2172/2577
f 1170/2052/2425 1169/2170/2575 1953/2173/2578 1956/2174/2579
f 1173/2175/2580 1172/2139/2538 1841/2176/2581 1844/2177/2582
f 1174/2009/2370 1173/2175/2580 1273/2178/2583 1276/2179/2584
s 68
f 1175/2180/2585 1178/1937/2277 1853/2149/2550 1856/2181/2586
f 1176/2182/2587 1175/2180/2585 2020/2183/2588 2019/2184/2589
f 1177/1938/2278 1176/2182/2587 2024/2185/2590 2023/1928/2591
f 1179/2186/2592 1182/2017/2380 1865/2161/2566 1868/2187/2593
f 1180/2188/2594 1179/2186/2592 1881/2189/2595 1884/2190/2596
f 1181/2018/2381 1180/2188/2594 1879/2191/2597 1878/1978/2598
f 1183/2192/2599 1186/2060/2435 1869/2169/2574 1872/2193/2600
f 1184/2194/2601 1183/2192/2599 1305/2195/2602 1308/2196/2603
f 1185/2061/2436 1184/2194/2601 1303/2197/2604 1302/2021/2605
s 66
f 1187/2198/2606 1190/2199/2607 1248/2200/2608 1247/2201/2609
s 67
f 1188/2202/2610 1187/2203/2611 1230/2204/2612 1229/2205/2613
s 66
f 1189/2206/2614 1188/2207/2615 1194/2208/2616 1193/2209/2617
s 68
f 1190/2199/2618 1189/2206/2619 1198/2210/2620 1197/2211/2621
s 67
f 1191/2212/2622 1194/2213/2623 1231/2214/2624 1234/2215/2625
s 66
f 1192/2216/2626 1191/2217/2627 2021/2218/2628 2024/2185/2629
s 68
f 1193/2209/2630 1192/2216/2631 2019/2184/2589 2018/2219/2632
f 1195/2220/2633 1198/2210/2620 2018/2219/2632 2017/2221/2634
f 1196/2222/2635 1195/2220/2633 1238/2223/2636 1237/2224/2637
f 1197/2211/2621 1196/2222/2635 1202/2225/2638 1201/2226/2639
f 1199/2227/2640 1202/2225/2638 1857/2228/2641 1860/2229/2642
f 1200/2230/2643 1199/2227/2640 1251/2231/2644 1254/2232/2645
f 1201/2226/2639 1200/2230/2643 1249/2233/2646 1248/2200/2647
s 75
f 1203/2234/2648 1206/2235/2649 1263/2236/2650 1262/2237/2651
s 68
f 1204/2238/2652 1203/2234/2653 1498/2239/2654 1497/2240/2655
s 75
f 1205/2241/2656 1204/2238/2657 1208/2242/2658 1207/2243/2659
s 110
f 1206/2235/2660 1205/2241/2661 1212/2244/2662 1211/2245/2663
f 1207/2243/2664 1210/2246/2665 1217/2247/2666 1216/2248/2667
s 68
f 1209/2249/2668 1208/2242/2669 1562/2250/2670 1565/2251/2671
s 75
f 1210/2246/2672 1209/2249/2673 2053/2252/2674 2056/2253/2675
s 77
f 1211/2245/2676 1214/2254/2677 1270/2255/2678 1269/2256/2679
f 1213/2257/2680 1212/2244/2681 1216/2248/2682 1215/2258/2683
s 70
f 1214/2254/2684 1213/2257/2685 1242/2259/2686 1241/2260/2687
f 1215/2258/2688 1218/2261/2689 2047/2262/2690 2046/2263/2691
s 77
f 1218/2261/2692 1217/2247/2693 2049/2264/2694 2052/2265/2695
s 70
f 1219/2266/2696 1222/2267/2697 1278/2268/2698 1277/2269/2699
f 1220/2270/2700 1219/2266/2696 1746/2271/2701 1745/2272/2702
f 1221/2273/2703 1220/2270/2700 1224/2274/2704 1223/2275/2705
f 1222/2267/2697 1221/2273/2703 1228/2276/2706 1227/2277/2707
f 1223/2275/2705 1226/2278/2708 1233/2279/2709 1232/2280/2710
f 1225/2281/2711 1224/2274/2704 1849/2282/2712 1852/2283/2713
f 1226/2278/2708 1225/2281/2711 2029/2284/2714 2032/2285/2715
s 69
f 1227/2277/2716 1230/2204/2717 1286/2286/2718 1285/2287/2719
f 1229/2205/2720 1228/2276/2721 1232/2280/2722 1231/2214/2723
f 1234/2215/2724 1233/2279/2725 2025/2288/2726 2028/2289/2727
s 68
f 1235/2290/2728 1238/2223/2636 2070/2291/2729 2069/2292/2730
f 1236/2293/2731 1235/2290/2728 1758/2294/2732 1757/2295/2733
f 1237/2224/2637 1236/2293/2731 1858/2296/2734 1857/2228/2641
s 70
f 1239/2297/2735 1242/2259/2686 2046/2263/2691 2045/2298/2736
f 1240/2299/2737 1239/2297/2735 1508/2300/2738 1507/2301/2739
f 1241/2260/2687 1240/2299/2737 1571/2302/2740 1570/2303/2741
s 67
f 1244/2304/2742 1243/2305/2743 1284/2011/2744 1283/2306/2745
s 66
f 1245/2307/2746 1244/2308/2747 1250/2309/2748 1249/2233/2749
s 68
f 1246/1997/2750 1245/2307/2751 1254/2232/2645 1253/2310/2752
s 67
f 1247/2311/2753 1250/2312/2754 1287/2313/2755 1286/2286/2756
s 68
f 1252/2314/2757 1251/2231/2644 1292/2315/2758 1291/2316/2759
f 1253/2310/2752 1252/2314/2757 1258/2317/2760 1257/1998/2353
f 1255/2013/2376 1258/2317/2760 1863/2318/2761 1862/2155/2560
s 75
f 1259/2319/2762 1261/2320/2763 2016/2321/2764 2015/2322/2765
s 68
f 1260/2323/2766 1259/2319/2767 1494/2324/2768 1493/2325/2769
s 75
f 1261/2320/2763 1260/2323/2770 1265/2326/2771 1264/2327/2772
s 68
f 1262/2237/2773 1265/2326/2774 1560/2328/2775 1559/2329/2776
s 110
f 1264/2327/2777 1263/2236/2778 1269/2256/2779 1272/2330/2780
s 77
f 1266/2331/2781 1268/2332/2782 1272/2330/2783 1271/2333/2784
s 70
f 1267/2334/2785 1266/2331/2786 1296/2335/2787 1295/2336/2788
s 77
f 1268/2332/2782 1267/2334/2789 2008/2337/2790 2007/2338/2791
s 70
f 1271/2333/2792 1270/2255/2793 1570/2303/2741 1573/2339/2794
f 1274/2340/2795 1273/2178/2583 1742/2341/2796 1741/2342/2797
f 1275/2343/2798 1274/2340/2795 1280/2344/2799 1279/2345/2800
f 1276/2179/2584 1275/2343/2798 1282/2346/2801 1281/2010/2802
f 1277/2269/2699 1280/2344/2799 1847/2347/2803 1846/2348/2804
f 1279/2345/2800 1278/2268/2698 1285/2287/2805 1288/2349/2806
s 69
f 1283/2306/2807 1282/2346/2808 1288/2349/2809 1287/2313/2810
s 68
f 1289/2350/2811 1292/2315/2758 1860/2229/2642 1859/2351/2812
f 1290/2352/2813 1289/2350/2811 1762/2353/2814 1761/2354/2815
f 1291/2316/2759 1290/2352/2813 1864/2355/2816 1863/2318/2761
s 70
f 1293/2356/2817 1296/2335/2787 1573/2339/2794 1572/2357/2818
f 1294/2358/2819 1293/2356/2817 1512/2359/2820 1511/2360/2821
f 1295/2336/2788 1294/2358/2819 1577/2361/2822 1576/2362/2823
s 66
f 1297/2363/2824 1300/2364/2825 1345/2365/2826 1344/2366/2827
s 67
f 1298/2367/2828 1297/2368/2829 1324/2369/2830 1323/2370/2831
s 66
f 1299/2371/2832 1298/2372/2833 1304/2373/2834 1303/2197/2835
s 68
f 1300/2364/2836 1299/2371/2837 1308/2196/2603 1307/2374/2838
s 67
f 1301/2375/2839 1304/2376/2840 1327/2377/2841 1326/2044/2842
s 68
f 1306/2378/2843 1305/2195/2602 1332/2379/2844 1331/2380/2845
f 1307/2374/2838 1306/2378/2843 1312/2381/2846 1311/2382/2847
f 1309/2383/2848 1312/2381/2846 1776/2384/2849 1775/2385/2850
f 1310/2386/2851 1309/2383/2848 1348/2387/2852 1351/2388/2853
f 1311/2382/2847 1310/2386/2851 1346/2389/2854 1345/2365/2855
s 70
f 1313/2390/2856 1316/2391/2857 1728/2392/2858 1727/2393/2859
f 1314/2394/2860 1313/2390/2856 1320/2395/2861 1319/2396/2862
f 1315/2397/2863 1314/2394/2860 1322/2398/2864 1321/2399/2865
f 1316/2391/2857 1315/2397/2863 1361/2400/2866 1360/2401/2867
f 1317/2128/2527 1320/2395/2861 1835/2402/2868 1834/2403/2869
f 1319/2396/2862 1318/2127/2526 1325/2045/2870 1328/2404/2871
s 69
f 1321/2399/2872 1324/2369/2873 1369/2405/2874 1368/2406/2875
f 1323/2370/2876 1322/2398/2877 1328/2404/2878 1327/2377/2879
s 68
f 1329/2407/2880 1332/2379/2844 1872/2193/2600 1871/2408/2881
f 1330/2409/2882 1329/2407/2880 1774/2410/2883 1773/2411/2884
f 1331/2380/2845 1330/2409/2882 1777/2412/2885 1776/2384/2849
s 125
f 1333/2413/2886 1334/2414/2887 2012/2415/2888 2011/2416/2889
s 126
f 1334/2414/2890 1333/2413/2891 1339/2417/2892 1338/2418/2893
s 70
f 1335/2419/2894 1339/2417/2895 1585/2420/2896 1584/2421/2897
f 1336/2422/2898 1335/2419/2894 1534/2423/2899 1533/2424/2900
s 126
f 1337/2425/2901 1336/2422/2902 1587/2426/2903 1586/2427/2904
s off
f 1338/2418/2905 1337/2425/2906 1470/2428/2907 1474/2429/2908
s 66
f 1340/2430/2909 1343/2431/2910 1381/2432/2911 1380/2433/2912
s 67
f 1341/2434/2913 1340/2435/2914 1367/2436/2915 1366/2437/2916
s 66
f 1342/2438/2917 1341/2439/2918 1347/2440/2919 1346/2389/2920
s 68
f 1343/2431/2921 1342/2438/2922 1351/2388/2853 1350/2441/2923
s 67
f 1344/2442/2924 1347/2443/2925 1370/2444/2926 1369/2405/2927
s 68
f 1349/2445/2928 1348/2387/2852 1373/2446/2929 1372/2447/2930
f 1350/2441/2923 1349/2445/2928 1355/2448/2931 1354/2449/2932
f 1352/2450/2933 1355/2448/2931 1784/2451/2934 1783/2452/2935
f 1353/2453/2936 1352/2450/2933 1384/2454/2937 1387/2455/2938
f 1354/2449/2932 1353/2453/2936 1382/2456/2939 1381/2432/2940
s 70
f 1356/2457/2941 1359/2458/2942 1720/2459/2943 1719/2460/2944
f 1357/2461/2945 1356/2457/2941 1363/2462/2946 1362/2463/2947
f 1358/2464/2948 1357/2461/2945 1365/2465/2949 1364/2466/2950
f 1359/2458/2942 1358/2464/2948 1397/2467/2951 1396/2468/2952
f 1360/2401/2867 1363/2462/2946 1457/2469/2953 1456/2470/2954
f 1362/2463/2947 1361/2400/2866 1368/2406/2955 1371/2471/2956
s 69
f 1364/2466/2957 1367/2436/2958 1405/2472/2959 1404/2473/2960
f 1366/2437/2961 1365/2465/2962 1371/2471/2963 1370/2444/2964
s 68
f 1372/2447/2930 1375/2474/2965 1785/2475/2966 1784/2451/2934
f 1374/2476/2967 1373/2446/2929 1775/2385/2850 1778/2477/2968
f 1375/2474/2965 1374/2476/2967 1779/2478/2969 1782/2479/2970
s 67
f 1377/2480/2971 1376/2481/2972 1403/2097/2973 1402/2482/2974
s 66
f 1378/2483/2975 1377/2484/2976 1383/2485/2977 1382/2456/2978
s 68
f 1379/2083/2979 1378/2483/2980 1387/2455/2938 1386/2486/2981
s 67
f 1380/2487/2982 1383/2488/2983 1406/2489/2984 1405/2472/2985
s 68
f 1385/2490/2986 1384/2454/2937 1410/2491/2987 1409/2492/2988
f 1386/2486/2981 1385/2490/2986 1389/2493/2989 1388/2084/2463
s off
f 1390/2494/2990 1389/2493/2991 1446/2495/2992 1445/2496/2993
f 1391/2497/2994 1390/2494/2995 1441/2498/2996 1444/2499/2997
s 70
f 1392/2500/2998 1395/2501/2999 1712/2502/3000 1711/2503/3001
f 1393/2504/3002 1392/2500/2998 1399/2505/3003 1398/2506/3004
f 1394/2507/3005 1393/2504/3002 1401/2508/3006 1400/2096/3007
f 1395/2501/2999 1394/2507/3005 1443/2095/2480 1442/2509/3008
f 1396/2468/2952 1399/2505/3003 1438/2510/3009 1437/2511/3010
f 1398/2506/3004 1397/2467/2951 1404/2473/3011 1407/2512/3012
s 69
f 1402/2482/3013 1401/2508/3014 1407/2512/3015 1406/2489/3016
s off
f 1408/2513/3017 1412/2514/3018 1709/2515/3019 1713/2516/3020
s 133
f 1409/2492/3021 1408/2513/3022 1447/2517/3023 1446/2495/3024
s 68
f 1411/2518/3025 1410/2491/2987 1783/2452/2935 1786/2519/3026
s 133
f 1412/2514/3027 1411/2518/3028 1828/2520/3029 1827/2521/3030
s 67
f 1414/2522/3031 1413/2523/3032 1424/2125/3033 1423/2524/3034
s 66
f 1415/2525/3035 1414/2526/3036 1420/2527/3037 1419/2528/3038
s 68
f 1416/2114/3039 1415/2525/3040 1430/2529/3041 1429/2530/3042
s 67
f 1417/2531/3043 1420/2532/3044 1427/2533/3045 1426/2087/3046
s 68
f 1419/2528/3047 1418/2064/3048 1449/2534/3049 1448/2535/3050
s 70
f 1422/2536/3051 1421/2124/3052 1432/2537/3053 1431/2538/3054
s 69
f 1423/2524/3055 1422/2536/3056 1428/2539/3057 1427/2533/3058
s 70
f 1425/2088/3059 1428/2539/3060 1451/2540/3061 1450/2541/3062
f 1437/2511/3010 1440/2542/3063 1721/2543/3064 1720/2459/2943
f 1439/2544/3065 1438/2510/3009 1711/2503/3001 1710/2545/3066
f 1440/2542/3063 1439/2544/3065 1717/2546/3067 1716/2547/3068
s off
f 1442/2509/3069 1441/2498/3070 1832/2548/3071 1831/2549/3072
f 1445/2496/3073 1447/2517/3074 1830/2550/3075 1832/2548/3076
s 70
f 1456/2470/2954 1459/2551/3077 1729/2552/3078 1728/2392/2858
f 1458/2553/3079 1457/2469/2953 1719/2460/2944 1722/2554/3080
f 1459/2551/3077 1458/2553/3079 1723/2555/3081 1726/2556/3082
s 135
f 1460/2557/3083 1463/2558/3084 1586/2427/3085 1589/2559/3086
s 136
f 1461/2560/3087 1460/2557/3088 1545/2561/3089 1544/2562/3090
s 68
f 1462/2563/3091 1461/2560/3092 1467/2564/3093 1466/2565/3094
s 136
f 1463/2558/3095 1462/2563/3096 1471/2566/3097 1470/2428/3098
s 68
f 1464/2567/3099 1467/2564/3093 1653/2568/3100 1652/2569/3101
f 1465/2570/3102 1464/2567/3099 1649/2571/3103 1648/2572/3104
f 1466/2565/3094 1465/2570/3102 1644/2573/3105 1643/2574/3106
s 136
f 1468/2575/3107 1469/2576/3108 1474/2429/3109 1473/2577/3110
s 75
f 1469/2576/3111 1468/2575/3112 1988/2578/3113 1987/2579/3114
s 68
f 1472/2580/3115 1471/2566/3116 1643/2574/3106 1642/2581/3117
f 1473/2577/3118 1472/2580/3115 1549/2582/3119 1548/2583/3120
f 1475/2584/3121 1478/2585/3122 1547/2586/3123 1546/2587/3124
f 1476/2588/3125 1475/2584/3121 1639/2589/3126 1638/2590/3127
f 1477/2591/3128 1476/2588/3125 1551/2592/3129 1550/2593/3130
f 1478/2585/3122 1477/2591/3128 1480/2594/3131 1479/2595/3132
s 75
f 1479/2595/3133 1482/2596/3134 1986/2597/3135 1985/2598/3136
f 1481/2599/3137 1480/2594/3138 1978/2600/3139 1977/2601/3140
s 141
f 1482/2596/3141 1481/2599/3142 2001/2602/3143 2004/2603/3144
s 68
f 1483/2604/3145 1486/2605/3146 1920/2606/3147 1919/2607/3148
f 1484/2608/3149 1483/2604/3145 1635/2609/3150 1634/2610/3151
f 1485/2611/3152 1484/2608/3149 1555/2612/3153 1554/2613/3154
f 1486/2605/3146 1485/2611/3152 1489/2614/3155 1488/2615/3156
s 141
f 1487/2616/3157 1490/2617/3158 1992/2618/3159 1991/2619/3160
s 75
f 1488/2615/3161 1487/2616/3162 1984/2620/3163 1983/2621/3164
f 1490/2617/3165 1489/2614/3166 2014/2622/3167 2013/2623/3168
s 68
f 1491/2624/3169 1494/2324/2768 1557/2625/3170 1556/2626/3171
f 1492/2627/3172 1491/2624/3169 1631/2628/3173 1630/2629/3174
f 1493/2325/2769 1492/2627/3172 1561/2630/3175 1560/2328/2775
f 1495/2631/3176 1498/2239/2654 1559/2329/2776 1558/2632/3177
f 1496/2633/3178 1495/2631/3176 1627/2634/3179 1626/2635/3180
f 1497/2240/2655 1496/2633/3178 1563/2636/3181 1562/2250/2670
f 1499/2637/3182 1502/1949/3183 2059/2638/3184 2058/2639/3185
s 72
f 1500/1966/3186 1499/2637/3187 1624/2640/3188 1623/2641/3189
s 70
f 1503/1969/3190 1506/2642/3191 2043/2643/3192 2042/2644/3193
s 74
f 1505/2645/3194 1504/2646/3195 1623/2641/3196 1622/2647/3197
s 78
f 1506/2642/3198 1505/2648/3199 1619/2649/3200 1618/2650/3201
s 70
f 1507/2301/2739 1510/2651/3202 1679/2652/3203 1678/2653/3204
f 1509/2654/3205 1508/2300/2738 1683/2655/3206 1682/2656/3207
f 1510/2651/3202 1509/2654/3205 1615/2657/3208 1614/2658/3209
f 1511/2360/2821 1514/2659/3210 1677/2660/3211 1676/2661/3212
f 1513/2662/3213 1512/2359/2820 1681/2663/3214 1680/2664/3215
f 1514/2659/3210 1513/2662/3213 1611/2665/3216 1610/2666/3217
f 1515/2667/3218 1518/2668/3219 1575/2669/3220 1574/2670/3221
f 1516/2671/3222 1515/2667/3218 1520/2672/3223 1519/2673/3224
f 1517/2674/3225 1516/2671/3222 1579/2675/3226 1578/2676/3227
f 1518/2668/3219 1517/2674/3225 1990/2677/3228 1989/2678/3229
f 1519/2673/3224 1522/2679/3230 1934/2680/3231 1933/2681/3232
f 1521/2682/3233 1520/2672/3223 1675/2683/3234 1674/2684/3235
f 1522/2679/3230 1521/2682/3233 1607/2685/3236 1606/2686/3237
f 1523/2687/3238 1526/2688/3239 2003/2689/3240 2002/2690/3241
f 1524/2691/3242 1523/2687/3238 1928/2692/3243 1927/2693/3244
f 1525/2694/3245 1524/2691/3242 1528/2695/3246 1527/2696/3247
f 1526/2688/3239 1525/2694/3245 1583/2697/3248 1582/2698/3249
f 1527/2696/3247 1530/2699/3250 1667/2700/3251 1666/2701/3252
f 1529/2702/3253 1528/2695/3246 1671/2703/3254 1670/2704/3255
f 1530/2699/3250 1529/2702/3253 1603/2705/3256 1602/2706/3257
f 1531/2707/3258 1534/2423/2899 1669/2708/3259 1668/2709/3260
f 1532/2710/3261 1531/2707/3258 1601/2711/3262 1600/2712/3263
f 1533/2424/2900 1532/2710/3261 1597/2713/3264 1596/2714/3265
s off
f 1535/2715/3266 1537/2716/3267 1543/2717/3268 1545/2561/3269
s 126
f 1536/2718/3270 1535/2715/3271 1589/2559/3272 1588/2719/3273
s 149
f 1537/2716/3274 1536/2718/3275 1539/2720/3276 1538/2721/3277
s off
f 1538/2721/3278 1542/2722/3279 1650/2723/3280 1654/2724/3281
s 70
f 1540/2725/3282 1539/2720/3283 1595/2726/3284 1594/2727/3285
f 1541/2728/3286 1540/2725/3282 1593/2729/3287 1592/2730/3288
s 149
f 1542/2722/3289 1541/2728/3290 1664/2731/3291 1663/2732/3292
s 151
f 1544/2562/3293 1543/2717/3294 1654/2724/3295 1653/2568/3296
s 68
f 1546/2587/3124 1549/2582/3119 1704/2733/3297 1703/2734/3298
f 1548/2583/3120 1547/2586/3123 1985/2598/3299 1988/2578/3300
f 1550/2593/3130 1553/2735/3301 1979/2736/3302 1978/2600/3303
f 1552/2737/3304 1551/2592/3129 1909/2738/3305 1912/2739/3306
f 1553/2735/3301 1552/2737/3304 1913/2740/3307 1916/2741/3308
f 1554/2613/3154 1557/2625/3170 2015/2322/3309 2014/2622/3310
f 1556/2626/3171 1555/2612/3153 1694/2742/3311 1697/2743/3312
f 1558/2632/3177 1561/2630/3175 1692/2744/3313 1691/2745/3314
f 1564/2746/3315 1563/2636/3181 2061/2747/3316 2064/2748/3317
f 1565/2251/2671 1564/2746/3315 2057/2749/3318 2060/2750/3319
s 70
f 1566/1964/2310 1569/2751/3320 2052/2265/3321 2051/1956/3322
f 1568/2752/3323 1567/1963/2309 2042/2644/3193 2041/2753/3324
f 1569/2751/3320 1568/2752/3323 2048/2754/3325 2047/2262/2690
f 1572/2357/2818 1571/2302/2740 1678/2653/3204 1681/2663/3214
f 1574/2670/3221 1577/2361/2822 1676/2661/3212 1675/2683/3234
f 1576/2362/2823 1575/2669/3220 2005/2755/3326 2008/2337/3327
f 1578/2676/3227 1581/2756/3328 1975/2757/3329 1974/2758/3330
f 1580/2759/3331 1579/2675/3226 1933/2681/3232 1936/2760/3332
f 1581/2756/3328 1580/2759/3331 1922/2761/3333 1921/2762/3334
f 1582/2698/3249 1585/2420/2896 2011/2416/3335 2010/2763/3336
f 1584/2421/2897 1583/2697/3248 1666/2701/3252 1669/2708/3259
f 1588/2719/3337 1587/2426/3338 1596/2714/3265 1595/2726/3284
f 1590/2764/3339 1593/2729/3287 1724/2765/3340 1723/2555/3081
f 1591/2766/3341 1590/2764/3339 1722/2554/3080 1721/2543/3064
f 1592/2730/3288 1591/2766/3341 1716/2547/3068 1715/2767/3342
f 1594/2727/3285 1597/2713/3264 1725/2768/3343 1724/2765/3340
f 1598/2769/3344 1601/2711/3262 1790/2770/3345 1789/2771/3346
f 1599/2772/3347 1598/2769/3344 1730/2773/3348 1729/2552/3078
f 1600/2712/3263 1599/2772/3347 1726/2556/3082 1725/2768/3343
f 1602/2706/3257 1605/2774/3349 1788/2775/3350 1787/2776/3351
f 1604/2777/3352 1603/2705/3256 1792/2778/3353 1791/2779/3354
f 1605/2774/3349 1604/2777/3352 1732/2780/3355 1731/2781/3356
f 1606/2686/3237 1609/2782/3357 1942/2783/3358 1941/2784/3359
f 1608/2785/3360 1607/2685/3236 1796/2786/3361 1795/2787/3362
f 1609/2782/3357 1608/2785/3360 1736/2788/3363 1735/2789/3364
f 1610/2666/3217 1613/2790/3365 1798/2791/3366 1797/2792/3367
f 1612/2793/3368 1611/2665/3216 1802/2794/3369 1801/2795/3370
f 1613/2790/3365 1612/2793/3368 1740/2796/3371 1739/2797/3372
f 1614/2658/3209 1617/2798/3373 1800/2799/3374 1799/2800/3375
f 1616/2801/3376 1615/2657/3208 1804/2802/3377 1803/2803/3378
f 1617/2798/3373 1616/2801/3376 1744/2804/3379 1743/2805/3380
f 1618/2650/3381 1621/2806/3382 2039/2807/3383 2038/2808/3384
s 74
f 1620/2809/3385 1619/2810/3386 1752/2811/3387 1751/2152/3388
s 78
f 1621/2806/3389 1620/2812/3390 1748/2813/3391 1747/2814/3392
s 72
f 1622/2647/3393 1625/2815/3394 1753/2816/3395 1752/2811/3396
s 68
f 1625/2815/3397 1624/2640/3398 1687/2817/3399 1686/2818/3400
f 1626/2635/3180 1629/2819/3401 2062/2820/3402 2061/2747/3316
f 1628/2821/3403 1627/2634/3179 1691/2745/3314 1690/2822/3404
f 1629/2819/3401 1628/2821/3403 1756/2823/3405 1755/2824/3406
f 1630/2629/3174 1633/2825/3407 1693/2826/3408 1692/2744/3313
f 1632/2827/3409 1631/2628/3173 1697/2743/3312 1696/2828/3410
f 1633/2825/3407 1632/2827/3409 1760/2829/3411 1759/2830/3412
f 1634/2610/3151 1637/2831/3413 1695/2832/3414 1694/2742/3311
f 1636/2833/3415 1635/2609/3150 1699/2834/3416 1698/2835/3417
f 1637/2831/3413 1636/2833/3415 1764/2836/3418 1763/2837/3419
f 1638/2590/3127 1641/2838/3420 1910/2839/3421 1909/2738/3305
f 1640/2840/3422 1639/2589/3126 1703/2734/3298 1702/2841/3423
f 1641/2838/3420 1640/2840/3422 1768/2842/3424 1767/2843/3425
f 1642/2581/3117 1645/2844/3426 1705/2845/3427 1704/2733/3297
f 1645/2844/3426 1644/2573/3105 1772/2846/3428 1771/2847/3429
f 1646/2848/3430 1649/2571/3103 1780/2849/3431 1779/2478/2969
f 1647/2850/3432 1646/2848/3430 1778/2477/2968 1777/2412/2885
f 1648/2572/3104 1647/2850/3432 1773/2411/2884 1772/2846/3428
s 151
f 1651/2851/3433 1650/2723/3434 1657/2852/3435 1656/2853/3436
s 68
f 1652/2569/3101 1651/2851/3437 1781/2854/3438 1780/2849/3431
s off
f 1655/2855/3439 1657/2852/3440 1663/2732/3441 1665/2856/3442
s 154
f 1656/2853/3443 1655/2855/3444 1662/2857/3445 1661/2858/3446
s off
f 1658/2859/3447 1662/2857/3448 1714/2860/3449 1718/2861/3450
s 154
f 1659/2862/3451 1658/2859/3452 1829/2863/3453 1828/2520/3454
s 68
f 1660/2864/3455 1659/2862/3456 1786/2519/3026 1785/2475/2966
f 1661/2858/3457 1660/2864/3455 1782/2479/2970 1781/2854/3438
s 155
f 1665/2856/3458 1664/2731/3459 1715/2767/3460 1714/2860/3461
s 70
f 1668/2709/3260 1667/2700/3251 1787/2776/3351 1790/2770/3345
f 1670/2704/3255 1673/2865/3462 1793/2866/3463 1792/2778/3353
f 1672/2867/3464 1671/2703/3254 1927/2693/3244 1926/2868/3465
f 1673/2865/3462 1672/2867/3464 1929/2869/3466 1932/2870/3467
f 1674/2684/3235 1677/2660/3211 1797/2792/3367 1796/2786/3361
f 1680/2664/3215 1679/2652/3203 1799/2800/3375 1802/2794/3369
f 1682/2656/3207 1685/2871/3468 1805/2872/3469 1804/2802/3377
f 1684/2873/3470 1683/2655/3206 2045/2298/2736 2048/2754/3325
f 1685/2871/3468 1684/2873/3470 2041/2753/3324 2044/2874/3471
s 68
f 1686/2818/3400 1689/2875/3472 1809/2876/3473 1808/2877/3474
f 1688/2878/3475 1687/2817/3399 2058/2639/3185 2057/2749/3318
f 1689/2875/3472 1688/2878/3475 2064/2748/3317 2063/2879/3476
f 1690/2822/3404 1693/2826/3408 1813/2880/3477 1812/2881/3478
f 1696/2828/3410 1695/2832/3414 1815/2882/3479 1818/2883/3480
f 1698/2835/3417 1701/2884/3481 1821/2885/3482 1820/2886/3483
f 1700/2887/3484 1699/2834/3416 1919/2607/3148 1918/2888/3485
f 1701/2884/3481 1700/2887/3484 1905/2889/3486 1908/2890/3487
f 1702/2841/3423 1705/2845/3427 1825/2891/3488 1824/2892/3489
s off
f 1706/2893/3490 1708/2894/3491 1827/2521/3492 1829/2863/3493
s 155
f 1707/2895/3494 1706/2893/3495 1718/2861/3496 1717/2546/3497
s 156
f 1708/2894/3498 1707/2895/3499 1710/2545/3500 1709/2515/3501
f 1713/2516/3502 1712/2502/3503 1831/2549/3504 1830/2550/3505
s 70
f 1727/2393/2859 1730/2773/3348 1836/2896/3506 1835/2402/2868
f 1731/2781/3356 1734/2130/2529 1834/2403/2869 1833/2897/3507
f 1733/2131/2530 1732/2780/3355 1838/2898/3508 1837/2171/2576
f 1735/2789/3364 1738/2137/2536 1950/2899/3509 1949/2900/3510
f 1737/2138/2537 1736/2788/3363 1842/2901/3511 1841/2176/2581
f 1739/2797/3372 1742/2341/2796 1844/2177/2582 1843/2902/3512
f 1741/2342/2797 1740/2796/3371 1848/2903/3513 1847/2347/2803
f 1743/2805/3380 1746/2271/2701 1846/2348/2804 1845/2904/3514
f 1745/2272/2702 1744/2804/3379 1850/2905/3515 1849/2282/2712
f 1747/2814/3516 1750/2906/3517 2035/2907/3518 2034/2908/3519
s 68
f 1754/2153/3520 1753/2816/3521 1808/2877/3474 1807/2909/3522
f 1755/2824/3406 1758/2294/2732 2066/2910/3523 2065/2911/3524
f 1757/2295/2733 1756/2823/3405 1812/2881/3478 1811/2912/3525
f 1759/2830/3412 1762/2353/2814 1814/2913/3526 1813/2880/3477
f 1761/2354/2815 1760/2829/3411 1818/2883/3480 1817/2914/3527
f 1763/2837/3419 1766/2158/2563 1816/2915/3528 1815/2882/3479
f 1765/2159/2564 1764/2836/3418 1820/2886/3483 1819/2916/3529
f 1767/2843/3425 1770/2166/2571 1902/2917/3530 1901/2918/3531
f 1769/2167/2572 1768/2842/3424 1824/2892/3489 1823/2919/3532
f 1771/2847/3429 1774/2410/2883 1826/2920/3533 1825/2891/3488
s 70
f 1789/2771/3346 1788/2775/3350 1833/2897/3507 1836/2896/3506
f 1791/2779/3354 1794/2921/3534 1839/2922/3535 1838/2898/3508
f 1794/2921/3534 1793/2866/3463 1937/2923/3536 1940/2924/3537
f 1795/2787/3362 1798/2791/3366 1843/2902/3512 1842/2901/3511
f 1801/2795/3370 1800/2799/3374 1845/2904/3514 1848/2903/3513
f 1803/2803/3378 1806/2925/3538 1851/2926/3539 1850/2905/3515
f 1806/2925/3538 1805/2872/3469 2037/2927/3540 2040/2928/3541
s 68
f 1807/2909/3522 1810/2929/3542 1855/2930/3543 1854/2148/2549
f 1810/2929/3542 1809/2876/3473 2068/2931/3544 2067/2932/3545
f 1811/2912/3525 1814/2913/3526 1859/2351/2812 1858/2296/2734
f 1817/2914/3527 1816/2915/3528 1861/2156/2561 1864/2355/2816
f 1819/2916/3529 1822/2933/3546 1867/2934/3547 1866/2160/2565
f 1822/2933/3546 1821/2885/3482 1897/2935/3548 1900/2936/3549
f 1823/2919/3532 1826/2920/3533 1871/2408/2881 1870/2168/2573
s 70
f 1840/2172/2577 1839/2922/3535 1945/2937/3550 1948/2938/3551
f 1852/2283/2713 1851/2926/3539 2033/2939/3552 2036/2940/3553
s 68
f 1856/2181/2586 1855/2930/3543 2072/2941/3554 2071/2942/3555
f 1868/2187/2593 1867/2934/3547 1889/2943/3556 1892/2944/3557
s 67
f 1874/2945/3558 1873/2946/3559 1964/2054/3560 1963/2947/3561
s 66
f 1875/2948/3562 1874/2949/3563 1880/2950/3564 1879/2191/3565
s 68
f 1876/2040/3566 1875/2948/3567 1884/2190/2596 1883/2951/3568
s 67
f 1877/2952/3569 1880/2953/3570 1967/2954/3571 1966/2001/3572
s 68
f 1882/2955/3573 1881/2189/2595 1892/2944/3557 1891/2956/3574
f 1883/2951/3568 1882/2955/3573 1888/2957/3575 1887/2041/2408
f 1885/2056/2431 1888/2957/3575 1895/2958/3576 1894/2163/2568
f 1890/2959/3577 1889/2943/3556 1900/2936/3549 1899/2960/3578
f 1891/2956/3574 1890/2959/3577 1896/2961/3579 1895/2958/3576
f 1893/2164/2569 1896/2961/3579 1903/2962/3580 1902/2917/3530
f 1898/2963/3581 1897/2935/3548 1908/2890/3487 1907/2964/3582
f 1899/2960/3578 1898/2963/3581 1904/2965/3583 1903/2962/3580
f 1901/2918/3531 1904/2965/3583 1911/2966/3584 1910/2839/3421
f 1906/2967/3585 1905/2889/3486 1914/2968/3586 1913/2740/3307
f 1907/2964/3582 1906/2967/3585 1912/2739/3306 1911/2966/3584
f 1915/2969/3587 1914/2968/3586 1918/2888/3485 1917/2970/3588
f 1916/2741/3308 1915/2969/3587 1971/2971/3589 1970/2972/3590
f 1917/2970/3588 1920/2606/3147 1983/2621/3591 1982/2973/3592
s 70
f 1921/2762/3334 1924/2974/3593 1995/2975/3594 1994/2976/3595
f 1923/2977/3596 1922/2761/3333 1930/2978/3597 1929/2869/3466
f 1924/2974/3593 1923/2977/3596 1926/2868/3465 1925/2979/3598
f 1925/2979/3598 1928/2692/3243 1999/2980/3599 1998/2981/3600
f 1931/2982/3601 1930/2978/3597 1936/2760/3332 1935/2983/3602
f 1932/2870/3467 1931/2982/3601 1938/2984/3603 1937/2923/3536
f 1935/2983/3602 1934/2680/3231 1941/2784/3359 1944/2985/3604
f 1939/2986/3605 1938/2984/3603 1944/2985/3604 1943/2987/3606
f 1940/2924/3537 1939/2986/3605 1946/2988/3607 1945/2937/3550
f 1943/2987/3606 1942/2783/3358 1949/2900/3510 1952/2989/3608
f 1947/2990/3609 1946/2988/3607 1952/2989/3608 1951/2991/3610
f 1948/2938/3551 1947/2990/3609 1954/2992/3611 1953/2173/2578
f 1951/2991/3610 1950/2899/3509 1957/2135/2534 1960/2993/3612
f 1955/2994/3613 1954/2992/3611 1960/2993/3612 1959/2995/3614
f 1956/2174/2579 1955/2994/3613 1962/2996/3615 1961/2053/3616
f 1959/2995/3614 1958/2134/2533 1965/2002/3617 1968/2997/3618
s 69
f 1963/2947/3619 1962/2996/3620 1968/2997/3621 1967/2954/3622
s 141
f 1969/2998/3623 1972/2999/3624 1993/3000/3625 1996/3001/3626
s 75
f 1970/2972/3627 1969/2998/3628 1980/3002/3629 1979/2736/3630
f 1972/2999/3631 1971/2971/3632 1982/2973/3633 1981/3003/3634
s 141
f 1973/3004/3635 1976/3005/3636 1981/3003/3637 1984/2620/3638
s 125
f 1974/2758/3639 1973/3004/3640 1991/2619/3641 1990/2677/3642
f 1976/3005/3643 1975/2757/3644 1994/2976/3645 1993/3000/3646
s 141
f 1977/2601/3647 1980/3002/3648 1997/3006/3649 2000/3007/3650
f 1987/2579/3651 1986/2597/3652 2009/3008/3653 2012/2415/3654
s 125
f 1989/2678/3655 1992/2618/3656 2006/3009/3657 2005/2755/3658
f 1996/3001/3659 1995/2975/3660 1998/2981/3661 1997/3006/3662
f 2000/3007/3663 1999/2980/3664 2002/2690/3665 2001/2602/3666
f 2004/2603/3667 2003/2689/3668 2010/2763/3669 2009/3008/3670
s 141
f 2007/2338/3671 2006/3009/3672 2013/2623/3673 2016/2321/3674
s 68
f 2017/2221/2634 2020/2183/2588 2071/2942/3555 2070/2291/2729
s 67
f 2022/3010/3675 2021/3011/3676 2028/2289/3677 2027/1972/3678
s 70
f 2026/1973/3679 2025/2288/3680 2032/2285/2715 2031/2142/2541
f 2030/2143/2542 2029/2284/2714 2036/2940/3553 2035/2907/3518
f 2034/2908/3519 2033/2939/3552 2040/2928/3541 2039/2807/3383
f 2038/2808/3384 2037/2927/3540 2044/2874/3471 2043/2643/3192
s 110
f 2050/1957/3681 2049/2264/3682 2056/2253/3683 2055/1946/3684
s 68
f 2054/1947/3685 2053/2252/3686 2060/2750/3319 2059/2638/3184
f 2063/2879/3476 2062/2820/3402 2065/2911/3524 2068/2931/3544
f 2067/2932/3545 2066/2910/3523 2069/2292/2730 2072/2941/3554
f 1026/1897/3687 1030/1900/2239 1433/1913/2242 1040/1902/3688
s 70
f 1138/1917/3689 1436/1920/2253 1036/1918/2252 1032/1914/3690
s 67
f 1033/1896/3691 1035/1906/2233 1031/1905/2232 1025/1893/3692
s 74
f 1042/1930/3693 1059/1933/3694 1153/1940/2281 1045/1934/2280
s off
f 1034/3012/3695 1027/1901/3696 1039/1903/3697 1137/1925/3698
s 68
f 1067/1987/2351 1256/1999/2354 1080/1988/2341 1063/1984/2340
s 70
f 1070/2003/2359 1149/2005/2362 1171/2008/2369 1074/2006/2368
s 67
f 1062/1980/2331 1071/1983/2334 1073/1992/2345 1068/1991/2344
s 68
f 1087/2030/2406 1886/2042/2409 1100/2031/2396 1083/2027/2395
s 70
f 1090/2046/2414 1145/2048/2417 1167/2051/2424 1094/2049/2423
s 67
f 1082/2023/2386 1091/2026/2389 1093/2035/2400 1088/2034/2399
s 68
f 1107/2073/2461 1391/2085/2464 1118/2074/2451 1103/2070/2450
s 70
f 1110/2089/2469 1141/2091/2472 1444/2094/2479 1114/2092/2478
s 67
f 1102/2066/2441 1111/2069/2444 1113/2078/2455 1108/2077/2454
s 68
f 1125/2104/2505 1452/2116/2508 1136/2105/2495 1121/2101/2494
s 70
f 1128/2117/2509 1139/2119/2512 1455/2122/2519 1132/2120/2518
s 67
f 1120/2098/2485 1129/2100/2488 1131/2109/2499 1126/2108/2498
s 74
f 1501/1950/2313 1055/1959/2312 1052/1952/3699 1049/1948/3700
s 68
f 1044/1935/2275 1177/1938/2278 2023/1928/2591 1043/1927/3701
f 2054/1947/3685 2059/2638/3184 1502/1949/3183 1048/1944/3702
s 110
f 2050/1957/3681 2055/1946/3684 1050/1945/3703 1051/1954/3704
s 70
f 1054/1961/2307 1566/1964/2310 2051/1956/3322 1053/1955/3705
f 2026/1973/3679 2031/2142/2541 1154/2141/2540 1058/1970/3706
s 67
f 2022/3010/3675 2027/1972/3678 1060/1971/3707 1041/3013/3708
s 68
f 1190/2199/2618 1197/2211/2621 1201/2226/2639 1248/2200/2647
f 1262/2237/2773 1559/2329/2776 1498/2239/2654 1203/2234/2653
s 110
f 1269/2256/2779 1263/2236/2778 1206/2235/2660 1211/2245/2663
s 70
f 1214/2254/2684 1241/2260/2687 1570/2303/2741 1270/2255/2793
f 1285/2287/2805 1278/2268/2698 1222/2267/2697 1227/2277/2707
s 67
f 1247/2311/2753 1286/2286/2756 1230/2204/2612 1187/2203/2611
s 68
f 1099/2032/2397 1185/2061/2436 1302/2021/2605 1084/2020/2394
s 70
f 1325/2045/2870 1318/2127/2526 1146/2047/2416 1089/2043/2415
s 67
f 1301/2375/2839 1326/2044/2842 1092/2025/2388 1081/2024/2387
s 68
f 1300/2364/2836 1307/2374/2838 1311/2382/2847 1345/2365/2855
s 70
f 1368/2406/2955 1361/2400/2866 1315/2397/2863 1321/2399/2865
s 67
f 1344/2442/2924 1369/2405/2927 1324/2369/2830 1297/2368/2829
s 68
f 1343/2431/2921 1350/2441/2923 1354/2449/2932 1381/2432/2940
s 70
f 1404/2473/3011 1397/2467/2951 1358/2464/2948 1364/2466/2950
s 67
f 1380/2487/2982 1405/2472/2985 1367/2436/2915 1340/2435/2914
s 68
f 1104/2063/2449 1117/2075/2452 1449/2534/3049 1418/2064/3048
s 70
f 1425/2088/3059 1450/2541/3062 1142/2090/2471 1109/2086/2470
s 67
f 1417/2531/3043 1426/2087/3046 1112/2068/2443 1101/2067/2442
s 68
f 1434/1912/2241 1029/1908/2240 1122/1911/2493 1135/2106/2496
s 70
f 1037/1919/2251 1435/1921/2254 1140/2118/2511 1127/1922/2510
s 67
f 1028/1904/2231 1038/1907/2234 1130/1923/2487 1119/2099/2486
s 68
f 1382/2456/2939 1353/2453/2936 1387/2455/2938 1378/2483/2980
s 67
f 1377/2480/2971 1402/2482/2974 1406/2489/2984 1383/2488/2983
s 70
f 1401/2508/3006 1393/2504/3002 1398/2506/3004 1407/2512/3012
s 68
f 1379/2083/2979 1386/2486/2981 1388/2084/2463 1106/2080/2462
s 70
f 1115/2093/2477 1443/2095/2480 1394/2507/3005 1400/2096/3007
s 67
f 1105/2076/2453 1116/2079/2456 1403/2097/2973 1376/2481/2972
s 68
f 1419/2528/3047 1448/2535/3050 1430/2529/3041 1415/2525/3040
s 67
f 1414/2522/3031 1423/2524/3034 1427/2533/3045 1420/2532/3044
s 70
f 1422/2536/3051 1431/2538/3054 1451/2540/3061 1428/2539/3060
s 68
f 1416/2114/3039 1429/2530/3042 1453/2115/2507 1124/2111/2506
s 70
f 1133/2121/2517 1454/2123/2520 1432/2537/3053 1421/2124/3052
s 67
f 1123/2107/2497 1134/2110/2500 1424/2125/3033 1413/2523/3032
s 68
f 1346/2389/2854 1310/2386/2851 1351/2388/2853 1342/2438/2922
s 67
f 1341/2434/2913 1366/2437/2916 1370/2444/2926 1347/2443/2925
s 70
f 1365/2465/2949 1357/2461/2945 1362/2463/2947 1371/2471/2956
s 68
f 1409/2492/2988 1446/2495/3709 1389/2493/2989 1385/2490/2986
f 1783/2452/2935 1410/2491/2987 1384/2454/2937 1352/2450/2933
f 1372/2447/2930 1784/2451/2934 1355/2448/2931 1349/2445/2928
f 1775/2385/2850 1373/2446/2929 1348/2387/2852 1309/2383/2848
f 1331/2380/2845 1776/2384/2849 1312/2381/2846 1306/2378/2843
f 1165/2059/2434 1869/2169/2574 1186/2060/2435 1098/2057/2432
f 1885/2056/2431 1894/2163/2568 1166/2058/2433 1097/2055/2430
f 1255/2013/2376 1862/2155/2560 1162/2015/2378 1077/2012/2375
f 1237/2224/2637 1857/2228/2641 1202/2225/2638 1196/2222/2635
f 1155/1943/2547 1853/2149/2550 1178/1937/2277 1047/1936/2276
s 74
f 1046/1939/2279 1152/1941/2282 1749/2146/2553 1156/1942/2552
s 70
f 1151/2140/2539 2030/2143/2542 2035/2907/3518 1750/2906/3517
f 1277/2269/2699 1846/2348/2804 1746/2271/2701 1219/2266/2696
f 1737/2138/2537 1841/2176/2581 1172/2139/2538 1148/2136/2535
f 1837/2171/2576 1168/2132/2531 1144/2129/2528 1733/2131/2530
f 1143/2126/2525 1317/2128/2527 1834/2403/2869 1734/2130/2529
f 1456/2470/2954 1728/2392/2858 1316/2391/2857 1360/2401/2867
f 1719/2460/2944 1457/2469/2953 1363/2462/2946 1356/2457/2941
f 1437/2511/3010 1720/2459/2943 1359/2458/2942 1396/2468/2952
f 1711/2503/3001 1438/2510/3009 1399/2505/3003 1392/2500/2998
f 1831/2549/3710 1712/2502/3000 1395/2501/2999 1442/2509/3008
f 1536/2718/3711 1588/2719/3337 1595/2726/3284 1539/2720/3283
f 1587/2426/3338 1336/2422/2898 1533/2424/2900 1596/2714/3265
f 1527/2696/3247 1666/2701/3252 1583/2697/3248 1525/2694/3245
f 1927/2693/3244 1671/2703/3254 1528/2695/3246 1524/2691/3242
f 1515/2667/3218 1574/2670/3221 1675/2683/3234 1520/2672/3223
f 1678/2653/3204 1571/2302/2740 1240/2299/2737 1507/2301/2739
f 1503/1969/3190 2042/2644/3193 1567/1963/2309 1057/1962/2308
s 74
f 1623/2641/3196 1504/2646/3195 1056/1965/2311 1500/1966/2314
s 68
f 1499/2637/3182 2058/2639/3185 1687/2817/3399 1624/2640/3398
f 1495/2631/3176 1558/2632/3177 1691/2745/3314 1627/2634/3179
f 1694/2742/3311 1555/2612/3153 1484/2608/3149 1634/2610/3151
f 1909/2738/3305 1551/2592/3129 1476/2588/3125 1638/2590/3127
f 1475/2584/3121 1546/2587/3124 1703/2734/3298 1639/2589/3126
f 1471/2566/3116 1462/2563/3091 1466/2565/3094 1643/2574/3106
f 1461/2560/3092 1544/2562/3712 1653/2568/3100 1467/2564/3093
s 70
f 1664/2731/3713 1541/2728/3286 1592/2730/3288 1715/2767/3342
f 1540/2725/3282 1594/2727/3285 1724/2765/3340 1593/2729/3287
f 1597/2713/3264 1532/2710/3261 1600/2712/3263 1725/2768/3343
f 1602/2706/3257 1787/2776/3351 1667/2700/3251 1530/2699/3250
f 1670/2704/3255 1792/2778/3353 1603/2705/3256 1529/2702/3253
f 1521/2682/3233 1674/2684/3235 1796/2786/3361 1607/2685/3236
f 1799/2800/3375 1679/2652/3203 1510/2651/3202 1614/2658/3209
f 1618/2650/3381 2038/2808/3384 2043/2643/3192 1506/2642/3191
s 74
f 1752/2811/3387 1619/2810/3386 1505/2645/3194 1622/2647/3197
s 68
f 1625/2815/3397 1686/2818/3400 1808/2877/3474 1753/2816/3521
f 1628/2821/3403 1690/2822/3404 1812/2881/3478 1756/2823/3405
f 1815/2882/3479 1695/2832/3414 1637/2831/3413 1763/2837/3419
f 1901/2918/3531 1910/2839/3421 1641/2838/3420 1767/2843/3425
f 1640/2840/3422 1702/2841/3423 1824/2892/3489 1768/2842/3424
f 1644/2573/3105 1465/2570/3102 1648/2572/3104 1772/2846/3428
f 1464/2567/3099 1652/2569/3101 1780/2849/3431 1649/2571/3103
f 1651/2851/3437 1656/2853/3714 1661/2858/3457 1781/2854/3438
s 70
f 1707/2895/3715 1717/2546/3067 1439/2544/3065 1710/2545/3066
f 1716/2547/3068 1591/2766/3341 1721/2543/3064 1440/2542/3063
f 1590/2764/3339 1723/2555/3081 1458/2553/3079 1722/2554/3080
f 1726/2556/3082 1599/2772/3347 1729/2552/3078 1459/2551/3077
f 1731/2781/3356 1833/2897/3507 1788/2775/3350 1605/2774/3349
f 1791/2779/3354 1838/2898/3508 1732/2780/3355 1604/2777/3352
f 1608/2785/3360 1795/2787/3362 1842/2901/3511 1736/2788/3363
f 1845/2904/3514 1800/2799/3374 1617/2798/3373 1743/2805/3380
f 1747/2814/3516 2034/2908/3519 2039/2807/3383 1621/2806/3382
s 74
f 1157/2150/2551 1748/2151/2554 1620/2809/3385 1751/2152/3388
s 68
f 1754/2153/3520 1807/2909/3522 1854/2148/2549 1158/2147/2548
f 1757/2295/2733 1811/2912/3525 1858/2296/2734 1236/2293/2731
f 1861/2156/2561 1816/2915/3528 1766/2158/2563 1159/2154/2559
f 1893/2164/2569 1902/2917/3530 1770/2166/2571 1163/2162/2567
f 1769/2167/2572 1823/2919/3532 1870/2168/2573 1164/2165/2570
f 1773/2411/2884 1647/2850/3432 1777/2412/2885 1330/2409/2882
f 1646/2848/3430 1779/2478/2969 1374/2476/2967 1778/2477/2968
f 1782/2479/2970 1660/2864/3455 1785/2475/2966 1375/2474/2965
f 1659/2862/3456 1828/2520/3716 1411/2518/3025 1786/2519/3026
s off
f 1537/2716/3717 1538/2721/3718 1654/2724/3719 1543/2717/3720
f 1662/2857/3721 1655/2855/3722 1665/2856/3723 1714/2860/3724
f 1708/2894/3725 1709/2515/3726 1412/2514/3727 1827/2521/3728
f 1390/2494/3729 1445/2496/3730 1832/2548/3731 1441/2498/3732
f 1713/2516/3733 1830/2550/3734 1447/2517/3735 1408/2513/3736
f 1718/2861/3737 1706/2893/3738 1829/2863/3739 1658/2859/3740
f 1542/2722/3741 1663/2732/3742 1657/2852/3743 1650/2723/3744
s 135
f 1545/2561/3745 1460/2557/3083 1589/2559/3086 1535/2715/3746
s off
f 1334/2414/3747 1338/2418/3748 1474/2429/3749 1469/2576/3750 1024/3014/3751
s 135
f 1463/2558/3084 1470/2428/3752 1337/2425/3753 1586/2427/3085
s off
f 1138/1924/3754 1040/1902/3755 1391/2085/3756 1444/2499/3757
s 68
f 1079/1989/2342 1181/2018/2381 1878/1978/2598 1064/1977/2339
f 1161/2016/2379 1865/2161/2566 1182/2017/2380 1078/2014/2377
f 1765/2159/2564 1819/2916/3529 1866/2160/2565 1160/2157/2562
f 1636/2833/3415 1698/2835/3417 1820/2886/3483 1764/2836/3418
f 1483/2604/3145 1919/2607/3148 1699/2834/3416 1635/2609/3150
s 70
f 1519/2673/3224 1933/2681/3232 1579/2675/3226 1516/2671/3222
f 1606/2686/3237 1941/2784/3359 1934/2680/3231 1522/2679/3230
f 1735/2789/3364 1949/2900/3510 1942/2783/3358 1609/2782/3357
f 1147/2133/2532 1957/2135/2534 1950/2899/3509 1738/2137/2536
f 1965/2002/3617 1958/2134/2533 1150/2004/2361 1069/2000/2360
s 67
f 1877/2952/3569 1966/2001/3572 1072/1982/2333 1061/1981/2332
s 68
f 1879/2191/2597 1180/2188/2594 1884/2190/2596 1875/2948/3567
s 67
f 1874/2945/3558 1963/2947/3561 1967/2954/3571 1880/2953/3570
s 70
f 1962/2996/3615 1955/2994/3613 1959/2995/3614 1968/2997/3618
f 1951/2991/3610 1960/2993/3612 1954/2992/3611 1947/2990/3609
f 1943/2987/3606 1952/2989/3608 1946/2988/3607 1939/2986/3605
f 1935/2983/3602 1944/2985/3604 1938/2984/3603 1931/2982/3601
f 1580/2759/3331 1936/2760/3332 1930/2978/3597 1922/2761/3333
s 68
f 1700/2887/3484 1918/2888/3485 1914/2968/3586 1905/2889/3486
f 1821/2885/3482 1701/2884/3481 1908/2890/3487 1897/2935/3548
f 1867/2934/3547 1822/2933/3546 1900/2936/3549 1889/2943/3556
f 1179/2186/2592 1868/2187/2593 1892/2944/3557 1881/2189/2595
f 1876/2040/3566 1883/2951/3568 1887/2041/2408 1086/2037/2407
f 1882/2955/3573 1891/2956/3574 1895/2958/3576 1888/2957/3575
f 1890/2959/3577 1899/2960/3578 1903/2962/3580 1896/2961/3579
f 1898/2963/3581 1907/2964/3582 1911/2966/3584 1904/2965/3583
f 1906/2967/3585 1913/2740/3307 1552/2737/3304 1912/2739/3306
s 70
f 1923/2977/3596 1929/2869/3466 1672/2867/3464 1926/2868/3465
f 1932/2870/3467 1937/2923/3536 1793/2866/3463 1673/2865/3462
f 1940/2924/3537 1945/2937/3550 1839/2922/3535 1794/2921/3534
f 1948/2938/3551 1953/2173/2578 1169/2170/2575 1840/2172/2577
f 1095/2050/2422 1170/2052/2425 1956/2174/2579 1961/2053/3616
s 67
f 1085/2033/2398 1096/2036/2401 1964/2054/3560 1873/2946/3559
s 68
f 1985/2598/3299 1547/2586/3123 1478/2585/3122 1479/2595/3132
f 1978/2600/3303 1480/2594/3131 1477/2591/3128 1550/2593/3130
f 1970/2972/3590 1979/2736/3302 1553/2735/3301 1916/2741/3308
f 1982/2973/3592 1971/2971/3589 1915/2969/3587 1917/2970/3588
f 1488/2615/3156 1983/2621/3591 1920/2606/3147 1486/2605/3146
s 70
f 2005/2755/3326 1575/2669/3220 1518/2668/3219 1989/2678/3229
f 1517/2674/3225 1578/2676/3227 1974/2758/3330 1990/2677/3228
f 1994/2976/3595 1975/2757/3329 1581/2756/3328 1921/2762/3334
f 1998/2981/3600 1995/2975/3594 1924/2974/3593 1925/2979/3598
f 2002/2690/3241 1999/2980/3599 1928/2692/3243 1523/2687/3238
f 1526/2688/3239 1582/2698/3249 2010/2763/3336 2003/2689/3240
s 68
f 1489/2614/3155 1485/2611/3152 1554/2613/3154 2014/2622/3310
s 141
f 2009/3008/3653 1986/2597/3652 1482/2596/3141 2004/2603/3144
f 1481/2599/3142 1977/2601/3647 2000/3007/3650 2001/2602/3143
f 1980/3002/3648 1969/2998/3623 1996/3001/3626 1997/3006/3649
f 1972/2999/3624 1981/3003/3637 1976/3005/3636 1993/3000/3625
f 1984/2620/3638 1487/2616/3157 1991/2619/3160 1973/3004/3635
f 2013/2623/3673 2006/3009/3672 1992/2618/3159 1490/2617/3158
s 68
f 1249/2233/2646 1200/2230/2643 1254/2232/2645 1245/2307/2751
s 67
f 1244/2304/2742 1283/2306/2745 1287/2313/2755 1250/2312/2754
s 70
f 1282/2346/2801 1275/2343/2798 1279/2345/2800 1288/2349/2806
f 1741/2342/2797 1847/2347/2803 1280/2344/2799 1274/2340/2795
f 1612/2793/3368 1801/2795/3370 1848/2903/3513 1740/2796/3371
f 1513/2662/3213 1680/2664/3215 1802/2794/3369 1611/2665/3216
f 1293/2356/2817 1572/2357/2818 1681/2663/3214 1512/2359/2820
f 1271/2333/2792 1573/2339/2794 1296/2335/2787 1266/2331/2786
s 110
f 1268/2332/3758 1023/3015/3759 1261/2320/3760 1264/2327/2777 1272/2330/2780
s 68
f 1260/2323/2766 1493/2325/2769 1560/2328/2775 1265/2326/2774
f 1692/2744/3313 1561/2630/3175 1492/2627/3172 1630/2629/3174
f 1813/2880/3477 1693/2826/3408 1633/2825/3407 1759/2830/3412
f 1859/2351/2812 1814/2913/3526 1762/2353/2814 1289/2350/2811
f 1199/2227/2640 1860/2229/2642 1292/2315/2758 1251/2231/2644
f 1193/2209/2630 2018/2219/2632 1198/2210/2620 1189/2206/2619
s 67
f 1188/2202/2610 1229/2205/2613 1231/2214/2624 1194/2213/2623
s 70
f 1228/2276/2706 1221/2273/2703 1223/2275/2705 1232/2280/2710
f 1849/2282/2712 1224/2274/2704 1220/2270/2700 1745/2272/2702
f 1803/2803/3378 1850/2905/3515 1744/2804/3379 1616/2801/3376
f 1682/2656/3207 1804/2802/3377 1615/2657/3208 1509/2654/3205
f 2045/2298/2736 1683/2655/3206 1508/2300/2738 1239/2297/2735
f 1215/2258/2688 2046/2263/2691 1242/2259/2686 1213/2257/2685
s 110
f 1212/2244/2662 1205/2241/2661 1207/2243/2664 1216/2248/2667
s 68
f 1204/2238/2652 1497/2240/2655 1562/2250/2670 1208/2242/2669
f 2061/2747/3316 1563/2636/3181 1496/2633/3178 1626/2635/3180
f 2065/2911/3524 2062/2820/3402 1629/2819/3401 1755/2824/3406
f 2069/2292/2730 2066/2910/3523 1758/2294/2732 1235/2290/2728
f 2017/2221/2634 2070/2291/2729 1238/2223/2636 1195/2220/2633
f 2024/2185/2590 1176/2182/2587 2019/2184/2589 1192/2216/2631
f 1175/2180/2585 1856/2181/2586 2071/2942/3555 2020/2183/2588
f 1855/2930/3543 1810/2929/3542 2067/2932/3545 2072/2941/3554
f 1809/2876/3473 1689/2875/3472 2063/2879/3476 2068/2931/3544
f 1688/2878/3475 2057/2749/3318 1564/2746/3315 2064/2748/3317
f 1209/2249/2668 1565/2251/2671 2060/2750/3319 2053/2252/3686
s 110
f 1217/2247/2666 1210/2246/2665 2056/2253/3683 2049/2264/3682
s 70
f 2052/2265/3321 1569/2751/3320 2047/2262/2690 1218/2261/2689
f 1568/2752/3323 2041/2753/3324 1684/2873/3470 2048/2754/3325
f 2044/2874/3471 2037/2927/3540 1805/2872/3469 1685/2871/3468
f 2040/2928/3541 2033/2939/3552 1851/2926/3539 1806/2925/3538
f 2036/2940/3553 2029/2284/2714 1225/2281/2711 1852/2283/2713
f 1233/2279/2709 1226/2278/2708 2032/2285/2715 2025/2288/3680
s 67
f 1191/2212/2622 1234/2215/2625 2028/2289/3677 2021/3011/3676
s 68
f 1246/1997/2750 1253/2310/2752 1257/1998/2353 1066/1994/2352
f 1291/2316/2759 1863/2318/2761 1258/2317/2760 1252/2314/2757
f 1761/2354/2815 1817/2914/3527 1864/2355/2816 1290/2352/2813
f 1632/2827/3409 1696/2828/3410 1818/2883/3480 1760/2829/3411
f 1491/2624/3169 1556/2626/3171 1697/2743/3312 1631/2628/3173
f 2015/2322/3309 1557/2625/3170 1494/2324/2768 1259/2319/2767
s 141
f 1268/2332/3761 2007/2338/3671 2016/2321/3674 1261/2320/3762
s 70
f 1267/2334/2785 1295/2336/2788 1576/2362/2823 2008/2337/3327
f 1676/2661/3212 1577/2361/2822 1294/2358/2819 1511/2360/2821
f 1797/2792/3367 1677/2660/3211 1514/2659/3210 1610/2666/3217
f 1843/2902/3512 1798/2791/3366 1613/2790/3365 1739/2797/3372
f 1173/2175/2580 1844/2177/2582 1742/2341/2796 1273/2178/2583
f 1075/2007/2367 1174/2009/2370 1276/2179/2584 1281/2010/2802
s 67
f 1065/1990/2343 1076/1993/2346 1284/2011/2744 1243/2305/2743
s 68
f 1303/2197/2604 1184/2194/2601 1308/2196/2603 1299/2371/2837
s 67
f 1298/2367/2828 1323/2370/2831 1327/2377/2841 1304/2376/2840
s 70
f 1322/2398/2864 1314/2394/2860 1319/2396/2862 1328/2404/2871
f 1835/2402/2868 1320/2395/2861 1313/2390/2856 1727/2393/2859
f 1789/2771/3346 1836/2896/3506 1730/2773/3348 1598/2769/3344
f 1668/2709/3260 1790/2770/3345 1601/2711/3262 1531/2707/3258
f 1584/2421/2897 1669/2708/3259 1534/2423/2899 1335/2419/2894
f 2011/2416/3335 1585/2420/2896 1339/2417/2895 1333/2413/3763
s 141
f 1469/2576/3764 1987/2579/3651 2012/2415/3654 1334/2414/3765
s 68
f 1468/2575/3766 1473/2577/3118 1548/2583/3120 1988/2578/3300
f 1704/2733/3297 1549/2582/3119 1472/2580/3115 1642/2581/3117
f 1825/2891/3488 1705/2845/3427 1645/2844/3426 1771/2847/3429
f 1871/2408/2881 1826/2920/3533 1774/2410/2883 1329/2407/2880
f 1183/2192/2599 1872/2193/2600 1332/2379/2844 1305/2195/2602
s off
f 1025/1898/3767 1026/1897/3768 1027/1901/3769
s 66
f 1028/3016/2236 1029/1908/2235 1030/1900/2226 1031/1899/2225
s off
f 1032/1914/3770 1033/1896/3771 1034/1915/3772
s 69
f 1035/1906/2250 1036/1918/2249 1037/1919/2256 1038/1907/2255
s off
f 1041/1931/3773 1042/1930/3774 1043/1927/3775
s 72
f 1044/1935/2274 1045/1934/2273 1046/1939/2284 1047/1936/2283
s off
f 1048/1944/3776 1049/1948/3777 1050/1951/3778
f 1051/1953/3779 1052/1952/3780 1053/1958/3781
s 78
f 1054/1960/2306 1055/1959/2305 1056/1965/2316 1057/3017/2315
s off
f 1058/1974/3782 1059/1933/3783 1060/1932/3784
s 66
f 1061/3018/2327 1062/1985/2336 1063/1984/2335 1064/1977/2328
f 1065/3019/2348 1066/1994/2347 1067/1987/2338 1068/1986/2337
s 69
f 1069/2000/2355 1070/2003/2364 1071/1983/2363 1072/1982/2356
f 1073/1992/2366 1074/2006/2365 1075/2007/2372 1076/1993/2371
s 68
f 1077/2012/2375 1078/2014/2377 1079/1989/2342 1080/1988/2341
s 66
f 1081/3020/2382 1082/2028/2391 1083/2027/2390 1084/2020/2383
f 1085/3021/2403 1086/2037/2402 1087/2030/2393 1088/2029/2392
s 69
f 1089/2043/2410 1090/2046/2419 1091/2026/2418 1092/2025/2411
f 1093/2035/2421 1094/2049/2420 1095/2050/2427 1096/2036/2426
s 68
f 1097/2055/2430 1098/2057/2432 1099/2032/2397 1100/2031/2396
s 66
f 1101/3022/2437 1102/2071/2446 1103/2070/2445 1104/2063/2438
f 1105/3023/2458 1106/2080/2457 1107/2073/2448 1108/2072/2447
s 69
f 1109/2086/2465 1110/2089/2474 1111/2069/2473 1112/2068/2466
f 1113/2078/2476 1114/2092/2475 1115/2093/2482 1116/2079/2481
s 66
f 1119/3024/2237 1120/2102/2490 1121/2101/2489 1122/1911/2238
f 1123/3025/2502 1124/2111/2501 1125/2104/2492 1126/2103/2491
s 69
f 1127/1922/2257 1128/2117/2514 1129/2100/2513 1130/1923/2258
f 1131/2109/2516 1132/2120/2515 1133/2121/2522 1134/2110/2521
s 70
f 1143/2126/2525 1144/2129/2528 1145/2048/2417 1146/2047/2416
f 1147/2133/2532 1148/2136/2535 1149/2005/2362 1150/2004/2361
s 78
f 1151/3026/2544 1152/1941/2543 1153/1940/2326 1154/1975/2325
s 72
f 1155/1943/2286 1156/1942/2285 1157/2150/2556 1158/2147/2555
s 68
f 1159/2154/2559 1160/2157/2562 1161/2016/2379 1162/2015/2378
f 1163/2162/2567 1164/2165/2570 1165/2059/2434 1166/2058/2433
s 70
f 1167/2051/2424 1168/2132/2531 1169/2170/2575 1170/2052/2425
f 1171/2008/2369 1172/2139/2538 1173/2175/2580 1174/2009/2370
s 68
f 1175/2180/2585 1176/2182/2587 1177/1938/2278 1178/1937/2277
f 1179/2186/2592 1180/2188/2594 1181/2018/2381 1182/2017/2380
f 1183/2192/2599 1184/2194/2601 1185/2061/2436 1186/2060/2435
s 66
f 1187/2198/2606 1188/3027/2615 1189/2206/2614 1190/2199/2607
f 1191/3028/2627 1192/2216/2626 1193/2209/2617 1194/2208/2616
s 68
f 1195/2220/2633 1196/2222/2635 1197/2211/2621 1198/2210/2620
f 1199/2227/2640 1200/2230/2643 1201/2226/2639 1202/2225/2638
s 75
f 1203/2234/2648 1204/2238/2657 1205/2241/2656 1206/2235/2649
f 1207/2243/2659 1208/2242/2658 1209/2249/2673 1210/2246/2672
s 77
f 1211/2245/2676 1212/2244/2681 1213/2257/2680 1214/2254/2677
f 1215/2258/2683 1216/2248/2682 1217/2247/2693 1218/2261/2692
s 70
f 1219/2266/2696 1220/2270/2700 1221/2273/2703 1222/2267/2697
f 1223/2275/2705 1224/2274/2704 1225/2281/2711 1226/2278/2708
s 69
f 1227/2277/2716 1228/2276/2721 1229/2205/2720 1230/2204/2717
f 1231/2214/2723 1232/2280/2722 1233/2279/2725 1234/2215/2724
s 68
f 1235/2290/2728 1236/2293/2731 1237/2224/2637 1238/2223/2636
s 70
f 1239/2297/2735 1240/2299/2737 1241/2260/2687 1242/2259/2686
s 66
f 1243/3029/2349 1244/2308/2747 1245/2307/2746 1246/1997/2350
f 1247/2201/2609 1248/2200/2608 1249/2233/2749 1250/3030/2748
s 68
f 1251/2231/2644 1252/2314/2757 1253/2310/2752 1254/2232/2645
f 1255/2013/2376 1256/1999/2354 1257/1998/2353 1258/2317/2760
s 75
f 1259/3031/2762 1260/2323/2770 1261/2320/2763
f 1262/2237/2651 1263/2236/2650 1264/2327/2772 1265/2326/2771
s 77
f 1266/2331/2781 1267/2334/2789 1268/2332/2782
f 1269/2256/2679 1270/2255/2678 1271/2333/2784 1272/2330/2783
s 70
f 1273/2178/2583 1274/2340/2795 1275/2343/2798 1276/2179/2584
f 1277/2269/2699 1278/2268/2698 1279/2345/2800 1280/2344/2799
s 69
f 1281/2010/2373 1282/2346/2808 1283/2306/2807 1284/2011/2374
f 1285/2287/2719 1286/2286/2718 1287/2313/2810 1288/2349/2809
s 68
f 1289/2350/2811 1290/2352/2813 1291/2316/2759 1292/2315/2758
s 70
f 1293/2356/2817 1294/2358/2819 1295/2336/2788 1296/2335/2787
s 66
f 1297/2363/2824 1298/3032/2833 1299/2371/2832 1300/2364/2825
f 1301/2022/2385 1302/2021/2384 1303/2197/2835 1304/3033/2834
s 68
f 1305/2195/2602 1306/2378/2843 1307/2374/2838 1308/2196/2603
f 1309/2383/2848 1310/2386/2851 1311/2382/2847 1312/2381/2846
s 70
f 1313/2390/2856 1314/2394/2860 1315/2397/2863 1316/2391/2857
f 1317/2128/2527 1318/2127/2526 1319/2396/2862 1320/2395/2861
s 69
f 1321/2399/2872 1322/2398/2877 1323/2370/2876 1324/2369/2873
f 1325/2045/2413 1326/2044/2412 1327/2377/2879 1328/2404/2878
s 68
f 1329/2407/2880 1330/2409/2882 1331/2380/2845 1332/2379/2844
s 126
f 1335/2419/3785 1336/2422/2902 1337/2425/2901 1338/2418/2893 1339/2417/2892
s 66
f 1340/2430/2909 1341/3034/2918 1342/2438/2917 1343/2431/2910
f 1344/2366/2827 1345/2365/2826 1346/2389/2920 1347/3035/2919
s 68
f 1348/2387/2852 1349/2445/2928 1350/2441/2923 1351/2388/2853
f 1352/2450/2933 1353/2453/2936 1354/2449/2932 1355/2448/2931
s 70
f 1356/2457/2941 1357/2461/2945 1358/2464/2948 1359/2458/2942
f 1360/2401/2867 1361/2400/2866 1362/2463/2947 1363/2462/2946
s 69
f 1364/2466/2957 1365/2465/2962 1366/2437/2961 1367/2436/2958
f 1368/2406/2875 1369/2405/2874 1370/2444/2964 1371/2471/2963
s 68
f 1372/2447/2930 1373/2446/2929 1374/2476/2967 1375/2474/2965
s 66
f 1376/3036/2459 1377/2484/2976 1378/2483/2975 1379/2083/2460
f 1380/2433/2912 1381/2432/2911 1382/2456/2978 1383/3037/2977
s 68
f 1384/2454/2937 1385/2490/2986 1386/2486/2981 1387/2455/2938
f 1388/2084/2463 1389/2493/2989 1390/3038/3786 1391/2085/2464
s 70
f 1392/2500/2998 1393/2504/3002 1394/2507/3005 1395/2501/2999
f 1396/2468/2952 1397/2467/2951 1398/2506/3004 1399/2505/3003
s 69
f 1400/2096/2483 1401/2508/3014 1402/2482/3013 1403/2097/2484
f 1404/2473/2960 1405/2472/2959 1406/2489/3016 1407/2512/3015
s 133
f 1408/2513/3022 1409/2492/3021 1410/2491/3787 1411/2518/3028 1412/2514/3027
s 66
f 1413/3039/2503 1414/2526/3036 1415/2525/3035 1416/2114/2504
f 1417/2065/2440 1418/2064/2439 1419/2528/3038 1420/3040/3037
s 69
f 1421/2124/2523 1422/2536/3056 1423/2524/3055 1424/2125/2524
f 1425/2088/2468 1426/2087/2467 1427/2533/3058 1428/2539/3057
s 70
f 1437/2511/3010 1438/2510/3009 1439/2544/3065 1440/2542/3063
f 1441/3041/3788 1442/2509/3008 1443/2095/2480 1444/2094/2479
s off
f 1445/2496/3789 1446/2495/3790 1447/2517/3791
s 70
f 1456/2470/2954 1457/2469/2953 1458/2553/3079 1459/2551/3077
s 136
f 1460/2557/3088 1461/2560/3087 1462/2563/3096 1463/2558/3095
s 68
f 1464/2567/3099 1465/2570/3102 1466/2565/3094 1467/2564/3093
s 136
f 1470/2428/3098 1471/2566/3097 1472/2580/3792 1473/2577/3110 1474/2429/3109
s 68
f 1475/2584/3121 1476/2588/3125 1477/2591/3128 1478/2585/3122
s 75
f 1479/2595/3133 1480/2594/3138 1481/2599/3137 1482/2596/3134
s 68
f 1483/2604/3145 1484/2608/3149 1485/2611/3152 1486/2605/3146
s 75
f 1487/2616/3162 1488/2615/3161 1489/2614/3166 1490/2617/3165
s 68
f 1491/2624/3169 1492/2627/3172 1493/2325/2769 1494/2324/2768
f 1495/2631/3176 1496/2633/3178 1497/2240/2655 1498/2239/2654
s 72
f 1499/2637/3187 1500/1966/3186 1501/1950/2294 1502/1949/2293
s 78
f 1503/1969/2318 1504/1968/2317 1505/3042/3199 1506/2642/3198
s 70
f 1507/2301/2739 1508/2300/2738 1509/2654/3205 1510/2651/3202
f 1511/2360/2821 1512/2359/2820 1513/2662/3213 1514/2659/3210
f 1515/2667/3218 1516/2671/3222 1517/2674/3225 1518/2668/3219
f 1519/2673/3224 1520/2672/3223 1521/2682/3233 1522/2679/3230
f 1523/2687/3238 1524/2691/3242 1525/2694/3245 1526/2688/3239
f 1527/2696/3247 1528/2695/3246 1529/2702/3253 1530/2699/3250
f 1531/2707/3258 1532/2710/3261 1533/2424/2900 1534/2423/2899
s off
f 1535/2715/3793 1536/2718/3794 1537/2716/3795
s 149
f 1538/2721/3277 1539/2720/3276 1540/2725/3796 1541/2728/3290 1542/2722/3289
s off
f 1543/2717/3797 1544/2562/3798 1545/2561/3799
s 68
f 1546/2587/3124 1547/2586/3123 1548/2583/3120 1549/2582/3119
f 1550/2593/3130 1551/2592/3129 1552/2737/3304 1553/2735/3301
f 1554/2613/3154 1555/2612/3153 1556/2626/3171 1557/2625/3170
f 1558/2632/3177 1559/2329/2776 1560/2328/2775 1561/2630/3175
f 1562/2250/2670 1563/2636/3181 1564/2746/3315 1565/2251/2671
s 70
f 1566/1964/2310 1567/1963/2309 1568/2752/3323 1569/2751/3320
f 1570/2303/2741 1571/2302/2740 1572/2357/2818 1573/2339/2794
f 1574/2670/3221 1575/2669/3220 1576/2362/2823 1577/2361/2822
f 1578/2676/3227 1579/2675/3226 1580/2759/3331 1581/2756/3328
f 1582/2698/3249 1583/2697/3248 1584/2421/2897 1585/2420/2896
s 126
f 1586/2427/2904 1587/2426/2903 1588/2719/3273 1589/2559/3272
s 70
f 1590/2764/3339 1591/2766/3341 1592/2730/3288 1593/2729/3287
f 1594/2727/3285 1595/2726/3284 1596/2714/3265 1597/2713/3264
f 1598/2769/3344 1599/2772/3347 1600/2712/3263 1601/2711/3262
f 1602/2706/3257 1603/2705/3256 1604/2777/3352 1605/2774/3349
f 1606/2686/3237 1607/2685/3236 1608/2785/3360 1609/2782/3357
f 1610/2666/3217 1611/2665/3216 1612/2793/3368 1613/2790/3365
f 1614/2658/3209 1615/2657/3208 1616/2801/3376 1617/2798/3373
s 78
f 1618/2650/3201 1619/2649/3200 1620/3043/3390 1621/2806/3389
s 72
f 1622/2647/3393 1623/2641/3189 1624/2640/3188 1625/2815/3394
s 68
f 1626/2635/3180 1627/2634/3179 1628/2821/3403 1629/2819/3401
f 1630/2629/3174 1631/2628/3173 1632/2827/3409 1633/2825/3407
f 1634/2610/3151 1635/2609/3150 1636/2833/3415 1637/2831/3413
f 1638/2590/3127 1639/2589/3126 1640/2840/3422 1641/2838/3420
f 1642/2581/3117 1643/2574/3106 1644/2573/3105 1645/2844/3426
f 1646/2848/3430 1647/2850/3432 1648/2572/3104 1649/2571/3103
s 151
f 1650/2723/3434 1651/2851/3433 1652/2569/3800 1653/2568/3296 1654/2724/3295
s off
f 1655/2855/3801 1656/2853/3802 1657/2852/3803
s 154
f 1658/2859/3452 1659/2862/3451 1660/2864/3804 1661/2858/3446 1662/2857/3445
s off
f 1663/2732/3805 1664/2731/3806 1665/2856/3807
s 70
f 1666/2701/3252 1667/2700/3251 1668/2709/3260 1669/2708/3259
f 1670/2704/3255 1671/2703/3254 1672/2867/3464 1673/2865/3462
f 1674/2684/3235 1675/2683/3234 1676/2661/3212 1677/2660/3211
f 1678/2653/3204 1679/2652/3203 1680/2664/3215 1681/2663/3214
f 1682/2656/3207 1683/2655/3206 1684/2873/3470 1685/2871/3468
s 68
f 1686/2818/3400 1687/2817/3399 1688/2878/3475 1689/2875/3472
f 1690/2822/3404 1691/2745/3314 1692/2744/3313 1693/2826/3408
f 1694/2742/3311 1695/2832/3414 1696/2828/3410 1697/2743/3312
f 1698/2835/3417 1699/2834/3416 1700/2887/3484 1701/2884/3481
f 1702/2841/3423 1703/2734/3298 1704/2733/3297 1705/2845/3427
s off
f 1706/2893/3808 1707/2895/3809 1708/2894/3810
s 156
f 1709/2515/3501 1710/2545/3500 1711/2503/3811 1712/2502/3503 1713/2516/3502
s 155
f 1714/2860/3461 1715/2767/3460 1716/2547/3812 1717/2546/3497 1718/2861/3496
s 70
f 1719/2460/2944 1720/2459/2943 1721/2543/3064 1722/2554/3080
f 1723/2555/3081 1724/2765/3340 1725/2768/3343 1726/2556/3082
f 1727/2393/2859 1728/2392/2858 1729/2552/3078 1730/2773/3348
f 1731/2781/3356 1732/2780/3355 1733/2131/2530 1734/2130/2529
f 1735/2789/3364 1736/2788/3363 1737/2138/2537 1738/2137/2536
f 1739/2797/3372 1740/2796/3371 1741/2342/2797 1742/2341/2796
f 1743/2805/3380 1744/2804/3379 1745/2272/2702 1746/2271/2701
s 78
f 1747/3044/3392 1748/2151/3391 1749/2146/2546 1750/2145/2545
s 72
f 1751/2152/2557 1752/2811/3396 1753/2816/3395 1754/2153/2558
s 68
f 1755/2824/3406 1756/2823/3405 1757/2295/2733 1758/2294/2732
f 1759/2830/3412 1760/2829/3411 1761/2354/2815 1762/2353/2814
f 1763/2837/3419 1764/2836/3418 1765/2159/2564 1766/2158/2563
f 1767/2843/3425 1768/2842/3424 1769/2167/2572 1770/2166/2571
f 1771/2847/3429 1772/2846/3428 1773/2411/2884 1774/2410/2883
f 1775/2385/2850 1776/2384/2849 1777/2412/2885 1778/2477/2968
f 1779/2478/2969 1780/2849/3431 1781/2854/3438 1782/2479/2970
f 1783/2452/2935 1784/2451/2934 1785/2475/2966 1786/2519/3026
s 70
f 1787/2776/3351 1788/2775/3350 1789/2771/3346 1790/2770/3345
f 1791/2779/3354 1792/2778/3353 1793/2866/3463 1794/2921/3534
f 1795/2787/3362 1796/2786/3361 1797/2792/3367 1798/2791/3366
f 1799/2800/3375 1800/2799/3374 1801/2795/3370 1802/2794/3369
f 1803/2803/3378 1804/2802/3377 1805/2872/3469 1806/2925/3538
s 68
f 1807/2909/3522 1808/2877/3474 1809/2876/3473 1810/2929/3542
f 1811/2912/3525 1812/2881/3478 1813/2880/3477 1814/2913/3526
f 1815/2882/3479 1816/2915/3528 1817/2914/3527 1818/2883/3480
f 1819/2916/3529 1820/2886/3483 1821/2885/3482 1822/2933/3546
f 1823/2919/3532 1824/2892/3489 1825/2891/3488 1826/2920/3533
s off
f 1827/2521/3813 1828/2520/3814 1829/2863/3815
f 1830/2550/3816 1831/2549/3817 1832/2548/3818
s 70
f 1833/2897/3507 1834/2403/2869 1835/2402/2868 1836/2896/3506
f 1837/2171/2576 1838/2898/3508 1839/2922/3535 1840/2172/2577
f 1841/2176/2581 1842/2901/3511 1843/2902/3512 1844/2177/2582
f 1845/2904/3514 1846/2348/2804 1847/2347/2803 1848/2903/3513
f 1849/2282/2712 1850/2905/3515 1851/2926/3539 1852/2283/2713
s 68
f 1853/2149/2550 1854/2148/2549 1855/2930/3543 1856/2181/2586
f 1857/2228/2641 1858/2296/2734 1859/2351/2812 1860/2229/2642
f 1861/2156/2561 1862/2155/2560 1863/2318/2761 1864/2355/2816
f 1865/2161/2566 1866/2160/2565 1867/2934/3547 1868/2187/2593
f 1869/2169/2574 1870/2168/2573 1871/2408/2881 1872/2193/2600
s 66
f 1873/3045/2404 1874/2949/3563 1875/2948/3562 1876/2040/2405
f 1877/1979/2330 1878/1978/2329 1879/2191/3565 1880/3046/3564
s 68
f 1881/2189/2595 1882/2955/3573 1883/2951/3568 1884/2190/2596
f 1885/2056/2431 1886/2042/2409 1887/2041/2408 1888/2957/3575
f 1889/2943/3556 1890/2959/3577 1891/2956/3574 1892/2944/3557
f 1893/2164/2569 1894/2163/2568 1895/2958/3576 1896/2961/3579
f 1897/2935/3548 1898/2963/3581 1899/2960/3578 1900/2936/3549
f 1901/2918/3531 1902/2917/3530 1903/2962/3580 1904/2965/3583
f 1905/2889/3486 1906/2967/3585 1907/2964/3582 1908/2890/3487
f 1909/2738/3305 1910/2839/3421 1911/2966/3584 1912/2739/3306
f 1913/2740/3307 1914/2968/3586 1915/2969/3587 1916/2741/3308
f 1917/2970/3588 1918/2888/3485 1919/2607/3148 1920/2606/3147
s 70
f 1921/2762/3334 1922/2761/3333 1923/2977/3596 1924/2974/3593
f 1925/2979/3598 1926/2868/3465 1927/2693/3244 1928/2692/3243
f 1929/2869/3466 1930/2978/3597 1931/2982/3601 1932/2870/3467
f 1933/2681/3232 1934/2680/3231 1935/2983/3602 1936/2760/3332
f 1937/2923/3536 1938/2984/3603 1939/2986/3605 1940/2924/3537
f 1941/2784/3359 1942/2783/3358 1943/2987/3606 1944/2985/3604
f 1945/2937/3550 1946/2988/3607 1947/2990/3609 1948/2938/3551
f 1949/2900/3510 1950/2899/3509 1951/2991/3610 1952/2989/3608
f 1953/2173/2578 1954/2992/3611 1955/2994/3613 1956/2174/2579
f 1957/2135/2534 1958/2134/2533 1959/2995/3614 1960/2993/3612
s 69
f 1961/2053/2428 1962/2996/3620 1963/2947/3619 1964/2054/2429
f 1965/2002/2358 1966/2001/2357 1967/2954/3622 1968/2997/3621
s 75
f 1969/2998/3628 1970/2972/3627 1971/2971/3632 1972/2999/3631
s 125
f 1973/3004/3640 1974/2758/3639 1975/2757/3644 1976/3005/3643
s 75
f 1977/2601/3140 1978/2600/3139 1979/2736/3630 1980/3002/3629
f 1981/3003/3634 1982/2973/3633 1983/2621/3164 1984/2620/3163
f 1985/2598/3136 1986/2597/3135 1987/2579/3114 1988/2578/3113
s 125
f 1989/2678/3655 1990/2677/3642 1991/2619/3641 1992/2618/3656
f 1993/3000/3646 1994/2976/3645 1995/2975/3660 1996/3001/3659
f 1997/3006/3662 1998/2981/3661 1999/2980/3664 2000/3007/3663
f 2001/2602/3666 2002/2690/3665 2003/2689/3668 2004/2603/3667
f 2005/2755/3658 2006/3009/3657 2007/2338/3819 2008/2337/3820
f 2009/3008/3670 2010/2763/3669 2011/2416/2889 2012/2415/2888
s 75
f 2013/2623/3168 2014/2622/3167 2015/2322/2765 2016/2321/2764
s 68
f 2017/2221/2634 2018/2219/2632 2019/2184/2589 2020/2183/2588
s 66
f 2021/3047/2628 2022/1929/2266 2023/1928/2265 2024/2185/2629
s 69
f 2025/2288/2726 2026/1973/2322 2027/1972/2321 2028/2289/2727
s 70
f 2029/2284/2714 2030/2143/2542 2031/2142/2541 2032/2285/2715
f 2033/2939/3552 2034/2908/3519 2035/2907/3518 2036/2940/3553
f 2037/2927/3540 2038/2808/3384 2039/2807/3383 2040/2928/3541
f 2041/2753/3324 2042/2644/3193 2043/2643/3192 2044/2874/3471
f 2045/2298/2736 2046/2263/2691 2047/2262/2690 2048/2754/3325
s 77
f 2049/2264/2694 2050/1957/2302 2051/1956/2301 2052/2265/2695
s 75
f 2053/2252/2674 2054/1947/2290 2055/1946/2289 2056/2253/2675
s 68
f 2057/2749/3318 2058/2639/3185 2059/2638/3184 2060/2750/3319
f 2061/2747/3316 2062/2820/3402 2063/2879/3476 2064/2748/3317
f 2065/2911/3524 2066/2910/3523 2067/2932/3545 2068/2931/3544
f 2069/2292/2730 2070/2291/2729 2071/2942/3555 2072/2941/3554
s off
f 2073/3048/3821 2074/3049/3822 2076/3050/3823 2075/3051/3824
f 2075/3051/3825 2076/3050/3826 2078/3052/3827 2077/3053/3828
f 2077/3053/3829 2078/3052/3830 2080/3054/3831 2079/3055/3832
f 2079/3055/3833 2080/3054/3834 2074/3056/3835 2073/3057/3836
f 2074/3049/3837 2080/3058/3838 2078/3059/3839 2076/3050/3840
f 2079/3060/3841 2073/3048/3842 2075/3051/3843 2077/3061/3844
f 2081/3062/3845 2082/3063/3846 2084/3064/3847 2083/3065/3848
f 2083/3065/3849 2084/3064/3850 2086/3066/3851 2085/3067/3852
f 2085/3067/3853 2086/3066/3854 2088/3068/3855 2087/3069/3856
f 2087/3069/3857 2088/3068/3858 2082/3070/3859 2081/3071/3860
f 2082/3063/3861 2088/3072/3862 2086/3073/3863 2084/3064/3864
f 2087/3074/3865 2081/3062/3866 2083/3065/3867 2085/3075/3868
f 2089/3076/3869 2090/3077/3870 2092/3078/3871 2091/3079/3872
f 2091/3079/3873 2092/3078/3874 2094/3080/3875 2093/3081/3876
f 2093/3081/3877 2094/3080/3878 2096/3082/3879 2095/3083/3880
f 2095/3083/3881 2096/3082/3882 2090/3084/3883 2089/3085/3884
f 2090/3077/3885 2096/3086/3886 2094/3087/3887 2092/3078/3888
f 2095/3088/3889 2089/3076/3890 2091/3079/3891 2093/3089/3892
f 2097/3090/3893 2098/3091/3894 2100/3092/3895 2099/3093/3896
f 2099/3093/3897 2100/3092/3898 2102/3094/3899 2101/3095/3900
f 2101/3095/3901 2102/3094/3902 2104/3096/3903 2103/3097/3904
f 2103/3097/3905 2104/3096/3906 2098/3098/3907 2097/3099/3908
f 2098/3091/3909 2104/3100/3910 2102/3101/3911 2100/3092/3912
f 2103/3102/3913 2097/3090/3914 2099/3093/3915 2101/3103/3916
s 160
f 2105/3104/3917 2106/3105/3918 2126/3106/3919 2125/3107/3920
f 2106/3105/3918 2107/3108/3921 2127/3109/3922 2126/3106/3919
f 2107/3108/3921 2108/3110/3923 2128/3111/3924 2127/3109/3922
f 2108/3110/3923 2109/3112/3925 2129/3113/3926 2128/3111/3924
f 2109/3112/3925 2110/3114/3927 2130/3115/3928 2129/3113/3926
f 2110/3114/3927 2111/3116/3929 2131/3117/3930 2130/3115/3928
f 2111/3116/3929 2112/3118/3931 2132/3119/3932 2131/3117/3930
f 2112/3118/3931 2113/3120/3933 2133/3121/3934 2132/3119/3932
f 2113/3120/3933 2114/3122/3935 2134/3123/3936 2133/3121/3934
f 2114/3122/3935 2115/3124/3937 2135/3125/3938 2134/3123/3936
f 2115/3124/3937 2116/3126/3939 2136/3127/3940 2135/3125/3938
f 2116/3126/3939 2117/3128/3941 2137/3129/3942 2136/3127/3940
f 2117/3128/3941 2118/3130/3943 2138/3131/3944 2137/3129/3942
f 2118/3130/3943 2119/3132/3945 2139/3133/3946 2138/3131/3944
f 2119/3132/3945 2120/3134/3947 2140/3135/3948 2139/3133/3946
f 2120/3134/3947 2121/3136/3949 2141/3137/3950 2140/3135/3948
f 2121/3136/3949 2122/3138/3951 2142/3139/3952 2141/3137/3950
f 2122/3138/3951 2123/3140/3953 2143/3141/3954 2142/3139/3952
f 2123/3140/3953 2124/3142/3955 2144/3143/3956 2143/3141/3954
f 2124/3142/3955 2105/3144/3917 2125/3145/3920 2144/3143/3956
s 161
f 2106/3146/3957 2105/3147/3958 2145/3148/3959
f 2107/3149/3960 2106/3146/3957 2145/3148/3959
f 2108/3150/3961 2107/3149/3960 2145/3148/3959
f 2109/3151/3962 2108/3150/3961 2145/3148/3959
f 2110/3152/3963 2109/3151/3962 2145/3148/3959
f 2111/3153/3964 2110/3152/3963 2145/3148/3959
f 2112/3154/3965 2111/3153/3964 2145/3148/3959
f 2113/3155/3966 2112/3154/3965 2145/3148/3959
f 2114/3156/3967 2113/3155/3966 2145/3148/3959
f 2115/3157/3968 2114/3156/3967 2145/3148/3959
f 2116/3158/3969 2115/3157/3968 2145/3148/3959
f 2117/3159/3970 2116/3158/3969 2145/3148/3959
f 2118/3160/3971 2117/3159/3970 2145/3148/3959
f 2119/3161/3972 2118/3160/3971 2145/3148/3959
f 2120/3162/3973 2119/3161/3972 2145/3148/3959
f 2121/3163/3974 2120/3162/3973 2145/3148/3959
f 2122/3164/3975 2121/3163/3974 2145/3148/3959
f 2123/3165/3976 2122/3164/3975 2145/3148/3959
f 2124/3166/3977 2123/3165/3976 2145/3148/3959
f 2105/3147/3958 2124/3166/3977 2145/3148/3959
s 162
f 2125/3167/3978 2126/3168/3979 2146/3169/3980
f 2126/3168/3979 2127/3170/3981 2146/3169/3980
f 2127/3170/3981 2128/3171/3982 2146/3169/3980
f 2128/3171/3982 2129/3172/3983 2146/3169/3980
f 2129/3172/3983 2130/3173/3984 2146/3169/3980
f 2130/3173/3984 2131/3174/3985 2146/3169/3980
f 2131/3174/3985 2132/3175/3986 2146/3169/3980
f 2132/3175/3986 2133/3176/3987 2146/3169/3980
f 2133/3176/3987 2134/3177/3988 2146/3169/3980
f 2134/3177/3988 2135/3178/3989 2146/3169/3980
f 2135/3178/3989 2136/3179/3990 2146/3169/3980
f 2136/3179/3990 2137/3180/3991 2146/3169/3980
f 2137/3180/3991 2138/3181/3992 2146/3169/3980
f 2138/3181/3992 2139/3182/3993 2146/3169/3980
f 2139/3182/3993 2140/3183/3994 2146/3169/3980
f 2140/3183/3994 2141/3184/3995 2146/3169/3980
f 2141/3184/3995 2142/3185/3996 2146/3169/3980
f 2142/3185/3996 2143/3186/3997 2146/3169/3980
f 2143/3186/3997 2144/3187/3998 2146/3169/3980
f 2144/3187/3998 2125/3167/3978 2146/3169/3980
s 163
f 2147/3188/3999 2148/3189/4000 2168/3190/4001 2167/3191/4002
f 2148/3189/4000 2149/3192/4003 2169/3193/4004 2168/3190/4001
f 2149/3192/4003 2150/3194/4005 2170/3195/4006 2169/3193/4004
f 2150/3194/4005 2151/3196/4007 2171/3197/4008 2170/3195/4006
f 2151/3196/4007 2152/3198/4009 2172/3199/4010 2171/3197/4008
f 2152/3198/4009 2153/3200/4011 2173/3201/4012 2172/3199/4010
f 2153/3200/4011 2154/3202/4013 2174/3203/4014 2173/3201/4012
f 2154/3202/4013 2155/3204/4015 2175/3205/4016 2174/3203/4014
f 2155/3204/4015 2156/3206/4017 2176/3207/4018 2175/3205/4016
f 2156/3206/4017 2157/3208/4019 2177/3209/4020 2176/3207/4018
f 2157/3208/4019 2158/3210/4021 2178/3211/4022 2177/3209/4020
f 2158/3210/4021 2159/3212/4023 2179/3213/4024 2178/3211/4022
f 2159/3212/4023 2160/3214/4025 2180/3215/4026 2179/3213/4024
f 2160/3214/4025 2161/3216/4027 2181/3217/4028 2180/3215/4026
f 2161/3216/4027 2162/3218/4029 2182/3219/4030 2181/3217/4028
f 2162/3218/4029 2163/3220/4031 2183/3221/4032 2182/3219/4030
f 2163/3220/4031 2164/3222/4033 2184/3223/4034 2183/3221/4032
f 2164/3222/4033 2165/3224/4035 2185/3225/4036 2184/3223/4034
f 2165/3224/4035 2166/3226/4037 2186/3227/4038 2185/3225/4036
f 2166/3226/4037 2147/3228/3999 2167/3229/4002 2186/3227/4038
s 164
f 2148/3230/4039 2147/3231/4040 2187/3232/4041
f 2149/3233/4042 2148/3230/4039 2187/3232/4041
f 2150/3234/4043 2149/3233/4042 2187/3232/4041
f 2151/3235/4044 2150/3234/4043 2187/3232/4041
f 2152/3236/4045 2151/3235/4044 2187/3232/4041
f 2153/3237/4046 2152/3236/4045 2187/3232/4041
f 2154/3238/4047 2153/3237/4046 2187/3232/4041
f 2155/3239/4048 2154/3238/4047 2187/3232/4041
f 2156/3240/4049 2155/3239/4048 2187/3232/4041
f 2157/3241/4050 2156/3240/4049 2187/3232/4041
f 2158/3242/4051 2157/3241/4050 2187/3232/4041
f 2159/3243/4052 2158/3242/4051 2187/3232/4041
f 2160/3244/4053 2159/3243/4052 2187/3232/4041
f 2161/3245/4054 2160/3244/4053 2187/3232/4041
f 2162/3246/4055 2161/3245/4054 2187/3232/4041
f 2163/3247/4056 2162/3246/4055 2187/3232/4041
f 2164/3248/4057 2163/3247/4056 2187/3232/4041
f 2165/3249/4058 2164/3248/4057 2187/3232/4041
f 2166/3250/4059 2165/3249/4058 2187/3232/4041
f 2147/3231/4040 2166/3250/4059 2187/3232/4041
s 165
f 2167/3251/4060 2168/3252/4061 2188/3253/4062
f 2168/3252/4061 2169/3254/4063 2188/3253/4062
f 2169/3254/4063 2170/3255/4064 2188/3253/4062
f 2170/3255/4064 2171/3256/4065 2188/3253/4062
f 2171/3256/4065 2172/3257/4066 2188/3253/4062
f 2172/3257/4066 2173/3258/4067 2188/3253/4062
f 2173/3258/4067 2174/3259/4068 2188/3253/4062
f 2174/3259/4068 2175/3260/4069 2188/3253/4062
f 2175/3260/4069 2176/3261/4070 2188/3253/4062
f 2176/3261/4070 2177/3262/4071 2188/3253/4062
f 2177/3262/4071 2178/3263/4072 2188/3253/4062
f 2178/3263/4072 2179/3264/4073 2188/3253/4062
f 2179/3264/4073 2180/3265/4074 2188/3253/4062
f 2180/3265/4074 2181/3266/4075 2188/3253/4062
f 2181/3266/4075 2182/3267/4076 2188/3253/4062
f 2182/3267/4076 2183/3268/4077 2188/3253/4062
f 2183/3268/4077 2184/3269/4078 2188/3253/4062
f 2184/3269/4078 2185/3270/4079 2188/3253/4062
f 2185/3270/4079 2186/3271/4080 2188/3253/4062
f 2186/3271/4080 2167/3251/4060 2188/3253/4062
s 166
f 2189/3272/4081 2190/3273/4082 2210/3274/4083 2209/3275/4084
f 2190/3273/4082 2191/3276/4085 2211/3277/4086 2210/3274/4083
f 2191/3276/4085 2192/3278/4087 2212/3279/4088 2211/3277/4086
f 2192/3278/4087 2193/3280/4089 2213/3281/4090 2212/3279/4088
f 2193/3280/4089 2194/3282/4091 2214/3283/4092 2213/3281/4090
f 2194/3282/4091 2195/3284/4093 2215/3285/4094 2214/3283/4092
f 2195/3284/4093 2196/3286/4095 2216/3287/4096 2215/3285/4094
f 2196/3286/4095 2197/3288/4097 2217/3289/4098 2216/3287/4096
f 2197/3288/4097 2198/3290/4099 2218/3291/4100 2217/3289/4098
f 2198/3290/4099 2199/3292/4101 2219/3293/4102 2218/3291/4100
f 2199/3292/4101 2200/3294/4103 2220/3295/4104 2219/3293/4102
f 2200/3294/4103 2201/3296/4105 2221/3297/4106 2220/3295/4104
f 2201/3296/4105 2202/3298/4107 2222/3299/4108 2221/3297/4106
f 2202/3298/4107 2203/3300/4109 2223/3301/4110 2222/3299/4108
f 2203/3300/4109 2204/3302/4111 2224/3303/4112 2223/3301/4110
f 2204/3302/4111 2205/3304/4113 2225/3305/4114 2224/3303/4112
f 2205/3304/4113 2206/3306/4115 2226/3307/4116 2225/3305/4114
f 2206/3306/4115 2207/3308/4117 2227/3309/4118 2226/3307/4116
f 2207/3308/4117 2208/3310/4119 2228/3311/4120 2227/3309/4118
f 2208/3310/4119 2189/3312/4081 2209/3313/4084 2228/3311/4120
s 167
f 2190/3314/4121 2189/3315/4122 2229/3316/4123
f 2191/3317/4124 2190/3314/4121 2229/3316/4123
f 2192/3318/4125 2191/3317/4124 2229/3316/4123
f 2193/3319/4126 2192/3318/4125 2229/3316/4123
f 2194/3320/4127 2193/3319/4126 2229/3316/4123
f 2195/3321/4128 2194/3320/4127 2229/3316/4123
f 2196/3322/4129 2195/3321/4128 2229/3316/4123
f 2197/3323/4130 2196/3322/4129 2229/3316/4123
f 2198/3324/4131 2197/3323/4130 2229/3316/4123
f 2199/3325/4132 2198/3324/4131 2229/3316/4123
f 2200/3326/4133 2199/3325/4132 2229/3316/4123
f 2201/3327/4134 2200/3326/4133 2229/3316/4123
f 2202/3328/4135 2201/3327/4134 2229/3316/4123
f 2203/3329/4136 2202/3328/4135 2229/3316/4123
f 2204/3330/4137 2203/3329/4136 2229/3316/4123
f 2205/3331/4138 2204/3330/4137 2229/3316/4123
f 2206/3332/4139 2205/3331/4138 2229/3316/4123
f 2207/3333/4140 2206/3332/4139 2229/3316/4123
f 2208/3334/4141 2207/3333/4140 2229/3316/4123
f 2189/3315/4122 2208/3334/4141 2229/3316/4123
s 168
f 2209/3335/4142 2210/3336/4143 2230/3337/4144
f 2210/3336/4143 2211/3338/4145 2230/3337/4144
f 2211/3338/4145 2212/3339/4146 2230/3337/4144
f 2212/3339/4146 2213/3340/4147 2230/3337/4144
f 2213/3340/4147 2214/3341/4148 2230/3337/4144
f 2214/3341/4148 2215/3342/4149 2230/3337/4144
f 2215/3342/4149 2216/3343/4150 2230/3337/4144
f 2216/3343/4150 2217/3344/4151 2230/3337/4144
f 2217/3344/4151 2218/3345/4152 2230/3337/4144
f 2218/3345/4152 2219/3346/4153 2230/3337/4144
f 2219/3346/4153 2220/3347/4154 2230/3337/4144
f 2220/3347/4154 2221/3348/4155 2230/3337/4144
f 2221/3348/4155 2222/3349/4156 2230/3337/4144
f 2222/3349/4156 2223/3350/4157 2230/3337/4144
f 2223/3350/4157 2224/3351/4158 2230/3337/4144
f 2224/3351/4158 2225/3352/4159 2230/3337/4144
f 2225/3352/4159 2226/3353/4160 2230/3337/4144
f 2226/3353/4160 2227/3354/4161 2230/3337/4144
f 2227/3354/4161 2228/3355/4162 2230/3337/4144
f 2228/3355/4162 2209/3335/4142 2230/3337/4144
s 169
f 2231/3356/4163 2232/3357/4164 2252/3358/4165 2251/3359/4166
f 2232/3357/4164 2233/3360/4167 2253/3361/4168 2252/3358/4165
f 2233/3360/4167 2234/3362/4169 2254/3363/4170 2253/3361/4168
f 2234/3362/4169 2235/3364/4171 2255/3365/4172 2254/3363/4170
f 2235/3364/4171 2236/3366/4173 2256/3367/4174 2255/3365/4172
f 2236/3366/4173 2237/3368/4175 2257/3369/4176 2256/3367/4174
f 2237/3368/4175 2238/3370/4177 2258/3371/4178 2257/3369/4176
f 2238/3370/4177 2239/3372/4179 2259/3373/4180 2258/3371/4178
f 2239/3372/4179 2240/3374/4181 2260/3375/4182 2259/3373/4180
f 2240/3374/4181 2241/3376/4183 2261/3377/4184 2260/3375/4182
f 2241/3376/4183 2242/3378/4185 2262/3379/4186 2261/3377/4184
f 2242/3378/4185 2243/3380/4187 2263/3381/4188 2262/3379/4186
f 2243/3380/4187 2244/3382/4189 2264/3383/4190 2263/3381/4188
f 2244/3382/4189 2245/3384/4191 2265/3385/4192 2264/3383/4190
f 2245/3384/4191 2246/3386/4193 2266/3387/4194 2265/3385/4192
f 2246/3386/4193 2247/3388/4195 2267/3389/4196 2266/3387/4194
f 2247/3388/4195 2248/3390/4197 2268/3391/4198 2267/3389/4196
f 2248/3390/4197 2249/3392/4199 2269/3393/4200 2268/3391/4198
f 2249/3392/4199 2250/3394/4201 2270/3395/4202 2269/3393/4200
f 2250/3394/4201 2231/3396/4163 2251/3397/4166 2270/3395/4202
s 170
f 2232/3398/4203 2231/3399/4204 2271/3400/4205
f 2233/3401/4206 2232/3398/4203 2271/3400/4205
f 2234/3402/4207 2233/3401/4206 2271/3400/4205
f 2235/3403/4208 2234/3402/4207 2271/3400/4205
f 2236/3404/4209 2235/3403/4208 2271/3400/4205
f 2237/3405/4210 2236/3404/4209 2271/3400/4205
f 2238/3406/4211 2237/3405/4210 2271/3400/4205
f 2239/3407/4212 2238/3406/4211 2271/3400/4205
f 2240/3408/4213 2239/3407/4212 2271/3400/4205
f 2241/3409/4214 2240/3408/4213 2271/3400/4205
f 2242/3410/4215 2241/3409/4214 2271/3400/4205
f 2243/3411/4216 2242/3410/4215 2271/3400/4205
f 2244/3412/4217 2243/3411/4216 2271/3400/4205
f 2245/3413/4218 2244/3412/4217 2271/3400/4205
f 2246/3414/4219 2245/3413/4218 2271/3400/4205
f 2247/3415/4220 2246/3414/4219 2271/3400/4205
f 2248/3416/4221 2247/3415/4220 2271/3400/4205
f 2249/3417/4222 2248/3416/4221 2271/3400/4205
f 2250/3418/4223 2249/3417/4222 2271/3400/4205
f 2231/3399/4204 2250/3418/4223 2271/3400/4205
s 171
f 2251/3419/4224 2252/3420/4225 2272/3421/4226
f 2252/3420/4225 2253/3422/4227 2272/3421/4226
f 2253/3422/4227 2254/3423/4228 2272/3421/4226
f 2254/3423/4228 2255/3424/4229 2272/3421/4226
f 2255/3424/4229 2256/3425/4230 2272/3421/4226
f 2256/3425/4230 2257/3426/4231 2272/3421/4226
f 2257/3426/4231 2258/3427/4232 2272/3421/4226
f 2258/3427/4232 2259/3428/4233 2272/3421/4226
f 2259/3428/4233 2260/3429/4234 2272/3421/4226
f 2260/3429/4234 2261/3430/4235 2272/3421/4226
f 2261/3430/4235 2262/3431/4236 2272/3421/4226
f 2262/3431/4236 2263/3432/4237 2272/3421/4226
f 2263/3432/4237 2264/3433/4238 2272/3421/4226
f 2264/3433/4238 2265/3434/4239 2272/3421/4226
f 2265/3434/4239 2266/3435/4240 2272/3421/4226
f 2266/3435/4240 2267/3436/4241 2272/3421/4226
f 2267/3436/4241 2268/3437/4242 2272/3421/4226
f 2268/3437/4242 2269/3438/4243 2272/3421/4226
f 2269/3438/4243 2270/3439/4244 2272/3421/4226
f 2270/3439/4244 2251/3419/4224 2272/3421/4226
s 172
f 2273/3440/4245 2274/3441/4246 2294/3442/4247 2293/3443/4248
f 2274/3441/4246 2275/3444/4249 2295/3445/4250 2294/3442/4247
f 2275/3444/4249 2276/3446/4251 2296/3447/4252 2295/3445/4250
f 2276/3446/4251 2277/3448/4253 2297/3449/4254 2296/3447/4252
f 2277/3448/4253 2278/3450/4255 2298/3451/4256 2297/3449/4254
f 2278/3450/4255 2279/3452/4257 2299/3453/4258 2298/3451/4256
f 2279/3452/4257 2280/3454/4259 2300/3455/4260 2299/3453/4258
f 2280/3454/4259 2281/3456/4261 2301/3457/4262 2300/3455/4260
f 2281/3456/4261 2282/3458/4263 2302/3459/4264 2301/3457/4262
f 2282/3458/4263 2283/3460/4265 2303/3461/4266 2302/3459/4264
f 2283/3460/4265 2284/3462/4267 2304/3463/4268 2303/3461/4266
f 2284/3462/4267 2285/3464/4269 2305/3465/4270 2304/3463/4268
f 2285/3464/4269 2286/3466/4271 2306/3467/4272 2305/3465/4270
f 2286/3466/4271 2287/3468/4273 2307/3469/4274 2306/3467/4272
f 2287/3468/4273 2288/3470/4275 2308/3471/4276 2307/3469/4274
f 2288/3470/4275 2289/3472/4277 2309/3473/4278 2308/3471/4276
f 2289/3472/4277 2290/3474/4279 2310/3475/4280 2309/3473/4278
f 2290/3474/4279 2291/3476/4281 2311/3477/4282 2310/3475/4280
f 2291/3476/4281 2292/3478/4283 2312/3479/4284 2311/3477/4282
f 2292/3478/4283 2273/3480/4245 2293/3481/4248 2312/3479/4284
s 173
f 2274/3482/4285 2273/3483/4286 2313/3484/4287
f 2275/3485/4288 2274/3482/4285 2313/3484/4287
f 2276/3486/4289 2275/3485/4288 2313/3484/4287
f 2277/3487/4290 2276/3486/4289 2313/3484/4287
f 2278/3488/4291 2277/3487/4290 2313/3484/4287
f 2279/3489/4292 2278/3488/4291 2313/3484/4287
f 2280/3490/4293 2279/3489/4292 2313/3484/4287
f 2281/3491/4294 2280/3490/4293 2313/3484/4287
f 2282/3492/4295 2281/3491/4294 2313/3484/4287
f 2283/3493/4296 2282/3492/4295 2313/3484/4287
f 2284/3494/4297 2283/3493/4296 2313/3484/4287
f 2285/3495/4298 2284/3494/4297 2313/3484/4287
f 2286/3496/4299 2285/3495/4298 2313/3484/4287
f 2287/3497/4300 2286/3496/4299 2313/3484/4287
f 2288/3498/4301 2287/3497/4300 2313/3484/4287
f 2289/3499/4302 2288/3498/4301 2313/3484/4287
f 2290/3500/4303 2289/3499/4302 2313/3484/4287
f 2291/3501/4304 2290/3500/4303 2313/3484/4287
f 2292/3502/4305 2291/3501/4304 2313/3484/4287
f 2273/3483/4286 2292/3502/4305 2313/3484/4287
s 174
f 2293/3503/4306 2294/3504/4307 2314/3505/4308
f 2294/3504/4307 2295/3506/4309 2314/3505/4308
f 2295/3506/4309 2296/3507/4310 2314/3505/4308
f 2296/3507/4310 2297/3508/4311 2314/3505/4308
f 2297/3508/4311 2298/3509/4312 2314/3505/4308
f 2298/3509/4312 2299/3510/4313 2314/3505/4308
f 2299/3510/4313 2300/3511/4314 2314/3505/4308
f 2300/3511/4314 2301/3512/4315 2314/3505/4308
f 2301/3512/4315 2302/3513/4316 2314/3505/4308
f 2302/3513/4316 2303/3514/4317 2314/3505/4308
f 2303/3514/4317 2304/3515/4318 2314/3505/4308
f 2304/3515/4318 2305/3516/4319 2314/3505/4308
f 2305/3516/4319 2306/3517/4320 2314/3505/4308
f 2306/3517/4320 2307/3518/4321 2314/3505/4308
f 2307/3518/4321 2308/3519/4322 2314/3505/4308
f 2308/3519/4322 2309/3520/4323 2314/3505/4308
f 2309/3520/4323 2310/3521/4324 2314/3505/4308
f 2310/3521/4324 2311/3522/4325 2314/3505/4308
f 2311/3522/4325 2312/3523/4326 2314/3505/4308
f 2312/3523/4326 2293/3503/4306 2314/3505/4308
s 175
f 2315/3524/4327 2316/3525/4328 2336/3526/4329 2335/3527/4330
f 2316/3525/4328 2317/3528/4331 2337/3529/4332 2336/3526/4329
f 2317/3528/4331 2318/3530/4333 2338/3531/4334 2337/3529/4332
f 2318/3530/4333 2319/3532/4335 2339/3533/4336 2338/3531/4334
f 2319/3532/4335 2320/3534/4337 2340/3535/4338 2339/3533/4336
f 2320/3534/4337 2321/3536/4339 2341/3537/4340 2340/3535/4338
f 2321/3536/4339 2322/3538/4341 2342/3539/4342 2341/3537/4340
f 2322/3538/4341 2323/3540/4343 2343/3541/4344 2342/3539/4342
f 2323/3540/4343 2324/3542/4345 2344/3543/4346 2343/3541/4344
f 2324/3542/4345 2325/3544/4347 2345/3545/4348 2344/3543/4346
f 2325/3544/4347 2326/3546/4349 2346/3547/4350 2345/3545/4348
f 2326/3546/4349 2327/3548/4351 2347/3549/4352 2346/3547/4350
f 2327/3548/4351 2328/3550/4353 2348/3551/4354 2347/3549/4352
f 2328/3550/4353 2329/3552/4355 2349/3553/4356 2348/3551/4354
f 2329/3552/4355 2330/3554/4357 2350/3555/4358 2349/3553/4356
f 2330/3554/4357 2331/3556/4359 2351/3557/4360 2350/3555/4358
f 2331/3556/4359 2332/3558/4361 2352/3559/4362 2351/3557/4360
f 2332/3558/4361 2333/3560/4363 2353/3561/4364 2352/3559/4362
f 2333/3560/4363 2334/3562/4365 2354/3563/4366 2353/3561/4364
f 2334/3562/4365 2315/3564/4327 2335/3565/4330 2354/3563/4366
s 176
f 2316/3566/4367 2315/3567/4368 2355/3568/4369
f 2317/3569/4370 2316/3566/4367 2355/3568/4369
f 2318/3570/4371 2317/3569/4370 2355/3568/4369
f 2319/3571/4372 2318/3570/4371 2355/3568/4369
f 2320/3572/4373 2319/3571/4372 2355/3568/4369
f 2321/3573/4374 2320/3572/4373 2355/3568/4369
f 2322/3574/4375 2321/3573/4374 2355/3568/4369
f 2323/3575/4376 2322/3574/4375 2355/3568/4369
f 2324/3576/4377 2323/3575/4376 2355/3568/4369
f 2325/3577/4378 2324/3576/4377 2355/3568/4369
f 2326/3578/4379 2325/3577/4378 2355/3568/4369
f 2327/3579/4380 2326/3578/4379 2355/3568/4369
f 2328/3580/4381 2327/3579/4380 2355/3568/4369
f 2329/3581/4382 2328/3580/4381 2355/3568/4369
f 2330/3582/4383 2329/3581/4382 2355/3568/4369
f 2331/3583/4384 2330/3582/4383 2355/3568/4369
f 2332/3584/4385 2331/3583/4384 2355/3568/4369
f 2333/3585/4386 2332/3584/4385 2355/3568/4369
f 2334/3586/4387 2333/3585/4386 2355/3568/4369
f 2315/3567/4368 2334/3586/4387 2355/3568/4369
s 177
f 2335/3587/4388 2336/3588/4389 2356/3589/4390
f 2336/3588/4389 2337/3590/4391 2356/3589/4390
f 2337/3590/4391 2338/3591/4392 2356/3589/4390
f 2338/3591/4392 2339/3592/4393 2356/3589/4390
f 2339/3592/4393 2340/3593/4394 2356/3589/4390
f 2340/3593/4394 2341/3594/4395 2356/3589/4390
f 2341/3594/4395 2342/3595/4396 2356/3589/4390
f 2342/3595/4396 2343/3596/4397 2356/3589/4390
f 2343/3596/4397 2344/3597/4398 2356/3589/4390
f 2344/3597/4398 2345/3598/4399 2356/3589/4390
f 2345/3598/4399 2346/3599/4400 2356/3589/4390
f 2346/3599/4400 2347/3600/4401 2356/3589/4390
f 2347/3600/4401 2348/3601/4402 2356/3589/4390
f 2348/3601/4402 2349/3602/4403 2356/3589/4390
f 2349/3602/4403 2350/3603/4404 2356/3589/4390
f 2350/3603/4404 2351/3604/4405 2356/3589/4390
f 2351/3604/4405 2352/3605/4406 2356/3589/4390
f 2352/3605/4406 2353/3606/4407 2356/3589/4390
f 2353/3606/4407 2354/3607/4408 2356/3589/4390
f 2354/3607/4408 2335/3587/4388 2356/3589/4390
s off
f 2357/3608/4409 2358/3609/4410 2360/3610/4411 2359/3611/4412
f 2359/3611/4413 2360/3610/4414 2362/3612/4415 2361/3613/4416
f 2361/3613/4417 2362/3612/4418 2364/3614/4419 2363/3615/4420
f 2363/3615/4421 2364/3614/4422 2358/3616/4423 2357/3617/4424
f 2358/3609/4425 2364/3618/4426 2362/3619/4427 2360/3610/4428
f 2363/3620/4429 2357/3608/4430 2359/3611/4431 2361/3621/4432
f 2365/3622/4433 2366/3623/4434 2368/3624/4435 2367/3625/4436
f 2367/3625/4437 2368/3624/4438 2370/3626/4439 2369/3627/4440
f 2369/3627/4441 2370/3626/4442 2372/3628/4443 2371/3629/4444
f 2371/3629/4445 2372/3628/4446 2366/3630/4447 2365/3631/4448
f 2366/3623/4449 2372/3632/4450 2370/3633/4451 2368/3624/4452
f 2371/3634/4453 2365/3622/4454 2367/3625/4455 2369/3635/4456
f 2373/3636/4457 2374/3637/4458 2376/3638/4459 2375/3639/4460
f 2375/3639/4461 2376/3638/4462 2378/3640/4463 2377/3641/4464
f 2377/3641/4465 2378/3640/4466 2380/3642/4467 2379/3643/4468
f 2379/3643/4469 2380/3642/4470 2374/3644/4471 2373/3645/4472
f 2374/3637/4473 2380/3646/4474 2378/3647/4475 2376/3638/4476
f 2379/3648/4477 2373/3636/4478 2375/3639/4479 2377/3649/4480
f 2381/3650/4481 2382/3651/4482 2384/3652/4483 2383/3653/4484
f 2383/3653/4485 2384/3652/4486 2386/3654/4487 2385/3655/4488
f 2385/3655/4489 2386/3654/4490 2388/3656/4491 2387/3657/4492
f 2387/3657/4493 2388/3656/4494 2382/3658/4495 2381/3659/4496
f 2382/3651/4497 2388/3660/4498 2386/3661/4499 2384/3652/4500
f 2387/3662/4501 2381/3650/4502 2383/3653/4503 2385/3663/4504
f 2389/3664/4505 2390/3665/4506 2392/3666/4507 2391/3667/4508
f 2391/3667/4509 2392/3666/4510 2394/3668/4511 2393/3669/4512
f 2393/3669/4513 2394/3668/4514 2396/3670/4515 2395/3671/4516
f 2395/3671/4517 2396/3670/4518 2390/3672/4519 2389/3673/4520
f 2390/3665/4521 2396/3674/4522 2394/3675/4523 2392/3666/4524
f 2395/3676/4525 2389/3664/4526 2391/3667/4527 2393/3677/4528
s 178
f 2397/3678/4529 2398/3679/4530 2418/3680/4531 2417/3681/4532
f 2398/3679/4530 2399/3682/4533 2419/3683/4534 2418/3680/4531
f 2399/3682/4533 2400/3684/4535 2420/3685/4536 2419/3683/4534
f 2400/3684/4535 2401/3686/4537 2421/3687/4538 2420/3685/4536
f 2401/3686/4537 2402/3688/4539 2422/3689/4540 2421/3687/4538
f 2402/3688/4539 2403/3690/4541 2423/3691/4542 2422/3689/4540
f 2403/3690/4541 2404/3692/4543 2424/3693/4544 2423/3691/4542
f 2404/3692/4543 2405/3694/4545 2425/3695/4546 2424/3693/4544
f 2405/3694/4545 2406/3696/4547 2426/3697/4548 2425/3695/4546
f 2406/3696/4547 2407/3698/4549 2427/3699/4550 2426/3697/4548
f 2407/3698/4549 2408/3700/4551 2428/3701/4552 2427/3699/4550
f 2408/3700/4551 2409/3702/4553 2429/3703/4554 2428/3701/4552
f 2409/3702/4553 2410/3704/4555 2430/3705/4556 2429/3703/4554
f 2410/3704/4555 2411/3706/4557 2431/3707/4558 2430/3705/4556
f 2411/3706/4557 2412/3708/4559 2432/3709/4560 2431/3707/4558
f 2412/3708/4559 2413/3710/4561 2433/3711/4562 2432/3709/4560
f 2413/3710/4561 2414/3712/4563 2434/3713/4564 2433/3711/4562
f 2414/3712/4563 2415/3714/4565 2435/3715/4566 2434/3713/4564
f 2415/3714/4565 2416/3716/4567 2436/3717/4568 2435/3715/4566
f 2416/3716/4567 2397/3718/4529 2417/3719/4532 2436/3717/4568
s 179
f 2398/3720/4569 2397/3721/4570 2437/3722/4571
f 2399/3723/4572 2398/3720/4569 2437/3722/4571
f 2400/3724/4573 2399/3723/4572 2437/3722/4571
f 2401/3725/4574 2400/3724/4573 2437/3722/4571
f 2402/3726/4575 2401/3725/4574 2437/3722/4571
f 2403/3727/4576 2402/3726/4575 2437/3722/4571
f 2404/3728/4577 2403/3727/4576 2437/3722/4571
f 2405/3729/4578 2404/3728/4577 2437/3722/4571
f 2406/3730/4579 2405/3729/4578 2437/3722/4571
f 2407/3731/4580 2406/3730/4579 2437/3722/4571
f 2408/3732/4581 2407/3731/4580 2437/3722/4571
f 2409/3733/4582 2408/3732/4581 2437/3722/4571
f 2410/3734/4583 2409/3733/4582 2437/3722/4571
f 2411/3735/4584 2410/3734/4583 2437/3722/4571
f 2412/3736/4585 2411/3735/4584 2437/3722/4571
f 2413/3737/4586 2412/3736/4585 2437/3722/4571
f 2414/3738/4587 2413/3737/4586 2437/3722/4571
f 2415/3739/4588 2414/3738/4587 2437/3722/4571
f 2416/3740/4589 2415/3739/4588 2437/3722/4571
f 2397/3721/4570 2416/3740/4589 2437/3722/4571
s 180
f 2417/3741/4590 2418/3742/4591 2438/3743/4592
f 2418/3742/4591 2419/3744/4593 2438/3743/4592
f 2419/3744/4593 2420/3745/4594 2438/3743/4592
f 2420/3745/4594 2421/3746/4595 2438/3743/4592
f 2421/3746/4595 2422/3747/4596 2438/3743/4592
f 2422/3747/4596 2423/3748/4597 2438/3743/4592
f 2423/3748/4597 2424/3749/4598 2438/3743/4592
f 2424/3749/4598 2425/3750/4599 2438/3743/4592
f 2425/3750/4599 2426/3751/4600 2438/3743/4592
f 2426/3751/4600 2427/3752/4601 2438/3743/4592
f 2427/3752/4601 2428/3753/4602 2438/3743/4592
f 2428/3753/4602 2429/3754/4603 2438/3743/4592
f 2429/3754/4603 2430/3755/4604 2438/3743/4592
f 2430/3755/4604 2431/3756/4605 2438/3743/4592
f 2431/3756/4605 2432/3757/4606 2438/3743/4592
f 2432/3757/4606 2433/3758/4607 2438/3743/4592
f 2433/3758/4607 2434/3759/4608 2438/3743/4592
f 2434/3759/4608 2435/3760/4609 2438/3743/4592
f 2435/3760/4609 2436/3761/4610 2438/3743/4592
f 2436/3761/4610 2417/3741/4590 2438/3743/4592
s 181
f 2439/3762/4611 2440/3763/4612 2460/3764/4613 2459/3765/4614
f 2440/3763/4612 2441/3766/4615 2461/3767/4616 2460/3764/4613
f 2441/3766/4615 2442/3768/4617 2462/3769/4618 2461/3767/4616
f 2442/3768/4617 2443/3770/4619 2463/3771/4620 2462/3769/4618
f 2443/3770/4619 2444/3772/4621 2464/3773/4622 2463/3771/4620
f 2444/3772/4621 2445/3774/4623 2465/3775/4624 2464/3773/4622
f 2445/3774/4623 2446/3776/4625 2466/3777/4626 2465/3775/4624
f 2446/3776/4625 2447/3778/4627 2467/3779/4628 2466/3777/4626
f 2447/3778/4627 2448/3780/4629 2468/3781/4630 2467/3779/4628
f 2448/3780/4629 2449/3782/4631 2469/3783/4632 2468/3781/4630
f 2449/3782/4631 2450/3784/4633 2470/3785/4634 2469/3783/4632
f 2450/3784/4633 2451/3786/4635 2471/3787/4636 2470/3785/4634
f 2451/3786/4635 2452/3788/4637 2472/3789/4638 2471/3787/4636
f 2452/3788/4637 2453/3790/4639 2473/3791/4640 2472/3789/4638
f 2453/3790/4639 2454/3792/4641 2474/3793/4642 2473/3791/4640
f 2454/3792/4641 2455/3794/4643 2475/3795/4644 2474/3793/4642
f 2455/3794/4643 2456/3796/4645 2476/3797/4646 2475/3795/4644
f 2456/3796/4645 2457/3798/4647 2477/3799/4648 2476/3797/4646
f 2457/3798/4647 2458/3800/4649 2478/3801/4650 2477/3799/4648
f 2458/3800/4649 2439/3802/4611 2459/3803/4614 2478/3801/4650
s 182
f 2440/3804/4651 2439/3805/4652 2479/3806/4653
f 2441/3807/4654 2440/3804/4651 2479/3806/4653
f 2442/3808/4655 2441/3807/4654 2479/3806/4653
f 2443/3809/4656 2442/3808/4655 2479/3806/4653
f 2444/3810/4657 2443/3809/4656 2479/3806/4653
f 2445/3811/4658 2444/3810/4657 2479/3806/4653
f 2446/3812/4659 2445/3811/4658 2479/3806/4653
f 2447/3813/4660 2446/3812/4659 2479/3806/4653
f 2448/3814/4661 2447/3813/4660 2479/3806/4653
f 2449/3815/4662 2448/3814/4661 2479/3806/4653
f 2450/3816/4663 2449/3815/4662 2479/3806/4653
f 2451/3817/4664 2450/3816/4663 2479/3806/4653
f 2452/3818/4665 2451/3817/4664 2479/3806/4653
f 2453/3819/4666 2452/3818/4665 2479/3806/4653
f 2454/3820/4667 2453/3819/4666 2479/3806/4653
f 2455/3821/4668 2454/3820/4667 2479/3806/4653
f 2456/3822/4669 2455/3821/4668 2479/3806/4653
f 2457/3823/4670 2456/3822/4669 2479/3806/4653
f 2458/3824/4671 2457/3823/4670 2479/3806/4653
f 2439/3805/4652 2458/3824/4671 2479/3806/4653
s 183
f 2459/3825/4672 2460/3826/4673 2480/3827/4674
f 2460/3826/4673 2461/3828/4675 2480/3827/4674
f 2461/3828/4675 2462/3829/4676 2480/3827/4674
f 2462/3829/4676 2463/3830/4677 2480/3827/4674
f 2463/3830/4677 2464/3831/4678 2480/3827/4674
f 2464/3831/4678 2465/3832/4679 2480/3827/4674
f 2465/3832/4679 2466/3833/4680 2480/3827/4674
f 2466/3833/4680 2467/3834/4681 2480/3827/4674
f 2467/3834/4681 2468/3835/4682 2480/3827/4674
f 2468/3835/4682 2469/3836/4683 2480/3827/4674
f 2469/3836/4683 2470/3837/4684 2480/3827/4674
f 2470/3837/4684 2471/3838/4685 2480/3827/4674
f 2471/3838/4685 2472/3839/4686 2480/3827/4674
f 2472/3839/4686 2473/3840/4687 2480/3827/4674
f 2473/3840/4687 2474/3841/4688 2480/3827/4674
f 2474/3841/4688 2475/3842/4689 2480/3827/4674
f 2475/3842/4689 2476/3843/4690 2480/3827/4674
f 2476/3843/4690 2477/3844/4691 2480/3827/4674
f 2477/3844/4691 2478/3845/4692 2480/3827/4674
f 2478/3845/4692 2459/3825/4672 2480/3827/4674
s 184
f 2481/3846/4693 2482/3847/4694 2502/3848/4695 2501/3849/4696
f 2482/3847/4694 2483/3850/4697 2503/3851/4698 2502/3848/4695
f 2483/3850/4697 2484/3852/4699 2504/3853/4700 2503/3851/4698
f 2484/3852/4699 2485/3854/4701 2505/3855/4702 2504/3853/4700
f 2485/3854/4701 2486/3856/4703 2506/3857/4704 2505/3855/4702
f 2486/3856/4703 2487/3858/4705 2507/3859/4706 2506/3857/4704
f 2487/3858/4705 2488/3860/4707 2508/3861/4708 2507/3859/4706
f 2488/3860/4707 2489/3862/4709 2509/3863/4710 2508/3861/4708
f 2489/3862/4709 2490/3864/4711 2510/3865/4712 2509/3863/4710
f 2490/3864/4711 2491/3866/4713 2511/3867/4714 2510/3865/4712
f 2491/3866/4713 2492/3868/4715 2512/3869/4716 2511/3867/4714
f 2492/3868/4715 2493/3870/4717 2513/3871/4718 2512/3869/4716
f 2493/3870/4717 2494/3872/4719 2514/3873/4720 2513/3871/4718
f 2494/3872/4719 2495/3874/4721 2515/3875/4722 2514/3873/4720
f 2495/3874/4721 2496/3876/4723 2516/3877/4724 2515/3875/4722
f 2496/3876/4723 2497/3878/4725 2517/3879/4726 2516/3877/4724
f 2497/3878/4725 2498/3880/4727 2518/3881/4728 2517/3879/4726
f 2498/3880/4727 2499/3882/4729 2519/3883/4730 2518/3881/4728
f 2499/3882/4729 2500/3884/4731 2520/3885/4732 2519/3883/4730
f 2500/3884/4731 2481/3886/4693 2501/3887/4696 2520/3885/4732
s 185
f 2482/3888/4733 2481/3889/4734 2521/3890/4735
f 2483/3891/4736 2482/3888/4733 2521/3890/4735
f 2484/3892/4737 2483/3891/4736 2521/3890/4735
f 2485/3893/4738 2484/3892/4737 2521/3890/4735
f 2486/3894/4739 2485/3893/4738 2521/3890/4735
f 2487/3895/4740 2486/3894/4739 2521/3890/4735
f 2488/3896/4741 2487/3895/4740 2521/3890/4735
f 2489/3897/4742 2488/3896/4741 2521/3890/4735
f 2490/3898/4743 2489/3897/4742 2521/3890/4735
f 2491/3899/4744 2490/3898/4743 2521/3890/4735
f 2492/3900/4745 2491/3899/4744 2521/3890/4735
f 2493/3901/4746 2492/3900/4745 2521/3890/4735
f 2494/3902/4747 2493/3901/4746 2521/3890/4735
f 2495/3903/4748 2494/3902/4747 2521/3890/4735
f 2496/3904/4749 2495/3903/4748 2521/3890/4735
f 2497/3905/4750 2496/3904/4749 2521/3890/4735
f 2498/3906/4751 2497/3905/4750 2521/3890/4735
f 2499/3907/4752 2498/3906/4751 2521/3890/4735
f 2500/3908/4753 2499/3907/4752 2521/3890/4735
f 2481/3889/4734 2500/3908/4753 2521/3890/4735
s 186
f 2501/3909/4754 2502/3910/4755 2522/3911/4756
f 2502/3910/4755 2503/3912/4757 2522/3911/4756
f 2503/3912/4757 2504/3913/4758 2522/3911/4756
f 2504/3913/4758 2505/3914/4759 2522/3911/4756
f 2505/3914/4759 2506/3915/4760 2522/3911/4756
f 2506/3915/4760 2507/3916/4761 2522/3911/4756
f 2507/3916/4761 2508/3917/4762 2522/3911/4756
f 2508/3917/4762 2509/3918/4763 2522/3911/4756
f 2509/3918/4763 2510/3919/4764 2522/3911/4756
f 2510/3919/4764 2511/3920/4765 2522/3911/4756
f 2511/3920/4765 2512/3921/4766 2522/3911/4756
f 2512/3921/4766 2513/3922/4767 2522/3911/4756
f 2513/3922/4767 2514/3923/4768 2522/3911/4756
f 2514/3923/4768 2515/3924/4769 2522/3911/4756
f 2515/3924/4769 2516/3925/4770 2522/3911/4756
f 2516/3925/4770 2517/3926/4771 2522/3911/4756
f 2517/3926/4771 2518/3927/4772 2522/3911/4756
f 2518/3927/4772 2519/3928/4773 2522/3911/4756
f 2519/3928/4773 2520/3929/4774 2522/3911/4756
f 2520/3929/4774 2501/3909/4754 2522/3911/4756
s 187
f 2523/3930/4775 2524/3931/4776 2544/3932/4777 2543/3933/4778
f 2524/3931/4776 2525/3934/4779 2545/3935/4780 2544/3932/4777
f 2525/3934/4779 2526/3936/4781 2546/3937/4782 2545/3935/4780
f 2526/3936/4781 2527/3938/4783 2547/3939/4784 2546/3937/4782
f 2527/3938/4783 2528/3940/4785 2548/3941/4786 2547/3939/4784
f 2528/3940/4785 2529/3942/4787 2549/3943/4788 2548/3941/4786
f 2529/3942/4787 2530/3944/4789 2550/3945/4790 2549/3943/4788
f 2530/3944/4789 2531/3946/4791 2551/3947/4792 2550/3945/4790
f 2531/3946/4791 2532/3948/4793 2552/3949/4794 2551/3947/4792
f 2532/3948/4793 2533/3950/4795 2553/3951/4796 2552/3949/4794
f 2533/3950/4795 2534/3952/4797 2554/3953/4798 2553/3951/4796
f 2534/3952/4797 2535/3954/4799 2555/3955/4800 2554/3953/4798
f 2535/3954/4799 2536/3956/4801 2556/3957/4802 2555/3955/4800
f 2536/3956/4801 2537/3958/4803 2557/3959/4804 2556/3957/4802
f 2537/3958/4803 2538/3960/4805 2558/3961/4806 2557/3959/4804
f 2538/3960/4805 2539/3962/4807 2559/3963/4808 2558/3961/4806
f 2539/3962/4807 2540/3964/4809 2560/3965/4810 2559/3963/4808
f 2540/3964/4809 2541/3966/4811 2561/3967/4812 2560/3965/4810
f 2541/3966/4811 2542/3968/4813 2562/3969/4814 2561/3967/4812
f 2542/3968/4813 2523/3970/4775 2543/3971/4778 2562/3969/4814
s 188
f 2524/3972/4815 2523/3973/4816 2563/3974/4817
f 2525/3975/4818 2524/3972/4815 2563/3974/4817
f 2526/3976/4819 2525/3975/4818 2563/3974/4817
f 2527/3977/4820 2526/3976/4819 2563/3974/4817
f 2528/3978/4821 2527/3977/4820 2563/3974/4817
f 2529/3979/4822 2528/3978/4821 2563/3974/4817
f 2530/3980/4823 2529/3979/4822 2563/3974/4817
f 2531/3981/4824 2530/3980/4823 2563/3974/4817
f 2532/3982/4825 2531/3981/4824 2563/3974/4817
f 2533/3983/4826 2532/3982/4825 2563/3974/4817
f 2534/3984/4827 2533/3983/4826 2563/3974/4817
f 2535/3985/4828 2534/3984/4827 2563/3974/4817
f 2536/3986/4829 2535/3985/4828 2563/3974/4817
f 2537/3987/4830 2536/3986/4829 2563/3974/4817
f 2538/3988/4831 2537/3987/4830 2563/3974/4817
f 2539/3989/4832 2538/3988/4831 2563/3974/4817
f 2540/3990/4833 2539/3989/4832 2563/3974/4817
f 2541/3991/4834 2540/3990/4833 2563/3974/4817
f 2542/3992/4835 2541/3991/4834 2563/3974/4817
f 2523/3973/4816 2542/3992/4835 2563/3974/4817
s 189
f 2543/3993/4836 2544/3994/4837 2564/3995/4838
f 2544/3994/4837 2545/3996/4839 2564/3995/4838
f 2545/3996/4839 2546/3997/4840 2564/3995/4838
f 2546/3997/4840 2547/3998/4841 2564/3995/4838
f 2547/3998/4841 2548/3999/4842 2564/3995/4838
f 2548/3999/4842 2549/4000/4843 2564/3995/4838
f 2549/4000/4843 2550/4001/4844 2564/3995/4838
f 2550/4001/4844 2551/4002/4845 2564/3995/4838
f 2551/4002/4845 2552/4003/4846 2564/3995/4838
f 2552/4003/4846 2553/4004/4847 2564/3995/4838
f 2553/4004/4847 2554/4005/4848 2564/3995/4838
f 2554/4005/4848 2555/4006/4849 2564/3995/4838
f 2555/4006/4849 2556/4007/4850 2564/3995/4838
f 2556/4007/4850 2557/4008/4851 2564/3995/4838
f 2557/4008/4851 2558/4009/4852 2564/3995/4838
f 2558/4009/4852 2559/4010/4853 2564/3995/4838
f 2559/4010/4853 2560/4011/4854 2564/3995/4838
f 2560/4011/4854 2561/4012/4855 2564/3995/4838
f 2561/4012/4855 2562/4013/4856 2564/3995/4838
f 2562/4013/4856 2543/3993/4836 2564/3995/4838
s 190
f 2565/4014/4857 2566/4015/4858 2586/4016/4859 2585/4017/4860
f 2566/4015/4858 2567/4018/4861 2587/4019/4862 2586/4016/4859
f 2567/4018/4861 2568/4020/4863 2588/4021/4864 2587/4019/4862
f 2568/4020/4863 2569/4022/4865 2589/4023/4866 2588/4021/4864
f 2569/4022/4865 2570/4024/4867 2590/4025/4868 2589/4023/4866
f 2570/4024/4867 2571/4026/4869 2591/4027/4870 2590/4025/4868
f 2571/4026/4869 2572/4028/4871 2592/4029/4872 2591/4027/4870
f 2572/4028/4871 2573/4030/4873 2593/4031/4874 2592/4029/4872
f 2573/4030/4873 2574/4032/4875 2594/4033/4876 2593/4031/4874
f 2574/4032/4875 2575/4034/4877 2595/4035/4878 2594/4033/4876
f 2575/4034/4877 2576/4036/4879 2596/4037/4880 2595/4035/4878
f 2576/4036/4879 2577/4038/4881 2597/4039/4882 2596/4037/4880
f 2577/4038/4881 2578/4040/4883 2598/4041/4884 2597/4039/4882
f 2578/4040/4883 2579/4042/4885 2599/4043/4886 2598/4041/4884
f 2579/4042/4885 2580/4044/4887 2600/4045/4888 2599/4043/4886
f 2580/4044/4887 2581/4046/4889 2601/4047/4890 2600/4045/4888
f 2581/4046/4889 2582/4048/4891 2602/4049/4892 2601/4047/4890
f 2582/4048/4891 2583/4050/4893 2603/4051/4894 2602/4049/4892
f 2583/4050/4893 2584/4052/4895 2604/4053/4896 2603/4051/4894
f 2584/4052/4895 2565/4054/4857 2585/4055/4860 2604/4053/4896
s 191
f 2566/4056/4897 2565/4057/4898 2605/4058/4899
f 2567/4059/4900 2566/4056/4897 2605/4058/4899
f 2568/4060/4901 2567/4059/4900 2605/4058/4899
f 2569/4061/4902 2568/4060/4901 2605/4058/4899
f 2570/4062/4903 2569/4061/4902 2605/4058/4899
f 2571/4063/4904 2570/4062/4903 2605/4058/4899
f 2572/4064/4905 2571/4063/4904 2605/4058/4899
f 2573/4065/4906 2572/4064/4905 2605/4058/4899
f 2574/4066/4907 2573/4065/4906 2605/4058/4899
f 2575/4067/4908 2574/4066/4907 2605/4058/4899
f 2576/4068/4909 2575/4067/4908 2605/4058/4899
f 2577/4069/4910 2576/4068/4909 2605/4058/4899
f 2578/4070/4911 2577/4069/4910 2605/4058/4899
f 2579/4071/4912 2578/4070/4911 2605/4058/4899
f 2580/4072/4913 2579/4071/4912 2605/4058/4899
f 2581/4073/4914 2580/4072/4913 2605/4058/4899
f 2582/4074/4915 2581/4073/4914 2605/4058/4899
f 2583/4075/4916 2582/4074/4915 2605/4058/4899
f 2584/4076/4917 2583/4075/4916 2605/4058/4899
f 2565/4057/4898 2584/4076/4917 2605/4058/4899
s 192
f 2585/4077/4918 2586/4078/4919 2606/4079/4920
f 2586/4078/4919 2587/4080/4921 2606/4079/4920
f 2587/4080/4921 2588/4081/4922 2606/4079/4920
f 2588/4081/4922 2589/4082/4923 2606/4079/4920
f 2589/4082/4923 2590/4083/4924 2606/4079/4920
f 2590/4083/4924 2591/4084/4925 2606/4079/4920
f 2591/4084/4925 2592/4085/4926 2606/4079/4920
f 2592/4085/4926 2593/4086/4927 2606/4079/4920
f 2593/4086/4927 2594/4087/4928 2606/4079/4920
f 2594/4087/4928 2595/4088/4929 2606/4079/4920
f 2595/4088/4929 2596/4089/4930 2606/4079/4920
f 2596/4089/4930 2597/4090/4931 2606/4079/4920
f 2597/4090/4931 2598/4091/4932 2606/4079/4920
f 2598/4091/4932 2599/4092/4933 2606/4079/4920
f 2599/4092/4933 2600/4093/4934 2606/4079/4920
f 2600/4093/4934 2601/4094/4935 2606/4079/4920
f 2601/4094/4935 2602/4095/4936 2606/4079/4920
f 2602/4095/4936 2603/4096/4937 2606/4079/4920
f 2603/4096/4937 2604/4097/4938 2606/4079/4920
f 2604/4097/4938 2585/4077/4918 2606/4079/4920
s 193
f 2607/4098/4939 2608/4099/4940 2628/4100/4941 2627/4101/4942
f 2608/4099/4940 2609/4102/4943 2629/4103/4944 2628/4100/4941
f 2609/4102/4943 2610/4104/4945 2630/4105/4946 2629/4103/4944
f 2610/4104/4945 2611/4106/4947 2631/4107/4948 2630/4105/4946
f 2611/4106/4947 2612/4108/4949 2632/4109/4950 2631/4107/4948
f 2612/4108/4949 2613/4110/4951 2633/4111/4952 2632/4109/4950
f 2613/4110/4951 2614/4112/4953 2634/4113/4954 2633/4111/4952
f 2614/4112/4953 2615/4114/4955 2635/4115/4956 2634/4113/4954
f 2615/4114/4955 2616/4116/4957 2636/4117/4958 2635/4115/4956
f 2616/4116/4957 2617/4118/4959 2637/4119/4960 2636/4117/4958
f 2617/4118/4959 2618/4120/4961 2638/4121/4962 2637/4119/4960
f 2618/4120/4961 2619/4122/4963 2639/4123/4964 2638/4121/4962
f 2619/4122/4963 2620/4124/4965 2640/4125/4966 2639/4123/4964
f 2620/4124/4965 2621/4126/4967 2641/4127/4968 2640/4125/4966
f 2621/4126/4967 2622/4128/4969 2642/4129/4970 2641/4127/4968
f 2622/4128/4969 2623/4130/4971 2643/4131/4972 2642/4129/4970
f 2623/4130/4971 2624/4132/4973 2644/4133/4974 2643/4131/4972
f 2624/4132/4973 2625/4134/4975 2645/4135/4976 2644/4133/4974
f 2625/4134/4975 2626/4136/4977 2646/4137/4978 2645/4135/4976
f 2626/4136/4977 2607/4138/4939 2627/4139/4942 2646/4137/4978
s 194
f 2608/4140/4979 2607/4141/4980 2647/4142/4981
f 2609/4143/4982 2608/4140/4979 2647/4142/4981
f 2610/4144/4983 2609/4143/4982 2647/4142/4981
f 2611/4145/4984 2610/4144/4983 2647/4142/4981
f 2612/4146/4985 2611/4145/4984 2647/4142/4981
f 2613/4147/4986 2612/4146/4985 2647/4142/4981
f 2614/4148/4987 2613/4147/4986 2647/4142/4981
f 2615/4149/4988 2614/4148/4987 2647/4142/4981
f 2616/4150/4989 2615/4149/4988 2647/4142/4981
f 2617/4151/4990 2616/4150/4989 2647/4142/4981
f 2618/4152/4991 2617/4151/4990 2647/4142/4981
f 2619/4153/4992 2618/4152/4991 2647/4142/4981
f 2620/4154/4993 2619/4153/4992 2647/4142/4981
f 2621/4155/4994 2620/4154/4993 2647/4142/4981
f 2622/4156/4995 2621/4155/4994 2647/4142/4981
f 2623/4157/4996 2622/4156/4995 2647/4142/4981
f 2624/4158/4997 2623/4157/4996 2647/4142/4981
f 2625/4159/4998 2624/4158/4997 2647/4142/4981
f 2626/4160/4999 2625/4159/4998 2647/4142/4981
f 2607/4141/4980 2626/4160/4999 2647/4142/4981
s 195
f 2627/4161/5000 2628/4162/5001 2648/4163/5002
f 2628/4162/5001 2629/4164/5003 2648/4163/5002
f 2629/4164/5003 2630/4165/5004 2648/4163/5002
f 2630/4165/5004 2631/4166/5005 2648/4163/5002
f 2631/4166/5005 2632/4167/5006 2648/4163/5002
f 2632/4167/5006 2633/4168/5007 2648/4163/5002
f 2633/4168/5007 2634/4169/5008 2648/4163/5002
f 2634/4169/5008 2635/4170/5009 2648/4163/5002
f 2635/4170/5009 2636/4171/5010 2648/4163/5002
f 2636/4171/5010 2637/4172/5011 2648/4163/5002
f 2637/4172/5011 2638/4173/5012 2648/4163/5002
f 2638/4173/5012 2639/4174/5013 2648/4163/5002
f 2639/4174/5013 2640/4175/5014 2648/4163/5002
f 2640/4175/5014 2641/4176/5015 2648/4163/5002
f 2641/4176/5015 2642/4177/5016 2648/4163/5002
f 2642/4177/5016 2643/4178/5017 2648/4163/5002
f 2643/4178/5017 2644/4179/5018 2648/4163/5002
f 2644/4179/5018 2645/4180/5019 2648/4163/5002
f 2645/4180/5019 2646/4181/5020 2648/4163/5002
f 2646/4181/5020 2627/4161/5000 2648/4163/5002
s off
f 2649/4182/5021 2650/4183/5022 2652/4184/5023 2651/4185/5024
f 2651/4185/5025 2652/4184/5026 2654/4186/5027 2653/4187/5028
f 2653/4187/5029 2654/4186/5030 2656/4188/5031 2655/4189/5032
f 2655/4189/5033 2656/4188/5034 2650/4190/5035 2649/4191/5036
f 2650/4183/5037 2656/4192/5038 2654/4193/5039 2652/4184/5040
f 2655/4194/5041 2649/4182/5042 2651/4185/5043 2653/4195/5044
f 2657/4196/5045 2658/4197/5046 2660/4198/5047 2659/4199/5048
f 2659/4199/5049 2660/4198/5050 2662/4200/5051 2661/4201/5052
f 2661/4201/5053 2662/4200/5054 2664/4202/5055 2663/4203/5056
f 2663/4203/5057 2664/4202/5058 2658/4204/5059 2657/4205/5060
f 2658/4197/5061 2664/4206/5062 2662/4207/5063 2660/4198/5064
f 2663/4208/5065 2657/4196/5066 2659/4199/5067 2661/4209/5068
f 2665/4210/5069 2666/4211/5070 2668/4212/5071 2667/4213/5072
f 2667/4213/5073 2668/4212/5074 2670/4214/5075 2669/4215/5076
f 2669/4215/5077 2670/4214/5078 2672/4216/5079 2671/4217/5080
f 2671/4217/5081 2672/4216/5082 2666/4218/5083 2665/4219/5084
f 2666/4211/5085 2672/4220/5086 2670/4221/5087 2668/4212/5088
f 2671/4222/5089 2665/4210/5090 2667/4213/5091 2669/4223/5092
f 2673/4224/5093 2674/4225/5094 2676/4226/5095 2675/4227/5096
f 2675/4227/5097 2676/4226/5098 2678/4228/5099 2677/4229/5100
f 2677/4229/5101 2678/4228/5102 2680/4230/5103 2679/4231/5104
f 2679/4231/5105 2680/4230/5106 2674/4232/5107 2673/4233/5108
f 2674/4225/5109 2680/4234/5110 2678/4235/5111 2676/4226/5112
f 2679/4236/5113 2673/4224/5114 2675/4227/5115 2677/4237/5116
f 2681/4238/5117 2682/4239/5118 2684/4240/5119 2683/4241/5120
f 2683/4241/5121 2684/4240/5122 2686/4242/5123 2685/4243/5124
f 2685/4243/5125 2686/4242/5126 2688/4244/5127 2687/4245/5128
f 2687/4245/5129 2688/4244/5130 2682/4246/5131 2681/4247/5132
f 2682/4239/5133 2688/4248/5134 2686/4249/5135 2684/4240/5136
f 2687/4250/5137 2681/4238/5138 2683/4241/5139 2685/4251/5140
s 196
f 2689/4252/5141 2690/4253/5142 2710/4254/5143 2709/4255/5144
f 2690/4253/5142 2691/4256/5145 2711/4257/5146 2710/4254/5143
f 2691/4256/5145 2692/4258/5147 2712/4259/5148 2711/4257/5146
f 2692/4258/5147 2693/4260/5149 2713/4261/5150 2712/4259/5148
f 2693/4260/5149 2694/4262/5151 2714/4263/5152 2713/4261/5150
f 2694/4262/5151 2695/4264/5153 2715/4265/5154 2714/4263/5152
f 2695/4264/5153 2696/4266/5155 2716/4267/5156 2715/4265/5154
f 2696/4266/5155 2697/4268/5157 2717/4269/5158 2716/4267/5156
f 2697/4268/5157 2698/4270/5159 2718/4271/5160 2717/4269/5158
f 2698/4270/5159 2699/4272/5161 2719/4273/5162 2718/4271/5160
f 2699/4272/5161 2700/4274/5163 2720/4275/5164 2719/4273/5162
f 2700/4274/5163 2701/4276/5165 2721/4277/5166 2720/4275/5164
f 2701/4276/5165 2702/4278/5167 2722/4279/5168 2721/4277/5166
f 2702/4278/5167 2703/4280/5169 2723/4281/5170 2722/4279/5168
f 2703/4280/5169 2704/4282/5171 2724/4283/5172 2723/4281/5170
f 2704/4282/5171 2705/4284/5173 2725/4285/5174 2724/4283/5172
f 2705/4284/5173 2706/4286/5175 2726/4287/5176 2725/4285/5174
f 2706/4286/5175 2707/4288/5177 2727/4289/5178 2726/4287/5176
f 2707/4288/5177 2708/4290/5179 2728/4291/5180 2727/4289/5178
f 2708/4290/5179 2689/4292/5141 2709/4293/5144 2728/4291/5180
s 197
f 2690/4294/5181 2689/4295/5182 2729/4296/5183
f 2691/4297/5184 2690/4294/5181 2729/4296/5183
f 2692/4298/5185 2691/4297/5184 2729/4296/5183
f 2693/4299/5186 2692/4298/5185 2729/4296/5183
f 2694/4300/5187 2693/4299/5186 2729/4296/5183
f 2695/4301/5188 2694/4300/5187 2729/4296/5183
f 2696/4302/5189 2695/4301/5188 2729/4296/5183
f 2697/4303/5190 2696/4302/5189 2729/4296/5183
f 2698/4304/5191 2697/4303/5190 2729/4296/5183
f 2699/4305/5192 2698/4304/5191 2729/4296/5183
f 2700/4306/5193 2699/4305/5192 2729/4296/5183
f 2701/4307/5194 2700/4306/5193 2729/4296/5183
f 2702/4308/5195 2701/4307/5194 2729/4296/5183
f 2703/4309/5196 2702/4308/5195 2729/4296/5183
f 2704/4310/5197 2703/4309/5196 2729/4296/5183
f 2705/4311/5198 2704/4310/5197 2729/4296/5183
f 2706/4312/5199 2705/4311/5198 2729/4296/5183
f 2707/4313/5200 2706/4312/5199 2729/4296/5183
f 2708/4314/5201 2707/4313/5200 2729/4296/5183
f 2689/4295/5182 2708/4314/5201 2729/4296/5183
s 198
f 2709/4315/5202 2710/4316/5203 2730/4317/5204
f 2710/4316/5203 2711/4318/5205 2730/4317/5204
f 2711/4318/5205 2712/4319/5206 2730/4317/5204
f 2712/4319/5206 2713/4320/5207 2730/4317/5204
f 2713/4320/5207 2714/4321/5208 2730/4317/5204
f 2714/4321/5208 2715/4322/5209 2730/4317/5204
f 2715/4322/5209 2716/4323/5210 2730/4317/5204
f 2716/4323/5210 2717/4324/5211 2730/4317/5204
f 2717/4324/5211 2718/4325/5212 2730/4317/5204
f 2718/4325/5212 2719/4326/5213 2730/4317/5204
f 2719/4326/5213 2720/4327/5214 2730/4317/5204
f 2720/4327/5214 2721/4328/5215 2730/4317/5204
f 2721/4328/5215 2722/4329/5216 2730/4317/5204
f 2722/4329/5216 2723/4330/5217 2730/4317/5204
f 2723/4330/5217 2724/4331/5218 2730/4317/5204
f 2724/4331/5218 2725/4332/5219 2730/4317/5204
f 2725/4332/5219 2726/4333/5220 2730/4317/5204
f 2726/4333/5220 2727/4334/5221 2730/4317/5204
f 2727/4334/5221 2728/4335/5222 2730/4317/5204
f 2728/4335/5222 2709/4315/5202 2730/4317/5204
s 199
f 2731/4336/5223 2732/4337/5224 2752/4338/5225 2751/4339/5226
f 2732/4337/5224 2733/4340/5227 2753/4341/5228 2752/4338/5225
f 2733/4340/5227 2734/4342/5229 2754/4343/5230 2753/4341/5228
f 2734/4342/5229 2735/4344/5231 2755/4345/5232 2754/4343/5230
f 2735/4344/5231 2736/4346/5233 2756/4347/5234 2755/4345/5232
f 2736/4346/5233 2737/4348/5235 2757/4349/5236 2756/4347/5234
f 2737/4348/5235 2738/4350/5237 2758/4351/5238 2757/4349/5236
f 2738/4350/5237 2739/4352/5239 2759/4353/5240 2758/4351/5238
f 2739/4352/5239 2740/4354/5241 2760/4355/5242 2759/4353/5240
f 2740/4354/5241 2741/4356/5243 2761/4357/5244 2760/4355/5242
f 2741/4356/5243 2742/4358/5245 2762/4359/5246 2761/4357/5244
f 2742/4358/5245 2743/4360/5247 2763/4361/5248 2762/4359/5246
f 2743/4360/5247 2744/4362/5249 2764/4363/5250 2763/4361/5248
f 2744/4362/5249 2745/4364/5251 2765/4365/5252 2764/4363/5250
f 2745/4364/5251 2746/4366/5253 2766/4367/5254 2765/4365/5252
f 2746/4366/5253 2747/4368/5255 2767/4369/5256 2766/4367/5254
f 2747/4368/5255 2748/4370/5257 2768/4371/5258 2767/4369/5256
f 2748/4370/5257 2749/4372/5259 2769/4373/5260 2768/4371/5258
f 2749/4372/5259 2750/4374/5261 2770/4375/5262 2769/4373/5260
f 2750/4374/5261 2731/4376/5223 2751/4377/5226 2770/4375/5262
s 200
f 2732/4378/5263 2731/4379/5264 2771/4380/5265
f 2733/4381/5266 2732/4378/5263 2771/4380/5265
f 2734/4382/5267 2733/4381/5266 2771/4380/5265
f 2735/4383/5268 2734/4382/5267 2771/4380/5265
f 2736/4384/5269 2735/4383/5268 2771/4380/5265
f 2737/4385/5270 2736/4384/5269 2771/4380/5265
f 2738/4386/5271 2737/4385/5270 2771/4380/5265
f 2739/4387/5272 2738/4386/5271 2771/4380/5265
f 2740/4388/5273 2739/4387/5272 2771/4380/5265
f 2741/4389/5274 2740/4388/5273 2771/4380/5265
f 2742/4390/5275 2741/4389/5274 2771/4380/5265
f 2743/4391/5276 2742/4390/5275 2771/4380/5265
f 2744/4392/5277 2743/4391/5276 2771/4380/5265
f 2745/4393/5278 2744/4392/5277 2771/4380/5265
f 2746/4394/5279 2745/4393/5278 2771/4380/5265
f 2747/4395/5280 2746/4394/5279 2771/4380/5265
f 2748/4396/5281 2747/4395/5280 2771/4380/5265
f 2749/4397/5282 2748/4396/5281 2771/4380/5265
f 2750/4398/5283 2749/4397/5282 2771/4380/5265
f 2731/4379/5264 2750/4398/5283 2771/4380/5265
s 201
f 2751/4399/5284 2752/4400/5285 2772/4401/5286
f 2752/4400/5285 2753/4402/5287 2772/4401/5286
f 2753/4402/5287 2754/4403/5288 2772/4401/5286
f 2754/4403/5288 2755/4404/5289 2772/4401/5286
f 2755/4404/5289 2756/4405/5290 2772/4401/5286
f 2756/4405/5290 2757/4406/5291 2772/4401/5286
f 2757/4406/5291 2758/4407/5292 2772/4401/5286
f 2758/4407/5292 2759/4408/5293 2772/4401/5286
f 2759/4408/5293 2760/4409/5294 2772/4401/5286
f 2760/4409/5294 2761/4410/5295 2772/4401/5286
f 2761/4410/5295 2762/4411/5296 2772/4401/5286
f 2762/4411/5296 2763/4412/5297 2772/4401/5286
f 2763/4412/5297 2764/4413/5298 2772/4401/5286
f 2764/4413/5298 2765/4414/5299 2772/4401/5286
f 2765/4414/5299 2766/4415/5300 2772/4401/5286
f 2766/4415/5300 2767/4416/5301 2772/4401/5286
f 2767/4416/5301 2768/4417/5302 2772/4401/5286
f 2768/4417/5302 2769/4418/5303 2772/4401/5286
f 2769/4418/5303 2770/4419/5304 2772/4401/5286
f 2770/4419/5304 2751/4399/5284 2772/4401/5286
s 202
f 2773/4420/5305 2774/4421/5306 2794/4422/5307 2793/4423/5308
f 2774/4421/5306 2775/4424/5309 2795/4425/5310 2794/4422/5307
f 2775/4424/5309 2776/4426/5311 2796/4427/5312 2795/4425/5310
f 2776/4426/5311 2777/4428/5313 2797/4429/5314 2796/4427/5312
f 2777/4428/5313 2778/4430/5315 2798/4431/5316 2797/4429/5314
f 2778/4430/5315 2779/4432/5317 2799/4433/5318 2798/4431/5316
f 2779/4432/5317 2780/4434/5319 2800/4435/5320 2799/4433/5318
f 2780/4434/5319 2781/4436/5321 2801/4437/5322 2800/4435/5320
f 2781/4436/5321 2782/4438/5323 2802/4439/5324 2801/4437/5322
f 2782/4438/5323 2783/4440/5325 2803/4441/5326 2802/4439/5324
f 2783/4440/5325 2784/4442/5327 2804/4443/5328 2803/4441/5326
f 2784/4442/5327 2785/4444/5329 2805/4445/5330 2804/4443/5328
f 2785/4444/5329 2786/4446/5331 2806/4447/5332 2805/4445/5330
f 2786/4446/5331 2787/4448/5333 2807/4449/5334 2806/4447/5332
f 2787/4448/5333 2788/4450/5335 2808/4451/5336 2807/4449/5334
f 2788/4450/5335 2789/4452/5337 2809/4453/5338 2808/4451/5336
f 2789/4452/5337 2790/4454/5339 2810/4455/5340 2809/4453/5338
f 2790/4454/5339 2791/4456/5341 2811/4457/5342 2810/4455/5340
f 2791/4456/5341 2792/4458/5343 2812/4459/5344 2811/4457/5342
f 2792/4458/5343 2773/4460/5305 2793/4461/5308 2812/4459/5344
s 203
f 2774/4462/5345 2773/4463/5346 2813/4464/5347
f 2775/4465/5348 2774/4462/5345 2813/4464/5347
f 2776/4466/5349 2775/4465/5348 2813/4464/5347
f 2777/4467/5350 2776/4466/5349 2813/4464/5347
f 2778/4468/5351 2777/4467/5350 2813/4464/5347
f 2779/4469/5352 2778/4468/5351 2813/4464/5347
f 2780/4470/5353 2779/4469/5352 2813/4464/5347
f 2781/4471/5354 2780/4470/5353 2813/4464/5347
f 2782/4472/5355 2781/4471/5354 2813/4464/5347
f 2783/4473/5356 2782/4472/5355 2813/4464/5347
f 2784/4474/5357 2783/4473/5356 2813/4464/5347
f 2785/4475/5358 2784/4474/5357 2813/4464/5347
f 2786/4476/5359 2785/4475/5358 2813/4464/5347
f 2787/4477/5360 2786/4476/5359 2813/4464/5347
f 2788/4478/5361 2787/4477/5360 2813/4464/5347
f 2789/4479/5362 2788/4478/5361 2813/4464/5347
f 2790/4480/5363 2789/4479/5362 2813/4464/5347
f 2791/4481/5364 2790/4480/5363 2813/4464/5347
f 2792/4482/5365 2791/4481/5364 2813/4464/5347
f 2773/4463/5346 2792/4482/5365 2813/4464/5347
s 204
f 2793/4483/5366 2794/4484/5367 2814/4485/5368
f 2794/4484/5367 2795/4486/5369 2814/4485/5368
f 2795/4486/5369 2796/4487/5370 2814/4485/5368
f 2796/4487/5370 2797/4488/5371 2814/4485/5368
f 2797/4488/5371 2798/4489/5372 2814/4485/5368
f 2798/4489/5372 2799/4490/5373 2814/4485/5368
f 2799/4490/5373 2800/4491/5374 2814/4485/5368
f 2800/4491/5374 2801/4492/5375 2814/4485/5368
f 2801/4492/5375 2802/4493/5376 2814/4485/5368
f 2802/4493/5376 2803/4494/5377 2814/4485/5368
f 2803/4494/5377 2804/4495/5378 2814/4485/5368
f 2804/4495/5378 2805/4496/5379 2814/4485/5368
f 2805/4496/5379 2806/4497/5380 2814/4485/5368
f 2806/4497/5380 2807/4498/5381 2814/4485/5368
f 2807/4498/5381 2808/4499/5382 2814/4485/5368
f 2808/4499/5382 2809/4500/5383 2814/4485/5368
f 2809/4500/5383 2810/4501/5384 2814/4485/5368
f 2810/4501/5384 2811/4502/5385 2814/4485/5368
f 2811/4502/5385 2812/4503/5386 2814/4485/5368
f 2812/4503/5386 2793/4483/5366 2814/4485/5368
s 205
f 2815/4504/5387 2816/4505/5388 2836/4506/5389 2835/4507/5390
f 2816/4505/5388 2817/4508/5391 2837/4509/5392 2836/4506/5389
f 2817/4508/5391 2818/4510/5393 2838/4511/5394 2837/4509/5392
f 2818/4510/5393 2819/4512/5395 2839/4513/5396 2838/4511/5394
f 2819/4512/5395 2820/4514/5397 2840/4515/5398 2839/4513/5396
f 2820/4514/5397 2821/4516/5399 2841/4517/5400 2840/4515/5398
f 2821/4516/5399 2822/4518/5401 2842/4519/5402 2841/4517/5400
f 2822/4518/5401 2823/4520/5403 2843/4521/5404 2842/4519/5402
f 2823/4520/5403 2824/4522/5405 2844/4523/5406 2843/4521/5404
f 2824/4522/5405 2825/4524/5407 2845/4525/5408 2844/4523/5406
f 2825/4524/5407 2826/4526/5409 2846/4527/5410 2845/4525/5408
f 2826/4526/5409 2827/4528/5411 2847/4529/5412 2846/4527/5410
f 2827/4528/5411 2828/4530/5413 2848/4531/5414 2847/4529/5412
f 2828/4530/5413 2829/4532/5415 2849/4533/5416 2848/4531/5414
f 2829/4532/5415 2830/4534/5417 2850/4535/5418 2849/4533/5416
f 2830/4534/5417 2831/4536/5419 2851/4537/5420 2850/4535/5418
f 2831/4536/5419 2832/4538/5421 2852/4539/5422 2851/4537/5420
f 2832/4538/5421 2833/4540/5423 2853/4541/5424 2852/4539/5422
f 2833/4540/5423 2834/4542/5425 2854/4543/5426 2853/4541/5424
f 2834/4542/5425 2815/4544/5387 2835/4545/5390 2854/4543/5426
s 206
f 2816/4546/5427 2815/4547/5428 2855/4548/5429
f 2817/4549/5430 2816/4546/5427 2855/4548/5429
f 2818/4550/5431 2817/4549/5430 2855/4548/5429
f 2819/4551/5432 2818/4550/5431 2855/4548/5429
f 2820/4552/5433 2819/4551/5432 2855/4548/5429
f 2821/4553/5434 2820/4552/5433 2855/4548/5429
f 2822/4554/5435 2821/4553/5434 2855/4548/5429
f 2823/4555/5436 2822/4554/5435 2855/4548/5429
f 2824/4556/5437 2823/4555/5436 2855/4548/5429
f 2825/4557/5438 2824/4556/5437 2855/4548/5429
f 2826/4558/5439 2825/4557/5438 2855/4548/5429
f 2827/4559/5440 2826/4558/5439 2855/4548/5429
f 2828/4560/5441 2827/4559/5440 2855/4548/5429
f 2829/4561/5442 2828/4560/5441 2855/4548/5429
f 2830/4562/5443 2829/4561/5442 2855/4548/5429
f 2831/4563/5444 2830/4562/5443 2855/4548/5429
f 2832/4564/5445 2831/4563/5444 2855/4548/5429
f 2833/4565/5446 2832/4564/5445 2855/4548/5429
f 2834/4566/5447 2833/4565/5446 2855/4548/5429
f 2815/4547/5428 2834/4566/5447 2855/4548/5429
s 207
f 2835/4567/5448 2836/4568/5449 2856/4569/5450
f 2836/4568/5449 2837/4570/5451 2856/4569/5450
f 2837/4570/5451 2838/4571/5452 2856/4569/5450
f 2838/4571/5452 2839/4572/5453 2856/4569/5450
f 2839/4572/5453 2840/4573/5454 2856/4569/5450
f 2840/4573/5454 2841/4574/5455 2856/4569/5450
f 2841/4574/5455 2842/4575/5456 2856/4569/5450
f 2842/4575/5456 2843/4576/5457 2856/4569/5450
f 2843/4576/5457 2844/4577/5458 2856/4569/5450
f 2844/4577/5458 2845/4578/5459 2856/4569/5450
f 2845/4578/5459 2846/4579/5460 2856/4569/5450
f 2846/4579/5460 2847/4580/5461 2856/4569/5450
f 2847/4580/5461 2848/4581/5462 2856/4569/5450
f 2848/4581/5462 2849/4582/5463 2856/4569/5450
f 2849/4582/5463 2850/4583/5464 2856/4569/5450
f 2850/4583/5464 2851/4584/5465 2856/4569/5450
f 2851/4584/5465 2852/4585/5466 2856/4569/5450
f 2852/4585/5466 2853/4586/5467 2856/4569/5450
f 2853/4586/5467 2854/4587/5468 2856/4569/5450
f 2854/4587/5468 2835/4567/5448 2856/4569/5450
s 208
f 2857/4588/5469 2858/4589/5470 2878/4590/5471 2877/4591/5472
f 2858/4589/5470 2859/4592/5473 2879/4593/5474 2878/4590/5471
f 2859/4592/5473 2860/4594/5475 2880/4595/5476 2879/4593/5474
f 2860/4594/5475 2861/4596/5477 2881/4597/5478 2880/4595/5476
f 2861/4596/5477 2862/4598/5479 2882/4599/5480 2881/4597/5478
f 2862/4598/5479 2863/4600/5481 2883/4601/5482 2882/4599/5480
f 2863/4600/5481 2864/4602/5483 2884/4603/5484 2883/4601/5482
f 2864/4602/5483 2865/4604/5485 2885/4605/5486 2884/4603/5484
f 2865/4604/5485 2866/4606/5487 2886/4607/5488 2885/4605/5486
f 2866/4606/5487 2867/4608/5489 2887/4609/5490 2886/4607/5488
f 2867/4608/5489 2868/4610/5491 2888/4611/5492 2887/4609/5490
f 2868/4610/5491 2869/4612/5493 2889/4613/5494 2888/4611/5492
f 2869/4612/5493 2870/4614/5495 2890/4615/5496 2889/4613/5494
f 2870/4614/5495 2871/4616/5497 2891/4617/5498 2890/4615/5496
f 2871/4616/5497 2872/4618/5499 2892/4619/5500 2891/4617/5498
f 2872/4618/5499 2873/4620/5501 2893/4621/5502 2892/4619/5500
f 2873/4620/5501 2874/4622/5503 2894/4623/5504 2893/4621/5502
f 2874/4622/5503 2875/4624/5505 2895/4625/5506 2894/4623/5504
f 2875/4624/5505 2876/4626/5507 2896/4627/5508 2895/4625/5506
f 2876/4626/5507 2857/4628/5469 2877/4629/5472 2896/4627/5508
s 209
f 2858/4630/5509 2857/4631/5510 2897/4632/5511
f 2859/4633/5512 2858/4630/5509 2897/4632/5511
f 2860/4634/5513 2859/4633/5512 2897/4632/5511
f 2861/4635/5514 2860/4634/5513 2897/4632/5511
f 2862/4636/5515 2861/4635/5514 2897/4632/5511
f 2863/4637/5516 2862/4636/5515 2897/4632/5511
f 2864/4638/5517 2863/4637/5516 2897/4632/5511
f 2865/4639/5518 2864/4638/5517 2897/4632/5511
f 2866/4640/5519 2865/4639/5518 2897/4632/5511
f 2867/4641/5520 2866/4640/5519 2897/4632/5511
f 2868/4642/5521 2867/4641/5520 2897/4632/5511
f 2869/4643/5522 2868/4642/5521 2897/4632/5511
f 2870/4644/5523 2869/4643/5522 2897/4632/5511
f 2871/4645/5524 2870/4644/5523 2897/4632/5511
f 2872/4646/5525 2871/4645/5524 2897/4632/5511
f 2873/4647/5526 2872/4646/5525 2897/4632/5511
f 2874/4648/5527 2873/4647/5526 2897/4632/5511
f 2875/4649/5528 2874/4648/5527 2897/4632/5511
f 2876/4650/5529 2875/4649/5528 2897/4632/5511
f 2857/4631/5510 2876/4650/5529 2897/4632/5511
s 210
f 2877/4651/5530 2878/4652/5531 2898/4653/5532
f 2878/4652/5531 2879/4654/5533 2898/4653/5532
f 2879/4654/5533 2880/4655/5534 2898/4653/5532
f 2880/4655/5534 2881/4656/5535 2898/4653/5532
f 2881/4656/5535 2882/4657/5536 2898/4653/5532
f 2882/4657/5536 2883/4658/5537 2898/4653/5532
f 2883/4658/5537 2884/4659/5538 2898/4653/5532
f 2884/4659/5538 2885/4660/5539 2898/4653/5532
f 2885/4660/5539 2886/4661/5540 2898/4653/5532
f 2886/4661/5540 2887/4662/5541 2898/4653/5532
f 2887/4662/5541 2888/4663/5542 2898/4653/5532
f 2888/4663/5542 2889/4664/5543 2898/4653/5532
f 2889/4664/5543 2890/4665/5544 2898/4653/5532
f 2890/4665/5544 2891/4666/5545 2898/4653/5532
f 2891/4666/5545 2892/4667/5546 2898/4653/5532
f 2892/4667/5546 2893/4668/5547 2898/4653/5532
f 2893/4668/5547 2894/4669/5548 2898/4653/5532
f 2894/4669/5548 2895/4670/5549 2898/4653/5532
f 2895/4670/5549 2896/4671/5550 2898/4653/5532
f 2896/4671/5550 2877/4651/5530 2898/4653/5532
s 211
f 2899/4672/5551 2900/4673/5552 2920/4674/5553 2919/4675/5554
f 2900/4673/5552 2901/4676/5555 2921/4677/5556 2920/4674/5553
f 2901/4676/5555 2902/4678/5557 2922/4679/5558 2921/4677/5556
f 2902/4678/5557 2903/4680/5559 2923/4681/5560 2922/4679/5558
f 2903/4680/5559 2904/4682/5561 2924/4683/5562 2923/4681/5560
f 2904/4682/5561 2905/4684/5563 2925/4685/5564 2924/4683/5562
f 2905/4684/5563 2906/4686/5565 2926/4687/5566 2925/4685/5564
f 2906/4686/5565 2907/4688/5567 2927/4689/5568 2926/4687/5566
f 2907/4688/5567 2908/4690/5569 2928/4691/5570 2927/4689/5568
f 2908/4690/5569 2909/4692/5571 2929/4693/5572 2928/4691/5570
f 2909/4692/5571 2910/4694/5573 2930/4695/5574 2929/4693/5572
f 2910/4694/5573 2911/4696/5575 2931/4697/5576 2930/4695/5574
f 2911/4696/5575 2912/4698/5577 2932/4699/5578 2931/4697/5576
f 2912/4698/5577 2913/4700/5579 2933/4701/5580 2932/4699/5578
f 2913/4700/5579 2914/4702/5581 2934/4703/5582 2933/4701/5580
f 2914/4702/5581 2915/4704/5583 2935/4705/5584 2934/4703/5582
f 2915/4704/5583 2916/4706/5585 2936/4707/5586 2935/4705/5584
f 2916/4706/5585 2917/4708/5587 2937/4709/5588 2936/4707/5586
f 2917/4708/5587 2918/4710/5589 2938/4711/5590 2937/4709/5588
f 2918/4710/5589 2899/4712/5551 2919/4713/5554 2938/4711/5590
s 212
f 2900/4714/5591 2899/4715/5592 2939/4716/5593
f 2901/4717/5594 2900/4714/5591 2939/4716/5593
f 2902/4718/5595 2901/4717/5594 2939/4716/5593
f 2903/4719/5596 2902/4718/5595 2939/4716/5593
f 2904/4720/5597 2903/4719/5596 2939/4716/5593
f 2905/4721/5598 2904/4720/5597 2939/4716/5593
f 2906/4722/5599 2905/4721/5598 2939/4716/5593
f 2907/4723/5600 2906/4722/5599 2939/4716/5593
f 2908/4724/5601 2907/4723/5600 2939/4716/5593
f 2909/4725/5602 2908/4724/5601 2939/4716/5593
f 2910/4726/5603 2909/4725/5602 2939/4716/5593
f 2911/4727/5604 2910/4726/5603 2939/4716/5593
f 2912/4728/5605 2911/4727/5604 2939/4716/5593
f 2913/4729/5606 2912/4728/5605 2939/4716/5593
f 2914/4730/5607 2913/4729/5606 2939/4716/5593
f 2915/4731/5608 2914/4730/5607 2939/4716/5593
f 2916/4732/5609 2915/4731/5608 2939/4716/5593
f 2917/4733/5610 2916/4732/5609 2939/4716/5593
f 2918/4734/5611 2917/4733/5610 2939/4716/5593
f 2899/4715/5592 2918/4734/5611 2939/4716/5593
s 213
f 2919/4735/5612 2920/4736/5613 2940/4737/5614
f 2920/4736/5613 2921/4738/5615 2940/4737/5614
f 2921/4738/5615 2922/4739/5616 2940/4737/5614
f 2922/4739/5616 2923/4740/5617 2940/4737/5614
f 2923/4740/5617 2924/4741/5618 2940/4737/5614
f 2924/4741/5618 2925/4742/5619 2940/4737/5614
f 2925/4742/5619 2926/4743/5620 2940/4737/5614
f 2926/4743/5620 2927/4744/5621 2940/4737/5614
f 2927/4744/5621 2928/4745/5622 2940/4737/5614
f 2928/4745/5622 2929/4746/5623 2940/4737/5614
f 2929/4746/5623 2930/4747/5624 2940/4737/5614
f 2930/4747/5624 2931/4748/5625 2940/4737/5614
f 2931/4748/5625 2932/4749/5626 2940/4737/5614
f 2932/4749/5626 2933/4750/5627 2940/4737/5614
f 2933/4750/5627 2934/4751/5628 2940/4737/5614
f 2934/4751/5628 2935/4752/5629 2940/4737/5614
f 2935/4752/5629 2936/4753/5630 2940/4737/5614
f 2936/4753/5630 2937/4754/5631 2940/4737/5614
f 2937/4754/5631 2938/4755/5632 2940/4737/5614
f 2938/4755/5632 2919/4735/5612 2940/4737/5614
s off
f 2941/4756/5633 2942/4757/5634 2944/4758/5635 2943/4759/5636
f 2943/4759/5637 2944/4758/5638 2946/4760/5639 2945/4761/5640
f 2945/4761/5641 2946/4760/5642 2948/4762/5643 2947/4763/5644
f 2947/4763/5645 2948/4762/5646 2942/4764/5647 2941/4765/5648
f 2942/4757/5649 2948/4766/5650 2946/4767/5651 2944/4758/5652
f 2947/4768/5653 2941/4756/5654 2943/4759/5655 2945/4769/5656
f 2949/4770/5657 2950/4771/5658 2952/4772/5659 2951/4773/5660
f 2951/4773/5661 2952/4772/5662 2954/4774/5663 2953/4775/5664
f 2953/4775/5665 2954/4774/5666 2956/4776/5667 2955/4777/5668
f 2955/4777/5669 2956/4776/5670 2950/4778/5671 2949/4779/5672
f 2950/4771/5673 2956/4780/5674 2954/4781/5675 2952/4772/5676
f 2955/4782/5677 2949/4770/5678 2951/4773/5679 2953/4783/5680
f 2957/4784/5681 2958/4785/5682 2960/4786/5683 2959/4787/5684
f 2959/4787/5685 2960/4786/5686 2962/4788/5687 2961/4789/5688
f 2961/4789/5689 2962/4788/5690 2964/4790/5691 2963/4791/5692
f 2963/4791/5693 2964/4790/5694 2958/4792/5695 2957/4793/5696
f 2958/4785/5697 2964/4794/5698 2962/4795/5699 2960/4786/5700
f 2963/4796/5701 2957/4784/5702 2959/4787/5703 2961/4797/5704
f 2965/4798/5705 2966/4799/5706 2968/4800/5707 2967/4801/5708
f 2967/4801/5709 2968/4800/5710 2970/4802/5711 2969/4803/5712
f 2969/4803/5713 2970/4802/5714 2972/4804/5715 2971/4805/5716
f 2971/4805/5717 2972/4804/5718 2966/4806/5719 2965/4807/5720
f 2966/4799/5721 2972/4808/5722 2970/4809/5723 2968/4800/5724
f 2971/4810/5725 2965/4798/5726 2967/4801/5727 2969/4811/5728
s 214
f 2973/4812/5729 2974/4813/5730 2994/4814/5731 2993/4815/5732
f 2974/4813/5730 2975/4816/5733 2995/4817/5734 2994/4814/5731
f 2975/4816/5733 2976/4818/5735 2996/4819/5736 2995/4817/5734
f 2976/4818/5735 2977/4820/5737 2997/4821/5738 2996/4819/5736
f 2977/4820/5737 2978/4822/5739 2998/4823/5740 2997/4821/5738
f 2978/4822/5739 2979/4824/5741 2999/4825/5742 2998/4823/5740
f 2979/4824/5741 2980/4826/5743 3000/4827/5744 2999/4825/5742
f 2980/4826/5743 2981/4828/5745 3001/4829/5746 3000/4827/5744
f 2981/4828/5745 2982/4830/5747 3002/4831/5748 3001/4829/5746
f 2982/4830/5747 2983/4832/5749 3003/4833/5750 3002/4831/5748
f 2983/4832/5749 2984/4834/5751 3004/4835/5752 3003/4833/5750
f 2984/4834/5751 2985/4836/5753 3005/4837/5754 3004/4835/5752
f 2985/4836/5753 2986/4838/5755 3006/4839/5756 3005/4837/5754
f 2986/4838/5755 2987/4840/5757 3007/4841/5758 3006/4839/5756
f 2987/4840/5757 2988/4842/5759 3008/4843/5760 3007/4841/5758
f 2988/4842/5759 2989/4844/5761 3009/4845/5762 3008/4843/5760
f 2989/4844/5761 2990/4846/5763 3010/4847/5764 3009/4845/5762
f 2990/4846/5763 2991/4848/5765 3011/4849/5766 3010/4847/5764
f 2991/4848/5765 2992/4850/5767 3012/4851/5768 3011/4849/5766
f 2992/4850/5767 2973/4852/5729 2993/4853/5732 3012/4851/5768
s 215
f 2974/4854/5769 2973/4855/5770 3013/4856/5771
f 2975/4857/5772 2974/4854/5769 3013/4856/5771
f 2976/4858/5773 2975/4857/5772 3013/4856/5771
f 2977/4859/5774 2976/4858/5773 3013/4856/5771
f 2978/4860/5775 2977/4859/5774 3013/4856/5771
f 2979/4861/5776 2978/4860/5775 3013/4856/5771
f 2980/4862/5777 2979/4861/5776 3013/4856/5771
f 2981/4863/5778 2980/4862/5777 3013/4856/5771
f 2982/4864/5779 2981/4863/5778 3013/4856/5771
f 2983/4865/5780 2982/4864/5779 3013/4856/5771
f 2984/4866/5781 2983/4865/5780 3013/4856/5771
f 2985/4867/5782 2984/4866/5781 3013/4856/5771
f 2986/4868/5783 2985/4867/5782 3013/4856/5771
f 2987/4869/5784 2986/4868/5783 3013/4856/5771
f 2988/4870/5785 2987/4869/5784 3013/4856/5771
f 2989/4871/5786 2988/4870/5785 3013/4856/5771
f 2990/4872/5787 2989/4871/5786 3013/4856/5771
f 2991/4873/5788 2990/4872/5787 3013/4856/5771
f 2992/4874/5789 2991/4873/5788 3013/4856/5771
f 2973/4855/5770 2992/4874/5789 3013/4856/5771
s 216
f 2993/4875/5790 2994/4876/5791 3014/4877/5792
f 2994/4876/5791 2995/4878/5793 3014/4877/5792
f 2995/4878/5793 2996/4879/5794 3014/4877/5792
f 2996/4879/5794 2997/4880/5795 3014/4877/5792
f 2997/4880/5795 2998/4881/5796 3014/4877/5792
f 2998/4881/5796 2999/4882/5797 3014/4877/5792
f 2999/4882/5797 3000/4883/5798 3014/4877/5792
f 3000/4883/5798 3001/4884/5799 3014/4877/5792
f 3001/4884/5799 3002/4885/5800 3014/4877/5792
f 3002/4885/5800 3003/4886/5801 3014/4877/5792
f 3003/4886/5801 3004/4887/5802 3014/4877/5792
f 3004/4887/5802 3005/4888/5803 3014/4877/5792
f 3005/4888/5803 3006/4889/5804 3014/4877/5792
f 3006/4889/5804 3007/4890/5805 3014/4877/5792
f 3007/4890/5805 3008/4891/5806 3014/4877/5792
f 3008/4891/5806 3009/4892/5807 3014/4877/5792
f 3009/4892/5807 3010/4893/5808 3014/4877/5792
f 3010/4893/5808 3011/4894/5809 3014/4877/5792
f 3011/4894/5809 3012/4895/5810 3014/4877/5792
f 3012/4895/5810 2993/4875/5790 3014/4877/5792
s 217
f 3015/4896/5811 3016/4897/5812 3036/4898/5813 3035/4899/5814
f 3016/4897/5812 3017/4900/5815 3037/4901/5816 3036/4898/5813
f 3017/4900/5815 3018/4902/5817 3038/4903/5818 3037/4901/5816
f 3018/4902/5817 3019/4904/5819 3039/4905/5820 3038/4903/5818
f 3019/4904/5819 3020/4906/5821 3040/4907/5822 3039/4905/5820
f 3020/4906/5821 3021/4908/5823 3041/4909/5824 3040/4907/5822
f 3021/4908/5823 3022/4910/5825 3042/4911/5826 3041/4909/5824
f 3022/4910/5825 3023/4912/5827 3043/4913/5828 3042/4911/5826
f 3023/4912/5827 3024/4914/5829 3044/4915/5830 3043/4913/5828
f 3024/4914/5829 3025/4916/5831 3045/4917/5832 3044/4915/5830
f 3025/4916/5831 3026/4918/5833 3046/4919/5834 3045/4917/5832
f 3026/4918/5833 3027/4920/5835 3047/4921/5836 3046/4919/5834
f 3027/4920/5835 3028/4922/5837 3048/4923/5838 3047/4921/5836
f 3028/4922/5837 3029/4924/5839 3049/4925/5840 3048/4923/5838
f 3029/4924/5839 3030/4926/5841 3050/4927/5842 3049/4925/5840
f 3030/4926/5841 3031/4928/5843 3051/4929/5844 3050/4927/5842
f 3031/4928/5843 3032/4930/5845 3052/4931/5846 3051/4929/5844
f 3032/4930/5845 3033/4932/5847 3053/4933/5848 3052/4931/5846
f 3033/4932/5847 3034/4934/5849 3054/4935/5850 3053/4933/5848
f 3034/4934/5849 3015/4936/5811 3035/4937/5814 3054/4935/5850
s 218
f 3016/4938/5851 3015/4939/5852 3055/4940/5853
f 3017/4941/5854 3016/4938/5851 3055/4940/5853
f 3018/4942/5855 3017/4941/5854 3055/4940/5853
f 3019/4943/5856 3018/4942/5855 3055/4940/5853
f 3020/4944/5857 3019/4943/5856 3055/4940/5853
f 3021/4945/5858 3020/4944/5857 3055/4940/5853
f 3022/4946/5859 3021/4945/5858 3055/4940/5853
f 3023/4947/5860 3022/4946/5859 3055/4940/5853
f 3024/4948/5861 3023/4947/5860 3055/4940/5853
f 3025/4949/5862 3024/4948/5861 3055/4940/5853
f 3026/4950/5863 3025/4949/5862 3055/4940/5853
f 3027/4951/5864 3026/4950/5863 3055/4940/5853
f 3028/4952/5865 3027/4951/5864 3055/4940/5853
f 3029/4953/5866 3028/4952/5865 3055/4940/5853
f 3030/4954/5867 3029/4953/5866 3055/4940/5853
f 3031/4955/5868 3030/4954/5867 3055/4940/5853
f 3032/4956/5869 3031/4955/5868 3055/4940/5853
f 3033/4957/5870 3032/4956/5869 3055/4940/5853
f 3034/4958/5871 3033/4957/5870 3055/4940/5853
f 3015/4939/5852 3034/4958/5871 3055/4940/5853
s 219
f 3035/4959/5872 3036/4960/5873 3056/4961/5874
f 3036/4960/5873 3037/4962/5875 3056/4961/5874
f 3037/4962/5875 3038/4963/5876 3056/4961/5874
f 3038/4963/5876 3039/4964/5877 3056/4961/5874
f 3039/4964/5877 3040/4965/5878 3056/4961/5874
f 3040/4965/5878 3041/4966/5879 3056/4961/5874
f 3041/4966/5879 3042/4967/5880 3056/4961/5874
f 3042/4967/5880 3043/4968/5881 3056/4961/5874
f 3043/4968/5881 3044/4969/5882 3056/4961/5874
f 3044/4969/5882 3045/4970/5883 3056/4961/5874
f 3045/4970/5883 3046/4971/5884 3056/4961/5874
f 3046/4971/5884 3047/4972/5885 3056/4961/5874
f 3047/4972/5885 3048/4973/5886 3056/4961/5874
f 3048/4973/5886 3049/4974/5887 3056/4961/5874
f 3049/4974/5887 3050/4975/5888 3056/4961/5874
f 3050/4975/5888 3051/4976/5889 3056/4961/5874
f 3051/4976/5889 3052/4977/5890 3056/4961/5874
f 3052/4977/5890 3053/4978/5891 3056/4961/5874
f 3053/4978/5891 3054/4979/5892 3056/4961/5874
f 3054/4979/5892 3035/4959/5872 3056/4961/5874
s 220
f 3057/4980/5893 3058/4981/5894 3078/4982/5895 3077/4983/5896
f 3058/4981/5894 3059/4984/5897 3079/4985/5898 3078/4982/5895
f 3059/4984/5897 3060/4986/5899 3080/4987/5900 3079/4985/5898
f 3060/4986/5899 3061/4988/5901 3081/4989/5902 3080/4987/5900
f 3061/4988/5901 3062/4990/5903 3082/4991/5904 3081/4989/5902
f 3062/4990/5903 3063/4992/5905 3083/4993/5906 3082/4991/5904
f 3063/4992/5905 3064/4994/5907 3084/4995/5908 3083/4993/5906
f 3064/4994/5907 3065/4996/5909 3085/4997/5910 3084/4995/5908
f 3065/4996/5909 3066/4998/5911 3086/4999/5912 3085/4997/5910
f 3066/4998/5911 3067/5000/5913 3087/5001/5914 3086/4999/5912
f 3067/5000/5913 3068/5002/5915 3088/5003/5916 3087/5001/5914
f 3068/5002/5915 3069/5004/5917 3089/5005/5918 3088/5003/5916
f 3069/5004/5917 3070/5006/5919 3090/5007/5920 3089/5005/5918
f 3070/5006/5919 3071/5008/5921 3091/5009/5922 3090/5007/5920
f 3071/5008/5921 3072/5010/5923 3092/5011/5924 3091/5009/5922
f 3072/5010/5923 3073/5012/5925 3093/5013/5926 3092/5011/5924
f 3073/5012/5925 3074/5014/5927 3094/5015/5928 3093/5013/5926
f 3074/5014/5927 3075/5016/5929 3095/5017/5930 3094/5015/5928
f 3075/5016/5929 3076/5018/5931 3096/5019/5932 3095/5017/5930
f 3076/5018/5931 3057/5020/5893 3077/5021/5896 3096/5019/5932
s 221
f 3058/5022/5933 3057/5023/5934 3097/5024/5935
f 3059/5025/5936 3058/5022/5933 3097/5024/5935
f 3060/5026/5937 3059/5025/5936 3097/5024/5935
f 3061/5027/5938 3060/5026/5937 3097/5024/5935
f 3062/5028/5939 3061/5027/5938 3097/5024/5935
f 3063/5029/5940 3062/5028/5939 3097/5024/5935
f 3064/5030/5941 3063/5029/5940 3097/5024/5935
f 3065/5031/5942 3064/5030/5941 3097/5024/5935
f 3066/5032/5943 3065/5031/5942 3097/5024/5935
f 3067/5033/5944 3066/5032/5943 3097/5024/5935
f 3068/5034/5945 3067/5033/5944 3097/5024/5935
f 3069/5035/5946 3068/5034/5945 3097/5024/5935
f 3070/5036/5947 3069/5035/5946 3097/5024/5935
f 3071/5037/5948 3070/5036/5947 3097/5024/5935
f 3072/5038/5949 3071/5037/5948 3097/5024/5935
f 3073/5039/5950 3072/5038/5949 3097/5024/5935
f 3074/5040/5951 3073/5039/5950 3097/5024/5935
f 3075/5041/5952 3074/5040/5951 3097/5024/5935
f 3076/5042/5953 3075/5041/5952 3097/5024/5935
f 3057/5023/5934 3076/5042/5953 3097/5024/5935
s 222
f 3077/5043/5954 3078/5044/5955 3098/5045/5956
f 3078/5044/5955 3079/5046/5957 3098/5045/5956
f 3079/5046/5957 3080/5047/5958 3098/5045/5956
f 3080/5047/5958 3081/5048/5959 3098/5045/5956
f 3081/5048/5959 3082/5049/5960 3098/5045/5956
f 3082/5049/5960 3083/5050/5961 3098/5045/5956
f 3083/5050/5961 3084/5051/5962 3098/5045/5956
f 3084/5051/5962 3085/5052/5963 3098/5045/5956
f 3085/5052/5963 3086/5053/5964 3098/5045/5956
f 3086/5053/5964 3087/5054/5965 3098/5045/5956
f 3087/5054/5965 3088/5055/5966 3098/5045/5956
f 3088/5055/5966 3089/5056/5967 3098/5045/5956
f 3089/5056/5967 3090/5057/5968 3098/5045/5956
f 3090/5057/5968 3091/5058/5969 3098/5045/5956
f 3091/5058/5969 3092/5059/5970 3098/5045/5956
f 3092/5059/5970 3093/5060/5971 3098/5045/5956
f 3093/5060/5971 3094/5061/5972 3098/5045/5956
f 3094/5061/5972 3095/5062/5973 3098/5045/5956
f 3095/5062/5973 3096/5063/5974 3098/5045/5956
f 3096/5063/5974 3077/5043/5954 3098/5045/5956
s 223
f 3099/5064/5975 3100/5065/5976 3120/5066/5977 3119/5067/5978
f 3100/5065/5976 3101/5068/5979 3121/5069/5980 3120/5066/5977
f 3101/5068/5979 3102/5070/5981 3122/5071/5982 3121/5069/5980
f 3102/5070/5981 3103/5072/5983 3123/5073/5984 3122/5071/5982
f 3103/5072/5983 3104/5074/5985 3124/5075/5986 3123/5073/5984
f 3104/5074/5985 3105/5076/5987 3125/5077/5988 3124/5075/5986
f 3105/5076/5987 3106/5078/5989 3126/5079/5990 3125/5077/5988
f 3106/5078/5989 3107/5080/5991 3127/5081/5992 3126/5079/5990
f 3107/5080/5991 3108/5082/5993 3128/5083/5994 3127/5081/5992
f 3108/5082/5993 3109/5084/5995 3129/5085/5996 3128/5083/5994
f 3109/5084/5995 3110/5086/5997 3130/5087/5998 3129/5085/5996
f 3110/5086/5997 3111/5088/5999 3131/5089/6000 3130/5087/5998
f 3111/5088/5999 3112/5090/6001 3132/5091/6002 3131/5089/6000
f 3112/5090/6001 3113/5092/6003 3133/5093/6004 3132/5091/6002
f 3113/5092/6003 3114/5094/6005 3134/5095/6006 3133/5093/6004
f 3114/5094/6005 3115/5096/6007 3135/5097/6008 3134/5095/6006
f 3115/5096/6007 3116/5098/6009 3136/5099/6010 3135/5097/6008
f 3116/5098/6009 3117/5100/6011 3137/5101/6012 3136/5099/6010
f 3117/5100/6011 3118/5102/6013 3138/5103/6014 3137/5101/6012
f 3118/5102/6013 3099/5104/5975 3119/5105/5978 3138/5103/6014
s 224
f 3100/5106/6015 3099/5107/6016 3139/5108/6017
f 3101/5109/6018 3100/5106/6015 3139/5108/6017
f 3102/5110/6019 3101/5109/6018 3139/5108/6017
f 3103/5111/6020 3102/5110/6019 3139/5108/6017
f 3104/5112/6021 3103/5111/6020 3139/5108/6017
f 3105/5113/6022 3104/5112/6021 3139/5108/6017
f 3106/5114/6023 3105/5113/6022 3139/5108/6017
f 3107/5115/6024 3106/5114/6023 3139/5108/6017
f 3108/5116/6025 3107/5115/6024 3139/5108/6017
f 3109/5117/6026 3108/5116/6025 3139/5108/6017
f 3110/5118/6027 3109/5117/6026 3139/5108/6017
f 3111/5119/6028 3110/5118/6027 3139/5108/6017
f 3112/5120/6029 3111/5119/6028 3139/5108/6017
f 3113/5121/6030 3112/5120/6029 3139/5108/6017
f 3114/5122/6031 3113/5121/6030 3139/5108/6017
f 3115/5123/6032 3114/5122/6031 3139/5108/6017
f 3116/5124/6033 3115/5123/6032 3139/5108/6017
f 3117/5125/6034 3116/5124/6033 3139/5108/6017
f 3118/5126/6035 3117/5125/6034 3139/5108/6017
f 3099/5107/6016 3118/5126/6035 3139/5108/6017
s 225
f 3119/5127/6036 3120/5128/6037 3140/5129/6038
f 3120/5128/6037 3121/5130/6039 3140/5129/6038
f 3121/5130/6039 3122/5131/6040 3140/5129/6038
f 3122/5131/6040 3123/5132/6041 3140/5129/6038
f 3123/5132/6041 3124/5133/6042 3140/5129/6038
f 3124/5133/6042 3125/5134/6043 3140/5129/6038
f 3125/5134/6043 3126/5135/6044 3140/5129/6038
f 3126/5135/6044 3127/5136/6045 3140/5129/6038
f 3127/5136/6045 3128/5137/6046 3140/5129/6038
f 3128/5137/6046 3129/5138/6047 3140/5129/6038
f 3129/5138/6047 3130/5139/6048 3140/5129/6038
f 3130/5139/6048 3131/5140/6049 3140/5129/6038
f 3131/5140/6049 3132/5141/6050 3140/5129/6038
f 3132/5141/6050 3133/5142/6051 3140/5129/6038
f 3133/5142/6051 3134/5143/6052 3140/5129/6038
f 3134/5143/6052 3135/5144/6053 3140/5129/6038
f 3135/5144/6053 3136/5145/6054 3140/5129/6038
f 3136/5145/6054 3137/5146/6055 3140/5129/6038
f 3137/5146/6055 3138/5147/6056 3140/5129/6038
f 3138/5147/6056 3119/5127/6036 3140/5129/6038
s 226
f 3141/5148/6057 3142/5149/6058 3162/5150/6059 3161/5151/6060
f 3142/5149/6058 3143/5152/6061 3163/5153/6062 3162/5150/6059
f 3143/5152/6061 3144/5154/6063 3164/5155/6064 3163/5153/6062
f 3144/5154/6063 3145/5156/6065 3165/5157/6066 3164/5155/6064
f 3145/5156/6065 3146/5158/6067 3166/5159/6068 3165/5157/6066
f 3146/5158/6067 3147/5160/6069 3167/5161/6070 3166/5159/6068
f 3147/5160/6069 3148/5162/6071 3168/5163/6072 3167/5161/6070
f 3148/5162/6071 3149/5164/6073 3169/5165/6074 3168/5163/6072
f 3149/5164/6073 3150/5166/6075 3170/5167/6076 3169/5165/6074
f 3150/5166/6075 3151/5168/6077 3171/5169/6078 3170/5167/6076
f 3151/5168/6077 3152/5170/6079 3172/5171/6080 3171/5169/6078
f 3152/5170/6079 3153/5172/6081 3173/5173/6082 3172/5171/6080
f 3153/5172/6081 3154/5174/6083 3174/5175/6084 3173/5173/6082
f 3154/5174/6083 3155/5176/6085 3175/5177/6086 3174/5175/6084
f 3155/5176/6085 3156/5178/6087 3176/5179/6088 3175/5177/6086
f 3156/5178/6087 3157/5180/6089 3177/5181/6090 3176/5179/6088
f 3157/5180/6089 3158/5182/6091 3178/5183/6092 3177/5181/6090
f 3158/5182/6091 3159/5184/6093 3179/5185/6094 3178/5183/6092
f 3159/5184/6093 3160/5186/6095 3180/5187/6096 3179/5185/6094
f 3160/5186/6095 3141/5188/6057 3161/5189/6060 3180/5187/6096
s 227
f 3142/5190/6097 3141/5191/6098 3181/5192/6099
f 3143/5193/6100 3142/5190/6097 3181/5192/6099
f 3144/5194/6101 3143/5193/6100 3181/5192/6099
f 3145/5195/6102 3144/5194/6101 3181/5192/6099
f 3146/5196/6103 3145/5195/6102 3181/5192/6099
f 3147/5197/6104 3146/5196/6103 3181/5192/6099
f 3148/5198/6105 3147/5197/6104 3181/5192/6099
f 3149/5199/6106 3148/5198/6105 3181/5192/6099
f 3150/5200/6107 3149/5199/6106 3181/5192/6099
f 3151/5201/6108 3150/5200/6107 3181/5192/6099
f 3152/5202/6109 3151/5201/6108 3181/5192/6099
f 3153/5203/6110 3152/5202/6109 3181/5192/6099
f 3154/5204/6111 3153/5203/6110 3181/5192/6099
f 3155/5205/6112 3154/5204/6111 3181/5192/6099
f 3156/5206/6113 3155/5205/6112 3181/5192/6099
f 3157/5207/6114 3156/5206/6113 3181/5192/6099
f 3158/5208/6115 3157/5207/6114 3181/5192/6099
f 3159/5209/6116 3158/5208/6115 3181/5192/6099
f 3160/5210/6117 3159/5209/6116 3181/5192/6099
f 3141/5191/6098 3160/5210/6117 3181/5192/6099
s 228
f 3161/5211/6118 3162/5212/6119 3182/5213/6120
f 3162/5212/6119 3163/5214/6121 3182/5213/6120
f 3163/5214/6121 3164/5215/6122 3182/5213/6120
f 3164/5215/6122 3165/5216/6123 3182/5213/6120
f 3165/5216/6123 3166/5217/6124 3182/5213/6120
f 3166/5217/6124 3167/5218/6125 3182/5213/6120
f 3167/5218/6125 3168/5219/6126 3182/5213/6120
f 3168/5219/6126 3169/5220/6127 3182/5213/6120
f 3169/5220/6127 3170/5221/6128 3182/5213/6120
f 3170/5221/6128 3171/5222/6129 3182/5213/6120
f 3171/5222/6129 3172/5223/6130 3182/5213/6120
f 3172/5223/6130 3173/5224/6131 3182/5213/6120
f 3173/5224/6131 3174/5225/6132 3182/5213/6120
f 3174/5225/6132 3175/5226/6133 3182/5213/6120
f 3175/5226/6133 3176/5227/6134 3182/5213/6120
f 3176/5227/6134 3177/5228/6135 3182/5213/6120
f 3177/5228/6135 3178/5229/6136 3182/5213/6120
f 3178/5229/6136 3179/5230/6137 3182/5213/6120
f 3179/5230/6137 3180/5231/6138 3182/5213/6120
f 3180/5231/6138 3161/5211/6118 3182/5213/6120
s 229
f 3183/5232/6139 3184/5233/6140 3204/5234/6141 3203/5235/6142
f 3184/5233/6140 3185/5236/6143 3205/5237/6144 3204/5234/6141
f 3185/5236/6143 3186/5238/6145 3206/5239/6146 3205/5237/6144
f 3186/5238/6145 3187/5240/6147 3207/5241/6148 3206/5239/6146
f 3187/5240/6147 3188/5242/6149 3208/5243/6150 3207/5241/6148
f 3188/5242/6149 3189/5244/6151 3209/5245/6152 3208/5243/6150
f 3189/5244/6151 3190/5246/6153 3210/5247/6154 3209/5245/6152
f 3190/5246/6153 3191/5248/6155 3211/5249/6156 3210/5247/6154
f 3191/5248/6155 3192/5250/6157 3212/5251/6158 3211/5249/6156
f 3192/5250/6157 3193/5252/6159 3213/5253/6160 3212/5251/6158
f 3193/5252/6159 3194/5254/6161 3214/5255/6162 3213/5253/6160
f 3194/5254/6161 3195/5256/6163 3215/5257/6164 3214/5255/6162
f 3195/5256/6163 3196/5258/6165 3216/5259/6166 3215/5257/6164
f 3196/5258/6165 3197/5260/6167 3217/5261/6168 3216/5259/6166
f 3197/5260/6167 3198/5262/6169 3218/5263/6170 3217/5261/6168
f 3198/5262/6169 3199/5264/6171 3219/5265/6172 3218/5263/6170
f 3199/5264/6171 3200/5266/6173 3220/5267/6174 3219/5265/6172
f 3200/5266/6173 3201/5268/6175 3221/5269/6176 3220/5267/6174
f 3201/5268/6175 3202/5270/6177 3222/5271/6178 3221/5269/6176
f 3202/5270/6177 3183/5272/6139 3203/5273/6142 3222/5271/6178
s 230
f 3184/5274/6179 3183/5275/6180 3223/5276/6181
f 3185/5277/6182 3184/5274/6179 3223/5276/6181
f 3186/5278/6183 3185/5277/6182 3223/5276/6181
f 3187/5279/6184 3186/5278/6183 3223/5276/6181
f 3188/5280/6185 3187/5279/6184 3223/5276/6181
f 3189/5281/6186 3188/5280/6185 3223/5276/6181
f 3190/5282/6187 3189/5281/6186 3223/5276/6181
f 3191/5283/6188 3190/5282/6187 3223/5276/6181
f 3192/5284/6189 3191/5283/6188 3223/5276/6181
f 3193/5285/6190 3192/5284/6189 3223/5276/6181
f 3194/5286/6191 3193/5285/6190 3223/5276/6181
f 3195/5287/6192 3194/5286/6191 3223/5276/6181
f 3196/5288/6193 3195/5287/6192 3223/5276/6181
f 3197/5289/6194 3196/5288/6193 3223/5276/6181
f 3198/5290/6195 3197/5289/6194 3223/5276/6181
f 3199/5291/6196 3198/5290/6195 3223/5276/6181
f 3200/5292/6197 3199/5291/6196 3223/5276/6181
f 3201/5293/6198 3200/5292/6197 3223/5276/6181
f 3202/5294/6199 3201/5293/6198 3223/5276/6181
f 3183/5275/6180 3202/5294/6199 3223/5276/6181
s 231
f 3203/5295/6200 3204/5296/6201 3224/5297/6202
f 3204/5296/6201 3205/5298/6203 3224/5297/6202
f 3205/5298/6203 3206/5299/6204 3224/5297/6202
f 3206/5299/6204 3207/5300/6205 3224/5297/6202
f 3207/5300/6205 3208/5301/6206 3224/5297/6202
f 3208/5301/6206 3209/5302/6207 3224/5297/6202
f 3209/5302/6207 3210/5303/6208 3224/5297/6202
f 3210/5303/6208 3211/5304/6209 3224/5297/6202
f 3211/5304/6209 3212/5305/6210 3224/5297/6202
f 3212/5305/6210 3213/5306/6211 3224/5297/6202
f 3213/5306/6211 3214/5307/6212 3224/5297/6202
f 3214/5307/6212 3215/5308/6213 3224/5297/6202
f 3215/5308/6213 3216/5309/6214 3224/5297/6202
f 3216/5309/6214 3217/5310/6215 3224/5297/6202
f 3217/5310/6215 3218/5311/6216 3224/5297/6202
f 3218/5311/6216 3219/5312/6217 3224/5297/6202
f 3219/5312/6217 3220/5313/6218 3224/5297/6202
f 3220/5313/6218 3221/5314/6219 3224/5297/6202
f 3221/5314/6219 3222/5315/6220 3224/5297/6202
f 3222/5315/6220 3203/5295/6200 3224/5297/6202
s 232
f 3225/5316/6221 3226/5317/6222 3246/5318/6223 3245/5319/6224
f 3226/5317/6222 3227/5320/6225 3247/5321/6226 3246/5318/6223
f 3227/5320/6225 3228/5322/6227 3248/5323/6228 3247/5321/6226
f 3228/5322/6227 3229/5324/6229 3249/5325/6230 3248/5323/6228
f 3229/5324/6229 3230/5326/6231 3250/5327/6232 3249/5325/6230
f 3230/5326/6231 3231/5328/6233 3251/5329/6234 3250/5327/6232
f 3231/5328/6233 3232/5330/6235 3252/5331/6236 3251/5329/6234
f 3232/5330/6235 3233/5332/6237 3253/5333/6238 3252/5331/6236
f 3233/5332/6237 3234/5334/6239 3254/5335/6240 3253/5333/6238
f 3234/5334/6239 3235/5336/6241 3255/5337/6242 3254/5335/6240
f 3235/5336/6241 3236/5338/6243 3256/5339/6244 3255/5337/6242
f 3236/5338/6243 3237/5340/6245 3257/5341/6246 3256/5339/6244
f 3237/5340/6245 3238/5342/6247 3258/5343/6248 3257/5341/6246
f 3238/5342/6247 3239/5344/6249 3259/5345/6250 3258/5343/6248
f 3239/5344/6249 3240/5346/6251 3260/5347/6252 3259/5345/6250
f 3240/5346/6251 3241/5348/6253 3261/5349/6254 3260/5347/6252
f 3241/5348/6253 3242/5350/6255 3262/5351/6256 3261/5349/6254
f 3242/5350/6255 3243/5352/6257 3263/5353/6258 3262/5351/6256
f 3243/5352/6257 3244/5354/6259 3264/5355/6260 3263/5353/6258
f 3244/5354/6259 3225/5356/6221 3245/5357/6224 3264/5355/6260
s 233
f 3226/5358/6261 3225/5359/6262 3265/5360/6263
f 3227/5361/6264 3226/5358/6261 3265/5360/6263
f 3228/5362/6265 3227/5361/6264 3265/5360/6263
f 3229/5363/6266 3228/5362/6265 3265/5360/6263
f 3230/5364/6267 3229/5363/6266 3265/5360/6263
f 3231/5365/6268 3230/5364/6267 3265/5360/6263
f 3232/5366/6269 3231/5365/6268 3265/5360/6263
f 3233/5367/6270 3232/5366/6269 3265/5360/6263
f 3234/5368/6271 3233/5367/6270 3265/5360/6263
f 3235/5369/6272 3234/5368/6271 3265/5360/6263
f 3236/5370/6273 3235/5369/6272 3265/5360/6263
f 3237/5371/6274 3236/5370/6273 3265/5360/6263
f 3238/5372/6275 3237/5371/6274 3265/5360/6263
f 3239/5373/6276 3238/5372/6275 3265/5360/6263
f 3240/5374/6277 3239/5373/6276 3265/5360/6263
f 3241/5375/6278 3240/5374/6277 3265/5360/6263
f 3242/5376/6279 3241/5375/6278 3265/5360/6263
f 3243/5377/6280 3242/5376/6279 3265/5360/6263
f 3244/5378/6281 3243/5377/6280 3265/5360/6263
f 3225/5359/6262 3244/5378/6281 3265/5360/6263
s 234
f 3245/5379/6282 3246/5380/6283 3266/5381/6284
f 3246/5380/6283 3247/5382/6285 3266/5381/6284
f 3247/5382/6285 3248/5383/6286 3266/5381/6284
f 3248/5383/6286 3249/5384/6287 3266/5381/6284
f 3249/5384/6287 3250/5385/6288 3266/5381/6284
f 3250/5385/6288 3251/5386/6289 3266/5381/6284
f 3251/5386/6289 3252/5387/6290 3266/5381/6284
f 3252/5387/6290 3253/5388/6291 3266/5381/6284
f 3253/5388/6291 3254/5389/6292 3266/5381/6284
f 3254/5389/6292 3255/5390/6293 3266/5381/6284
f 3255/5390/6293 3256/5391/6294 3266/5381/6284
f 3256/5391/6294 3257/5392/6295 3266/5381/6284
f 3257/5392/6295 3258/5393/6296 3266/5381/6284
f 3258/5393/6296 3259/5394/6297 3266/5381/6284
f 3259/5394/6297 3260/5395/6298 3266/5381/6284
f 3260/5395/6298 3261/5396/6299 3266/5381/6284
f 3261/5396/6299 3262/5397/6300 3266/5381/6284
f 3262/5397/6300 3263/5398/6301 3266/5381/6284
f 3263/5398/6301 3264/5399/6302 3266/5381/6284
f 3264/5399/6302 3245/5379/6282 3266/5381/6284
s off
f 3269/5400/6303 3271/5401/6304 3278/5402/6305 3277/5403/6306
s 235
f 3270/5404/6307 3269/5405/6308 3275/5406/6309 3274/5407/6310
s off
f 3271/5408/6311 3270/5404/6312 3284/5409/6313 3283/5410/6314
s 236
f 3272/5411/6315 3275/5412/6316 3279/5413/6317 3282/5414/6318
s 235
f 3273/5415/6319 3272/5416/6320 3363/5417/6321 3366/5418/6322
s 237
f 3274/5407/6323 3273/5415/6324 3678/5419/6325 3677/5420/6326
s off
f 3276/5421/6327 3278/5422/6328 3381/5423/6329 3382/5424/6330
s 238
f 3277/5403/6331 3276/5421/6332 3280/5425/6333 3279/5413/6334
s 239
f 3281/5426/6335 3280/5425/6336 3680/5427/6337 3679/5428/6338
s 238
f 3282/5414/6339 3281/5426/6340 3371/5429/6341 3374/5430/6342
s off
f 3283/5410/6343 3284/5409/6344 3382/5431/6345 3381/5432/6346
s 235
f 3285/5433/6347 3287/5434/6348 4267/5435/6349 4266/5436/6350
s off
f 3286/5437/6351 3285/5438/6352 3304/5439/6353 3303/5440/6354
s 241
f 3287/5434/6355 3286/5437/6356 3289/5441/6357 3288/5442/6358
s 237
f 3288/5442/6359 3291/5443/6360 3422/5444/6361 3421/5445/6362
s 243
f 3290/5446/6363 3289/5441/6364 3397/5447/6365 3396/5448/6366
s 241
f 3291/5443/6367 3290/5446/6368 3400/5449/6369 3399/5450/6370
s 244
f 3292/5451/6371 3294/5452/6372 4299/5453/6373 4298/5454/6374
s 241
f 3293/5455/6375 3292/5451/6376 3746/5456/6377 3745/5457/6378
s off
f 3294/5458/6379 3293/5455/6380 3296/5459/6381 3295/5460/6382
s 246
f 3295/5461/6383 3297/5462/6384 4295/5463/6385 4294/5464/6386
s 247
f 3297/5465/6387 3296/5459/6388 3299/5466/6389 3298/5467/6390
s 239
f 3298/5468/6391 3301/5469/6392 3811/5470/6393 3810/5471/6394
s 243
f 3300/5472/6395 3299/5466/6396 3745/5457/6397 3744/5473/6398
s 247
f 3301/5469/6399 3300/5474/6400 3748/5475/6401 3747/5476/6402
s 238
f 3302/5477/6403 3304/5478/6404 4271/5479/6405 4270/5480/6406
s 247
f 3303/5440/6407 3302/5481/6408 3398/5482/6409 3397/5447/6410
s 235
f 3305/5483/6411 3308/5484/6412 4122/5485/6413 4121/5486/6414
s 236
f 3306/5487/6415 3305/5488/6416 3316/5489/6417 3315/5490/6418
s 235
f 3307/5491/6419 3306/5492/6420 3312/5493/6421 3311/5494/6422
s 237
f 3308/5484/6423 3307/5491/6424 3324/5495/6425 3323/5496/6426
s 236
f 3309/5497/6427 3312/5498/6428 3317/5499/6429 3320/5500/6430
s 235
f 3310/5501/6431 3309/5502/6432 3487/5503/6433 3490/5504/6434
s 237
f 3311/5494/6435 3310/5501/6436 3501/5505/6437 3500/5506/6438
s 238
f 3313/5507/6439 3316/5489/6440 4210/5508/6441 4209/5509/6442
s 239
f 3314/5510/6443 3313/5507/6444 3394/5511/6445 3393/5512/6446
s 238
f 3315/5490/6447 3314/5510/6448 3318/5513/6449 3317/5499/6450
s 239
f 3319/5514/6451 3318/5513/6452 3415/5515/6453 3418/5516/6454
s 238
f 3320/5500/6455 3319/5514/6456 3525/5517/6457 3528/5518/6458
s 237
f 3321/5519/6459 3324/5495/6425 3500/5506/6438 3499/5520/6460
f 3322/5521/6461 3321/5519/6459 3406/5522/6462 3405/5523/6463
f 3323/5496/6426 3322/5521/6461 3426/5524/6464 3425/5525/6465
s 235
f 3325/5526/6466 3328/5527/6467 3546/5528/6468 3545/5529/6469
s 236
f 3326/5530/6470 3325/5531/6471 3336/5532/6472 3335/5533/6473
s 235
f 3327/5534/6474 3326/5535/6475 3332/5536/6476 3331/5537/6477
s 237
f 3328/5527/6478 3327/5534/6479 3344/5538/6480 3343/5539/6481
s 236
f 3329/5540/6482 3332/5541/6483 3337/5542/6484 3340/5543/6485
s 235
f 3330/5544/6486 3329/5545/6487 4117/5546/6488 4120/5547/6489
s 237
f 3331/5537/6490 3330/5544/6491 4131/5548/6492 4130/5549/6493
s 238
f 3333/5550/6494 3336/5532/6495 3570/5551/6496 3569/5552/6497
s 239
f 3334/5553/6498 3333/5550/6499 3390/5554/6500 3389/5555/6501
s 238
f 3335/5533/6502 3334/5553/6503 3338/5556/6504 3337/5542/6505
s 239
f 3339/5557/6506 3338/5556/6507 3411/5558/6508 3414/5559/6509
s 238
f 3340/5543/6510 3339/5557/6511 4205/5560/6512 4208/5561/6513
s 237
f 3341/5562/6514 3344/5538/6480 4130/5549/6493 4129/5563/6515
f 3342/5564/6516 3341/5562/6514 3410/5565/6517 3409/5566/6518
f 3343/5539/6481 3342/5564/6516 3430/5567/6519 3429/5568/6520
s 235
f 3345/5569/6521 3348/5570/6522 3662/5571/6523 3661/5572/6524
s 236
f 3346/5573/6525 3345/5574/6526 3356/5575/6527 3355/5576/6528
s 235
f 3347/5577/6529 3346/5578/6530 3352/5579/6531 3351/5580/6532
s 237
f 3348/5570/6533 3347/5577/6534 3362/5581/6535 3361/5582/6536
s 236
f 3349/5583/6537 3352/5584/6538 3357/5585/6539 3360/5586/6540
s 235
f 3350/5587/6541 3349/5588/6542 3620/5589/6543 3623/5590/6544
s 237
f 3351/5580/6545 3350/5587/6546 3632/5591/6547 3635/5592/6548
s 238
f 3353/5593/6549 3356/5575/6550 3670/5594/6551 3669/5595/6552
s 239
f 3354/5596/6553 3353/5593/6554 3386/5597/6555 3385/5598/6556
s 238
f 3355/5576/6557 3354/5596/6558 3358/5599/6559 3357/5585/6560
s 239
f 3359/5600/6561 3358/5599/6562 3688/5601/6563 3687/5602/6564
s 238
f 3360/5586/6565 3359/5600/6566 3644/5603/6567 3647/5604/6568
s 236
f 3364/5605/6569 3363/5606/6570 3374/5430/6571 3373/5607/6572
s 235
f 3365/5608/6573 3364/5609/6574 3370/5610/6575 3369/5611/6576
s 237
f 3366/5418/6577 3365/5608/6578 3380/5612/6579 3379/5613/6580
s 236
f 3367/5614/6581 3370/5615/6582 3375/5616/6583 3378/5617/6584
s 235
f 3368/5618/6585 3367/5619/6586 3657/5620/6587 3660/5621/6588
s 237
f 3369/5611/6589 3368/5618/6590 3697/5622/6591 3696/5623/6592
s 239
f 3372/5624/6593 3371/5429/6594 3384/5625/6595 3383/5626/6596
s 238
f 3373/5607/6597 3372/5624/6598 3376/5627/6599 3375/5616/6600
s 239
f 3377/5628/6601 3376/5627/6602 3699/5629/6603 3698/5630/6604
s 238
f 3378/5617/6605 3377/5628/6606 3665/5631/6607 3668/5632/6608
s 239
f 3387/5633/6609 3390/5554/6500 3562/5634/6610 3561/5635/6611
f 3388/5636/6612 3387/5633/6609 3978/5637/6613 3977/5638/6614
f 3389/5555/6501 3388/5636/6612 3412/5639/6615 3411/5558/6508
f 3391/5640/6616 3394/5511/6445 4202/5641/6617 4201/5642/6618
f 3392/5643/6619 3391/5640/6616 3982/5644/6620 3981/5645/6621
f 3393/5512/6446 3392/5643/6619 3416/5646/6622 3415/5515/6453
f 3395/5647/6623 3398/5648/6624 4275/5649/6625 4274/5650/6626
s 247
f 3396/5448/6627 3395/5651/6628 3994/5652/6629 3993/5653/6630
s 237
f 3399/5450/6631 3402/5654/6632 4098/5655/6633 4097/5656/6634
s 243
f 3401/5657/6635 3400/5449/6636 3993/5653/6637 3992/5658/6638
s 241
f 3402/5654/6639 3401/5657/6640 3995/5659/6641 3998/5660/6642
s 237
f 3403/5661/6643 3406/5522/6462 4106/5662/6644 4105/5663/6645
f 3404/5664/6646 3403/5661/6643 4010/5665/6647 4009/5666/6648
f 3405/5523/6463 3404/5664/6646 4110/5667/6649 4109/5668/6650
f 3407/5669/6651 3410/5565/6517 4138/5670/6652 4137/5671/6653
f 3408/5672/6654 3407/5669/6651 4014/5673/6655 4013/5674/6656
f 3409/5566/6518 3408/5672/6654 4114/5675/6657 4113/5676/6658
s 239
f 3413/5677/6659 3412/5639/6615 4081/5678/6660 4084/5679/6661
f 3414/5559/6509 3413/5677/6659 4197/5680/6662 4200/5681/6663
f 3417/5682/6664 3416/5646/6622 4085/5683/6665 4088/5684/6666
f 3418/5516/6454 3417/5682/6664 3517/5685/6667 3520/5686/6668
s 237
f 3419/5687/6669 3422/5444/6361 4097/5656/6634 4100/5688/6670
f 3420/5689/6671 3419/5687/6669 4264/5690/6672 4263/5691/6673
f 3421/5445/6362 3420/5689/6671 4268/5692/6674 4267/5435/6675
f 3423/5693/6676 3426/5524/6464 4109/5668/6650 4112/5694/6677
f 3424/5695/6678 3423/5693/6676 4125/5696/6679 4128/5697/6680
f 3425/5525/6465 3424/5695/6678 4123/5698/6681 4122/5485/6682
f 3427/5699/6683 3430/5567/6519 4113/5676/6658 4116/5700/6684
f 3428/5701/6685 3427/5699/6683 3549/5702/6686 3552/5703/6687
f 3429/5568/6520 3428/5701/6685 3547/5704/6688 3546/5528/6689
s 235
f 3431/5705/6690 3434/5706/6691 3492/5707/6692 3491/5708/6693
s 236
f 3432/5709/6694 3431/5710/6695 3474/5711/6696 3473/5712/6697
s 235
f 3433/5713/6698 3432/5714/6699 3438/5715/6700 3437/5716/6701
s 237
f 3434/5706/6702 3433/5713/6703 3442/5717/6704 3441/5718/6705
s 236
f 3435/5719/6706 3438/5720/6707 3475/5721/6708 3478/5722/6709
s 235
f 3436/5723/6710 3435/5724/6711 4265/5725/6712 4268/5692/6713
s 237
f 3437/5716/6714 3436/5723/6715 4263/5691/6673 4262/5726/6716
f 3439/5727/6717 3442/5717/6704 4262/5726/6716 4261/5728/6718
f 3440/5729/6719 3439/5727/6717 3482/5730/6720 3481/5731/6721
f 3441/5718/6705 3440/5729/6719 3446/5732/6722 3445/5733/6723
f 3443/5734/6724 3446/5732/6722 4101/5735/6725 4104/5736/6726
f 3444/5737/6727 3443/5734/6724 3495/5738/6728 3498/5739/6729
f 3445/5733/6723 3444/5737/6727 3493/5740/6730 3492/5707/6731
s 244
f 3447/5741/6732 3450/5742/6733 3507/5743/6734 3506/5744/6735
s 237
f 3448/5745/6736 3447/5741/6737 3742/5746/6738 3741/5747/6739
s 244
f 3449/5748/6740 3448/5745/6741 3452/5749/6742 3451/5750/6743
s 279
f 3450/5742/6744 3449/5748/6745 3456/5751/6746 3455/5752/6747
f 3451/5750/6748 3454/5753/6749 3461/5754/6750 3460/5755/6751
s 237
f 3453/5756/6752 3452/5749/6753 3806/5757/6754 3809/5758/6755
s 244
f 3454/5753/6756 3453/5756/6757 4297/5759/6758 4300/5760/6759
s 246
f 3455/5752/6760 3458/5761/6761 3514/5762/6762 3513/5763/6763
f 3457/5764/6764 3456/5751/6765 3460/5755/6766 3459/5765/6767
s 239
f 3458/5761/6768 3457/5764/6769 3486/5766/6770 3485/5767/6771
f 3459/5765/6772 3462/5768/6773 4291/5769/6774 4290/5770/6775
s 246
f 3462/5768/6776 3461/5754/6777 4293/5771/6778 4296/5772/6779
s 239
f 3463/5773/6780 3466/5774/6781 3522/5775/6782 3521/5776/6783
f 3464/5777/6784 3463/5773/6780 3990/5778/6785 3989/5779/6786
f 3465/5780/6787 3464/5777/6784 3468/5781/6788 3467/5782/6789
f 3466/5774/6781 3465/5780/6787 3472/5783/6790 3471/5784/6791
f 3467/5782/6789 3470/5785/6792 3477/5786/6793 3476/5787/6794
f 3469/5788/6795 3468/5781/6788 4093/5789/6796 4096/5790/6797
f 3470/5785/6792 3469/5788/6795 4273/5791/6798 4276/5792/6799
s 238
f 3471/5784/6800 3474/5711/6801 3530/5793/6802 3529/5794/6803
f 3473/5712/6804 3472/5783/6805 3476/5787/6806 3475/5721/6807
f 3478/5722/6808 3477/5786/6809 4269/5795/6810 4272/5796/6811
s 237
f 3479/5797/6812 3482/5730/6720 4314/5798/6813 4313/5799/6814
f 3480/5800/6815 3479/5797/6812 4002/5801/6816 4001/5802/6817
f 3481/5731/6721 3480/5800/6815 4102/5803/6818 4101/5735/6725
s 239
f 3483/5804/6819 3486/5766/6770 4290/5770/6775 4289/5805/6820
f 3484/5806/6821 3483/5804/6819 3752/5807/6822 3751/5808/6823
f 3485/5767/6771 3484/5806/6821 3815/5809/6824 3814/5810/6825
s 236
f 3488/5811/6826 3487/5812/6827 3528/5518/6828 3527/5813/6829
s 235
f 3489/5814/6830 3488/5815/6831 3494/5816/6832 3493/5740/6833
s 237
f 3490/5504/6834 3489/5814/6835 3498/5739/6729 3497/5817/6836
s 236
f 3491/5818/6837 3494/5819/6838 3531/5820/6839 3530/5793/6840
s 237
f 3496/5821/6841 3495/5738/6728 3536/5822/6842 3535/5823/6843
f 3497/5817/6836 3496/5821/6841 3502/5824/6844 3501/5505/6437
f 3499/5520/6460 3502/5824/6844 4107/5825/6845 4106/5662/6644
s 244
f 3503/5826/6846 3505/5827/6847 4260/5828/6848 4259/5829/6849
s 237
f 3504/5830/6850 3503/5826/6851 3738/5831/6852 3737/5832/6853
s 244
f 3505/5827/6847 3504/5830/6854 3509/5833/6855 3508/5834/6856
s 237
f 3506/5744/6857 3509/5833/6858 3804/5835/6859 3803/5836/6860
s 279
f 3508/5834/6861 3507/5743/6862 3513/5763/6863 3516/5837/6864
s 246
f 3510/5838/6865 3512/5839/6866 3516/5837/6867 3515/5840/6868
s 239
f 3511/5841/6869 3510/5838/6870 3540/5842/6871 3539/5843/6872
s 246
f 3512/5839/6866 3511/5841/6873 4252/5844/6874 4251/5845/6875
s 239
f 3515/5840/6876 3514/5762/6877 3814/5810/6825 3817/5846/6878
f 3518/5847/6879 3517/5685/6667 3986/5848/6880 3985/5849/6881
f 3519/5850/6882 3518/5847/6879 3524/5851/6883 3523/5852/6884
f 3520/5686/6668 3519/5850/6882 3526/5853/6885 3525/5517/6886
f 3521/5776/6783 3524/5851/6883 4091/5854/6887 4090/5855/6888
f 3523/5852/6884 3522/5775/6782 3529/5794/6889 3532/5856/6890
s 238
f 3527/5813/6891 3526/5853/6892 3532/5856/6893 3531/5820/6894
s 237
f 3533/5857/6895 3536/5822/6842 4104/5736/6726 4103/5858/6896
f 3534/5859/6897 3533/5857/6895 4006/5860/6898 4005/5861/6899
f 3535/5823/6843 3534/5859/6897 4108/5862/6900 4107/5825/6845
s 239
f 3537/5863/6901 3540/5842/6871 3817/5846/6878 3816/5864/6902
f 3538/5865/6903 3537/5863/6901 3756/5866/6904 3755/5867/6905
f 3539/5843/6872 3538/5865/6903 3821/5868/6906 3820/5869/6907
s 235
f 3541/5870/6908 3544/5871/6909 3589/5872/6910 3588/5873/6911
s 236
f 3542/5874/6912 3541/5875/6913 3568/5876/6914 3567/5877/6915
s 235
f 3543/5878/6916 3542/5879/6917 3548/5880/6918 3547/5704/6919
s 237
f 3544/5871/6920 3543/5878/6921 3552/5703/6687 3551/5881/6922
s 236
f 3545/5882/6923 3548/5883/6924 3571/5884/6925 3570/5551/6926
s 237
f 3550/5885/6927 3549/5702/6686 3576/5886/6928 3575/5887/6929
f 3551/5881/6922 3550/5885/6927 3556/5888/6930 3555/5889/6931
f 3553/5890/6932 3556/5888/6930 4020/5891/6933 4019/5892/6934
f 3554/5893/6935 3553/5890/6932 3592/5894/6936 3595/5895/6937
f 3555/5889/6931 3554/5893/6935 3590/5896/6938 3589/5872/6939
s 239
f 3557/5897/6940 3560/5898/6941 3972/5899/6942 3971/5900/6943
f 3558/5901/6944 3557/5897/6940 3564/5902/6945 3563/5903/6946
f 3559/5904/6947 3558/5901/6944 3566/5905/6948 3565/5906/6949
f 3560/5898/6941 3559/5904/6947 3605/5907/6950 3604/5908/6951
f 3561/5635/6611 3564/5902/6945 4079/5909/6952 4078/5910/6953
f 3563/5903/6946 3562/5634/6610 3569/5552/6954 3572/5911/6955
s 238
f 3565/5906/6956 3568/5876/6957 3613/5912/6958 3612/5913/6959
f 3567/5877/6960 3566/5905/6961 3572/5911/6962 3571/5884/6963
s 237
f 3573/5914/6964 3576/5886/6928 4116/5700/6684 4115/5915/6965
f 3574/5916/6966 3573/5914/6964 4018/5917/6967 4017/5918/6968
f 3575/5887/6929 3574/5916/6966 4021/5919/6969 4020/5891/6933
s 294
f 3577/5920/6970 3578/5921/6971 4256/5922/6972 4255/5923/6973
s 295
f 3578/5921/6974 3577/5920/6975 3583/5924/6976 3582/5925/6977
s 239
f 3579/5926/6978 3583/5924/6979 3829/5927/6980 3828/5928/6981
f 3580/5929/6982 3579/5926/6978 3778/5930/6983 3777/5931/6984
s 295
f 3581/5932/6985 3580/5929/6986 3831/5933/6987 3830/5934/6988
s off
f 3582/5925/6989 3581/5932/6990 3714/5935/6991 3718/5936/6992
s 235
f 3584/5937/6993 3587/5938/6994 3625/5939/6995 3624/5940/6996
s 236
f 3585/5941/6997 3584/5942/6998 3611/5943/6999 3610/5944/7000
s 235
f 3586/5945/7001 3585/5946/7002 3591/5947/7003 3590/5896/7004
s 237
f 3587/5938/7005 3586/5945/7006 3595/5895/6937 3594/5948/7007
s 236
f 3588/5949/7008 3591/5950/7009 3614/5951/7010 3613/5912/7011
s 237
f 3593/5952/7012 3592/5894/6936 3617/5953/7013 3616/5954/7014
f 3594/5948/7007 3593/5952/7012 3599/5955/7015 3598/5956/7016
f 3596/5957/7017 3599/5955/7015 4028/5958/7018 4027/5959/7019
f 3597/5960/7020 3596/5957/7017 3628/5961/7021 3631/5962/7022
f 3598/5956/7016 3597/5960/7020 3626/5963/7023 3625/5939/7024
s 239
f 3600/5964/7025 3603/5965/7026 3964/5966/7027 3963/5967/7028
f 3601/5968/7029 3600/5964/7025 3607/5969/7030 3606/5970/7031
f 3602/5971/7032 3601/5968/7029 3609/5972/7033 3608/5973/7034
f 3603/5965/7026 3602/5971/7032 3641/5974/7035 3640/5975/7036
f 3604/5908/6951 3607/5969/7030 3701/5976/7037 3700/5977/7038
f 3606/5970/7031 3605/5907/6950 3612/5913/7039 3615/5978/7040
s 238
f 3608/5973/7041 3611/5943/7042 3649/5979/7043 3648/5980/7044
f 3610/5944/7045 3609/5972/7046 3615/5978/7047 3614/5951/7048
s 237
f 3616/5954/7014 3619/5981/7049 4029/5982/7050 4028/5958/7018
f 3618/5983/7051 3617/5953/7013 4019/5892/6934 4022/5984/7052
f 3619/5981/7049 3618/5983/7051 4023/5985/7053 4026/5986/7054
s 236
f 3621/5987/7055 3620/5988/7056 3647/5604/7057 3646/5989/7058
s 235
f 3622/5990/7059 3621/5991/7060 3627/5992/7061 3626/5963/7062
s 237
f 3623/5590/7063 3622/5990/7064 3631/5962/7022 3630/5993/7065
s 236
f 3624/5994/7066 3627/5995/7067 3650/5996/7068 3649/5979/7069
s 237
f 3629/5997/7070 3628/5961/7021 3654/5998/7071 3653/5999/7072
f 3630/5993/7065 3629/5997/7070 3633/6000/7073 3632/5591/6547
s off
f 3634/6001/7074 3633/6000/7075 3690/6002/7076 3689/6003/7077
f 3635/6004/7078 3634/6001/7079 3685/6005/7080 3688/6006/7081
s 239
f 3636/6007/7082 3639/6008/7083 3956/6009/7084 3955/6010/7085
f 3637/6011/7086 3636/6007/7082 3643/6012/7087 3642/6013/7088
f 3638/6014/7089 3637/6011/7086 3645/6015/7090 3644/5603/7091
f 3639/6008/7083 3638/6014/7089 3687/5602/6564 3686/6016/7092
f 3640/5975/7036 3643/6012/7087 3682/6017/7093 3681/6018/7094
f 3642/6013/7088 3641/5974/7035 3648/5980/7095 3651/6019/7096
s 238
f 3646/5989/7097 3645/6015/7098 3651/6019/7099 3650/5996/7100
s off
f 3652/6020/7101 3656/6021/7102 3953/6022/7103 3957/6023/7104
s 302
f 3653/5999/7105 3652/6020/7106 3691/6024/7107 3690/6002/7108
s 237
f 3655/6025/7109 3654/5998/7071 4027/5959/7019 4030/6026/7110
s 302
f 3656/6021/7111 3655/6025/7112 4072/6027/7113 4071/6028/7114
s 236
f 3658/6029/7115 3657/6030/7116 3668/5632/7117 3667/6031/7118
s 235
f 3659/6032/7119 3658/6033/7120 3664/6034/7121 3663/6035/7122
s 237
f 3660/5621/7123 3659/6032/7124 3674/6036/7125 3673/6037/7126
s 236
f 3661/6038/7127 3664/6039/7128 3671/6040/7129 3670/5594/7130
s 237
f 3663/6035/7131 3662/5571/7132 3693/6041/7133 3692/6042/7134
s 239
f 3666/6043/7135 3665/5631/7136 3676/6044/7137 3675/6045/7138
s 238
f 3667/6031/7139 3666/6043/7140 3672/6046/7141 3671/6040/7142
s 239
f 3669/5595/7143 3672/6046/7144 3695/6047/7145 3694/6048/7146
f 3681/6018/7094 3684/6049/7147 3965/6050/7148 3964/5966/7027
f 3683/6051/7149 3682/6017/7093 3955/6010/7085 3954/6052/7150
f 3684/6049/7147 3683/6051/7149 3961/6053/7151 3960/6054/7152
s off
f 3686/6016/7153 3685/6005/7154 4076/6055/7155 4075/6056/7156
f 3689/6003/7157 3691/6024/7158 4074/6057/7159 4076/6055/7160
s 239
f 3700/5977/7038 3703/6058/7161 3973/6059/7162 3972/5899/6942
f 3702/6060/7163 3701/5976/7037 3963/5967/7028 3966/6061/7164
f 3703/6058/7161 3702/6060/7163 3967/6062/7165 3970/6063/7166
s 304
f 3704/6064/7167 3707/6065/7168 3830/5934/7169 3833/6066/7170
s 305
f 3705/6067/7171 3704/6064/7172 3789/6068/7173 3788/6069/7174
s 237
f 3706/6070/7175 3705/6067/7176 3711/6071/7177 3710/6072/7178
s 305
f 3707/6065/7179 3706/6070/7180 3715/6073/7181 3714/5935/7182
s 237
f 3708/6074/7183 3711/6071/7177 3897/6075/7184 3896/6076/7185
f 3709/6077/7186 3708/6074/7183 3893/6078/7187 3892/6079/7188
f 3710/6072/7178 3709/6077/7186 3888/6080/7189 3887/6081/7190
s 305
f 3712/6082/7191 3713/6083/7192 3718/5936/7193 3717/6084/7194
s 244
f 3713/6083/7195 3712/6082/7196 4232/6085/7197 4231/6086/7198
s 237
f 3716/6087/7199 3715/6073/7200 3887/6081/7190 3886/6088/7201
f 3717/6084/7202 3716/6087/7199 3793/6089/7203 3792/6090/7204
f 3719/6091/7205 3722/6092/7206 3791/6093/7207 3790/6094/7208
f 3720/6095/7209 3719/6091/7205 3883/6096/7210 3882/6097/7211
f 3721/6098/7212 3720/6095/7209 3795/6099/7213 3794/6100/7214
f 3722/6092/7206 3721/6098/7212 3724/6101/7215 3723/6102/7216
s 244
f 3723/6102/7217 3726/6103/7218 4230/6104/7219 4229/6105/7220
f 3725/6106/7221 3724/6101/7222 4222/6107/7223 4221/6108/7224
s 310
f 3726/6103/7225 3725/6106/7226 4245/6109/7227 4248/6110/7228
s 237
f 3727/6111/7229 3730/6112/7230 4164/6113/7231 4163/6114/7232
f 3728/6115/7233 3727/6111/7229 3879/6116/7234 3878/6117/7235
f 3729/6118/7236 3728/6115/7233 3799/6119/7237 3798/6120/7238
f 3730/6112/7230 3729/6118/7236 3733/6121/7239 3732/6122/7240
s 310
f 3731/6123/7241 3734/6124/7242 4236/6125/7243 4235/6126/7244
s 244
f 3732/6122/7245 3731/6123/7246 4228/6127/7247 4227/6128/7248
f 3734/6124/7249 3733/6121/7250 4258/6129/7251 4257/6130/7252
s 237
f 3735/6131/7253 3738/5831/6852 3801/6132/7254 3800/6133/7255
f 3736/6134/7256 3735/6131/7253 3875/6135/7257 3874/6136/7258
f 3737/5832/6853 3736/6134/7256 3805/6137/7259 3804/5835/6859
f 3739/6138/7260 3742/5746/6738 3803/5836/6860 3802/6139/7261
f 3740/6140/7262 3739/6138/7260 3871/6141/7263 3870/6142/7264
f 3741/5747/6739 3740/6140/7262 3807/6143/7265 3806/5757/6754
f 3743/6144/7266 3746/5456/7267 4303/6145/7268 4302/6146/7269
s 241
f 3744/5473/7270 3743/6144/7271 3868/6147/7272 3867/6148/7273
s 239
f 3747/5476/7274 3750/6149/7275 4287/6150/7276 4286/6151/7277
s 243
f 3749/6152/7278 3748/6153/7279 3867/6148/7280 3866/6154/7281
s 247
f 3750/6149/7282 3749/6155/7283 3863/6156/7284 3862/6157/7285
s 239
f 3751/5808/6823 3754/6158/7286 3923/6159/7287 3922/6160/7288
f 3753/6161/7289 3752/5807/6822 3927/6162/7290 3926/6163/7291
f 3754/6158/7286 3753/6161/7289 3859/6164/7292 3858/6165/7293
f 3755/5867/6905 3758/6166/7294 3921/6167/7295 3920/6168/7296
f 3757/6169/7297 3756/5866/6904 3925/6170/7298 3924/6171/7299
f 3758/6166/7294 3757/6169/7297 3855/6172/7300 3854/6173/7301
f 3759/6174/7302 3762/6175/7303 3819/6176/7304 3818/6177/7305
f 3760/6178/7306 3759/6174/7302 3764/6179/7307 3763/6180/7308
f 3761/6181/7309 3760/6178/7306 3823/6182/7310 3822/6183/7311
f 3762/6175/7303 3761/6181/7309 4234/6184/7312 4233/6185/7313
f 3763/6180/7308 3766/6186/7314 4178/6187/7315 4177/6188/7316
f 3765/6189/7317 3764/6179/7307 3919/6190/7318 3918/6191/7319
f 3766/6186/7314 3765/6189/7317 3851/6192/7320 3850/6193/7321
f 3767/6194/7322 3770/6195/7323 4247/6196/7324 4246/6197/7325
f 3768/6198/7326 3767/6194/7322 4172/6199/7327 4171/6200/7328
f 3769/6201/7329 3768/6198/7326 3772/6202/7330 3771/6203/7331
f 3770/6195/7323 3769/6201/7329 3827/6204/7332 3826/6205/7333
f 3771/6203/7331 3774/6206/7334 3911/6207/7335 3910/6208/7336
f 3773/6209/7337 3772/6202/7330 3915/6210/7338 3914/6211/7339
f 3774/6206/7334 3773/6209/7337 3847/6212/7340 3846/6213/7341
f 3775/6214/7342 3778/5930/6983 3913/6215/7343 3912/6216/7344
f 3776/6217/7345 3775/6214/7342 3845/6218/7346 3844/6219/7347
f 3777/5931/6984 3776/6217/7345 3841/6220/7348 3840/6221/7349
s off
f 3779/6222/7350 3781/6223/7351 3787/6224/7352 3789/6068/7353
s 295
f 3780/6225/7354 3779/6222/7355 3833/6066/7356 3832/6226/7357
s 318
f 3781/6223/7358 3780/6225/7359 3783/6227/7360 3782/6228/7361
s off
f 3782/6228/7362 3786/6229/7363 3894/6230/7364 3898/6231/7365
s 239
f 3784/6232/7366 3783/6227/7367 3839/6233/7368 3838/6234/7369
f 3785/6235/7370 3784/6232/7366 3837/6236/7371 3836/6237/7372
s 318
f 3786/6229/7373 3785/6235/7374 3908/6238/7375 3907/6239/7376
s 320
f 3788/6069/7377 3787/6224/7378 3898/6231/7379 3897/6075/7380
s 237
f 3790/6094/7208 3793/6089/7203 3948/6240/7381 3947/6241/7382
f 3792/6090/7204 3791/6093/7207 4229/6105/7383 4232/6085/7384
f 3794/6100/7214 3797/6242/7385 4223/6243/7386 4222/6107/7387
f 3796/6244/7388 3795/6099/7213 4153/6245/7389 4156/6246/7390
f 3797/6242/7385 3796/6244/7388 4157/6247/7391 4160/6248/7392
f 3798/6120/7238 3801/6132/7254 4259/5829/7393 4258/6129/7394
f 3800/6133/7255 3799/6119/7237 3938/6249/7395 3941/6250/7396
f 3802/6139/7261 3805/6137/7259 3936/6251/7397 3935/6252/7398
f 3808/6253/7399 3807/6143/7265 4305/6254/7400 4308/6255/7401
f 3809/5758/6755 3808/6253/7399 4301/6256/7402 4304/6257/7403
s 239
f 3810/5471/6394 3813/6258/7404 4296/5772/7405 4295/5463/7406
f 3812/6259/7407 3811/5470/6393 4286/6151/7277 4285/6260/7408
f 3813/6258/7404 3812/6259/7407 4292/6261/7409 4291/5769/6774
f 3816/5864/6902 3815/5809/6824 3922/6160/7288 3925/6170/7298
f 3818/6177/7305 3821/5868/6906 3920/6168/7296 3919/6190/7318
f 3820/5869/6907 3819/6176/7304 4249/6262/7410 4252/5844/7411
f 3822/6183/7311 3825/6263/7412 4219/6264/7413 4218/6265/7414
f 3824/6266/7415 3823/6182/7310 4177/6188/7316 4180/6267/7416
f 3825/6263/7412 3824/6266/7415 4166/6268/7417 4165/6269/7418
f 3826/6205/7333 3829/5927/6980 4255/5923/7419 4254/6270/7420
f 3828/5928/6981 3827/6204/7332 3910/6208/7336 3913/6215/7343
f 3832/6226/7421 3831/5933/7422 3840/6221/7349 3839/6233/7368
f 3834/6271/7423 3837/6236/7371 3968/6272/7424 3967/6062/7165
f 3835/6273/7425 3834/6271/7423 3966/6061/7164 3965/6050/7148
f 3836/6237/7372 3835/6273/7425 3960/6054/7152 3959/6274/7426
f 3838/6234/7369 3841/6220/7348 3969/6275/7427 3968/6272/7424
f 3842/6276/7428 3845/6218/7346 4034/6277/7429 4033/6278/7430
f 3843/6279/7431 3842/6276/7428 3974/6280/7432 3973/6059/7162
f 3844/6219/7347 3843/6279/7431 3970/6063/7166 3969/6275/7427
f 3846/6213/7341 3849/6281/7433 4032/6282/7434 4031/6283/7435
f 3848/6284/7436 3847/6212/7340 4036/6285/7437 4035/6286/7438
f 3849/6281/7433 3848/6284/7436 3976/6287/7439 3975/6288/7440
f 3850/6193/7321 3853/6289/7441 4186/6290/7442 4185/6291/7443
f 3852/6292/7444 3851/6192/7320 4040/6293/7445 4039/6294/7446
f 3853/6289/7441 3852/6292/7444 3980/6295/7447 3979/6296/7448
f 3854/6173/7301 3857/6297/7449 4042/6298/7450 4041/6299/7451
f 3856/6300/7452 3855/6172/7300 4046/6301/7453 4045/6302/7454
f 3857/6297/7449 3856/6300/7452 3984/6303/7455 3983/6304/7456
f 3858/6165/7293 3861/6305/7457 4044/6306/7458 4043/6307/7459
f 3860/6308/7460 3859/6164/7292 4048/6309/7461 4047/6310/7462
f 3861/6305/7457 3860/6308/7460 3988/6311/7463 3987/6312/7464
f 3862/6157/7465 3865/6313/7466 4283/6314/7467 4282/6315/7468
s 243
f 3864/6316/7469 3863/6317/7470 3996/6318/7471 3995/5659/7472
s 247
f 3865/6313/7473 3864/6319/7474 3992/6320/7475 3991/6321/7476
s 241
f 3866/6154/7477 3869/6322/7478 3997/6323/7479 3996/6318/7480
s 237
f 3869/6322/7481 3868/6147/7482 3931/6324/7483 3930/6325/7484
f 3870/6142/7264 3873/6326/7485 4306/6327/7486 4305/6254/7400
f 3872/6328/7487 3871/6141/7263 3935/6252/7398 3934/6329/7488
f 3873/6326/7485 3872/6328/7487 4000/6330/7489 3999/6331/7490
f 3874/6136/7258 3877/6332/7491 3937/6333/7492 3936/6251/7397
f 3876/6334/7493 3875/6135/7257 3941/6250/7396 3940/6335/7494
f 3877/6332/7491 3876/6334/7493 4004/6336/7495 4003/6337/7496
f 3878/6117/7235 3881/6338/7497 3939/6339/7498 3938/6249/7395
f 3880/6340/7499 3879/6116/7234 3943/6341/7500 3942/6342/7501
f 3881/6338/7497 3880/6340/7499 4008/6343/7502 4007/6344/7503
f 3882/6097/7211 3885/6345/7504 4154/6346/7505 4153/6245/7389
f 3884/6347/7506 3883/6096/7210 3947/6241/7382 3946/6348/7507
f 3885/6345/7504 3884/6347/7506 4012/6349/7508 4011/6350/7509
f 3886/6088/7201 3889/6351/7510 3949/6352/7511 3948/6240/7381
f 3889/6351/7510 3888/6080/7189 4016/6353/7512 4015/6354/7513
f 3890/6355/7514 3893/6078/7187 4024/6356/7515 4023/5985/7053
f 3891/6357/7516 3890/6355/7514 4022/5984/7052 4021/5919/6969
f 3892/6079/7188 3891/6357/7516 4017/5918/6968 4016/6353/7512
s 320
f 3895/6358/7517 3894/6230/7518 3901/6359/7519 3900/6360/7520
s 237
f 3896/6076/7185 3895/6358/7521 4025/6361/7522 4024/6356/7515
s off
f 3899/6362/7523 3901/6359/7524 3907/6239/7525 3909/6363/7526
s 323
f 3900/6360/7527 3899/6362/7528 3906/6364/7529 3905/6365/7530
s off
f 3902/6366/7531 3906/6364/7532 3958/6367/7533 3962/6368/7534
s 323
f 3903/6369/7535 3902/6366/7536 4073/6370/7537 4072/6027/7538
s 237
f 3904/6371/7539 3903/6369/7540 4030/6026/7110 4029/5982/7050
f 3905/6365/7541 3904/6371/7539 4026/5986/7054 4025/6361/7522
s 324
f 3909/6363/7542 3908/6238/7543 3959/6274/7544 3958/6367/7545
s 239
f 3912/6216/7344 3911/6207/7335 4031/6283/7435 4034/6277/7429
f 3914/6211/7339 3917/6372/7546 4037/6373/7547 4036/6285/7437
f 3916/6374/7548 3915/6210/7338 4171/6200/7328 4170/6375/7549
f 3917/6372/7546 3916/6374/7548 4173/6376/7550 4176/6377/7551
f 3918/6191/7319 3921/6167/7295 4041/6299/7451 4040/6293/7445
f 3924/6171/7299 3923/6159/7287 4043/6307/7459 4046/6301/7453
f 3926/6163/7291 3929/6378/7552 4049/6379/7553 4048/6309/7461
f 3928/6380/7554 3927/6162/7290 4289/5805/6820 4292/6261/7409
f 3929/6378/7552 3928/6380/7554 4285/6260/7408 4288/6381/7555
s 237
f 3930/6325/7484 3933/6382/7556 4053/6383/7557 4052/6384/7558
f 3932/6385/7559 3931/6324/7483 4302/6146/7269 4301/6256/7402
f 3933/6382/7556 3932/6385/7559 4308/6255/7401 4307/6386/7560
f 3934/6329/7488 3937/6333/7492 4057/6387/7561 4056/6388/7562
f 3940/6335/7494 3939/6339/7498 4059/6389/7563 4062/6390/7564
f 3942/6342/7501 3945/6391/7565 4065/6392/7566 4064/6393/7567
f 3944/6394/7568 3943/6341/7500 4163/6114/7232 4162/6395/7569
f 3945/6391/7565 3944/6394/7568 4149/6396/7570 4152/6397/7571
f 3946/6348/7507 3949/6352/7511 4069/6398/7572 4068/6399/7573
s off
f 3950/6400/7574 3952/6401/7575 4071/6028/7576 4073/6370/7577
s 324
f 3951/6402/7578 3950/6400/7579 3962/6368/7580 3961/6053/7581
s 325
f 3952/6401/7582 3951/6402/7583 3954/6052/7584 3953/6022/7585
f 3957/6023/7586 3956/6009/7587 4075/6056/7588 4074/6057/7589
s 239
f 3971/5900/6943 3974/6280/7432 4080/6403/7590 4079/5909/6952
f 3975/6288/7440 3978/5637/6613 4078/5910/6953 4077/6404/7591
f 3977/5638/6614 3976/6287/7439 4082/6405/7592 4081/5678/6660
f 3979/6296/7448 3982/5644/6620 4194/6406/7593 4193/6407/7594
f 3981/5645/6621 3980/6295/7447 4086/6408/7595 4085/5683/6665
f 3983/6304/7456 3986/5848/6880 4088/5684/6666 4087/6409/7596
f 3985/5849/6881 3984/6303/7455 4092/6410/7597 4091/5854/6887
f 3987/6312/7464 3990/5778/6785 4090/5855/6888 4089/6411/7598
f 3989/5779/6786 3988/6311/7463 4094/6412/7599 4093/5789/6796
f 3991/6321/7600 3994/6413/7601 4279/6414/7602 4278/6415/7603
s 237
f 3998/5660/7604 3997/6323/7605 4052/6384/7558 4051/6416/7606
f 3999/6331/7490 4002/5801/6816 4310/6417/7607 4309/6418/7608
f 4001/5802/6817 4000/6330/7489 4056/6388/7562 4055/6419/7609
f 4003/6337/7496 4006/5860/6898 4058/6420/7610 4057/6387/7561
f 4005/5861/6899 4004/6336/7495 4062/6390/7564 4061/6421/7611
f 4007/6344/7503 4010/5665/6647 4060/6422/7612 4059/6389/7563
f 4009/5666/6648 4008/6343/7502 4064/6393/7567 4063/6423/7613
f 4011/6350/7509 4014/5673/6655 4146/6424/7614 4145/6425/7615
f 4013/5674/6656 4012/6349/7508 4068/6399/7573 4067/6426/7616
f 4015/6354/7513 4018/5917/6967 4070/6427/7617 4069/6398/7572
s 239
f 4033/6278/7430 4032/6282/7434 4077/6404/7591 4080/6403/7590
f 4035/6286/7438 4038/6428/7618 4083/6429/7619 4082/6405/7592
f 4038/6428/7618 4037/6373/7547 4181/6430/7620 4184/6431/7621
f 4039/6294/7446 4042/6298/7450 4087/6409/7596 4086/6408/7595
f 4045/6302/7454 4044/6306/7458 4089/6411/7598 4092/6410/7597
f 4047/6310/7462 4050/6432/7622 4095/6433/7623 4094/6412/7599
f 4050/6432/7622 4049/6379/7553 4281/6434/7624 4284/6435/7625
s 237
f 4051/6416/7606 4054/6436/7626 4099/6437/7627 4098/5655/6633
f 4054/6436/7626 4053/6383/7557 4312/6438/7628 4311/6439/7629
f 4055/6419/7609 4058/6420/7610 4103/5858/6896 4102/5803/6818
f 4061/6421/7611 4060/6422/7612 4105/5663/6645 4108/5862/6900
f 4063/6423/7613 4066/6440/7630 4111/6441/7631 4110/5667/6649
f 4066/6440/7630 4065/6392/7566 4141/6442/7632 4144/6443/7633
f 4067/6426/7616 4070/6427/7617 4115/5915/6965 4114/5675/6657
s 239
f 4084/5679/6661 4083/6429/7619 4189/6444/7634 4192/6445/7635
f 4096/5790/6797 4095/6433/7623 4277/6446/7636 4280/6447/7637
s 237
f 4100/5688/6670 4099/6437/7627 4316/6448/7638 4315/6449/7639
f 4112/5694/6677 4111/6441/7631 4133/6450/7640 4136/6451/7641
s 236
f 4118/6452/7642 4117/6453/7643 4208/5561/7644 4207/6454/7645
s 235
f 4119/6455/7646 4118/6456/7647 4124/6457/7648 4123/5698/7649
s 237
f 4120/5547/7650 4119/6455/7651 4128/5697/6680 4127/6458/7652
s 236
f 4121/6459/7653 4124/6460/7654 4211/6461/7655 4210/5508/7656
s 237
f 4126/6462/7657 4125/5696/6679 4136/6451/7641 4135/6463/7658
f 4127/6458/7652 4126/6462/7657 4132/6464/7659 4131/5548/6492
f 4129/5563/6515 4132/6464/7659 4139/6465/7660 4138/5670/6652
f 4134/6466/7661 4133/6450/7640 4144/6443/7633 4143/6467/7662
f 4135/6463/7658 4134/6466/7661 4140/6468/7663 4139/6465/7660
f 4137/5671/6653 4140/6468/7663 4147/6469/7664 4146/6424/7614
f 4142/6470/7665 4141/6442/7632 4152/6397/7571 4151/6471/7666
f 4143/6467/7662 4142/6470/7665 4148/6472/7667 4147/6469/7664
f 4145/6425/7615 4148/6472/7667 4155/6473/7668 4154/6346/7505
f 4150/6474/7669 4149/6396/7570 4158/6475/7670 4157/6247/7391
f 4151/6471/7666 4150/6474/7669 4156/6246/7390 4155/6473/7668
f 4159/6476/7671 4158/6475/7670 4162/6395/7569 4161/6477/7672
f 4160/6248/7392 4159/6476/7671 4215/6478/7673 4214/6479/7674
f 4161/6477/7672 4164/6113/7231 4227/6128/7675 4226/6480/7676
s 239
f 4165/6269/7418 4168/6481/7677 4239/6482/7678 4238/6483/7679
f 4167/6484/7680 4166/6268/7417 4174/6485/7681 4173/6376/7550
f 4168/6481/7677 4167/6484/7680 4170/6375/7549 4169/6486/7682
f 4169/6486/7682 4172/6199/7327 4243/6487/7683 4242/6488/7684
f 4175/6489/7685 4174/6485/7681 4180/6267/7416 4179/6490/7686
f 4176/6377/7551 4175/6489/7685 4182/6491/7687 4181/6430/7620
f 4179/6490/7686 4178/6187/7315 4185/6291/7443 4188/6492/7688
f 4183/6493/7689 4182/6491/7687 4188/6492/7688 4187/6494/7690
f 4184/6431/7621 4183/6493/7689 4190/6495/7691 4189/6444/7634
f 4187/6494/7690 4186/6290/7442 4193/6407/7594 4196/6496/7692
f 4191/6497/7693 4190/6495/7691 4196/6496/7692 4195/6498/7694
f 4192/6445/7635 4191/6497/7693 4198/6499/7695 4197/5680/6662
f 4195/6498/7694 4194/6406/7593 4201/5642/6618 4204/6500/7696
f 4199/6501/7697 4198/6499/7695 4204/6500/7696 4203/6502/7698
f 4200/5681/6663 4199/6501/7697 4206/6503/7699 4205/5560/7700
f 4203/6502/7698 4202/5641/6617 4209/5509/7701 4212/6504/7702
s 238
f 4207/6454/7703 4206/6503/7704 4212/6504/7705 4211/6461/7706
s 310
f 4213/6505/7707 4216/6506/7708 4237/6507/7709 4240/6508/7710
s 244
f 4214/6479/7711 4213/6505/7712 4224/6509/7713 4223/6243/7714
f 4216/6506/7715 4215/6478/7716 4226/6480/7717 4225/6510/7718
s 310
f 4217/6511/7719 4220/6512/7720 4225/6510/7721 4228/6127/7722
s 294
f 4218/6265/7723 4217/6511/7724 4235/6126/7725 4234/6184/7726
f 4220/6512/7727 4219/6264/7728 4238/6483/7729 4237/6507/7730
s 310
f 4221/6108/7731 4224/6509/7732 4241/6513/7733 4244/6514/7734
f 4231/6086/7735 4230/6104/7736 4253/6515/7737 4256/5922/7738
s 294
f 4233/6185/7739 4236/6125/7740 4250/6516/7741 4249/6262/7742
f 4240/6508/7743 4239/6482/7744 4242/6488/7745 4241/6513/7746
f 4244/6514/7747 4243/6487/7748 4246/6197/7749 4245/6109/7750
f 4248/6110/7751 4247/6196/7752 4254/6270/7753 4253/6515/7754
s 310
f 4251/5845/7755 4250/6516/7756 4257/6130/7757 4260/5828/7758
s 237
f 4261/5728/6718 4264/5690/6672 4315/6449/7639 4314/5798/6813
s 236
f 4266/6517/7759 4265/6518/7760 4272/5796/7761 4271/5479/7762
s 239
f 4270/5480/7763 4269/5795/7764 4276/5792/6799 4275/5649/6625
f 4274/5650/6626 4273/5791/6798 4280/6447/7637 4279/6414/7602
f 4278/6415/7603 4277/6446/7636 4284/6435/7625 4283/6314/7467
f 4282/6315/7468 4281/6434/7624 4288/6381/7555 4287/6150/7276
s 279
f 4294/5464/7765 4293/5771/7766 4300/5760/7767 4299/5453/7768
s 237
f 4298/5454/7769 4297/5759/7770 4304/6257/7403 4303/6145/7268
f 4307/6386/7560 4306/6327/7486 4309/6418/7608 4312/6438/7628
f 4311/6439/7629 4310/6417/7607 4313/5799/6814 4316/6448/7638
f 3270/5404/7771 3274/5407/6323 3677/5420/6326 3284/5409/7772
s 239
f 3382/5424/7773 3680/5427/6337 3280/5425/6336 3276/5421/7774
s 236
f 3277/5403/7775 3279/5413/6317 3275/5412/6316 3269/5400/7776
s 243
f 3286/5437/7777 3303/5440/7778 3397/5447/6365 3289/5441/6364
s off
f 3278/6519/7779 3271/5408/7780 3283/5410/7781 3381/5432/7782
s 237
f 3311/5494/6435 3500/5506/6438 3324/5495/6425 3307/5491/6424
s 239
f 3314/5510/6443 3393/5512/6446 3415/5515/6453 3318/5513/6452
s 236
f 3306/5487/6415 3315/5490/6418 3317/5499/6429 3312/5498/6428
s 237
f 3331/5537/6490 4130/5549/6493 3344/5538/6480 3327/5534/6479
s 239
f 3334/5553/6498 3389/5555/6501 3411/5558/6508 3338/5556/6507
s 236
f 3326/5530/6470 3335/5533/6473 3337/5542/6484 3332/5541/6483
s 237
f 3351/5580/6545 3635/5592/6548 3362/5581/6535 3347/5577/6534
s 239
f 3354/5596/6553 3385/5598/6556 3688/5601/6563 3358/5599/6562
s 236
f 3346/5573/6525 3355/5576/6528 3357/5585/6539 3352/5584/6538
s 237
f 3369/5611/6589 3696/5623/6592 3380/5612/6579 3365/5608/6578
s 239
f 3372/5624/6593 3383/5626/6596 3699/5629/6603 3376/5627/6602
s 236
f 3364/5605/6569 3373/5607/6572 3375/5616/6583 3370/5615/6582
s 243
f 3745/5457/6397 3299/5466/6396 3296/5459/7783 3293/5455/7784
s 237
f 3288/5442/6359 3421/5445/6362 4267/5435/6675 3287/5434/7785
f 4298/5454/7769 4303/6145/7268 3746/5456/7267 3292/5451/7786
s 279
f 4294/5464/7765 4299/5453/7768 3294/5452/7787 3295/5461/7788
s 239
f 3298/5468/6391 3810/5471/6394 4295/5463/7406 3297/5462/7789
f 4270/5480/7763 4275/5649/6625 3398/5648/6624 3302/5477/7790
s 236
f 4266/6517/7759 4271/5479/7762 3304/5478/7791 3285/6520/7792
s 237
f 3434/5706/6702 3441/5718/6705 3445/5733/6723 3492/5707/6731
f 3506/5744/6857 3803/5836/6860 3742/5746/6738 3447/5741/6737
s 279
f 3513/5763/6863 3507/5743/6862 3450/5742/6744 3455/5752/6747
s 239
f 3458/5761/6768 3485/5767/6771 3814/5810/6825 3514/5762/6877
f 3529/5794/6889 3522/5775/6782 3466/5774/6781 3471/5784/6791
s 236
f 3491/5818/6837 3530/5793/6840 3474/5711/6696 3431/5710/6695
s 237
f 3343/5539/6481 3429/5568/6520 3546/5528/6689 3328/5527/6478
s 239
f 3569/5552/6954 3562/5634/6610 3390/5554/6500 3333/5550/6499
s 236
f 3545/5882/6923 3570/5551/6926 3336/5532/6472 3325/5531/6471
s 237
f 3544/5871/6920 3551/5881/6922 3555/5889/6931 3589/5872/6939
s 239
f 3612/5913/7039 3605/5907/6950 3559/5904/6947 3565/5906/6949
s 236
f 3588/5949/7008 3613/5912/7011 3568/5876/6914 3541/5875/6913
s 237
f 3587/5938/7005 3594/5948/7007 3598/5956/7016 3625/5939/7024
s 239
f 3648/5980/7095 3641/5974/7035 3602/5971/7032 3608/5973/7034
s 236
f 3624/5994/7066 3649/5979/7069 3611/5943/6999 3584/5942/6998
s 237
f 3348/5570/6533 3361/5582/6536 3693/6041/7133 3662/5571/7132
s 239
f 3669/5595/7143 3694/6048/7146 3386/5597/6555 3353/5593/6554
s 236
f 3661/6038/7127 3670/5594/7130 3356/5575/6527 3345/5574/6526
s 237
f 3678/5419/6325 3273/5415/6324 3366/5418/6577 3379/5613/6580
s 239
f 3281/5426/6335 3679/5428/6338 3384/5625/6595 3371/5429/6594
s 236
f 3272/5411/6315 3282/5414/6318 3374/5430/6571 3363/5606/6570
s 237
f 3626/5963/7023 3597/5960/7020 3631/5962/7022 3622/5990/7064
s 236
f 3621/5987/7055 3646/5989/7058 3650/5996/7068 3627/5995/7067
s 239
f 3645/6015/7090 3637/6011/7086 3642/6013/7088 3651/6019/7096
s 237
f 3623/5590/7063 3630/5993/7065 3632/5591/6547 3350/5587/6546
s 239
f 3359/5600/6561 3687/5602/6564 3638/6014/7089 3644/5603/7091
s 236
f 3349/5583/6537 3360/5586/6540 3647/5604/7057 3620/5988/7056
s 237
f 3663/6035/7131 3692/6042/7134 3674/6036/7125 3659/6032/7124
s 236
f 3658/6029/7115 3667/6031/7118 3671/6040/7129 3664/6039/7128
s 239
f 3666/6043/7135 3675/6045/7138 3695/6047/7145 3672/6046/7144
s 237
f 3660/5621/7123 3673/6037/7126 3697/5622/6591 3368/5618/6590
s 239
f 3377/5628/6601 3698/5630/6604 3676/6044/7137 3665/5631/7136
s 236
f 3367/5614/6581 3378/5617/6584 3668/5632/7117 3657/6030/7116
s 237
f 3590/5896/6938 3554/5893/6935 3595/5895/6937 3586/5945/7006
s 236
f 3585/5941/6997 3610/5944/7000 3614/5951/7010 3591/5950/7009
s 239
f 3609/5972/7033 3601/5968/7029 3606/5970/7031 3615/5978/7040
s 237
f 3653/5999/7072 3690/6002/7793 3633/6000/7073 3629/5997/7070
f 4027/5959/7019 3654/5998/7071 3628/5961/7021 3596/5957/7017
f 3616/5954/7014 4028/5958/7018 3599/5955/7015 3593/5952/7012
f 4019/5892/6934 3617/5953/7013 3592/5894/6936 3553/5890/6932
f 3575/5887/6929 4020/5891/6933 3556/5888/6930 3550/5885/6927
f 3409/5566/6518 4113/5676/6658 3430/5567/6519 3342/5564/6516
f 4129/5563/6515 4138/5670/6652 3410/5565/6517 3341/5562/6514
f 3499/5520/6460 4106/5662/6644 3406/5522/6462 3321/5519/6459
f 3481/5731/6721 4101/5735/6725 3446/5732/6722 3440/5729/6719
f 3399/5450/6631 4097/5656/6634 3422/5444/6361 3291/5443/6360
s 243
f 3290/5446/6363 3396/5448/6366 3993/5653/6637 3400/5449/6636
s 239
f 3395/5647/6623 4274/5650/6626 4279/6414/7602 3994/6413/7601
f 3521/5776/6783 4090/5855/6888 3990/5778/6785 3463/5773/6780
f 3981/5645/6621 4085/5683/6665 3416/5646/6622 3392/5643/6619
f 4081/5678/6660 3412/5639/6615 3388/5636/6612 3977/5638/6614
f 3387/5633/6609 3561/5635/6611 4078/5910/6953 3978/5637/6613
f 3700/5977/7038 3972/5899/6942 3560/5898/6941 3604/5908/6951
f 3963/5967/7028 3701/5976/7037 3607/5969/7030 3600/5964/7025
f 3681/6018/7094 3964/5966/7027 3603/5965/7026 3640/5975/7036
f 3955/6010/7085 3682/6017/7093 3643/6012/7087 3636/6007/7082
f 4075/6056/7794 3956/6009/7084 3639/6008/7083 3686/6016/7092
f 3780/6225/7795 3832/6226/7421 3839/6233/7368 3783/6227/7367
f 3831/5933/7422 3580/5929/6982 3777/5931/6984 3840/6221/7349
f 3771/6203/7331 3910/6208/7336 3827/6204/7332 3769/6201/7329
f 4171/6200/7328 3915/6210/7338 3772/6202/7330 3768/6198/7326
f 3759/6174/7302 3818/6177/7305 3919/6190/7318 3764/6179/7307
f 3922/6160/7288 3815/5809/6824 3484/5806/6821 3751/5808/6823
f 3747/5476/7274 4286/6151/7277 3811/5470/6393 3301/5469/6392
s 243
f 3867/6148/7280 3748/6153/7279 3300/5472/6395 3744/5473/6398
s 237
f 3743/6144/7266 4302/6146/7269 3931/6324/7483 3868/6147/7482
f 3739/6138/7260 3802/6139/7261 3935/6252/7398 3871/6141/7263
f 3938/6249/7395 3799/6119/7237 3728/6115/7233 3878/6117/7235
f 4153/6245/7389 3795/6099/7213 3720/6095/7209 3882/6097/7211
f 3719/6091/7205 3790/6094/7208 3947/6241/7382 3883/6096/7210
f 3715/6073/7200 3706/6070/7175 3710/6072/7178 3887/6081/7190
f 3705/6067/7176 3788/6069/7796 3897/6075/7184 3711/6071/7177
s 239
f 3908/6238/7797 3785/6235/7370 3836/6237/7372 3959/6274/7426
f 3784/6232/7366 3838/6234/7369 3968/6272/7424 3837/6236/7371
f 3841/6220/7348 3776/6217/7345 3844/6219/7347 3969/6275/7427
f 3846/6213/7341 4031/6283/7435 3911/6207/7335 3774/6206/7334
f 3914/6211/7339 4036/6285/7437 3847/6212/7340 3773/6209/7337
f 3765/6189/7317 3918/6191/7319 4040/6293/7445 3851/6192/7320
f 4043/6307/7459 3923/6159/7287 3754/6158/7286 3858/6165/7293
f 3862/6157/7465 4282/6315/7468 4287/6150/7276 3750/6149/7275
s 243
f 3996/6318/7471 3863/6317/7470 3749/6152/7278 3866/6154/7281
s 237
f 3869/6322/7481 3930/6325/7484 4052/6384/7558 3997/6323/7605
f 3872/6328/7487 3934/6329/7488 4056/6388/7562 4000/6330/7489
f 4059/6389/7563 3939/6339/7498 3881/6338/7497 4007/6344/7503
f 4145/6425/7615 4154/6346/7505 3885/6345/7504 4011/6350/7509
f 3884/6347/7506 3946/6348/7507 4068/6399/7573 4012/6349/7508
f 3888/6080/7189 3709/6077/7186 3892/6079/7188 4016/6353/7512
f 3708/6074/7183 3896/6076/7185 4024/6356/7515 3893/6078/7187
f 3895/6358/7521 3900/6360/7798 3905/6365/7541 4025/6361/7522
s 239
f 3951/6402/7799 3961/6053/7151 3683/6051/7149 3954/6052/7150
f 3960/6054/7152 3835/6273/7425 3965/6050/7148 3684/6049/7147
f 3834/6271/7423 3967/6062/7165 3702/6060/7163 3966/6061/7164
f 3970/6063/7166 3843/6279/7431 3973/6059/7162 3703/6058/7161
f 3975/6288/7440 4077/6404/7591 4032/6282/7434 3849/6281/7433
f 4035/6286/7438 4082/6405/7592 3976/6287/7439 3848/6284/7436
f 3852/6292/7444 4039/6294/7446 4086/6408/7595 3980/6295/7447
f 4089/6411/7598 4044/6306/7458 3861/6305/7457 3987/6312/7464
f 3991/6321/7600 4278/6415/7603 4283/6314/7467 3865/6313/7466
s 243
f 3401/5657/6635 3992/5658/6638 3864/6316/7469 3995/5659/7472
s 237
f 3998/5660/7604 4051/6416/7606 4098/5655/6633 3402/5654/6632
f 4001/5802/6817 4055/6419/7609 4102/5803/6818 3480/5800/6815
f 4105/5663/6645 4060/6422/7612 4010/5665/6647 3403/5661/6643
f 4137/5671/6653 4146/6424/7614 4014/5673/6655 3407/5669/6651
f 4013/5674/6656 4067/6426/7616 4114/5675/6657 3408/5672/6654
f 4017/5918/6968 3891/6357/7516 4021/5919/6969 3574/5916/6966
f 3890/6355/7514 4023/5985/7053 3618/5983/7051 4022/5984/7052
f 4026/5986/7054 3904/6371/7539 4029/5982/7050 3619/5981/7049
f 3903/6369/7540 4072/6027/7800 3655/6025/7109 4030/6026/7110
s off
f 3781/6223/7801 3782/6228/7802 3898/6231/7803 3787/6224/7804
f 3906/6364/7805 3899/6362/7806 3909/6363/7807 3958/6367/7808
f 3952/6401/7809 3953/6022/7810 3656/6021/7811 4071/6028/7812
f 3634/6001/7813 3689/6003/7814 4076/6055/7815 3685/6005/7816
f 3957/6023/7817 4074/6057/7818 3691/6024/7819 3652/6020/7820
f 3962/6368/7821 3950/6400/7822 4073/6370/7823 3902/6366/7824
f 3786/6229/7825 3907/6239/7826 3901/6359/7827 3894/6230/7828
s 304
f 3789/6068/7829 3704/6064/7167 3833/6066/7170 3779/6222/7830
s off
f 3578/5921/7831 3582/5925/7832 3718/5936/7833 3713/6083/7834 3268/6521/7835
s 304
f 3707/6065/7168 3714/5935/7836 3581/5932/7837 3830/5934/7169
s off
f 3382/5431/7838 3284/5409/7839 3635/5592/7840 3688/6006/7841
s 237
f 3323/5496/6426 3425/5525/6465 4122/5485/6682 3308/5484/6423
f 3405/5523/6463 4109/5668/6650 3426/5524/6464 3322/5521/6461
f 4009/5666/6648 4063/6423/7613 4110/5667/6649 3404/5664/6646
f 3880/6340/7499 3942/6342/7501 4064/6393/7567 4008/6343/7502
f 3727/6111/7229 4163/6114/7232 3943/6341/7500 3879/6116/7234
s 239
f 3763/6180/7308 4177/6188/7316 3823/6182/7310 3760/6178/7306
f 3850/6193/7321 4185/6291/7443 4178/6187/7315 3766/6186/7314
f 3979/6296/7448 4193/6407/7594 4186/6290/7442 3853/6289/7441
f 3391/5640/6616 4201/5642/6618 4194/6406/7593 3982/5644/6620
f 4209/5509/7701 4202/5641/6617 3394/5511/6445 3313/5507/6444
s 236
f 4121/6459/7653 4210/5508/7656 3316/5489/6417 3305/5488/6416
s 237
f 4123/5698/6681 3424/5695/6678 4128/5697/6680 4119/6455/7651
s 236
f 4118/6452/7642 4207/6454/7645 4211/6461/7655 4124/6460/7654
s 239
f 4206/6503/7699 4199/6501/7697 4203/6502/7698 4212/6504/7702
f 4195/6498/7694 4204/6500/7696 4198/6499/7695 4191/6497/7693
f 4187/6494/7690 4196/6496/7692 4190/6495/7691 4183/6493/7689
f 4179/6490/7686 4188/6492/7688 4182/6491/7687 4175/6489/7685
f 3824/6266/7415 4180/6267/7416 4174/6485/7681 4166/6268/7417
s 237
f 3944/6394/7568 4162/6395/7569 4158/6475/7670 4149/6396/7570
f 4065/6392/7566 3945/6391/7565 4152/6397/7571 4141/6442/7632
f 4111/6441/7631 4066/6440/7630 4144/6443/7633 4133/6450/7640
f 3423/5693/6676 4112/5694/6677 4136/6451/7641 4125/5696/6679
f 4120/5547/7650 4127/6458/7652 4131/5548/6492 3330/5544/6491
f 4126/6462/7657 4135/6463/7658 4139/6465/7660 4132/6464/7659
f 4134/6466/7661 4143/6467/7662 4147/6469/7664 4140/6468/7663
f 4142/6470/7665 4151/6471/7666 4155/6473/7668 4148/6472/7667
f 4150/6474/7669 4157/6247/7391 3796/6244/7388 4156/6246/7390
s 239
f 4167/6484/7680 4173/6376/7550 3916/6374/7548 4170/6375/7549
f 4176/6377/7551 4181/6430/7620 4037/6373/7547 3917/6372/7546
f 4184/6431/7621 4189/6444/7634 4083/6429/7619 4038/6428/7618
f 4192/6445/7635 4197/5680/6662 3413/5677/6659 4084/5679/6661
f 3339/5557/6506 3414/5559/6509 4200/5681/6663 4205/5560/7700
s 236
f 3329/5540/6482 3340/5543/6485 4208/5561/7644 4117/6453/7643
s 237
f 4229/6105/7383 3791/6093/7207 3722/6092/7206 3723/6102/7216
f 4222/6107/7387 3724/6101/7215 3721/6098/7212 3794/6100/7214
f 4214/6479/7674 4223/6243/7386 3797/6242/7385 4160/6248/7392
f 4226/6480/7676 4215/6478/7673 4159/6476/7671 4161/6477/7672
f 3732/6122/7240 4227/6128/7675 4164/6113/7231 3730/6112/7230
s 239
f 4249/6262/7410 3819/6176/7304 3762/6175/7303 4233/6185/7313
f 3761/6181/7309 3822/6183/7311 4218/6265/7414 4234/6184/7312
f 4238/6483/7679 4219/6264/7413 3825/6263/7412 4165/6269/7418
f 4242/6488/7684 4239/6482/7678 4168/6481/7677 4169/6486/7682
f 4246/6197/7325 4243/6487/7683 4172/6199/7327 3767/6194/7322
f 3770/6195/7323 3826/6205/7333 4254/6270/7420 4247/6196/7324
s 237
f 3733/6121/7239 3729/6118/7236 3798/6120/7238 4258/6129/7394
s 310
f 4253/6515/7737 4230/6104/7736 3726/6103/7225 4248/6110/7228
f 3725/6106/7226 4221/6108/7731 4244/6514/7734 4245/6109/7227
f 4224/6509/7732 4213/6505/7707 4240/6508/7710 4241/6513/7733
f 4216/6506/7708 4225/6510/7721 4220/6512/7720 4237/6507/7709
f 4228/6127/7722 3731/6123/7241 4235/6126/7244 4217/6511/7719
f 4257/6130/7757 4250/6516/7756 4236/6125/7243 3734/6124/7242
s 237
f 3493/5740/6730 3444/5737/6727 3498/5739/6729 3489/5814/6835
s 236
f 3488/5811/6826 3527/5813/6829 3531/5820/6839 3494/5819/6838
s 239
f 3526/5853/6885 3519/5850/6882 3523/5852/6884 3532/5856/6890
f 3985/5849/6881 4091/5854/6887 3524/5851/6883 3518/5847/6879
f 3856/6300/7452 4045/6302/7454 4092/6410/7597 3984/6303/7455
f 3757/6169/7297 3924/6171/7299 4046/6301/7453 3855/6172/7300
f 3537/5863/6901 3816/5864/6902 3925/6170/7298 3756/5866/6904
f 3515/5840/6876 3817/5846/6878 3540/5842/6871 3510/5838/6870
s 279
f 3512/5839/7842 3267/6522/7843 3505/5827/7844 3508/5834/6861 3516/5837/6864
s 237
f 3504/5830/6850 3737/5832/6853 3804/5835/6859 3509/5833/6858
f 3936/6251/7397 3805/6137/7259 3736/6134/7256 3874/6136/7258
f 4057/6387/7561 3937/6333/7492 3877/6332/7491 4003/6337/7496
f 4103/5858/6896 4058/6420/7610 4006/5860/6898 3533/5857/6895
f 3443/5734/6724 4104/5736/6726 3536/5822/6842 3495/5738/6728
f 3437/5716/6714 4262/5726/6716 3442/5717/6704 3433/5713/6703
s 236
f 3432/5709/6694 3473/5712/6697 3475/5721/6708 3438/5720/6707
s 239
f 3472/5783/6790 3465/5780/6787 3467/5782/6789 3476/5787/6794
f 4093/5789/6796 3468/5781/6788 3464/5777/6784 3989/5779/6786
f 4047/6310/7462 4094/6412/7599 3988/6311/7463 3860/6308/7460
f 3926/6163/7291 4048/6309/7461 3859/6164/7292 3753/6161/7289
f 4289/5805/6820 3927/6162/7290 3752/5807/6822 3483/5804/6819
f 3459/5765/6772 4290/5770/6775 3486/5766/6770 3457/5764/6769
s 279
f 3456/5751/6746 3449/5748/6745 3451/5750/6748 3460/5755/6751
s 237
f 3448/5745/6736 3741/5747/6739 3806/5757/6754 3452/5749/6753
f 4305/6254/7400 3807/6143/7265 3740/6140/7262 3870/6142/7264
f 4309/6418/7608 4306/6327/7486 3873/6326/7485 3999/6331/7490
f 4313/5799/6814 4310/6417/7607 4002/5801/6816 3479/5797/6812
f 4261/5728/6718 4314/5798/6813 3482/5730/6720 3439/5727/6717
f 4268/5692/6674 3420/5689/6671 4263/5691/6673 3436/5723/6715
f 3419/5687/6669 4100/5688/6670 4315/6449/7639 4264/5690/6672
f 4099/6437/7627 4054/6436/7626 4311/6439/7629 4316/6448/7638
f 4053/6383/7557 3933/6382/7556 4307/6386/7560 4312/6438/7628
f 3932/6385/7559 4301/6256/7402 3808/6253/7399 4308/6255/7401
f 3453/5756/6752 3809/5758/6755 4304/6257/7403 4297/5759/7770
s 279
f 3461/5754/6750 3454/5753/6749 4300/5760/7767 4293/5771/7766
s 239
f 4296/5772/7405 3813/6258/7404 4291/5769/6774 3462/5768/6773
f 3812/6259/7407 4285/6260/7408 3928/6380/7554 4292/6261/7409
f 4288/6381/7555 4281/6434/7624 4049/6379/7553 3929/6378/7552
f 4284/6435/7625 4277/6446/7636 4095/6433/7623 4050/6432/7622
f 4280/6447/7637 4273/5791/6798 3469/5788/6795 4096/5790/6797
f 3477/5786/6793 3470/5785/6792 4276/5792/6799 4269/5795/7764
s 236
f 3435/5719/6706 3478/5722/6709 4272/5796/7761 4265/6518/7760
s 237
f 3490/5504/6834 3497/5817/6836 3501/5505/6437 3310/5501/6436
f 3535/5823/6843 4107/5825/6845 3502/5824/6844 3496/5821/6841
f 4005/5861/6899 4061/6421/7611 4108/5862/6900 3534/5859/6897
f 3876/6334/7493 3940/6335/7494 4062/6390/7564 4004/6336/7495
f 3735/6131/7253 3800/6133/7255 3941/6250/7396 3875/6135/7257
f 4259/5829/7393 3801/6132/7254 3738/5831/6852 3503/5826/6851
s 310
f 3512/5839/7845 4251/5845/7755 4260/5828/7758 3505/5827/7846
s 239
f 3511/5841/6869 3539/5843/6872 3820/5869/6907 4252/5844/7411
f 3920/6168/7296 3821/5868/6906 3538/5865/6903 3755/5867/6905
f 4041/6299/7451 3921/6167/7295 3758/6166/7294 3854/6173/7301
f 4087/6409/7596 4042/6298/7450 3857/6297/7449 3983/6304/7456
f 3417/5682/6664 4088/5684/6666 3986/5848/6880 3517/5685/6667
f 3319/5514/6451 3418/5516/6454 3520/5686/6668 3525/5517/6886
s 236
f 3309/5497/6427 3320/5500/6430 3528/5518/6828 3487/5812/6827
s 237
f 3547/5704/6688 3428/5701/6685 3552/5703/6687 3543/5878/6921
s 236
f 3542/5874/6912 3567/5877/6915 3571/5884/6925 3548/5883/6924
s 239
f 3566/5905/6948 3558/5901/6944 3563/5903/6946 3572/5911/6955
f 4079/5909/6952 3564/5902/6945 3557/5897/6940 3971/5900/6943
f 4033/6278/7430 4080/6403/7590 3974/6280/7432 3842/6276/7428
f 3912/6216/7344 4034/6277/7429 3845/6218/7346 3775/6214/7342
f 3828/5928/6981 3913/6215/7343 3778/5930/6983 3579/5926/6978
f 4255/5923/7419 3829/5927/6980 3583/5924/6979 3577/5920/7847
s 310
f 3713/6083/7848 4231/6086/7735 4256/5922/7738 3578/5921/7849
s 237
f 3712/6082/7850 3717/6084/7202 3792/6090/7204 4232/6085/7384
f 3948/6240/7381 3793/6089/7203 3716/6087/7199 3886/6088/7201
f 4069/6398/7572 3949/6352/7511 3889/6351/7510 4015/6354/7513
f 4115/5915/6965 4070/6427/7617 4018/5917/6967 3573/5914/6964
f 3427/5699/6683 4116/5700/6684 3576/5886/6928 3549/5702/6686
s off
f 3269/5405/7851 3270/5404/7852 3271/5408/7853
s 235
f 3272/6523/6320 3273/5415/6319 3274/5407/6310 3275/5406/6309
s off
f 3276/5421/7854 3277/5403/7855 3278/5422/7856
s 238
f 3279/5413/6334 3280/5425/6333 3281/5426/6340 3282/5414/6339
s off
f 3285/5438/7857 3286/5437/7858 3287/5434/7859
s 241
f 3288/5442/6358 3289/5441/6357 3290/5446/6368 3291/5443/6367
s off
f 3292/5451/7860 3293/5455/7861 3294/5458/7862
f 3295/5460/7863 3296/5459/7864 3297/5465/7865
s 247
f 3298/5467/6390 3299/5466/6389 3300/5472/6400 3301/6524/6399
s off
f 3302/5481/7866 3303/5440/7867 3304/5439/7868
s 235
f 3305/6525/6411 3306/5492/6420 3307/5491/6419 3308/5484/6412
f 3309/6526/6432 3310/5501/6431 3311/5494/6422 3312/5493/6421
s 238
f 3313/5507/6439 3314/5510/6448 3315/5490/6447 3316/5489/6440
f 3317/5499/6450 3318/5513/6449 3319/5514/6456 3320/5500/6455
s 237
f 3321/5519/6459 3322/5521/6461 3323/5496/6426 3324/5495/6425
s 235
f 3325/6527/6466 3326/5535/6475 3327/5534/6474 3328/5527/6467
f 3329/6528/6487 3330/5544/6486 3331/5537/6477 3332/5536/6476
s 238
f 3333/5550/6494 3334/5553/6503 3335/5533/6502 3336/5532/6495
f 3337/5542/6505 3338/5556/6504 3339/5557/6511 3340/5543/6510
s 237
f 3341/5562/6514 3342/5564/6516 3343/5539/6481 3344/5538/6480
s 235
f 3345/6529/6521 3346/5578/6530 3347/5577/6529 3348/5570/6522
f 3349/6530/6542 3350/5587/6541 3351/5580/6532 3352/5579/6531
s 238
f 3353/5593/6549 3354/5596/6558 3355/5576/6557 3356/5575/6550
f 3357/5585/6560 3358/5599/6559 3359/5600/6566 3360/5586/6565
s 235
f 3363/6531/6321 3364/5609/6574 3365/5608/6573 3366/5418/6322
f 3367/6532/6586 3368/5618/6585 3369/5611/6576 3370/5610/6575
s 238
f 3371/5429/6341 3372/5624/6598 3373/5607/6597 3374/5430/6342
f 3375/5616/6600 3376/5627/6599 3377/5628/6606 3378/5617/6605
s 239
f 3387/5633/6609 3388/5636/6612 3389/5555/6501 3390/5554/6500
f 3391/5640/6616 3392/5643/6619 3393/5512/6446 3394/5511/6445
s 247
f 3395/6533/6628 3396/5448/6627 3397/5447/6410 3398/5482/6409
s 241
f 3399/5450/6370 3400/5449/6369 3401/5657/6640 3402/5654/6639
s 237
f 3403/5661/6643 3404/5664/6646 3405/5523/6463 3406/5522/6462
f 3407/5669/6651 3408/5672/6654 3409/5566/6518 3410/5565/6517
s 239
f 3411/5558/6508 3412/5639/6615 3413/5677/6659 3414/5559/6509
f 3415/5515/6453 3416/5646/6622 3417/5682/6664 3418/5516/6454
s 237
f 3419/5687/6669 3420/5689/6671 3421/5445/6362 3422/5444/6361
f 3423/5693/6676 3424/5695/6678 3425/5525/6465 3426/5524/6464
f 3427/5699/6683 3428/5701/6685 3429/5568/6520 3430/5567/6519
s 235
f 3431/5705/6690 3432/6534/6699 3433/5713/6698 3434/5706/6691
f 3435/6535/6711 3436/5723/6710 3437/5716/6701 3438/5715/6700
s 237
f 3439/5727/6717 3440/5729/6719 3441/5718/6705 3442/5717/6704
f 3443/5734/6724 3444/5737/6727 3445/5733/6723 3446/5732/6722
s 244
f 3447/5741/6732 3448/5745/6741 3449/5748/6740 3450/5742/6733
f 3451/5750/6743 3452/5749/6742 3453/5756/6757 3454/5753/6756
s 246
f 3455/5752/6760 3456/5751/6765 3457/5764/6764 3458/5761/6761
f 3459/5765/6767 3460/5755/6766 3461/5754/6777 3462/5768/6776
s 239
f 3463/5773/6780 3464/5777/6784 3465/5780/6787 3466/5774/6781
f 3467/5782/6789 3468/5781/6788 3469/5788/6795 3470/5785/6792
s 238
f 3471/5784/6800 3472/5783/6805 3473/5712/6804 3474/5711/6801
f 3475/5721/6807 3476/5787/6806 3477/5786/6809 3478/5722/6808
s 237
f 3479/5797/6812 3480/5800/6815 3481/5731/6721 3482/5730/6720
s 239
f 3483/5804/6819 3484/5806/6821 3485/5767/6771 3486/5766/6770
s 235
f 3487/6536/6433 3488/5815/6831 3489/5814/6830 3490/5504/6434
f 3491/5708/6693 3492/5707/6692 3493/5740/6833 3494/6537/6832
s 237
f 3495/5738/6728 3496/5821/6841 3497/5817/6836 3498/5739/6729
f 3499/5520/6460 3500/5506/6438 3501/5505/6437 3502/5824/6844
s 244
f 3503/6538/6846 3504/5830/6854 3505/5827/6847
f 3506/5744/6735 3507/5743/6734 3508/5834/6856 3509/5833/6855
s 246
f 3510/5838/6865 3511/5841/6873 3512/5839/6866
f 3513/5763/6763 3514/5762/6762 3515/5840/6868 3516/5837/6867
s 239
f 3517/5685/6667 3518/5847/6879 3519/5850/6882 3520/5686/6668
f 3521/5776/6783 3522/5775/6782 3523/5852/6884 3524/5851/6883
s 238
f 3525/5517/6457 3526/5853/6892 3527/5813/6891 3528/5518/6458
f 3529/5794/6803 3530/5793/6802 3531/5820/6894 3532/5856/6893
s 237
f 3533/5857/6895 3534/5859/6897 3535/5823/6843 3536/5822/6842
s 239
f 3537/5863/6901 3538/5865/6903 3539/5843/6872 3540/5842/6871
s 235
f 3541/5870/6908 3542/6539/6917 3543/5878/6916 3544/5871/6909
f 3545/5529/6469 3546/5528/6468 3547/5704/6919 3548/6540/6918
s 237
f 3549/5702/6686 3550/5885/6927 3551/5881/6922 3552/5703/6687
f 3553/5890/6932 3554/5893/6935 3555/5889/6931 3556/5888/6930
s 239
f 3557/5897/6940 3558/5901/6944 3559/5904/6947 3560/5898/6941
f 3561/5635/6611 3562/5634/6610 3563/5903/6946 3564/5902/6945
s 238
f 3565/5906/6956 3566/5905/6961 3567/5877/6960 3568/5876/6957
f 3569/5552/6497 3570/5551/6496 3571/5884/6963 3572/5911/6962
s 237
f 3573/5914/6964 3574/5916/6966 3575/5887/6929 3576/5886/6928
s 295
f 3579/5926/7869 3580/5929/6986 3581/5932/6985 3582/5925/6977 3583/5924/6976
s 235
f 3584/5937/6993 3585/6541/7002 3586/5945/7001 3587/5938/6994
f 3588/5873/6911 3589/5872/6910 3590/5896/7004 3591/6542/7003
s 237
f 3592/5894/6936 3593/5952/7012 3594/5948/7007 3595/5895/6937
f 3596/5957/7017 3597/5960/7020 3598/5956/7016 3599/5955/7015
s 239
f 3600/5964/7025 3601/5968/7029 3602/5971/7032 3603/5965/7026
f 3604/5908/6951 3605/5907/6950 3606/5970/7031 3607/5969/7030
s 238
f 3608/5973/7041 3609/5972/7046 3610/5944/7045 3611/5943/7042
f 3612/5913/6959 3613/5912/6958 3614/5951/7048 3615/5978/7047
s 237
f 3616/5954/7014 3617/5953/7013 3618/5983/7051 3619/5981/7049
s 235
f 3620/6543/6543 3621/5991/7060 3622/5990/7059 3623/5590/6544
f 3624/5940/6996 3625/5939/6995 3626/5963/7062 3627/6544/7061
s 237
f 3628/5961/7021 3629/5997/7070 3630/5993/7065 3631/5962/7022
f 3632/5591/6547 3633/6000/7073 3634/6545/7870 3635/5592/6548
s 239
f 3636/6007/7082 3637/6011/7086 3638/6014/7089 3639/6008/7083
f 3640/5975/7036 3641/5974/7035 3642/6013/7088 3643/6012/7087
s 238
f 3644/5603/6567 3645/6015/7098 3646/5989/7097 3647/5604/6568
f 3648/5980/7044 3649/5979/7043 3650/5996/7100 3651/6019/7099
s 302
f 3652/6020/7106 3653/5999/7105 3654/5998/7871 3655/6025/7112 3656/6021/7111
s 235
f 3657/6546/6587 3658/6033/7120 3659/6032/7119 3660/5621/6588
f 3661/5572/6524 3662/5571/6523 3663/6035/7122 3664/6547/7121
s 238
f 3665/5631/6607 3666/6043/7140 3667/6031/7139 3668/5632/6608
f 3669/5595/6552 3670/5594/6551 3671/6040/7142 3672/6046/7141
s 239
f 3681/6018/7094 3682/6017/7093 3683/6051/7149 3684/6049/7147
f 3685/6548/7872 3686/6016/7092 3687/5602/6564 3688/5601/6563
s off
f 3689/6003/7873 3690/6002/7874 3691/6024/7875
s 239
f 3700/5977/7038 3701/5976/7037 3702/6060/7163 3703/6058/7161
s 305
f 3704/6064/7172 3705/6067/7171 3706/6070/7180 3707/6065/7179
s 237
f 3708/6074/7183 3709/6077/7186 3710/6072/7178 3711/6071/7177
s 305
f 3714/5935/7182 3715/6073/7181 3716/6087/7876 3717/6084/7194 3718/5936/7193
s 237
f 3719/6091/7205 3720/6095/7209 3721/6098/7212 3722/6092/7206
s 244
f 3723/6102/7217 3724/6101/7222 3725/6106/7221 3726/6103/7218
s 237
f 3727/6111/7229 3728/6115/7233 3729/6118/7236 3730/6112/7230
s 244
f 3731/6123/7246 3732/6122/7245 3733/6121/7250 3734/6124/7249
s 237
f 3735/6131/7253 3736/6134/7256 3737/5832/6853 3738/5831/6852
f 3739/6138/7260 3740/6140/7262 3741/5747/6739 3742/5746/6738
s 241
f 3743/6144/7271 3744/5473/7270 3745/5457/6378 3746/5456/6377
s 247
f 3747/5476/6402 3748/5475/6401 3749/6549/7283 3750/6149/7282
s 239
f 3751/5808/6823 3752/5807/6822 3753/6161/7289 3754/6158/7286
f 3755/5867/6905 3756/5866/6904 3757/6169/7297 3758/6166/7294
f 3759/6174/7302 3760/6178/7306 3761/6181/7309 3762/6175/7303
f 3763/6180/7308 3764/6179/7307 3765/6189/7317 3766/6186/7314
f 3767/6194/7322 3768/6198/7326 3769/6201/7329 3770/6195/7323
f 3771/6203/7331 3772/6202/7330 3773/6209/7337 3774/6206/7334
f 3775/6214/7342 3776/6217/7345 3777/5931/6984 3778/5930/6983
s off
f 3779/6222/7877 3780/6225/7878 3781/6223/7879
s 318
f 3782/6228/7361 3783/6227/7360 3784/6232/7880 3785/6235/7374 3786/6229/7373
s off
f 3787/6224/7881 3788/6069/7882 3789/6068/7883
s 237
f 3790/6094/7208 3791/6093/7207 3792/6090/7204 3793/6089/7203
f 3794/6100/7214 3795/6099/7213 3796/6244/7388 3797/6242/7385
f 3798/6120/7238 3799/6119/7237 3800/6133/7255 3801/6132/7254
f 3802/6139/7261 3803/5836/6860 3804/5835/6859 3805/6137/7259
f 3806/5757/6754 3807/6143/7265 3808/6253/7399 3809/5758/6755
s 239
f 3810/5471/6394 3811/5470/6393 3812/6259/7407 3813/6258/7404
f 3814/5810/6825 3815/5809/6824 3816/5864/6902 3817/5846/6878
f 3818/6177/7305 3819/6176/7304 3820/5869/6907 3821/5868/6906
f 3822/6183/7311 3823/6182/7310 3824/6266/7415 3825/6263/7412
f 3826/6205/7333 3827/6204/7332 3828/5928/6981 3829/5927/6980
s 295
f 3830/5934/6988 3831/5933/6987 3832/6226/7357 3833/6066/7356
s 239
f 3834/6271/7423 3835/6273/7425 3836/6237/7372 3837/6236/7371
f 3838/6234/7369 3839/6233/7368 3840/6221/7349 3841/6220/7348
f 3842/6276/7428 3843/6279/7431 3844/6219/7347 3845/6218/7346
f 3846/6213/7341 3847/6212/7340 3848/6284/7436 3849/6281/7433
f 3850/6193/7321 3851/6192/7320 3852/6292/7444 3853/6289/7441
f 3854/6173/7301 3855/6172/7300 3856/6300/7452 3857/6297/7449
f 3858/6165/7293 3859/6164/7292 3860/6308/7460 3861/6305/7457
s 247
f 3862/6157/7285 3863/6156/7284 3864/6550/7474 3865/6313/7473
s 241
f 3866/6154/7477 3867/6148/7273 3868/6147/7272 3869/6322/7478
s 237
f 3870/6142/7264 3871/6141/7263 3872/6328/7487 3873/6326/7485
f 3874/6136/7258 3875/6135/7257 3876/6334/7493 3877/6332/7491
f 3878/6117/7235 3879/6116/7234 3880/6340/7499 3881/6338/7497
f 3882/6097/7211 3883/6096/7210 3884/6347/7506 3885/6345/7504
f 3886/6088/7201 3887/6081/7190 3888/6080/7189 3889/6351/7510
f 3890/6355/7514 3891/6357/7516 3892/6079/7188 3893/6078/7187
s 320
f 3894/6230/7518 3895/6358/7517 3896/6076/7884 3897/6075/7380 3898/6231/7379
s off
f 3899/6362/7885 3900/6360/7886 3901/6359/7887
s 323
f 3902/6366/7536 3903/6369/7535 3904/6371/7888 3905/6365/7530 3906/6364/7529
s off
f 3907/6239/7889 3908/6238/7890 3909/6363/7891
s 239
f 3910/6208/7336 3911/6207/7335 3912/6216/7344 3913/6215/7343
f 3914/6211/7339 3915/6210/7338 3916/6374/7548 3917/6372/7546
f 3918/6191/7319 3919/6190/7318 3920/6168/7296 3921/6167/7295
f 3922/6160/7288 3923/6159/7287 3924/6171/7299 3925/6170/7298
f 3926/6163/7291 3927/6162/7290 3928/6380/7554 3929/6378/7552
s 237
f 3930/6325/7484 3931/6324/7483 3932/6385/7559 3933/6382/7556
f 3934/6329/7488 3935/6252/7398 3936/6251/7397 3937/6333/7492
f 3938/6249/7395 3939/6339/7498 3940/6335/7494 3941/6250/7396
f 3942/6342/7501 3943/6341/7500 3944/6394/7568 3945/6391/7565
f 3946/6348/7507 3947/6241/7382 3948/6240/7381 3949/6352/7511
s off
f 3950/6400/7892 3951/6402/7893 3952/6401/7894
s 325
f 3953/6022/7585 3954/6052/7584 3955/6010/7895 3956/6009/7587 3957/6023/7586
s 324
f 3958/6367/7545 3959/6274/7544 3960/6054/7896 3961/6053/7581 3962/6368/7580
s 239
f 3963/5967/7028 3964/5966/7027 3965/6050/7148 3966/6061/7164
f 3967/6062/7165 3968/6272/7424 3969/6275/7427 3970/6063/7166
f 3971/5900/6943 3972/5899/6942 3973/6059/7162 3974/6280/7432
f 3975/6288/7440 3976/6287/7439 3977/5638/6614 3978/5637/6613
f 3979/6296/7448 3980/6295/7447 3981/5645/6621 3982/5644/6620
f 3983/6304/7456 3984/6303/7455 3985/5849/6881 3986/5848/6880
f 3987/6312/7464 3988/6311/7463 3989/5779/6786 3990/5778/6785
s 247
f 3991/6551/7476 3992/5658/7475 3993/5653/6630 3994/5652/6629
s 241
f 3995/5659/6641 3996/6318/7480 3997/6323/7479 3998/5660/6642
s 237
f 3999/6331/7490 4000/6330/7489 4001/5802/6817 4002/5801/6816
f 4003/6337/7496 4004/6336/7495 4005/5861/6899 4006/5860/6898
f 4007/6344/7503 4008/6343/7502 4009/5666/6648 4010/5665/6647
f 4011/6350/7509 4012/6349/7508 4013/5674/6656 4014/5673/6655
f 4015/6354/7513 4016/6353/7512 4017/5918/6968 4018/5917/6967
f 4019/5892/6934 4020/5891/6933 4021/5919/6969 4022/5984/7052
f 4023/5985/7053 4024/6356/7515 4025/6361/7522 4026/5986/7054
f 4027/5959/7019 4028/5958/7018 4029/5982/7050 4030/6026/7110
s 239
f 4031/6283/7435 4032/6282/7434 4033/6278/7430 4034/6277/7429
f 4035/6286/7438 4036/6285/7437 4037/6373/7547 4038/6428/7618
f 4039/6294/7446 4040/6293/7445 4041/6299/7451 4042/6298/7450
f 4043/6307/7459 4044/6306/7458 4045/6302/7454 4046/6301/7453
f 4047/6310/7462 4048/6309/7461 4049/6379/7553 4050/6432/7622
s 237
f 4051/6416/7606 4052/6384/7558 4053/6383/7557 4054/6436/7626
f 4055/6419/7609 4056/6388/7562 4057/6387/7561 4058/6420/7610
f 4059/6389/7563 4060/6422/7612 4061/6421/7611 4062/6390/7564
f 4063/6423/7613 4064/6393/7567 4065/6392/7566 4066/6440/7630
f 4067/6426/7616 4068/6399/7573 4069/6398/7572 4070/6427/7617
s off
f 4071/6028/7897 4072/6027/7898 4073/6370/7899
f 4074/6057/7900 4075/6056/7901 4076/6055/7902
s 239
f 4077/6404/7591 4078/5910/6953 4079/5909/6952 4080/6403/7590
f 4081/5678/6660 4082/6405/7592 4083/6429/7619 4084/5679/6661
f 4085/5683/6665 4086/6408/7595 4087/6409/7596 4088/5684/6666
f 4089/6411/7598 4090/5855/6888 4091/5854/6887 4092/6410/7597
f 4093/5789/6796 4094/6412/7599 4095/6433/7623 4096/5790/6797
s 237
f 4097/5656/6634 4098/5655/6633 4099/6437/7627 4100/5688/6670
f 4101/5735/6725 4102/5803/6818 4103/5858/6896 4104/5736/6726
f 4105/5663/6645 4106/5662/6644 4107/5825/6845 4108/5862/6900
f 4109/5668/6650 4110/5667/6649 4111/6441/7631 4112/5694/6677
f 4113/5676/6658 4114/5675/6657 4115/5915/6965 4116/5700/6684
s 235
f 4117/6552/6488 4118/6456/7647 4119/6455/7646 4120/5547/6489
f 4121/5486/6414 4122/5485/6413 4123/5698/7649 4124/6553/7648
s 237
f 4125/5696/6679 4126/6462/7657 4127/6458/7652 4128/5697/6680
f 4129/5563/6515 4130/5549/6493 4131/5548/6492 4132/6464/7659
f 4133/6450/7640 4134/6466/7661 4135/6463/7658 4136/6451/7641
f 4137/5671/6653 4138/5670/6652 4139/6465/7660 4140/6468/7663
f 4141/6442/7632 4142/6470/7665 4143/6467/7662 4144/6443/7633
f 4145/6425/7615 4146/6424/7614 4147/6469/7664 4148/6472/7667
f 4149/6396/7570 4150/6474/7669 4151/6471/7666 4152/6397/7571
f 4153/6245/7389 4154/6346/7505 4155/6473/7668 4156/6246/7390
f 4157/6247/7391 4158/6475/7670 4159/6476/7671 4160/6248/7392
f 4161/6477/7672 4162/6395/7569 4163/6114/7232 4164/6113/7231
s 239
f 4165/6269/7418 4166/6268/7417 4167/6484/7680 4168/6481/7677
f 4169/6486/7682 4170/6375/7549 4171/6200/7328 4172/6199/7327
f 4173/6376/7550 4174/6485/7681 4175/6489/7685 4176/6377/7551
f 4177/6188/7316 4178/6187/7315 4179/6490/7686 4180/6267/7416
f 4181/6430/7620 4182/6491/7687 4183/6493/7689 4184/6431/7621
f 4185/6291/7443 4186/6290/7442 4187/6494/7690 4188/6492/7688
f 4189/6444/7634 4190/6495/7691 4191/6497/7693 4192/6445/7635
f 4193/6407/7594 4194/6406/7593 4195/6498/7694 4196/6496/7692
f 4197/5680/6662 4198/6499/7695 4199/6501/7697 4200/5681/6663
f 4201/5642/6618 4202/5641/6617 4203/6502/7698 4204/6500/7696
s 238
f 4205/5560/6512 4206/6503/7704 4207/6454/7703 4208/5561/6513
f 4209/5509/6442 4210/5508/6441 4211/6461/7706 4212/6504/7705
s 244
f 4213/6505/7712 4214/6479/7711 4215/6478/7716 4216/6506/7715
s 294
f 4217/6511/7724 4218/6265/7723 4219/6264/7728 4220/6512/7727
s 244
f 4221/6108/7224 4222/6107/7223 4223/6243/7714 4224/6509/7713
f 4225/6510/7718 4226/6480/7717 4227/6128/7248 4228/6127/7247
f 4229/6105/7220 4230/6104/7219 4231/6086/7198 4232/6085/7197
s 294
f 4233/6185/7739 4234/6184/7726 4235/6126/7725 4236/6125/7740
f 4237/6507/7730 4238/6483/7729 4239/6482/7744 4240/6508/7743
f 4241/6513/7746 4242/6488/7745 4243/6487/7748 4244/6514/7747
f 4245/6109/7750 4246/6197/7749 4247/6196/7752 4248/6110/7751
f 4249/6262/7742 4250/6516/7741 4251/5845/7903 4252/5844/7904
f 4253/6515/7754 4254/6270/7753 4255/5923/6973 4256/5922/6972
s 244
f 4257/6130/7252 4258/6129/7251 4259/5829/6849 4260/5828/6848
s 237
f 4261/5728/6718 4262/5726/6716 4263/5691/6673 4264/5690/6672
s 235
f 4265/6554/6712 4266/5436/6350 4267/5435/6349 4268/5692/6713
s 238
f 4269/5795/6810 4270/5480/6406 4271/5479/6405 4272/5796/6811
s 239
f 4273/5791/6798 4274/5650/6626 4275/5649/6625 4276/5792/6799
f 4277/6446/7636 4278/6415/7603 4279/6414/7602 4280/6447/7637
f 4281/6434/7624 4282/6315/7468 4283/6314/7467 4284/6435/7625
f 4285/6260/7408 4286/6151/7277 4287/6150/7276 4288/6381/7555
f 4289/5805/6820 4290/5770/6775 4291/5769/6774 4292/6261/7409
s 246
f 4293/5771/6778 4294/5464/6386 4295/5463/6385 4296/5772/6779
s 244
f 4297/5759/6758 4298/5454/6374 4299/5453/6373 4300/5760/6759
s 237
f 4301/6256/7402 4302/6146/7269 4303/6145/7268 4304/6257/7403
f 4305/6254/7400 4306/6327/7486 4307/6386/7560 4308/6255/7401
f 4309/6418/7608 4310/6417/7607 4311/6439/7629 4312/6438/7628
f 4313/5799/6814 4314/5798/6813 4315/6449/7639 4316/6448/7638
s off
f 4335/6555/7905 4326/6556/7906 4332/6557/7907 4337/6558/7908
f 4328/6559/7909 4321/6560/7910 4324/6561/7911 4330/6562/7912
f 4333/6563/7913 4327/6564/7914 4329/6565/7915 4339/6566/7916
f 4323/6567/7917 4331/6568/7918 4325/6569/7919 4322/6570/7920
f 4341/6571/7921 4343/6572/7922 4421/6573/7923 4420/6574/7924
f 4342/6575/7925 4341/6576/7926 4346/6577/7927 4345/6578/7928
s 329
f 4343/6579/7929 4342/6575/7930 4368/6580/7931 4367/6581/7932
s off
f 4344/6582/7933 4346/6583/7934 4423/6584/7935 4422/6585/7936
s 330
f 4345/6578/7937 4344/6586/7938 4370/6587/7939 4369/6588/7940
s 329
f 4347/6589/7941 4349/6590/7942 4487/6591/7943 4486/6592/7944
s off
f 4348/6593/7945 4347/6589/7946 4352/6594/7947 4351/6595/7948
s 332
f 4349/6596/7949 4348/6593/7950 4376/6597/7951 4375/6598/7952
s 330
f 4350/6599/7953 4352/6594/7954 4491/6600/7955 4490/6601/7956
s 334
f 4351/6595/7957 4350/6602/7958 4380/6603/7959 4379/6604/7960
s 332
f 4353/6605/7961 4355/6606/7962 4438/6607/7963 4437/6608/7964
s off
f 4354/6609/7965 4353/6605/7966 4358/6610/7967 4357/6611/7968
s 336
f 4355/6612/7969 4354/6613/7970 4384/6614/7971 4383/6615/7972
s 334
f 4356/6616/7973 4358/6610/7974 4441/6617/7975 4440/6618/7976
s 338
f 4357/6611/7977 4356/6619/7978 4386/6620/7979 4385/6621/7980
s 336
f 4359/6622/7981 4361/6623/7982 4467/6624/7983 4466/6625/7984
s off
f 4360/6626/7985 4359/6622/7986 4364/6627/7987 4363/6628/7988
f 4361/6629/7989 4360/6630/7990 4391/6631/7991 4390/6632/7992
s 338
f 4362/6633/7993 4364/6627/7994 4474/6634/7995 4473/6635/7996
s off
f 4363/6628/7997 4362/6636/7998 4394/6637/7999 4393/6638/8000
s 341
f 4365/6639/8001 4368/6580/8002 4369/6588/8003 4372/6640/8004
s 329
f 4366/6641/8005 4365/6639/8006 4457/6642/8007 4459/6643/8008
s 342
f 4367/6581/8009 4366/6641/8010 4499/6644/8011 4498/6645/8012
s 343
f 4371/6646/8013 4370/6587/8014 4432/6647/8015 4434/6648/8016
s 330
f 4372/6640/8017 4371/6646/8018 4479/6649/8019 4478/6650/8020
s 344
f 4373/6651/8021 4376/6597/8022 4379/6604/8023 4378/6652/8024
s 332
f 4374/6653/8025 4373/6651/8026 4416/6654/8027 4415/6655/8028
s 345
f 4375/6656/8029 4374/6657/8030 4430/6658/8031 4429/6659/8032
s 346
f 4377/6660/8033 4380/6661/8034 4511/6662/8035 4510/6663/8036
s 334
f 4378/6652/8037 4377/6664/8038 4428/6665/8039 4427/6666/8040
s 347
f 4381/6667/8041 4384/6668/8042 4385/6621/8043 4388/6669/8044
s 336
f 4382/6670/8045 4381/6671/8046 4483/6672/8047 4485/6673/8048
s 345
f 4383/6615/8049 4382/6670/8050 4505/6674/8051 4504/6675/8052
s 346
f 4387/6676/8053 4386/6677/8054 4446/6678/8055 4448/6679/8056
s 338
f 4388/6680/8057 4387/6676/8058 4496/6681/8059 4495/6682/8060
s off
f 4389/6683/8061 4391/6684/8062 4393/6638/8063 4392/6685/8064
s 350
f 4390/6632/8065 4389/6683/8066 4444/6686/8067 4443/6687/8068
s 351
f 4392/6685/8069 4394/6688/8070 4501/6689/8071 4500/6690/8072
s 332
f 4395/6691/8073 4398/6692/8074 4418/6693/8075 4417/6694/8076
s 344
f 4396/6695/8077 4395/6691/8078 4405/6696/8079 4404/6697/8080
s 332
f 4397/6698/8081 4396/6695/8082 4402/6699/8083 4401/6700/8084
s 345
f 4398/6701/8085 4397/6702/8086 4413/6703/8087 4412/6704/8088
s 344
f 4399/6705/8089 4402/6699/8090 4409/6706/8091 4408/6707/8092
s 332
f 4400/6708/8093 4399/6705/8094 4436/6709/8095 4435/6710/8096
s 345
f 4401/6711/8097 4400/6712/8098 4451/6713/8099 4450/6714/8100
s 346
f 4403/6715/8101 4406/6716/8102 4515/6717/8103 4514/6718/8104
s 334
f 4404/6697/8105 4403/6719/8106 4410/6720/8107 4409/6706/8108
f 4406/6721/8109 4405/6696/8110 4426/6722/8111 4425/6723/8112
s 346
f 4407/6724/8113 4410/6725/8114 4518/6726/8115 4517/6727/8116
s 334
f 4408/6707/8117 4407/6728/8118 4439/6729/8119 4442/6730/8120
s 358
f 4411/6731/8121 4414/6732/8122 4513/6733/8123 4516/6734/8124
s 359
f 4412/6704/8125 4411/6731/8126 4508/6735/8127 4507/6736/8128
f 4414/6732/8129 4413/6703/8130 4450/6714/8131 4449/6737/8132
s 345
f 4415/6738/8133 4418/6739/8134 4507/6736/8135 4506/6740/8136
s 344
f 4417/6694/8137 4416/6654/8138 4427/6666/8139 4426/6722/8140
s 360
f 4419/6741/8141 4421/6742/8142 4498/6645/8143 4497/6743/8144
s off
f 4420/6574/8145 4419/6741/8146 4424/6744/8147 4423/6584/8148
s 361
f 4422/6745/8149 4424/6744/8150 4433/6746/8151 4432/6647/8152
s 346
f 4425/6747/8153 4428/6748/8154 4455/6749/8155 4454/6750/8156
s 345
f 4429/6659/8032 4431/6751/8157 4488/6752/8158 4487/6591/8159
f 4431/6751/8157 4430/6658/8031 4506/6740/8136 4509/6753/8160
s 362
f 4434/6648/8161 4433/6746/8162 4497/6743/8163 4499/6644/8164
s 345
f 4435/6754/8165 4438/6755/8166 4504/6675/8052 4503/6756/8167
s 344
f 4437/6608/8168 4436/6709/8169 4442/6730/8170 4441/6617/8171
s 346
f 4440/6757/8172 4439/6758/8173 4447/6759/8174 4446/6678/8055
s 363
f 4443/6687/8175 4445/6760/8176 4468/6761/8177 4467/6762/8178
s 364
f 4445/6760/8179 4444/6686/8180 4500/6690/8181 4502/6763/8182
s 346
f 4448/6679/8056 4447/6759/8174 4517/6727/8116 4520/6764/8183
s 365
f 4449/6737/8184 4452/6765/8185 4520/6766/8186 4519/6767/8187
s 345
f 4452/6768/8188 4451/6713/8099 4503/6756/8167 4505/6674/8051
s 366
f 4453/6769/8189 4456/6770/8190 4509/6771/8191 4508/6735/8192
s 367
f 4454/6750/8193 4453/6769/8194 4516/6734/8195 4515/6717/8196
s 346
f 4456/6772/8197 4455/6749/8155 4510/6663/8036 4512/6773/8198
s 341
f 4458/6774/8199 4457/6642/8200 4478/6650/8201 4477/6775/8202
s 329
f 4459/6643/8008 4458/6774/8203 4460/6776/8204 4462/6777/8205
s 341
f 4461/6778/8206 4460/6776/8207 4481/6779/8208 4480/6780/8209
s 329
f 4462/6777/8205 4461/6778/8210 4489/6781/8211 4488/6752/8212
s 336
f 4463/6782/8213 4465/6783/8214 4485/6673/8048 4484/6784/8215
s 347
f 4464/6785/8216 4463/6786/8217 4471/6787/8218 4470/6788/8219
s 336
f 4465/6783/8214 4464/6789/8220 4469/6790/8221 4468/6761/8222
s 347
f 4466/6625/8223 4469/6791/8224 4475/6792/8225 4474/6634/8226
s 338
f 4470/6788/8227 4472/6793/8228 4476/6794/8229 4475/6792/8230
f 4472/6795/8228 4471/6796/8231 4494/6797/8232 4496/6681/8059
s 371
f 4473/6798/8233 4476/6799/8234 4502/6763/8235 4501/6689/8236
s 330
f 4477/6775/8237 4479/6649/8019 4482/6800/8238 4481/6779/8239
f 4480/6780/8240 4482/6801/8238 4493/6802/8241 4492/6803/8242
s 347
f 4484/6804/8243 4483/6805/8244 4495/6806/8245 4494/6807/8246
s 341
f 4486/6592/8247 4489/6781/8248 4492/6803/8249 4491/6600/8250
s 346
f 4490/6601/8251 4493/6802/8252 4512/6773/8198 4511/6662/8035
s 367
f 4514/6718/8253 4513/6733/8254 4519/6767/8255 4518/6726/8256
s 341
f 4342/6575/8257 4345/6578/8258 4369/6588/8003 4368/6580/8002
s 344
f 4348/6593/8259 4351/6595/8260 4379/6604/8023 4376/6597/8022
s 347
f 4466/6625/8223 4474/6634/8226 4364/6627/8261 4359/6622/8262
s off
f 4420/6574/8263 4423/6584/8264 4346/6583/8265 4341/6571/8266
s 343
f 4344/6586/8267 4422/6745/8268 4432/6647/8015 4370/6587/8014
s 342
f 4367/6581/8009 4498/6645/8012 4421/6742/8269 4343/6579/8270
s 363
f 4361/6629/8271 4390/6632/8272 4443/6687/8175 4467/6762/8178
s off
f 4360/6626/8273 4363/6628/8274 4393/6638/8275 4391/6684/8276
s 371
f 4473/6798/8233 4501/6689/8236 4394/6688/8277 4362/6808/8278
s 344
f 4437/6608/8168 4441/6617/8171 4358/6610/8279 4353/6605/8280
f 4417/6694/8137 4426/6722/8140 4405/6696/8079 4395/6691/8078
f 4396/6695/8077 4404/6697/8080 4409/6706/8091 4402/6699/8090
f 4399/6705/8089 4408/6707/8092 4442/6730/8170 4436/6709/8169
f 4373/6651/8021 4378/6652/8024 4427/6666/8139 4416/6654/8138
s 345
f 4375/6656/8029 4429/6659/8032 4487/6591/8159 4349/6590/8281
f 4415/6738/8133 4506/6740/8136 4430/6658/8031 4374/6657/8030
f 4398/6701/8085 4412/6704/8088 4507/6736/8135 4418/6739/8134
f 4401/6711/8097 4450/6714/8100 4413/6703/8087 4397/6702/8086
f 4435/6754/8165 4503/6756/8167 4451/6713/8099 4400/6712/8098
f 4383/6615/8049 4504/6675/8052 4438/6755/8166 4355/6612/8282
s 347
f 4354/6609/8283 4357/6611/8284 4385/6621/8043 4384/6668/8042
s 346
f 4440/6757/8172 4446/6678/8055 4386/6677/8054 4356/6809/8285
f 4407/6724/8113 4517/6727/8116 4447/6759/8174 4439/6758/8173
f 4403/6715/8101 4514/6718/8104 4518/6726/8115 4410/6725/8114
f 4425/6747/8153 4454/6750/8156 4515/6717/8103 4406/6716/8102
f 4377/6660/8033 4510/6663/8036 4455/6749/8155 4428/6748/8154
f 4490/6601/8251 4511/6662/8035 4380/6661/8034 4350/6599/8286
s 341
f 4486/6592/8247 4491/6600/8250 4352/6594/8287 4347/6589/8288
s off
f 4465/6783/8289 4318/6810/8290 4334/6811/8291 4485/6673/8292
f 4462/6777/8293 4336/6812/8294 4317/6813/8295 4459/6643/8296
s 341
f 4458/6774/8199 4477/6775/8202 4481/6779/8208 4460/6776/8207
s off
f 4479/6649/8297 4320/6814/8298 4338/6815/8299 4482/6801/8300
f 4496/6681/8301 4340/6816/8302 4319/6817/8303 4472/6795/8304
s 347
f 4484/6804/8243 4494/6807/8246 4471/6787/8218 4463/6786/8217
s 342
f 4459/6643/8305 4317/6818/8306 4499/6644/8011 4366/6641/8010
s 363
f 4468/6761/8177 4445/6760/8176 4318/6819/8307 4465/6783/8308
s 347
f 4464/6785/8216 4470/6788/8219 4475/6792/8225 4469/6791/8224
s 371
f 4472/6795/8309 4319/6820/8310 4502/6763/8235 4476/6799/8234
s 343
f 4371/6646/8013 4434/6648/8016 4320/6821/8311 4479/6649/8312
s 341
f 4365/6639/8001 4372/6640/8004 4478/6650/8201 4457/6642/8200
s 345
f 4485/6673/8313 4334/6822/8314 4505/6674/8051 4382/6670/8050
f 4452/6765/8188 4505/6674/8051 4334/6823/8315 4318/6824/8316
f 4431/6751/8157 4509/6771/8160 4317/6825/8317 4336/6826/8318
f 4488/6752/8158 4431/6751/8157 4336/6827/8319 4462/6777/8320
s 341
f 4461/6778/8206 4480/6780/8209 4492/6803/8249 4489/6781/8248
s 346
f 4482/6801/8321 4338/6828/8322 4512/6773/8198 4493/6802/8252
f 4456/6770/8197 4512/6773/8198 4338/6829/8323 4320/6830/8324
f 4448/6679/8056 4520/6766/8183 4319/6831/8325 4340/6832/8326
f 4387/6676/8053 4448/6679/8056 4340/6833/8327 4496/6681/8328
s 347
f 4381/6667/8041 4388/6669/8044 4495/6806/8245 4483/6805/8244
s 358
f 4508/6735/8329 4411/6731/8121 4516/6734/8124 4453/6769/8330
f 4414/6732/8122 4449/6737/8331 4519/6767/8332 4513/6733/8123
s 365
f 4319/6834/8333 4520/6766/8186 4452/6765/8185 4318/6835/8334
s 364
f 4502/6763/8182 4319/6836/8335 4318/6837/8336 4445/6760/8179
f 4444/6686/8180 4389/6683/8337 4392/6685/8338 4500/6690/8181
s 366
f 4317/6838/8339 4509/6771/8191 4456/6770/8190 4320/6839/8340
s 362
f 4499/6644/8164 4317/6840/8341 4320/6841/8342 4434/6648/8161
f 4433/6746/8162 4424/6744/8343 4419/6741/8344 4497/6743/8163
s off
f 4341/6576/8345 4342/6575/8346 4343/6579/8347
f 4344/6586/8348 4345/6578/8349 4346/6577/8350
f 4347/6589/8351 4348/6593/8352 4349/6596/8353
f 4350/6602/8354 4351/6595/8355 4352/6594/8356
f 4353/6605/8357 4354/6609/8358 4355/6606/8359
f 4356/6616/8360 4357/6611/8361 4358/6610/8362
f 4359/6622/8363 4360/6626/8364 4361/6623/8365
f 4362/6633/8366 4363/6628/8367 4364/6627/8368
s 329
f 4365/6639/8006 4366/6641/8005 4367/6581/7932 4368/6580/7931
s 330
f 4369/6588/7940 4370/6587/7939 4371/6646/8018 4372/6640/8017
s 332
f 4373/6651/8026 4374/6842/8025 4375/6598/7952 4376/6597/7951
s 334
f 4377/6843/8038 4378/6652/8037 4379/6604/7960 4380/6603/7959
s 336
f 4381/6844/8046 4382/6670/8045 4383/6615/7972 4384/6614/7971
s 338
f 4385/6621/7980 4386/6620/7979 4387/6845/8058 4388/6669/8057
s off
f 4389/6683/8369 4390/6632/8370 4391/6631/8371
f 4392/6685/8372 4393/6638/8373 4394/6637/8374
s 332
f 4395/6691/8073 4396/6695/8082 4397/6846/8081 4398/6692/8074
f 4399/6705/8094 4400/6847/8093 4401/6700/8084 4402/6699/8083
s 334
f 4403/6848/8106 4404/6697/8105 4405/6696/8110 4406/6721/8109
f 4407/6849/8118 4408/6707/8117 4409/6706/8108 4410/6720/8107
s 359
f 4411/6731/8126 4412/6704/8125 4413/6703/8130 4414/6732/8129
s 332
f 4415/6850/8028 4416/6654/8027 4417/6694/8076 4418/6693/8075
s off
f 4419/6741/8375 4420/6574/8376 4421/6573/8377
f 4422/6585/8378 4423/6584/8379 4424/6744/8380
s 334
f 4425/6723/8112 4426/6722/8111 4427/6666/8040 4428/6851/8039
s 345
f 4429/6659/8032 4430/6658/8031 4431/6751/8157
s 361
f 4432/6647/8152 4433/6746/8151 4434/6648/8381
s 332
f 4435/6852/8096 4436/6709/8095 4437/6608/7964 4438/6607/7963
s 334
f 4439/6853/8119 4440/6618/7976 4441/6617/7975 4442/6730/8120
s 350
f 4443/6687/8068 4444/6686/8067 4445/6760/8382
s 346
f 4446/6678/8055 4447/6759/8174 4448/6679/8056
s 345
f 4449/6737/8383 4450/6714/8100 4451/6713/8099 4452/6765/8188
s 346
f 4453/6769/8384 4454/6750/8156 4455/6749/8155 4456/6770/8197
s 329
f 4457/6854/8007 4458/6774/8203 4459/6643/8008
f 4460/6776/8204 4461/6778/8210 4462/6777/8205
s 336
f 4463/6786/8213 4464/6785/8220 4465/6855/8214
f 4466/6625/7984 4467/6624/7983 4468/6856/8222 4469/6791/8221
s 338
f 4470/6857/8227 4471/6796/8231 4472/6795/8228
f 4473/6635/7996 4474/6634/7995 4475/6792/8230 4476/6858/8229
s 330
f 4477/6775/8237 4478/6650/8020 4479/6649/8019
f 4480/6780/8240 4481/6779/8239 4482/6800/8238
s 336
f 4483/6859/8047 4484/6784/8215 4485/6673/8048
s 329
f 4486/6592/7944 4487/6591/7943 4488/6752/8212 4489/6781/8211
s 330
f 4490/6601/7956 4491/6600/7955 4492/6803/8242 4493/6802/8241
s 338
f 4494/6807/8232 4495/6806/8060 4496/6860/8059
s 360
f 4497/6743/8144 4498/6645/8143 4499/6644/8385
s 351
f 4500/6690/8072 4501/6689/8071 4502/6763/8386
s 345
f 4503/6756/8167 4504/6675/8052 4505/6674/8051
f 4506/6740/8136 4507/6736/8135 4508/6735/8387 4509/6753/8160
s 346
f 4510/6663/8036 4511/6662/8035 4512/6773/8198
s 367
f 4513/6733/8254 4514/6718/8253 4515/6717/8196 4516/6734/8195
s 346
f 4517/6727/8116 4518/6726/8115 4519/6767/8388 4520/6764/8183
s off
f 4521/6861/8389 4522/6862/8390 4524/6863/8391 4523/6864/8392
f 4523/6864/8393 4524/6863/8394 4526/6865/8395 4525/6866/8396
f 4525/6866/8397 4526/6865/8398 4528/6867/8399 4527/6868/8400
f 4527/6868/8401 4528/6867/8402 4522/6869/8403 4521/6870/8404
f 4522/6862/8405 4528/6871/8406 4526/6872/8407 4524/6863/8408
f 4527/6873/8409 4521/6861/8410 4523/6864/8411 4525/6874/8412
s 373
f 4529/6875/8413 4530/6876/8414 4550/6877/8415 4549/6878/8416
f 4530/6876/8414 4531/6879/8417 4551/6880/8418 4550/6877/8415
f 4531/6879/8417 4532/6881/8419 4552/6882/8420 4551/6880/8418
f 4532/6881/8419 4533/6883/8421 4553/6884/8422 4552/6882/8420
f 4533/6883/8421 4534/6885/8423 4554/6886/8424 4553/6884/8422
f 4534/6885/8423 4535/6887/8425 4555/6888/8426 4554/6886/8424
f 4535/6887/8425 4536/6889/8427 4556/6890/8428 4555/6888/8426
f 4536/6889/8427 4537/6891/8429 4557/6892/8430 4556/6890/8428
f 4537/6891/8429 4538/6893/8431 4558/6894/8432 4557/6892/8430
f 4538/6893/8431 4539/6895/8433 4559/6896/8434 4558/6894/8432
f 4539/6895/8433 4540/6897/8435 4560/6898/8436 4559/6896/8434
f 4540/6897/8435 4541/6899/8437 4561/6900/8438 4560/6898/8436
f 4541/6899/8437 4542/6901/8439 4562/6902/8440 4561/6900/8438
f 4542/6901/8439 4543/6903/8441 4563/6904/8442 4562/6902/8440
f 4543/6903/8441 4544/6905/8443 4564/6906/8444 4563/6904/8442
f 4544/6905/8443 4545/6907/8445 4565/6908/8446 4564/6906/8444
f 4545/6907/8445 4546/6909/8447 4566/6910/8448 4565/6908/8446
f 4546/6909/8447 4547/6911/8449 4567/6912/8450 4566/6910/8448
f 4547/6911/8449 4548/6913/8451 4568/6914/8452 4567/6912/8450
f 4548/6913/8451 4529/6915/8413 4549/6916/8416 4568/6914/8452
s 374
f 4530/6917/8453 4529/6918/8454 4569/6919/8455
f 4531/6920/8456 4530/6917/8453 4569/6919/8455
f 4532/6921/8457 4531/6920/8456 4569/6919/8455
f 4533/6922/8458 4532/6921/8457 4569/6919/8455
f 4534/6923/8459 4533/6922/8458 4569/6919/8455
f 4535/6924/8460 4534/6923/8459 4569/6919/8455
f 4536/6925/8461 4535/6924/8460 4569/6919/8455
f 4537/6926/8462 4536/6925/8461 4569/6919/8455
f 4538/6927/8463 4537/6926/8462 4569/6919/8455
f 4539/6928/8464 4538/6927/8463 4569/6919/8455
f 4540/6929/8465 4539/6928/8464 4569/6919/8455
f 4541/6930/8466 4540/6929/8465 4569/6919/8455
f 4542/6931/8467 4541/6930/8466 4569/6919/8455
f 4543/6932/8468 4542/6931/8467 4569/6919/8455
f 4544/6933/8469 4543/6932/8468 4569/6919/8455
f 4545/6934/8470 4544/6933/8469 4569/6919/8455
f 4546/6935/8471 4545/6934/8470 4569/6919/8455
f 4547/6936/8472 4546/6935/8471 4569/6919/8455
f 4548/6937/8473 4547/6936/8472 4569/6919/8455
f 4529/6918/8454 4548/6937/8473 4569/6919/8455
s 375
f 4549/6938/8474 4550/6939/8475 4570/6940/8476
f 4550/6939/8475 4551/6941/8477 4570/6940/8476
f 4551/6941/8477 4552/6942/8478 4570/6940/8476
f 4552/6942/8478 4553/6943/8479 4570/6940/8476
f 4553/6943/8479 4554/6944/8480 4570/6940/8476
f 4554/6944/8480 4555/6945/8481 4570/6940/8476
f 4555/6945/8481 4556/6946/8482 4570/6940/8476
f 4556/6946/8482 4557/6947/8483 4570/6940/8476
f 4557/6947/8483 4558/6948/8484 4570/6940/8476
f 4558/6948/8484 4559/6949/8485 4570/6940/8476
f 4559/6949/8485 4560/6950/8486 4570/6940/8476
f 4560/6950/8486 4561/6951/8487 4570/6940/8476
f 4561/6951/8487 4562/6952/8488 4570/6940/8476
f 4562/6952/8488 4563/6953/8489 4570/6940/8476
f 4563/6953/8489 4564/6954/8490 4570/6940/8476
f 4564/6954/8490 4565/6955/8491 4570/6940/8476
f 4565/6955/8491 4566/6956/8492 4570/6940/8476
f 4566/6956/8492 4567/6957/8493 4570/6940/8476
f 4567/6957/8493 4568/6958/8494 4570/6940/8476
f 4568/6958/8494 4549/6938/8474 4570/6940/8476
s off
f 4571/6959/8495 4572/6960/8496 4574/6961/8497 4573/6962/8498
f 4573/6962/8499 4574/6961/8500 4576/6963/8501 4575/6964/8502
f 4575/6964/8503 4576/6963/8504 4578/6965/8505 4577/6966/8506
f 4577/6966/8507 4578/6965/8508 4572/6967/8509 4571/6968/8510
f 4572/6960/8511 4578/6969/8512 4576/6970/8513 4574/6961/8514
f 4577/6971/8515 4571/6959/8516 4573/6962/8517 4575/6972/8518
f 4579/6973/8519 4580/6974/8520 4582/6975/8521 4581/6976/8522
f 4581/6976/8523 4582/6975/8524 4584/6977/8525 4583/6978/8526
f 4583/6978/8527 4584/6977/8528 4586/6979/8529 4585/6980/8530
f 4585/6980/8531 4586/6979/8532 4580/6981/8533 4579/6982/8534
f 4580/6974/8535 4586/6983/8536 4584/6984/8537 4582/6975/8538
f 4585/6985/8539 4579/6973/8540 4581/6976/8541 4583/6986/8542
