# This file uses centimeters as units for non-parametric coordinates.

mtllib Altar.mtl
g default
v -52.294750 -44.379093 27.688202
v 52.294750 -44.379093 27.688202
v -52.294750 -44.379093 -27.688202
v 52.294750 -44.379093 -27.688202
v 0.000000 16.311405 27.688202
v 0.000000 -44.379093 27.688202
v 52.294750 16.311405 27.688202
v -52.294750 16.311405 27.688202
v 0.000000 16.311405 -27.688202
v 52.294750 16.311405 -27.688202
v 0.000000 -44.379093 -27.688202
v -52.294750 16.311405 -27.688202
v 0.000000 -44.379093 0.000000
v 52.294750 -44.379093 0.000000
v -52.294750 -44.379093 0.000000
v 52.294750 16.311405 0.000000
v -52.294750 16.311405 0.000000
v -26.147375 -14.033844 27.688202
v -52.294750 -14.033844 27.688202
v -26.147375 -44.379093 27.688202
v 0.000000 -14.033844 27.688202
v -26.147375 16.311405 27.688202
v -28.118690 43.469951 -27.688202
v -52.294750 46.656657 -27.688202
v -26.147375 16.311405 -27.688202
v -26.147375 -44.379093 -13.844101
v -52.294750 -44.379093 -13.844101
v -26.147375 -44.379093 -27.688202
v 0.000000 -44.379093 -13.844101
v -26.147375 -44.379093 0.000000
v 52.294750 -14.033844 13.844101
v 52.294750 -14.033844 27.688202
v 52.294750 -44.379093 13.844101
v 52.294750 -14.033844 0.000000
v 52.294750 16.311405 13.844101
v -52.294750 -14.033844 -13.844101
v -52.294750 -14.033844 -27.688202
v -52.294750 -14.033844 0.000000
v -52.294750 16.311405 -13.844101
v 26.147375 -14.033844 27.688202
v 26.147375 -44.379093 27.688202
v 26.147375 16.311405 27.688202
v 28.118690 43.469951 27.688202
v 52.294750 46.656657 27.688202
v -28.118690 43.469951 27.688202
v -52.294750 46.656657 27.688202
v 28.118690 43.469951 -27.688202
v 52.294750 46.656657 -27.688202
v 26.147375 16.311405 -27.688202
v 26.147375 -14.033844 -27.688202
v 52.294750 -14.033844 -27.688202
v 26.147375 -44.379093 -27.688202
v 0.000000 -14.033844 -27.688202
v -26.147375 -14.033844 -27.688202
v 26.147375 -44.379093 -13.844101
v 52.294750 -44.379093 -13.844101
v 26.147375 -44.379093 0.000000
v 26.147375 -44.379093 13.844101
v 0.000000 -44.379093 13.844101
v -26.147375 -44.379093 13.844101
v -52.294750 -44.379093 13.844101
v 52.294750 -14.033844 -13.844101
v 52.294750 16.311405 -13.844101
v 52.294750 46.656657 -13.844101
v 52.294750 46.656657 0.000000
v 52.294750 46.656657 13.844101
v -52.294750 -14.033844 13.844101
v -52.294750 16.311405 13.844101
v -52.294750 46.656657 13.844101
v -52.294750 46.656657 0.000000
v -52.294750 46.656657 -13.844101
v -39.221061 1.138779 27.688202
v -39.221061 16.311405 27.688202
v -52.294750 1.138779 27.688202
v -39.221061 -14.033844 27.688202
v -26.147375 1.138779 27.688202
v -39.221061 31.484031 -27.688202
v -39.221061 16.311405 -27.688202
v -52.294750 31.484031 -27.688202
v -39.221061 46.656657 -27.688202
v -26.147375 31.484031 -27.688202
v -39.221061 -44.379093 -6.922051
v -39.221061 -44.379093 0.000000
v -52.294750 -44.379093 -6.922051
v -39.221061 -44.379093 -13.844101
v -26.147375 -44.379093 -6.922051
v 52.294750 1.138779 20.766152
v 52.294750 16.311405 20.766152
v 52.294750 1.138779 27.688202
v 52.294750 -14.033844 20.766152
v 52.294750 1.138779 13.844101
v -52.294750 1.138779 -20.766152
v -52.294750 16.311405 -20.766152
v -52.294750 1.138779 -27.688202
v -52.294750 -14.033844 -20.766152
v -52.294750 1.138779 -13.844101
v 13.073688 -29.206467 27.688202
v 0.000000 -29.206467 27.688202
v 13.073688 -44.379093 27.688202
v 26.147375 -29.206467 27.688202
v 13.073688 -14.033844 27.688202
v 39.221061 31.484031 27.688202
v 39.221061 16.311405 27.688202
v 52.294750 31.484031 27.688202
v 39.221061 46.656657 27.688202
v 26.147375 31.484031 27.688202
v 39.221061 1.138779 -27.688202
v 39.221061 16.311405 -27.688202
v 52.294750 1.138779 -27.688202
v 39.221061 -14.033844 -27.688202
v 26.147375 1.138779 -27.688202
v -13.073688 -29.206467 -27.688202
v 0.000000 -29.206467 -27.688202
v -13.073688 -44.379093 -27.688202
v -26.147375 -29.206467 -27.688202
v -13.073688 -14.033844 -27.688202
v 13.073688 -44.379093 -20.766152
v 0.000000 -44.379093 -20.766152
v 13.073688 -44.379093 -27.688202
v 26.147375 -44.379093 -20.766152
v 13.073688 -44.379093 -13.844101
v 39.221061 -44.379093 6.922051
v 39.221061 -44.379093 0.000000
v 52.294750 -44.379093 6.922051
v 39.221061 -44.379093 13.844101
v 26.147375 -44.379093 6.922051
v -13.073688 -44.379093 20.766152
v 0.000000 -44.379093 20.766152
v -13.073688 -44.379093 27.688202
v -26.147375 -44.379093 20.766152
v -13.073688 -44.379093 13.844101
v 52.294750 -29.206467 -6.922051
v 52.294750 -29.206467 0.000000
v 52.294750 -44.379093 -6.922051
v 52.294750 -29.206467 -13.844101
v 52.294750 -14.033844 -6.922051
v 52.294750 31.484031 -20.766152
v 52.294750 16.311405 -20.766152
v 52.294750 31.484031 -27.688202
v 52.294750 46.656657 -20.766152
v 52.294750 31.484031 -13.844101
v 52.294750 46.656657 6.922051
v -52.294750 -29.206467 6.922051
v -52.294750 -29.206467 0.000000
v -52.294750 -44.379093 6.922051
v -52.294750 -29.206467 13.844101
v -52.294750 -14.033844 6.922051
v -52.294750 31.484031 20.766152
v -52.294750 16.311405 20.766152
v -52.294750 31.484031 27.688202
v -52.294750 46.656657 20.766152
v -52.294750 31.484031 13.844101
v -52.294750 46.656657 -6.922051
v -39.221061 -29.206467 27.688202
v -52.294750 -29.206467 27.688202
v -39.221061 -44.379093 27.688202
v -26.147375 -29.206467 27.688202
v -13.073688 -29.206467 27.688202
v -13.073688 -14.033844 27.688202
v -13.073688 1.138779 27.688202
v 0.000000 1.138779 27.688202
v -13.073688 16.311405 27.688202
v -13.073688 31.484031 -27.688202
v 0.000000 31.484031 -27.688202
v -13.073688 16.311405 -27.688202
v -39.221061 -44.379093 -20.766152
v -52.294750 -44.379093 -20.766152
v -39.221061 -44.379093 -27.688202
v -26.147375 -44.379093 -20.766152
v -13.073688 -44.379093 -20.766152
v -13.073688 -44.379093 -13.844101
v -13.073688 -44.379093 -6.922051
v 0.000000 -44.379093 -6.922051
v -13.073688 -44.379093 0.000000
v 52.294750 -29.206467 20.766152
v 52.294750 -29.206467 27.688202
v 52.294750 -44.379093 20.766152
v 52.294750 -29.206467 13.844101
v 52.294750 -29.206467 6.922051
v 52.294750 -14.033844 6.922051
v 52.294750 1.138779 6.922051
v 52.294750 1.138779 0.000000
v 52.294750 16.311405 6.922051
v -52.294750 -29.206467 -20.766152
v -52.294750 -29.206467 -27.688202
v -52.294750 -29.206467 -13.844101
v -52.294750 -29.206467 -6.922051
v -52.294750 -14.033844 -6.922051
v -52.294750 1.138779 -6.922051
v -52.294750 1.138779 0.000000
v -52.294750 16.311405 -6.922051
v 39.221061 -29.206467 27.688202
v 39.221061 -44.379093 27.688202
v 39.221061 -14.033844 27.688202
v 39.221061 1.138779 27.688202
v 26.147375 1.138779 27.688202
v 13.073688 1.138779 27.688202
v 13.073688 16.311405 27.688202
v 13.073688 31.484031 27.688202
v 0.000000 31.484031 27.688202
v -39.221061 46.656657 27.688202
v -39.221061 31.484031 27.688202
v -26.147375 31.484031 27.688202
v -13.073688 31.484031 27.688202
v 39.221061 46.656657 -27.688202
v 39.221061 31.484031 -27.688202
v 26.147375 31.484031 -27.688202
v 13.073688 31.484031 -27.688202
v 13.073688 16.311405 -27.688202
v 39.221061 -29.206467 -27.688202
v 52.294750 -29.206467 -27.688202
v 39.221061 -44.379093 -27.688202
v 26.147375 -29.206467 -27.688202
v 13.073688 -29.206467 -27.688202
v 13.073688 -14.033844 -27.688202
v 13.073688 1.138779 -27.688202
v 0.000000 1.138779 -27.688202
v -39.221061 -29.206467 -27.688202
v -39.221061 -14.033844 -27.688202
v -39.221061 1.138779 -27.688202
v -26.147375 1.138779 -27.688202
v -13.073688 1.138779 -27.688202
v 39.221061 -44.379093 -20.766152
v 52.294750 -44.379093 -20.766152
v 39.221061 -44.379093 -13.844101
v 39.221061 -44.379093 -6.922051
v 26.147375 -44.379093 -6.922051
v 13.073688 -44.379093 -6.922051
v 13.073688 -44.379093 0.000000
v 39.221061 -44.379093 20.766152
v 26.147375 -44.379093 20.766152
v 13.073688 -44.379093 20.766152
v 13.073688 -44.379093 13.844101
v 13.073688 -44.379093 6.922051
v 0.000000 -44.379093 6.922051
v -39.221061 -44.379093 20.766152
v -52.294750 -44.379093 20.766152
v -39.221061 -44.379093 13.844101
v -39.221061 -44.379093 6.922051
v -26.147375 -44.379093 6.922051
v -13.073688 -44.379093 6.922051
v 52.294750 -29.206467 -20.766152
v 52.294750 -14.033844 -20.766152
v 52.294750 1.138779 -20.766152
v 52.294750 1.138779 -13.844101
v 52.294750 1.138779 -6.922051
v 52.294750 16.311405 -6.922051
v 52.294750 46.656657 -6.922051
v 52.294750 31.484031 -6.922051
v 52.294750 31.484031 0.000000
v 52.294750 46.656657 20.766152
v 52.294750 31.484031 20.766152
v 52.294750 31.484031 13.844101
v 52.294750 31.484031 6.922051
v -52.294750 -29.206467 20.766152
v -52.294750 -14.033844 20.766152
v -52.294750 1.138779 20.766152
v -52.294750 1.138779 13.844101
v -52.294750 1.138779 6.922051
v -52.294750 16.311405 6.922051
v -52.294750 46.656657 6.922051
v -52.294750 31.484031 6.922051
v -52.294750 31.484031 0.000000
v -52.294750 46.656657 -20.766152
v -52.294750 31.484031 -20.766152
v -52.294750 31.484031 -13.844101
v -52.294750 31.484031 -6.922051
v -26.147375 -44.379093 35.787574
v -26.147375 -29.206467 35.787574
v -9.249364 -44.379093 35.787574
v -9.249364 -29.206467 35.787574
v 59.943396 -44.379093 17.893787
v 59.943396 -29.206467 17.893787
v 59.943396 -44.379093 8.946893
v 59.943396 -29.206467 8.946893
v -59.943396 -44.379093 -17.893787
v -59.943396 -29.206467 -17.893787
v -59.943396 -44.379093 -8.946893
v -59.943396 -29.206467 -8.946893
v 26.147375 -44.379093 35.787574
v 26.147375 -29.206467 35.787574
v 43.045384 -44.379093 35.787574
v 43.045384 -29.206467 35.787574
v 26.147375 -44.379093 -35.787574
v 26.147375 -29.206467 -35.787574
v 9.249364 -44.379093 -35.787574
v 9.249364 -29.206467 -35.787574
v -26.147375 -44.379093 -35.787574
v -26.147375 -29.206467 -35.787574
v -43.045384 -44.379093 -35.787574
v -43.045384 -29.206467 -35.787574
v 59.943396 -44.379093 -17.893787
v 59.943396 -29.206467 -17.893787
v 59.943396 -44.379093 -26.840678
v 59.943396 -29.206467 -26.840678
v -59.943396 -44.379093 17.893787
v -59.943396 -29.206467 17.893787
v -59.943396 -44.379093 26.840678
v -59.943396 -29.206467 26.840678
v 0.000000 -44.379093 35.787574
v 0.000000 -29.206467 35.787574
v 9.249364 -44.379093 35.787574
v 9.249364 -29.206467 35.787574
v 0.000000 -44.379093 -35.787574
v 0.000000 -29.206467 -35.787574
v -9.249364 -44.379093 -35.787574
v -9.249364 -29.206467 -35.787574
v 59.943396 -44.379093 0.000000
v 59.943396 -29.206467 0.000000
v 59.943396 -44.379093 -8.946893
v 59.943396 -29.206467 -8.946893
v -59.943396 -44.379093 0.000000
v -59.943396 -29.206467 0.000000
v -59.943396 -44.379093 8.946893
v -59.943396 -29.206467 8.946893
v -59.943396 -44.379093 35.787574
v -59.943396 -29.206467 35.787574
v -43.045384 -44.379093 35.787574
v -43.045384 -29.206467 35.787574
v 59.943396 -44.379093 35.787574
v 59.943396 -29.206467 35.787574
v 59.943396 -44.379093 26.840678
v 59.943396 -29.206467 26.840678
v -59.943396 -29.206467 -35.787574
v -59.943396 -44.379093 -35.787574
v -59.943396 -44.379093 -26.840678
v -59.943396 -29.206467 -26.840678
v 59.943396 -29.206467 -35.787574
v 59.943396 -44.379093 -35.787574
v 43.045384 -44.379093 -35.787574
v 43.045384 -29.206467 -35.787574
v -52.294750 -21.406083 -27.688202
v -52.294750 -21.406083 -20.766152
v -52.294750 -21.406083 -13.844101
v -52.294750 -21.406083 -6.922051
v -52.294750 -21.406083 0.000000
v -52.294750 -21.406083 6.922051
v -52.294750 -21.406083 13.844101
v -52.294750 -21.406083 20.766152
v -52.294750 -21.406083 27.688202
v -39.221061 -21.406083 27.688202
v -26.147375 -21.406083 27.688202
v -13.073688 -21.406083 27.688202
v 0.000000 -21.406083 27.688202
v 13.073688 -21.406083 27.688202
v 26.147375 -21.406083 27.688202
v 39.221061 -21.406083 27.688202
v 52.294750 -21.406083 27.688202
v 52.294750 -21.406083 20.766152
v 52.294750 -21.406083 13.844101
v 52.294750 -21.406083 6.922051
v 52.294750 -21.406083 0.000000
v 52.294750 -21.406083 -6.922051
v 52.294750 -21.406083 -13.844101
v 52.294750 -21.406083 -20.766152
v 52.294750 -21.406083 -27.688202
v 39.221061 -21.406083 -27.688202
v 26.147375 -21.406083 -27.688202
v 13.073688 -21.406083 -27.688202
v 0.000000 -21.406083 -27.688202
v -13.073688 -21.406083 -27.688202
v -26.147375 -21.406083 -27.688202
v -39.221061 -21.406083 -27.688202
v 52.294750 39.070336 -27.688202
v 39.221061 39.070336 -27.688202
v 26.147375 39.070336 -27.688202
v 26.147375 39.070336 27.688202
v 39.221061 39.070336 27.688202
v 52.294750 39.070336 27.688202
v 52.294750 39.070336 20.766152
v 52.294750 39.070336 13.844101
v 52.294750 39.070336 6.922051
v 52.294750 39.070336 0.000000
v 52.294750 39.070336 -6.922051
v 52.294750 39.070336 -13.844101
v 52.294750 39.070336 -20.766152
v -52.294750 39.070336 -27.688202
v -39.221061 39.070336 -27.688202
v -26.147375 39.070336 -27.688202
v -26.147375 39.070336 27.688202
v -39.221061 39.070336 27.688202
v -52.294750 39.070336 27.688202
v -52.294750 39.070336 20.766152
v -52.294750 39.070336 13.844101
v -52.294750 39.070336 6.922051
v -52.294750 39.070336 0.000000
v -52.294750 39.070336 -6.922051
v -52.294750 39.070336 -13.844101
v -52.294750 39.070336 -20.766152
v 45.757908 16.311405 27.688202
v 45.757908 1.138779 27.688202
v 45.757908 -14.033844 27.688202
v 45.757908 -21.406083 27.688202
v 45.757908 -29.206467 27.688202
v 51.494389 -29.206467 35.787574
v 51.494389 -44.379093 35.787574
v 45.757908 -44.379093 27.688202
v 45.757908 -44.379093 20.766152
v 45.757908 -44.379093 13.844101
v 45.757908 -44.379093 6.922051
v 45.757908 -44.379093 0.000000
v 45.757908 -44.379093 -6.922051
v 45.757908 -44.379093 -13.844101
v 45.757908 -44.379093 -20.766152
v 45.757908 -44.379093 -27.688202
v 51.494389 -44.379093 -35.787574
v 51.494389 -29.206467 -35.787574
v 45.757908 -29.206467 -27.688202
v 45.757908 -21.406083 -27.688202
v 45.757908 -14.033844 -27.688202
v 45.757908 1.138779 -27.688202
v 45.757908 16.311405 -27.688202
v 45.757908 31.484031 -27.688202
v 45.757908 39.070336 -27.688202
v 45.757908 46.656657 -27.688202
v 45.757908 46.656657 27.688202
v 45.757908 39.070336 27.688202
v 45.757908 31.484031 27.688202
v -45.757908 16.311405 27.688202
v -45.757908 1.138779 27.688202
v -45.757908 -14.033844 27.688202
v -45.757908 -21.406083 27.688202
v -45.757908 -29.206467 27.688202
v -51.494389 -29.206467 35.787574
v -51.494389 -44.379093 35.787574
v -45.757908 -44.379093 27.688202
v -45.757908 -44.379093 20.766152
v -45.757908 -44.379093 13.844101
v -45.757908 -44.379093 6.922051
v -45.757908 -44.379093 0.000000
v -45.757908 -44.379093 -6.922051
v -45.757908 -44.379093 -13.844101
v -45.757908 -44.379093 -20.766152
v -45.757908 -44.379093 -27.688202
v -51.494389 -44.379093 -35.787574
v -51.494389 -29.206467 -35.787574
v -45.757908 -29.206467 -27.688202
v -45.757908 -21.406083 -27.688202
v -45.757908 -14.033844 -27.688202
v -45.757908 1.138779 -27.688202
v -45.757908 16.311405 -27.688202
v -45.757908 31.484031 -27.688202
v -45.757908 39.070336 -27.688202
v -45.757908 46.656657 -27.688202
v -45.757908 46.656657 27.688202
v -45.757908 39.070336 27.688202
v -45.757908 31.484031 27.688202
v 32.684219 -44.379093 27.688202
v 34.596380 -44.379093 35.787574
v 34.596380 -29.206467 35.787574
v 32.684219 -29.206467 27.688202
v 32.684219 -21.406083 27.688202
v 32.684219 -14.033844 27.688202
v 32.684219 1.138779 27.688202
v 32.684219 16.311405 27.688202
v 32.684219 31.484031 27.688202
v 32.684219 39.070336 27.688202
v 32.684219 46.656657 27.688202
v 32.684219 46.656657 -27.688202
v 32.684219 39.070336 -27.688202
v 32.684219 31.484031 -27.688202
v 32.684219 16.311405 -27.688202
v 32.684219 1.138779 -27.688202
v 32.684219 -14.033844 -27.688202
v 32.684219 -21.406083 -27.688202
v 32.684219 -29.206467 -27.688202
v 34.596380 -29.206467 -35.787574
v 34.596380 -44.379093 -35.787574
v 32.684219 -44.379093 -27.688202
v 32.684219 -44.379093 -20.766152
v 32.684219 -44.379093 -13.844101
v 32.684219 -44.379093 -6.922051
v 32.684219 -44.379093 0.000000
v 32.684219 -44.379093 6.922051
v 32.684219 -44.379093 13.844101
v 32.684219 -44.379093 20.766152
v -32.684219 -44.379093 27.688202
v -34.596380 -44.379093 35.787574
v -34.596380 -29.206467 35.787574
v -32.684219 -29.206467 27.688202
v -32.684219 -21.406083 27.688202
v -32.684219 -14.033844 27.688202
v -32.684219 1.138779 27.688202
v -32.684219 16.311405 27.688202
v -32.684219 31.484031 27.688202
v -32.684219 39.070336 27.688202
v -32.684219 46.656657 27.688202
v -32.684219 46.656657 -27.688202
v -32.684219 39.070336 -27.688202
v -32.684219 31.484031 -27.688202
v -32.684219 16.311405 -27.688202
v -32.684219 1.138779 -27.688202
v -32.684219 -14.033844 -27.688202
v -32.684219 -21.406083 -27.688202
v -32.684219 -29.206467 -27.688202
v -34.596380 -29.206467 -35.787574
v -34.596380 -44.379093 -35.787574
v -32.684219 -44.379093 -27.688202
v -32.684219 -44.379093 -20.766152
v -32.684219 -44.379093 -13.844101
v -32.684219 -44.379093 -6.922051
v -32.684219 -44.379093 0.000000
v -32.684219 -44.379093 6.922051
v -32.684219 -44.379093 13.844101
v -32.684219 -44.379093 20.766152
v 52.294750 46.656657 -27.688202
v 52.294750 46.656657 -20.766152
v 52.294750 46.656657 0.000000
v 52.294750 46.656657 -6.922051
v 52.294750 46.656657 27.688202
v 52.294750 46.656657 20.766152
v 52.294750 46.656657 6.922051
v -52.294750 46.656657 27.688202
v -52.294750 46.656657 20.766152
v -52.294750 46.656657 0.000000
v -52.294750 46.656657 6.922051
v -52.294750 46.656657 -27.688202
v -52.294750 46.656657 -20.766152
v -52.294750 46.656657 -6.922051
v 52.294750 46.656657 -13.844101
v 52.294750 46.656657 13.844101
v -52.294750 46.656657 13.844101
v -52.294750 46.656657 -13.844101
v 52.294750 46.656657 0.000000
v 52.294750 46.656657 -6.922051
v 52.294750 39.070336 0.000000
v 52.294750 39.070336 -6.922051
v 52.294750 46.656657 27.688202
v 52.294750 46.656657 20.766152
v 52.294750 39.070336 27.688202
v 52.294750 39.070336 20.766152
v 52.294750 39.070336 -20.766152
v 52.294750 39.070336 -27.688202
v 52.294750 46.656657 -27.688202
v 52.294750 46.656657 -20.766152
v 52.294750 46.656657 -13.844101
v 52.294750 39.070336 -13.844101
v 52.294750 39.070336 13.844101
v 52.294750 46.656657 13.844101
v 52.294750 39.070336 6.922051
v 52.294750 46.656657 6.922051
v -60.977723 33.351241 0.000000
v -60.977723 33.351241 6.922051
v -60.977723 33.351241 -27.688202
v -60.977723 33.351241 -20.766152
v -60.977723 33.351241 27.688202
v -60.977723 33.351241 20.766152
v -60.977723 33.351241 13.844101
v -60.977723 33.351241 -13.844101
v -60.977723 33.351241 -6.922051
v 60.977723 33.351241 27.688202
v 60.977723 33.351241 20.766152
v 60.977723 33.351241 13.844101
v 60.977723 33.351241 6.922051
v 60.977723 33.351241 0.000000
v 60.977723 33.351241 -6.922051
v 60.977723 33.351241 -13.844101
v 60.977723 33.351241 -20.766152
v 60.977723 33.351241 -27.688202
v 52.294750 35.277181 27.688202
v 45.757908 35.277181 27.688202
v 39.221061 35.277181 27.688202
v 32.684219 35.277181 27.688202
v 26.147375 35.277181 27.688202
v 26.147375 35.277181 -27.688202
v 32.684219 35.277181 -27.688202
v 39.221061 35.277181 -27.688202
v 45.757908 35.277181 -27.688202
v 52.294750 35.277181 -27.688202
v 61.152109 43.557376 -27.688202
v 61.152109 43.557376 -20.766152
v 61.152109 43.557376 -13.844101
v 61.152109 43.557376 -6.922051
v 61.152109 43.557376 0.000000
v 61.152109 43.557376 6.922051
v 61.152109 43.557376 13.844101
v 61.152109 43.557376 20.766152
v 61.152109 43.557376 27.688202
v -52.294750 35.277181 27.688202
v -45.757908 35.277181 27.688202
v -39.221061 35.277181 27.688202
v -32.684219 35.277181 27.688202
v -26.147375 35.277181 27.688202
v -26.147375 35.277181 -27.688202
v -32.684219 35.277181 -27.688202
v -39.221061 35.277181 -27.688202
v -45.757908 35.277181 -27.688202
v -52.294750 35.277181 -27.688202
v -61.152109 43.557376 -27.688202
v -61.152109 43.557376 -20.766152
v -61.152109 43.557376 -13.844101
v -61.152109 43.557376 -6.922051
v -61.152109 43.557376 0.000000
v -61.152109 43.557376 6.922051
v -61.152109 43.557376 13.844101
v -61.152109 43.557376 20.766152
v -61.152109 43.557376 27.688202
v 52.294750 37.173756 -27.688202
v 45.757908 37.173756 -27.688202
v 39.221061 37.173756 -27.688202
v 32.684219 37.173756 -27.688202
v 26.147375 37.173756 -27.688202
v 26.147375 37.173756 27.688202
v 32.684219 37.173756 27.688202
v 39.221061 37.173756 27.688202
v 45.757908 37.173756 27.688202
v 52.294750 37.173756 27.688202
v 58.279372 46.487464 27.688202
v 58.279372 46.487464 20.766152
v 58.279372 46.487464 13.844101
v 58.279372 46.487464 6.922051
v 58.279372 46.487464 0.000000
v 58.279372 46.487464 -6.922051
v 58.279372 46.487464 -13.844101
v 58.279372 46.487464 -20.766152
v 58.279372 46.487464 -27.688202
v -52.294750 37.173756 -27.688202
v -45.757908 37.173756 -27.688202
v -39.221061 37.173756 -27.688202
v -32.684219 37.173756 -27.688202
v -26.147375 37.173756 -27.688202
v -26.147375 37.173756 27.688202
v -32.684219 37.173756 27.688202
v -39.221061 37.173756 27.688202
v -45.757908 37.173756 27.688202
v -52.294750 37.173756 27.688202
v -58.279372 46.487464 27.688202
v -58.279372 46.487464 20.766152
v -58.279372 46.487464 13.844101
v -58.279372 46.487464 6.922051
v -58.279372 46.487464 0.000000
v -58.279372 46.487464 -6.922051
v -58.279372 46.487464 -13.844101
v -58.279372 46.487464 -20.766152
v -58.279372 46.487464 -27.688202
v 52.294750 33.380606 27.688202
v 45.757908 33.380606 27.688202
v 39.221061 33.380606 27.688202
v 32.684219 33.380606 27.688202
v 26.147375 33.380606 27.688202
v 26.147375 33.380606 -27.688202
v 32.684219 33.380606 -27.688202
v 39.221061 33.380606 -27.688202
v 45.757908 33.380606 -27.688202
v 52.294750 33.380606 -27.688202
v 63.851326 38.901164 -27.688202
v 63.851326 38.901164 -20.766152
v 63.851326 38.901164 -13.844101
v 63.851326 38.901164 -6.922051
v 63.851326 38.901164 0.000000
v 63.851326 38.901164 6.922051
v 63.851326 38.901164 13.844101
v 63.851326 38.901164 20.766152
v 63.851326 38.901164 27.688202
v -52.294750 33.380606 27.688202
v -45.757908 33.380606 27.688202
v -39.221061 33.380606 27.688202
v -32.684219 33.380606 27.688202
v -26.147375 33.380606 27.688202
v -26.147375 33.380606 -27.688202
v -32.684219 33.380606 -27.688202
v -39.221061 33.380606 -27.688202
v -45.757908 33.380606 -27.688202
v -52.294750 33.380606 -27.688202
v -63.851326 38.901164 -27.688202
v -63.851326 38.901164 -20.766152
v -63.851326 38.901164 -13.844101
v -63.851326 38.901164 -6.922051
v -63.851326 38.901164 0.000000
v -63.851326 38.901164 6.922051
v -63.851326 38.901164 13.844101
v -63.851326 38.901164 20.766152
v -63.851326 38.901164 27.688202
vt 0.421875 0.093750
vt 0.421875 0.125000
vt 0.406250 0.125000
vt 0.406250 0.093750
vt 0.421875 0.593750
vt 0.421875 0.625000
vt 0.406250 0.625000
vt 0.406250 0.593750
vt 0.421875 0.843750
vt 0.421875 0.875000
vt 0.406250 0.875000
vt 0.406250 0.843750
vt 0.687500 0.093750
vt 0.687500 0.125000
vt 0.656250 0.125000
vt 0.656250 0.093750
vt 0.187500 0.093750
vt 0.187500 0.125000
vt 0.156250 0.125000
vt 0.156250 0.093750
vt 0.531250 0.062500
vt 0.500000 0.062500
vt 0.500000 0.047316
vt 0.531250 0.047316
vt 0.562500 0.156250
vt 0.562500 0.125000
vt 0.578125 0.125000
vt 0.578125 0.156250
vt 0.562500 0.656250
vt 0.562500 0.625000
vt 0.578125 0.625000
vt 0.578125 0.656250
vt 0.468750 0.687500
vt 0.500000 0.687500
vt 0.500000 0.702684
vt 0.468750 0.702684
vt 0.531250 0.812500
vt 0.500000 0.812500
vt 0.500000 0.781250
vt 0.531250 0.781250
vt 0.562500 0.906250
vt 0.562500 0.875000
vt 0.578125 0.875000
vt 0.578125 0.906250
vt 0.468750 0.937500
vt 0.500000 0.937500
vt 0.500000 0.968750
vt 0.468750 0.968750
vt 0.781250 0.062500
vt 0.750000 0.062500
vt 0.750000 0.047316
vt 0.781250 0.047316
vt 0.812500 0.156250
vt 0.812500 0.125000
vt 0.843750 0.125000
vt 0.843750 0.156250
vt 0.281250 0.062500
vt 0.250000 0.062500
vt 0.250000 0.047316
vt 0.281250 0.047316
vt 0.312500 0.156250
vt 0.312500 0.125000
vt 0.343750 0.125000
vt 0.343750 0.156250
vt 0.406250 0.062500
vt 0.390625 0.062500
vt 0.390625 0.047316
vt 0.406250 0.047316
vt 0.437500 0.031250
vt 0.437500 0.000000
vt 0.468750 0.000000
vt 0.468750 0.031250
vt 0.468750 0.062500
vt 0.500000 0.093750
vt 0.468750 0.093750
vt 0.406250 0.812500
vt 0.390625 0.812500
vt 0.390625 0.781250
vt 0.406250 0.781250
vt 0.437500 0.781250
vt 0.437500 0.750000
vt 0.468750 0.750000
vt 0.468750 0.781250
vt 0.468750 0.812500
vt 0.500000 0.843750
vt 0.468750 0.843750
vt 0.656250 0.062500
vt 0.625000 0.062500
vt 0.625000 0.047316
vt 0.656250 0.047316
vt 0.687500 0.031250
vt 0.687500 0.000000
vt 0.718750 0.000000
vt 0.718750 0.031250
vt 0.718750 0.062500
vt 0.750000 0.093750
vt 0.718750 0.093750
vt 0.156250 0.062500
vt 0.125000 0.062500
vt 0.125000 0.047316
vt 0.156250 0.047316
vt 0.187500 0.031250
vt 0.187500 0.000000
vt 0.218750 0.000000
vt 0.218750 0.031250
vt 0.218750 0.062500
vt 0.250000 0.093750
vt 0.218750 0.093750
vt 0.562500 0.031250
vt 0.562500 0.000000
vt 0.578125 0.000000
vt 0.578125 0.031250
vt 0.609375 0.093750
vt 0.609375 0.062500
vt 0.625000 0.093750
vt 0.562500 0.093750
vt 0.531250 0.125000
vt 0.531250 0.093750
vt 0.406250 0.167969
vt 0.390625 0.167969
vt 0.390625 0.164062
vt 0.406250 0.164062
vt 0.437500 0.156250
vt 0.437500 0.125000
vt 0.468750 0.125000
vt 0.468750 0.156250
vt 0.609375 0.578125
vt 0.609375 0.562500
vt 0.625718 0.561354
vt 0.625000 0.578125
vt 0.562500 0.593750
vt 0.531250 0.625000
vt 0.531250 0.593750
vt 0.609375 0.702684
vt 0.609375 0.687500
vt 0.625000 0.687500
vt 0.625000 0.702684
vt 0.562500 0.718750
vt 0.562500 0.750000
vt 0.531250 0.750000
vt 0.531250 0.718750
vt 0.531250 0.687500
vt 0.500000 0.656250
vt 0.531250 0.656250
vt 0.421875 0.718750
vt 0.421875 0.750000
vt 0.406250 0.750000
vt 0.406250 0.718750
vt 0.406250 0.687500
vt 0.390625 0.687500
vt 0.390625 0.656250
vt 0.406250 0.656250
vt 0.437500 0.656250
vt 0.437500 0.625000
vt 0.468750 0.625000
vt 0.468750 0.656250
vt 0.562500 0.781250
vt 0.562500 0.750000
vt 0.578125 0.750000
vt 0.578125 0.781250
vt 0.609375 0.843750
vt 0.609375 0.812500
vt 0.625000 0.812500
vt 0.625000 0.843750
vt 0.562500 0.843750
vt 0.531250 0.875000
vt 0.531250 0.843750
vt 0.609375 0.968750
vt 0.609375 0.937500
vt 0.625000 0.937500
vt 0.625000 0.968750
vt 0.562500 0.968750
vt 0.562500 1.000000
vt 0.531250 1.000000
vt 0.531250 0.968750
vt 0.531250 0.937500
vt 0.500000 0.906250
vt 0.531250 0.906250
vt 0.421875 0.968750
vt 0.421875 1.000000
vt 0.406250 1.000000
vt 0.406250 0.968750
vt 0.406250 0.937500
vt 0.390625 0.937500
vt 0.390625 0.906250
vt 0.406250 0.906250
vt 0.437500 0.906250
vt 0.437500 0.875000
vt 0.468750 0.875000
vt 0.468750 0.906250
vt 0.812500 0.031250
vt 0.812500 0.000000
vt 0.843750 0.000000
vt 0.843750 0.031250
vt 0.843750 0.062500
vt 0.875000 0.062500
vt 0.875000 0.093750
vt 0.843750 0.093750
vt 0.812500 0.093750
vt 0.781250 0.125000
vt 0.781250 0.093750
vt 0.781250 0.187500
vt 0.750000 0.187500
vt 0.750000 0.171875
vt 0.781250 0.171875
vt 0.656250 0.187500
vt 0.625000 0.187500
vt 0.625000 0.171875
vt 0.656250 0.171875
vt 0.687500 0.156250
vt 0.718750 0.125000
vt 0.718750 0.156250
vt 0.312500 0.031250
vt 0.312500 0.000000
vt 0.343750 0.000000
vt 0.343750 0.031250
vt 0.343750 0.062500
vt 0.375000 0.062500
vt 0.375000 0.093750
vt 0.343750 0.093750
vt 0.312500 0.093750
vt 0.281250 0.125000
vt 0.281250 0.093750
vt 0.281263 0.179571
vt 0.250016 0.179574
vt 0.250011 0.171799
vt 0.281259 0.171798
vt 0.156268 0.179576
vt 0.125057 0.179557
vt 0.125038 0.171788
vt 0.156262 0.171800
vt 0.187500 0.156250
vt 0.218750 0.125000
vt 0.218750 0.156250
vt 0.390625 0.125000
vt 0.390625 0.093750
vt 0.421875 0.062500
vt 0.390625 0.625000
vt 0.390625 0.593750
vt 0.406250 0.585938
vt 0.390625 0.585938
vt 0.390625 0.582031
vt 0.406250 0.582031
vt 0.421875 0.582031
vt 0.421875 0.585938
vt 0.390625 0.875000
vt 0.390625 0.843750
vt 0.421875 0.812500
vt 0.625000 0.125000
vt 0.687500 0.062500
vt 0.125000 0.125000
vt 0.125000 0.093750
vt 0.187500 0.062500
vt 0.500000 0.031250
vt 0.500000 0.000000
vt 0.531250 0.000000
vt 0.531250 0.031250
vt 0.562500 0.047316
vt 0.562500 0.062500
vt 0.609375 0.156250
vt 0.609375 0.125000
vt 0.625000 0.156250
vt 0.609375 0.187500
vt 0.609375 0.171875
vt 0.625000 0.171875
vt 0.631619 0.177493
vt 0.578125 0.171875
vt 0.578125 0.187500
vt 0.562500 0.187500
vt 0.562500 0.171875
vt 0.609375 0.656250
vt 0.609375 0.625000
vt 0.625000 0.625000
vt 0.625000 0.656250
vt 0.578125 0.687500
vt 0.562500 0.687500
vt 0.500000 0.718750
vt 0.500000 0.750000
vt 0.468750 0.750000
vt 0.468750 0.718750
vt 0.437500 0.750000
vt 0.437500 0.718750
vt 0.437500 0.702684
vt 0.437500 0.687500
vt 0.500000 0.750000
vt 0.531250 0.750000
vt 0.562500 0.812500
vt 0.609375 0.906250
vt 0.609375 0.875000
vt 0.625000 0.875000
vt 0.625000 0.906250
vt 0.578125 0.937500
vt 0.562500 0.937500
vt 0.500000 1.000000
vt 0.468750 1.000000
vt 0.437500 1.000000
vt 0.437500 0.968750
vt 0.437500 0.937500
vt 0.750000 0.031250
vt 0.750000 0.000000
vt 0.781250 0.000000
vt 0.781250 0.031250
vt 0.812500 0.047316
vt 0.812500 0.062500
vt 0.875000 0.125000
vt 0.875000 0.156250
vt 0.843750 0.171875
vt 0.875000 0.171875
vt 0.875000 0.187500
vt 0.843750 0.187500
vt 0.812500 0.187500
vt 0.812500 0.171875
vt 0.250000 0.031250
vt 0.250000 0.000000
vt 0.281250 0.000000
vt 0.281250 0.031250
vt 0.312500 0.047316
vt 0.312500 0.062500
vt 0.375000 0.125000
vt 0.375000 0.156250
vt 0.343748 0.171788
vt 0.374983 0.171776
vt 0.374975 0.179539
vt 0.343747 0.179558
vt 0.312508 0.179567
vt 0.312505 0.171795
vt 0.390625 0.031250
vt 0.390625 0.000000
vt 0.406250 0.000000
vt 0.406250 0.031250
vt 0.421875 0.000000
vt 0.421875 0.031250
vt 0.421875 0.047316
vt 0.468750 0.047316
vt 0.437500 0.062500
vt 0.437500 0.047316
vt 0.500000 0.125000
vt 0.437500 0.093750
vt 0.500000 0.593750
vt 0.500000 0.625000
vt 0.468750 0.593750
vt 0.437500 0.593750
vt 0.390625 0.750000
vt 0.406250 0.750000
vt 0.421875 0.750000
vt 0.421875 0.781250
vt 0.437500 0.812500
vt 0.500000 0.875000
vt 0.437500 0.843750
vt 0.625000 0.031250
vt 0.625000 0.000000
vt 0.656250 0.000000
vt 0.656250 0.031250
vt 0.687500 0.047316
vt 0.718750 0.047316
vt 0.750000 0.125000
vt 0.125000 0.031250
vt 0.125000 0.000000
vt 0.156250 0.000000
vt 0.156250 0.031250
vt 0.187500 0.047316
vt 0.218750 0.047316
vt 0.250000 0.125000
vt 0.609375 0.031250
vt 0.609375 0.000000
vt 0.609375 0.047316
vt 0.578125 0.047316
vt 0.578125 0.062500
vt 0.578125 0.093750
vt 0.500000 0.156250
vt 0.531250 0.156250
vt 0.390625 0.156250
vt 0.406250 0.156250
vt 0.421875 0.156250
vt 0.421875 0.164062
vt 0.421875 0.167969
vt 0.625000 0.593750
vt 0.609375 0.593750
vt 0.578125 0.593750
vt 0.578125 0.562500
vt 0.578125 0.578125
vt 0.562500 0.578125
vt 0.562500 0.562500
vt 0.625000 0.718750
vt 0.625000 0.750000
vt 0.609375 0.750000
vt 0.609375 0.718750
vt 0.578125 0.718750
vt 0.578125 0.750000
vt 0.578125 0.702684
vt 0.562500 0.702684
vt 0.531250 0.702684
vt 0.390625 0.750000
vt 0.390625 0.718750
vt 0.406250 0.702684
vt 0.390625 0.702684
vt 0.421875 0.687500
vt 0.421875 0.702684
vt 0.421875 0.656250
vt 0.609375 0.781250
vt 0.609375 0.750000
vt 0.625000 0.750000
vt 0.625000 0.781250
vt 0.578125 0.812500
vt 0.578125 0.843750
vt 0.625000 1.000000
vt 0.609375 1.000000
vt 0.578125 0.968750
vt 0.578125 1.000000
vt 0.390625 1.000000
vt 0.390625 0.968750
vt 0.421875 0.937500
vt 0.421875 0.906250
vt 0.875000 0.000000
vt 0.875000 0.031250
vt 0.843750 0.047316
vt 0.875000 0.047316
vt 0.750000 0.156250
vt 0.781250 0.156250
vt 0.656250 0.156250
vt 0.687500 0.171875
vt 0.687500 0.187500
vt 0.718750 0.171875
vt 0.718750 0.187500
vt 0.375000 0.000000
vt 0.375000 0.031250
vt 0.343750 0.047316
vt 0.375000 0.047316
vt 0.250000 0.156250
vt 0.281250 0.156250
vt 0.125000 0.156250
vt 0.156250 0.156250
vt 0.187512 0.171800
vt 0.187518 0.179575
vt 0.218762 0.171800
vt 0.218767 0.179575
vt 0.437500 0.000000
vt 0.468750 0.000000
vt 0.468750 0.031250
vt 0.437500 0.031250
vt 0.687500 0.000000
vt 0.718750 0.000000
vt 0.718750 0.031250
vt 0.687500 0.031250
vt 0.187500 0.000000
vt 0.218750 0.000000
vt 0.218750 0.031250
vt 0.187500 0.031250
vt 0.562500 0.000000
vt 0.578125 0.000000
vt 0.578125 0.031250
vt 0.562500 0.031250
vt 0.531250 0.718750
vt 0.562500 0.718750
vt 0.406250 0.718750
vt 0.421875 0.718750
vt 0.812500 0.000000
vt 0.843750 0.000000
vt 0.843750 0.031250
vt 0.812500 0.031250
vt 0.312500 0.000000
vt 0.343750 0.000000
vt 0.343750 0.031250
vt 0.312500 0.031250
vt 0.500000 0.000000
vt 0.531250 0.000000
vt 0.531250 0.031250
vt 0.500000 0.031250
vt 0.468750 0.718750
vt 0.500000 0.718750
vt 0.437500 0.718750
vt 0.750000 0.000000
vt 0.781250 0.000000
vt 0.781250 0.031250
vt 0.750000 0.031250
vt 0.250000 0.000000
vt 0.281250 0.000000
vt 0.281250 0.031250
vt 0.250000 0.031250
vt 0.390625 0.000000
vt 0.406250 0.000000
vt 0.406250 0.031250
vt 0.390625 0.031250
vt 0.421875 0.000000
vt 0.421875 0.031250
vt 0.625000 0.000000
vt 0.656250 0.000000
vt 0.656250 0.031250
vt 0.625000 0.031250
vt 0.125000 0.000000
vt 0.156250 0.000000
vt 0.156250 0.031250
vt 0.125000 0.031250
vt 0.609375 0.000000
vt 0.609375 0.031250
vt 0.609375 0.718750
vt 0.625000 0.718750
vt 0.578125 0.718750
vt 0.390625 0.718750
vt 0.875000 0.000000
vt 0.875000 0.031250
vt 0.375000 0.000000
vt 0.375000 0.031250
vt 0.437500 0.164062
vt 0.437500 0.585938
vt 0.437500 0.582031
vt 0.437500 0.167969
vt 0.421875 0.187500
vt 0.421875 0.562500
vt 0.406250 0.562500
vt 0.406250 0.187500
vt 0.390625 0.562500
vt 0.390625 0.187500
vt 0.609375 0.589844
vt 0.625000 0.589844
vt 0.562500 0.589844
vt 0.578125 0.589844
vt 0.562500 0.160156
vt 0.578125 0.160156
vt 0.625000 0.160156
vt 0.609375 0.160156
vt 0.656251 0.164019
vt 0.625008 0.164013
vt 0.625000 0.156250
vt 0.656250 0.156250
vt 0.687500 0.156250
vt 0.687497 0.164022
vt 0.718746 0.164024
vt 0.718750 0.156250
vt 0.750000 0.156250
vt 0.749995 0.164025
vt 0.781244 0.164025
vt 0.781250 0.156250
vt 0.812500 0.156250
vt 0.812494 0.164025
vt 0.843744 0.164025
vt 0.843750 0.156250
vt 0.875000 0.156250
vt 0.874981 0.164019
vt 0.406250 0.578125
vt 0.390625 0.578125
vt 0.421875 0.578125
vt 0.437500 0.171875
vt 0.437500 0.578125
vt 0.437500 0.562500
vt 0.437500 0.187500
vt 0.406250 0.171875
vt 0.421875 0.171875
vt 0.390625 0.171875
vt 0.343750 0.171875
vt 0.375000 0.171875
vt 0.375000 0.187500
vt 0.343750 0.187500
vt 0.312500 0.187500
vt 0.312500 0.171875
vt 0.281250 0.171875
vt 0.281250 0.187500
vt 0.250000 0.187500
vt 0.250000 0.171875
vt 0.218750 0.171875
vt 0.218750 0.187500
vt 0.187500 0.187500
vt 0.187500 0.171875
vt 0.156250 0.171875
vt 0.156250 0.187500
vt 0.125000 0.187500
vt 0.125000 0.171875
vt 0.593750 0.125000
vt 0.593750 0.093750
vt 0.593750 0.062500
vt 0.593750 0.047316
vt 0.593750 0.031250
vt 0.593750 0.031250
vt 0.593750 0.000000
vt 0.593750 0.000000
vt 0.593750 1.000000
vt 0.593750 0.968750
vt 0.593750 0.937500
vt 0.593750 0.906250
vt 0.593750 0.875000
vt 0.593750 0.843750
vt 0.593750 0.812500
vt 0.593750 0.781250
vt 0.593750 0.750000
vt 0.593750 0.750000
vt 0.593750 0.718750
vt 0.593750 0.718750
vt 0.593750 0.702684
vt 0.593750 0.687500
vt 0.593750 0.656250
vt 0.593750 0.625000
vt 0.593750 0.593750
vt 0.593750 0.589844
vt 0.593750 0.562500
vt 0.593750 0.578125
vt 0.593750 0.187500
vt 0.593750 0.171875
vt 0.593750 0.160156
vt 0.593750 0.156250
vt 0.375000 1.000000
vt 0.375000 0.968750
vt 0.375000 0.937500
vt 0.375000 0.906250
vt 0.375000 0.875000
vt 0.375000 0.843750
vt 0.375000 0.812500
vt 0.375000 0.781250
vt 0.375000 0.750000
vt 0.375000 0.750000
vt 0.375000 0.718750
vt 0.375000 0.718750
vt 0.375000 0.702684
vt 0.375000 0.687500
vt 0.375000 0.656250
vt 0.375000 0.625000
vt 0.375000 0.593750
vt 0.375000 0.585938
vt 0.375000 0.582031
vt 0.375000 0.578125
vt 0.375000 0.562500
vt 0.375000 0.164062
vt 0.375000 0.167969
vt 0.003180 0.500000
vt 0.996825 0.500795
vt 1.000000 1.000000
vt 0.000000 1.000000
vt 0.003180 0.500000
vt 0.996825 0.500795
vt 1.000000 1.000000
vt 0.000000 1.000000
vt 0.003180 0.500000
vt 0.996825 0.500795
vt 1.000000 1.000000
vt 0.000000 1.000000
vt 0.003180 0.500000
vt 0.996825 0.500795
vt 1.000000 1.000000
vt 0.000000 1.000000
vt 0.000000 0.000000
vt 1.000000 0.000000
vt 0.996820 0.500000
vt 0.003175 0.499205
vt 0.000000 0.000000
vt 1.000000 0.000000
vt 0.996820 0.500000
vt 0.003175 0.499205
vt 0.000000 0.000000
vt 1.000000 0.000000
vt 0.996820 0.500000
vt 0.003175 0.499205
vt 0.000000 0.000000
vt 1.000000 0.000000
vt 0.996820 0.500000
vt 0.003175 0.499205
vt 0.003180 0.500000
vt 0.996825 0.500795
vt 1.000000 1.000000
vt 0.000000 1.000000
vt 0.003180 0.500000
vt 0.996825 0.500795
vt 1.000000 1.000000
vt 0.000000 1.000000
vt 0.000000 0.000000
vt 1.000000 0.000000
vt 0.996820 0.500000
vt 0.003175 0.499205
vt 0.000000 0.000000
vt 1.000000 0.000000
vt 0.996820 0.500000
vt 0.003175 0.499205
vt 0.003180 0.500000
vt 0.996825 0.500795
vt 1.000000 1.000000
vt 0.000000 1.000000
vt 0.003180 0.500000
vt 0.996825 0.500795
vt 1.000000 1.000000
vt 0.000000 1.000000
vt 0.000000 0.000000
vt 1.000000 0.000000
vt 0.996820 0.500000
vt 0.003175 0.499205
vt 0.000000 0.000000
vt 1.000000 0.000000
vt 0.996820 0.500000
vt 0.003175 0.499205
vt 0.000050 0.500013
vt 0.999950 0.500000
vt 1.000000 1.000000
vt 0.000000 1.000000
vt 0.000000 0.000000
vt 1.000000 0.000000
vt 0.999950 0.499987
vt 0.000050 0.500000
vt 0.781250 0.187500
vt 0.750002 0.187498
vt 0.750000 0.171875
vt 0.781250 0.171875
vt 0.657077 0.186249
vt 0.656250 0.171875
vt 0.843750 0.171875
vt 0.875000 0.171875
vt 0.874951 0.187402
vt 0.843750 0.187500
vt 0.812500 0.187500
vt 0.812500 0.171875
vt 0.687500 0.171875
vt 0.687603 0.187344
vt 0.718750 0.171875
vt 0.718763 0.187480
vt 0.250021 0.187348
vt 0.281268 0.187345
vt 0.281250 0.156250
vt 0.250000 0.156250
vt 0.125076 0.187326
vt 0.156274 0.187351
vt 0.125000 0.167969
vt 0.125000 0.164062
vt 0.156250 0.156250
vt 0.125000 0.156250
vt 0.343746 0.187327
vt 0.374967 0.187302
vt 0.375000 0.156250
vt 0.343750 0.156250
vt 0.312510 0.187339
vt 0.312500 0.156250
vt 0.187524 0.187351
vt 0.187500 0.156250
vt 0.218773 0.187350
vt 0.218750 0.156250
vt 0.625033 0.187302
vt 0.656254 0.187327
vt 0.687490 0.187339
vt 0.718732 0.187345
vt 0.749979 0.187348
vt 0.781227 0.187350
vt 0.812476 0.187351
vt 0.843726 0.187351
vt 0.875000 0.160156
vt 0.874924 0.187326
vt 0.609375 0.167969
vt 0.625000 0.167969
vt 0.593750 0.167969
vt 0.578125 0.167969
vt 0.562500 0.167969
vt 0.562500 0.582031
vt 0.578125 0.582031
vt 0.593750 0.582031
vt 0.609375 0.582031
vt 0.625000 0.582031
vt 0.874943 0.179557
vt 0.875000 0.167969
vt 0.843732 0.179576
vt 0.812482 0.179575
vt 0.781233 0.179575
vt 0.749984 0.179574
vt 0.718737 0.179571
vt 0.687492 0.179567
vt 0.656253 0.179558
vt 0.625025 0.179539
vt 0.375000 0.160156
vt 0.390625 0.160156
vt 0.406250 0.160156
vt 0.421875 0.160156
vt 0.437500 0.160156
vt 0.437500 0.589844
vt 0.421875 0.589844
vt 0.406250 0.589844
vt 0.390625 0.589844
vt 0.375000 0.589844
vt 0.125000 0.160156
vt 0.125019 0.164019
vt 0.156256 0.164025
vt 0.187506 0.164025
vt 0.218756 0.164025
vt 0.250005 0.164025
vt 0.281254 0.164024
vt 0.312503 0.164022
vt 0.343749 0.164019
vt 0.374992 0.164013
vt 0.625000 0.585938
vt 0.609375 0.585938
vt 0.593750 0.585938
vt 0.578125 0.585938
vt 0.562500 0.585938
vt 0.562500 0.164062
vt 0.578125 0.164062
vt 0.593750 0.164062
vt 0.609375 0.164062
vt 0.625000 0.164062
vt 0.625017 0.171776
vt 0.656252 0.171788
vt 0.687495 0.171795
vt 0.718741 0.171798
vt 0.749989 0.171799
vt 0.781238 0.171800
vt 0.812488 0.171800
vt 0.843738 0.171800
vt 0.874962 0.171788
vt 0.875000 0.164062
vn 0.000000 0.000000 1.000000
vn 0.000000 0.000000 1.000000
vn 0.000000 0.000000 1.000000
vn 0.000000 0.000000 1.000000
vn 0.000000 0.000000 -1.000000
vn 0.000000 0.000000 -1.000000
vn 0.000000 0.000000 -1.000000
vn 0.000000 0.000000 -1.000000
vn 0.000000 -1.000000 0.000000
vn 0.000000 -1.000000 0.000000
vn 0.000000 -1.000000 0.000000
vn 0.000000 -1.000000 0.000000
vn 1.000000 0.000000 0.000000
vn 1.000000 0.000000 0.000000
vn 1.000000 0.000000 0.000000
vn 1.000000 0.000000 0.000000
vn -1.000000 0.000000 0.000000
vn -1.000000 0.000000 0.000000
vn -1.000000 0.000000 0.000000
vn -1.000000 0.000000 0.000000
vn 0.000000 0.000000 1.000000
vn 0.000000 0.000000 1.000000
vn 0.000000 0.000000 1.000000
vn 0.000000 0.000000 1.000000
vn 0.000000 0.000000 1.000000
vn 0.000000 0.000000 1.000000
vn 0.000000 0.000000 1.000000
vn 0.000000 0.000000 1.000000
vn 0.000000 0.000000 -1.000000
vn 0.000000 0.000000 -1.000000
vn 0.000000 0.000000 -1.000000
vn 0.000000 0.000000 -1.000000
vn 0.000000 0.000000 -1.000000
vn 0.000000 0.000000 -1.000000
vn 0.000000 0.000000 -1.000000
vn 0.000000 0.000000 -1.000000
vn 0.000000 -1.000000 0.000000
vn 0.000000 -1.000000 0.000000
vn 0.000000 -1.000000 0.000000
vn 0.000000 -1.000000 0.000000
vn 0.000000 -1.000000 0.000000
vn 0.000000 -1.000000 0.000000
vn 0.000000 -1.000000 0.000000
vn 0.000000 -1.000000 0.000000
vn 0.000000 -1.000000 0.000000
vn 0.000000 -1.000000 0.000000
vn 0.000000 -1.000000 0.000000
vn 0.000000 -1.000000 0.000000
vn 1.000000 0.000000 0.000000
vn 1.000000 0.000000 0.000000
vn 1.000000 0.000000 0.000000
vn 1.000000 0.000000 0.000000
vn 1.000000 0.000000 0.000000
vn 1.000000 0.000000 0.000000
vn 1.000000 0.000000 0.000000
vn 1.000000 0.000000 0.000000
vn -1.000000 0.000000 0.000000
vn -1.000000 0.000000 0.000000
vn -1.000000 0.000000 0.000000
vn -1.000000 0.000000 0.000000
vn -1.000000 0.000000 0.000000
vn -1.000000 0.000000 0.000000
vn -1.000000 0.000000 0.000000
vn -1.000000 0.000000 0.000000
vn 0.000000 0.000000 1.000000
vn 0.000000 0.000000 1.000000
vn 0.000000 0.000000 1.000000
vn 0.000000 0.000000 1.000000
vn 0.000000 0.000000 1.000000
vn 0.000000 0.000000 1.000000
vn 0.000000 0.000000 1.000000
vn 0.000000 0.000000 1.000000
vn 0.000000 0.000000 1.000000
vn 0.000000 0.000000 1.000000
vn 0.000000 0.000000 1.000000
vn 0.000000 0.000000 1.000000
vn 0.000000 -1.000000 0.000000
vn 0.000000 -1.000000 0.000000
vn 0.000000 -1.000000 0.000000
vn 0.000000 -1.000000 0.000000
vn 0.000000 -1.000000 0.000000
vn 0.000000 -1.000000 0.000000
vn 0.000000 -1.000000 0.000000
vn 0.000000 -1.000000 0.000000
vn 0.000000 -1.000000 0.000000
vn 0.000000 -1.000000 0.000000
vn 0.000000 -1.000000 0.000000
vn 0.000000 -1.000000 0.000000
vn 1.000000 0.000000 0.000000
vn 1.000000 0.000000 0.000000
vn 1.000000 0.000000 0.000000
vn 1.000000 0.000000 0.000000
vn 1.000000 0.000000 0.000000
vn 1.000000 0.000000 0.000000
vn 1.000000 0.000000 0.000000
vn 1.000000 0.000000 0.000000
vn 1.000000 0.000000 0.000000
vn 1.000000 0.000000 0.000000
vn 1.000000 0.000000 0.000000
vn 1.000000 0.000000 0.000000
vn -1.000000 0.000000 0.000000
vn -1.000000 0.000000 0.000000
vn -1.000000 0.000000 0.000000
vn -1.000000 0.000000 0.000000
vn -1.000000 0.000000 0.000000
vn -1.000000 0.000000 0.000000
vn -1.000000 0.000000 0.000000
vn -1.000000 0.000000 0.000000
vn -1.000000 0.000000 0.000000
vn -1.000000 0.000000 0.000000
vn -1.000000 0.000000 0.000000
vn -1.000000 0.000000 0.000000
vn 0.000000 0.000000 1.000000
vn 0.000000 0.000000 1.000000
vn 0.000000 0.000000 1.000000
vn 0.000000 0.000000 1.000000
vn 0.000000 0.000000 1.000000
vn 0.000000 0.000000 1.000000
vn 0.000000 0.000000 1.000000
vn 0.000000 0.000000 1.000000
vn 0.000000 0.000000 1.000000
vn 0.000000 0.000000 1.000000
vn 0.000000 0.000000 1.000000
vn 0.000000 0.000000 1.000000
vn 0.000000 0.000000 1.000000
vn 0.000000 0.000000 1.000000
vn 0.000000 0.000000 1.000000
vn 0.000000 0.000000 1.000000
vn 0.000000 0.000000 1.000000
vn 0.000000 0.000000 1.000000
vn 0.000000 0.000000 1.000000
vn 0.000000 0.000000 1.000000
vn 0.000000 0.000000 -1.000000
vn 0.000000 0.000000 -1.000000
vn 0.000000 0.000000 -1.000000
vn 0.000000 0.000000 -1.000000
vn 0.000000 0.000000 -1.000000
vn 0.000000 0.000000 -1.000000
vn 0.000000 0.000000 -1.000000
vn 0.000000 0.000000 -1.000000
vn 0.000000 0.000000 -1.000000
vn 0.000000 0.000000 -1.000000
vn 0.000000 0.000000 -1.000000
vn 0.000000 0.000000 -1.000000
vn 0.000000 0.000000 -1.000000
vn 0.000000 0.000000 -1.000000
vn 0.000000 0.000000 -1.000000
vn 0.000000 0.000000 -1.000000
vn 0.000000 0.000000 -1.000000
vn 0.000000 0.000000 -1.000000
vn 0.000000 0.000000 -1.000000
vn 0.000000 0.000000 -1.000000
vn 0.000000 0.000000 -1.000000
vn 0.000000 0.000000 -1.000000
vn 0.000000 0.000000 -1.000000
vn 0.000000 0.000000 -1.000000
vn 0.000000 0.000000 -1.000000
vn 0.000000 0.000000 -1.000000
vn 0.000000 0.000000 -1.000000
vn 0.000000 0.000000 -1.000000
vn 0.000000 0.000000 -1.000000
vn 0.000000 0.000000 -1.000000
vn 0.000000 0.000000 -1.000000
vn 0.000000 0.000000 -1.000000
vn 0.000000 -1.000000 0.000000
vn 0.000000 -1.000000 0.000000
vn 0.000000 -1.000000 0.000000
vn 0.000000 -1.000000 0.000000
vn 0.000000 -1.000000 0.000000
vn 0.000000 -1.000000 0.000000
vn 0.000000 -1.000000 0.000000
vn 0.000000 -1.000000 0.000000
vn 0.000000 -1.000000 0.000000
vn 0.000000 -1.000000 0.000000
vn 0.000000 -1.000000 0.000000
vn 0.000000 -1.000000 0.000000
vn 0.000000 -1.000000 0.000000
vn 0.000000 -1.000000 0.000000
vn 0.000000 -1.000000 0.000000
vn 0.000000 -1.000000 0.000000
vn 0.000000 -1.000000 0.000000
vn 0.000000 -1.000000 0.000000
vn 0.000000 -1.000000 0.000000
vn 0.000000 -1.000000 0.000000
vn 0.000000 -1.000000 0.000000
vn 0.000000 -1.000000 0.000000
vn 0.000000 -1.000000 0.000000
vn 0.000000 -1.000000 0.000000
vn 0.000000 -1.000000 0.000000
vn 0.000000 -1.000000 0.000000
vn 0.000000 -1.000000 0.000000
vn 0.000000 -1.000000 0.000000
vn 0.000000 -1.000000 0.000000
vn 0.000000 -1.000000 0.000000
vn 0.000000 -1.000000 0.000000
vn 0.000000 -1.000000 0.000000
vn 0.000000 -1.000000 0.000000
vn 0.000000 -1.000000 0.000000
vn 0.000000 -1.000000 0.000000
vn 0.000000 -1.000000 0.000000
vn 1.000000 0.000000 0.000000
vn 1.000000 0.000000 0.000000
vn 1.000000 0.000000 0.000000
vn 1.000000 0.000000 0.000000
vn 1.000000 0.000000 0.000000
vn 1.000000 0.000000 0.000000
vn 1.000000 0.000000 0.000000
vn 1.000000 0.000000 0.000000
vn 1.000000 0.000000 0.000000
vn 1.000000 0.000000 0.000000
vn 1.000000 0.000000 0.000000
vn 1.000000 0.000000 0.000000
vn 1.000000 0.000000 0.000000
vn 1.000000 0.000000 0.000000
vn 1.000000 0.000000 0.000000
vn 1.000000 0.000000 0.000000
vn 1.000000 0.000000 0.000000
vn 1.000000 0.000000 0.000000
vn 1.000000 0.000000 0.000000
vn 1.000000 0.000000 0.000000
vn 1.000000 0.000000 0.000000
vn 1.000000 0.000000 0.000000
vn 1.000000 0.000000 0.000000
vn 1.000000 0.000000 0.000000
vn -1.000000 0.000000 0.000000
vn -1.000000 0.000000 0.000000
vn -1.000000 0.000000 0.000000
vn -1.000000 0.000000 0.000000
vn -1.000000 0.000000 0.000000
vn -1.000000 0.000000 0.000000
vn -1.000000 0.000000 0.000000
vn -1.000000 0.000000 0.000000
vn -1.000000 0.000000 0.000000
vn -1.000000 0.000000 0.000000
vn -1.000000 0.000000 0.000000
vn -1.000000 0.000000 0.000000
vn -0.330275 0.943885 0.000000
vn -0.330275 0.943885 0.000000
vn -0.805966 0.591962 0.000000
vn -0.805966 0.591962 0.000000
vn -0.330275 0.943885 0.000000
vn -0.330275 0.943885 0.000000
vn -0.805966 0.591962 0.000000
vn -0.805966 0.591962 0.000000
vn -1.000000 0.000000 0.000000
vn -1.000000 0.000000 0.000000
vn -1.000000 0.000000 0.000000
vn -1.000000 0.000000 0.000000
vn 0.000000 0.000000 1.000000
vn 0.000000 0.000000 1.000000
vn 0.000000 0.000000 1.000000
vn 0.000000 0.000000 1.000000
vn 0.000000 0.000000 1.000000
vn 0.000000 0.000000 1.000000
vn 0.000000 0.000000 1.000000
vn 0.000000 0.000000 1.000000
vn 0.000000 0.000000 1.000000
vn 0.000000 0.000000 1.000000
vn 0.000000 0.000000 1.000000
vn 0.000000 0.000000 1.000000
vn 0.000000 0.000000 -1.000000
vn 0.000000 0.000000 -1.000000
vn 0.000000 0.000000 -1.000000
vn 0.000000 0.000000 -1.000000
vn 0.000000 0.000000 -1.000000
vn 0.000000 0.000000 -1.000000
vn 0.000000 0.000000 -1.000000
vn 0.000000 0.000000 -1.000000
vn 0.000000 0.000000 -1.000000
vn 0.000000 0.000000 -1.000000
vn 0.000000 0.000000 -1.000000
vn 0.000000 0.000000 -1.000000
vn 0.000000 -1.000000 0.000000
vn 0.000000 -1.000000 0.000000
vn 0.000000 -1.000000 0.000000
vn 0.000000 -1.000000 0.000000
vn 0.000000 -1.000000 0.000000
vn 0.000000 -1.000000 0.000000
vn 0.000000 -1.000000 0.000000
vn 0.000000 -1.000000 0.000000
vn 0.000000 -1.000000 0.000000
vn 0.000000 -1.000000 0.000000
vn 0.000000 -1.000000 0.000000
vn 0.000000 -1.000000 0.000000
vn 1.000000 0.000000 0.000000
vn 1.000000 0.000000 0.000000
vn 1.000000 0.000000 0.000000
vn 1.000000 0.000000 0.000000
vn 1.000000 0.000000 0.000000
vn 1.000000 0.000000 0.000000
vn 1.000000 0.000000 0.000000
vn 1.000000 0.000000 0.000000
vn 1.000000 0.000000 0.000000
vn 1.000000 0.000000 0.000000
vn 1.000000 0.000000 0.000000
vn 1.000000 0.000000 0.000000
vn -1.000000 0.000000 0.000000
vn -1.000000 0.000000 0.000000
vn -1.000000 0.000000 0.000000
vn -1.000000 0.000000 0.000000
vn -1.000000 0.000000 0.000000
vn -1.000000 0.000000 0.000000
vn -1.000000 0.000000 0.000000
vn -1.000000 0.000000 0.000000
vn -1.000000 0.000000 0.000000
vn -1.000000 0.000000 0.000000
vn -1.000000 0.000000 0.000000
vn -1.000000 0.000000 0.000000
vn 0.000000 0.000000 1.000000
vn 0.000000 0.000000 1.000000
vn 0.000000 0.000000 1.000000
vn 0.000000 0.000000 1.000000
vn 0.000000 0.000000 1.000000
vn 0.000000 0.000000 1.000000
vn 0.000000 0.000000 1.000000
vn 0.000000 0.000000 1.000000
vn 0.000000 0.000000 1.000000
vn 0.000000 0.000000 1.000000
vn 0.000000 0.000000 1.000000
vn 0.000000 0.000000 1.000000
vn 0.000000 0.000000 1.000000
vn 0.000000 0.000000 1.000000
vn 0.000000 0.000000 1.000000
vn 0.000000 0.000000 1.000000
vn 0.000000 0.000000 1.000000
vn 0.000000 0.000000 1.000000
vn 0.000000 0.000000 1.000000
vn 0.000000 0.000000 1.000000
vn 0.000000 0.000000 1.000000
vn 0.000000 0.000000 1.000000
vn 0.000000 0.000000 1.000000
vn 0.000000 0.000000 1.000000
vn 0.000000 0.000000 -1.000000
vn 0.000000 0.000000 -1.000000
vn 0.000000 0.000000 -1.000000
vn 0.000000 0.000000 -1.000000
vn 0.000000 0.000000 -1.000000
vn 0.000000 0.000000 -1.000000
vn 0.000000 0.000000 -1.000000
vn 0.000000 0.000000 -1.000000
vn 0.000000 0.000000 -1.000000
vn 0.000000 0.000000 -1.000000
vn 0.000000 0.000000 -1.000000
vn 0.000000 0.000000 -1.000000
vn 0.000000 0.000000 -1.000000
vn 0.000000 0.000000 -1.000000
vn 0.000000 0.000000 -1.000000
vn 0.000000 0.000000 -1.000000
vn 0.000000 0.000000 -1.000000
vn 0.000000 0.000000 -1.000000
vn 0.000000 0.000000 -1.000000
vn 0.000000 0.000000 -1.000000
vn 0.000000 0.000000 -1.000000
vn 0.000000 0.000000 -1.000000
vn 0.000000 0.000000 -1.000000
vn 0.000000 0.000000 -1.000000
vn 0.000000 -1.000000 0.000000
vn 0.000000 -1.000000 0.000000
vn 0.000000 -1.000000 0.000000
vn 0.000000 -1.000000 0.000000
vn 0.000000 -1.000000 0.000000
vn 0.000000 -1.000000 0.000000
vn 0.000000 -1.000000 0.000000
vn 0.000000 -1.000000 0.000000
vn 0.000000 -1.000000 0.000000
vn 0.000000 -1.000000 0.000000
vn 0.000000 -1.000000 0.000000
vn 0.000000 -1.000000 0.000000
vn 0.000000 -1.000000 0.000000
vn 0.000000 -1.000000 0.000000
vn 0.000000 -1.000000 0.000000
vn 0.000000 -1.000000 0.000000
vn 0.000000 -1.000000 0.000000
vn 0.000000 -1.000000 0.000000
vn 0.000000 -1.000000 0.000000
vn 0.000000 -1.000000 0.000000
vn 0.000000 -1.000000 0.000000
vn 0.000000 -1.000000 0.000000
vn 0.000000 -1.000000 0.000000
vn 0.000000 -1.000000 0.000000
vn 0.000000 -1.000000 0.000000
vn 0.000000 -1.000000 0.000000
vn 0.000000 -1.000000 0.000000
vn 0.000000 -1.000000 0.000000
vn 0.000000 -1.000000 0.000000
vn 0.000000 -1.000000 0.000000
vn 0.000000 -1.000000 0.000000
vn 0.000000 -1.000000 0.000000
vn 0.000000 -1.000000 0.000000
vn 0.000000 -1.000000 0.000000
vn 0.000000 -1.000000 0.000000
vn 0.000000 -1.000000 0.000000
vn 1.000000 0.000000 0.000000
vn 1.000000 0.000000 0.000000
vn 1.000000 0.000000 0.000000
vn 1.000000 0.000000 0.000000
vn 1.000000 0.000000 0.000000
vn 1.000000 0.000000 0.000000
vn 1.000000 0.000000 0.000000
vn 1.000000 0.000000 0.000000
vn 1.000000 0.000000 0.000000
vn 1.000000 0.000000 0.000000
vn 1.000000 0.000000 0.000000
vn 1.000000 0.000000 0.000000
vn 1.000000 0.000000 0.000000
vn 1.000000 0.000000 0.000000
vn 1.000000 0.000000 0.000000
vn 1.000000 0.000000 0.000000
vn 1.000000 0.000000 0.000000
vn 1.000000 0.000000 0.000000
vn 1.000000 0.000000 0.000000
vn 1.000000 0.000000 0.000000
vn 1.000000 0.000000 0.000000
vn 1.000000 0.000000 0.000000
vn 1.000000 0.000000 0.000000
vn 1.000000 0.000000 0.000000
vn -1.000000 0.000000 0.000000
vn -1.000000 0.000000 0.000000
vn -1.000000 0.000000 0.000000
vn -1.000000 0.000000 0.000000
vn -1.000000 0.000000 0.000000
vn -1.000000 0.000000 0.000000
vn -1.000000 0.000000 0.000000
vn -1.000000 0.000000 0.000000
vn -1.000000 0.000000 0.000000
vn -1.000000 0.000000 0.000000
vn -1.000000 0.000000 0.000000
vn -1.000000 0.000000 0.000000
vn -1.000000 0.000000 0.000000
vn -1.000000 0.000000 0.000000
vn -1.000000 0.000000 0.000000
vn -1.000000 0.000000 0.000000
vn -0.805966 0.591962 0.000000
vn -0.805966 0.591962 0.000000
vn -0.330275 0.943885 0.000000
vn -0.330275 0.943885 0.000000
vn -0.330275 0.943885 0.000000
vn -0.330275 0.943885 0.000000
vn -0.805966 0.591962 0.000000
vn -0.805966 0.591962 0.000000
vn 0.000000 0.000000 1.000000
vn 0.000000 0.000000 1.000000
vn 0.000000 0.000000 1.000000
vn 0.000000 0.000000 1.000000
vn 0.000000 0.000000 1.000000
vn 0.000000 0.000000 1.000000
vn 0.000000 0.000000 1.000000
vn 0.000000 0.000000 1.000000
vn 0.000000 0.000000 1.000000
vn 0.000000 0.000000 1.000000
vn 0.000000 0.000000 1.000000
vn 0.000000 0.000000 1.000000
vn 0.000000 0.000000 1.000000
vn 0.000000 0.000000 1.000000
vn 0.000000 0.000000 1.000000
vn 0.000000 0.000000 1.000000
vn 0.000000 0.000000 1.000000
vn 0.000000 0.000000 1.000000
vn 0.000000 0.000000 1.000000
vn 0.000000 0.000000 1.000000
vn 0.000000 0.000000 1.000000
vn 0.000000 0.000000 1.000000
vn 0.000000 0.000000 1.000000
vn 0.000000 0.000000 1.000000
vn 0.000000 0.000000 1.000000
vn 0.000000 0.000000 1.000000
vn 0.000000 0.000000 1.000000
vn 0.000000 0.000000 1.000000
vn 0.000000 0.000000 1.000000
vn 0.000000 0.000000 1.000000
vn 0.000000 0.000000 1.000000
vn 0.000000 0.000000 1.000000
vn 0.000000 0.000000 1.000000
vn 0.000000 0.000000 1.000000
vn 0.000000 0.000000 1.000000
vn 0.000000 0.000000 1.000000
vn 0.000000 0.000000 -1.000000
vn 0.000000 0.000000 -1.000000
vn 0.000000 0.000000 -1.000000
vn 0.000000 0.000000 -1.000000
vn 0.000000 0.000000 -1.000000
vn 0.000000 0.000000 -1.000000
vn 0.000000 0.000000 -1.000000
vn 0.000000 0.000000 -1.000000
vn 0.000000 -1.000000 0.000000
vn 0.000000 -1.000000 0.000000
vn 0.000000 -1.000000 0.000000
vn 0.000000 -1.000000 0.000000
vn 0.000000 -1.000000 0.000000
vn 0.000000 -1.000000 0.000000
vn 0.000000 -1.000000 0.000000
vn 0.000000 -1.000000 0.000000
vn 0.000000 -1.000000 0.000000
vn 0.000000 -1.000000 0.000000
vn 0.000000 -1.000000 0.000000
vn 0.000000 -1.000000 0.000000
vn 0.000000 -1.000000 0.000000
vn 0.000000 -1.000000 0.000000
vn 0.000000 -1.000000 0.000000
vn 0.000000 -1.000000 0.000000
vn 0.000000 -1.000000 0.000000
vn 0.000000 -1.000000 0.000000
vn 0.000000 -1.000000 0.000000
vn 0.000000 -1.000000 0.000000
vn 0.000000 -1.000000 0.000000
vn 0.000000 -1.000000 0.000000
vn 0.000000 -1.000000 0.000000
vn 0.000000 -1.000000 0.000000
vn 0.000000 -1.000000 0.000000
vn 0.000000 -1.000000 0.000000
vn 0.000000 -1.000000 0.000000
vn 0.000000 -1.000000 0.000000
vn 0.000000 -1.000000 0.000000
vn 0.000000 -1.000000 0.000000
vn 0.000000 -1.000000 0.000000
vn 0.000000 -1.000000 0.000000
vn 0.000000 -1.000000 0.000000
vn 0.000000 -1.000000 0.000000
vn 0.000000 -1.000000 0.000000
vn 0.000000 -1.000000 0.000000
vn 1.000000 0.000000 0.000000
vn 1.000000 0.000000 0.000000
vn 1.000000 0.000000 0.000000
vn 1.000000 0.000000 0.000000
vn 1.000000 0.000000 0.000000
vn 1.000000 0.000000 0.000000
vn 1.000000 0.000000 0.000000
vn 1.000000 0.000000 0.000000
vn 1.000000 0.000000 0.000000
vn 1.000000 0.000000 0.000000
vn 1.000000 0.000000 0.000000
vn 1.000000 0.000000 0.000000
vn 1.000000 0.000000 0.000000
vn 1.000000 0.000000 0.000000
vn 1.000000 0.000000 0.000000
vn 1.000000 0.000000 0.000000
vn 1.000000 0.000000 0.000000
vn 1.000000 0.000000 0.000000
vn 1.000000 0.000000 0.000000
vn 1.000000 0.000000 0.000000
vn 1.000000 0.000000 0.000000
vn 1.000000 0.000000 0.000000
vn 1.000000 0.000000 0.000000
vn 1.000000 0.000000 0.000000
vn 1.000000 0.000000 0.000000
vn 1.000000 0.000000 0.000000
vn 1.000000 0.000000 0.000000
vn 1.000000 0.000000 0.000000
vn 1.000000 0.000000 0.000000
vn 1.000000 0.000000 0.000000
vn 1.000000 0.000000 0.000000
vn 1.000000 0.000000 0.000000
vn 1.000000 0.000000 0.000000
vn 1.000000 0.000000 0.000000
vn 1.000000 0.000000 0.000000
vn 1.000000 0.000000 0.000000
vn -1.000000 0.000000 0.000000
vn -1.000000 0.000000 0.000000
vn -1.000000 0.000000 0.000000
vn -1.000000 0.000000 0.000000
vn -1.000000 0.000000 0.000000
vn -1.000000 0.000000 0.000000
vn -1.000000 0.000000 0.000000
vn -1.000000 0.000000 0.000000
vn -1.000000 0.000000 0.000000
vn -1.000000 0.000000 0.000000
vn -1.000000 0.000000 0.000000
vn -1.000000 0.000000 0.000000
vn -1.000000 0.000000 0.000000
vn -1.000000 0.000000 0.000000
vn -1.000000 0.000000 0.000000
vn -1.000000 0.000000 0.000000
vn -1.000000 0.000000 0.000000
vn -1.000000 0.000000 0.000000
vn -1.000000 0.000000 0.000000
vn -1.000000 0.000000 0.000000
vn -1.000000 0.000000 0.000000
vn -1.000000 0.000000 0.000000
vn -1.000000 0.000000 0.000000
vn -1.000000 0.000000 0.000000
vn -1.000000 0.000000 0.000000
vn -1.000000 0.000000 0.000000
vn -1.000000 0.000000 0.000000
vn -1.000000 0.000000 0.000000
vn -1.000000 0.000000 0.000000
vn -1.000000 0.000000 0.000000
vn -1.000000 0.000000 0.000000
vn -1.000000 0.000000 0.000000
vn -1.000000 0.000000 0.000000
vn -1.000000 0.000000 0.000000
vn -1.000000 0.000000 0.000000
vn -1.000000 0.000000 0.000000
vn 0.000000 0.000000 1.000000
vn 0.000000 0.000000 1.000000
vn 0.000000 0.000000 1.000000
vn 0.000000 0.000000 1.000000
vn 0.000000 0.000000 1.000000
vn 0.000000 0.000000 1.000000
vn 0.000000 0.000000 1.000000
vn 0.000000 0.000000 1.000000
vn 0.000000 0.000000 1.000000
vn 0.000000 0.000000 1.000000
vn 0.000000 0.000000 1.000000
vn 0.000000 0.000000 1.000000
vn 0.000000 0.000000 1.000000
vn 0.000000 0.000000 1.000000
vn 0.000000 0.000000 1.000000
vn 0.000000 0.000000 1.000000
vn 0.000000 0.000000 1.000000
vn 0.000000 0.000000 1.000000
vn 0.000000 0.000000 1.000000
vn 0.000000 0.000000 1.000000
vn 0.000000 0.000000 1.000000
vn 0.000000 0.000000 1.000000
vn 0.000000 0.000000 1.000000
vn 0.000000 0.000000 1.000000
vn 0.000000 0.000000 1.000000
vn 0.000000 0.000000 1.000000
vn 0.000000 0.000000 1.000000
vn 0.000000 0.000000 1.000000
vn 0.000000 0.000000 1.000000
vn 0.000000 0.000000 1.000000
vn 0.000000 0.000000 1.000000
vn 0.000000 0.000000 1.000000
vn 0.000000 0.000000 1.000000
vn 0.000000 0.000000 1.000000
vn 0.000000 0.000000 1.000000
vn 0.000000 0.000000 1.000000
vn 0.000000 0.000000 1.000000
vn 0.000000 0.000000 1.000000
vn 0.000000 0.000000 1.000000
vn 0.000000 0.000000 1.000000
vn 0.000000 0.000000 1.000000
vn 0.000000 0.000000 1.000000
vn 0.000000 0.000000 1.000000
vn 0.000000 0.000000 1.000000
vn 0.000000 0.000000 1.000000
vn 0.000000 0.000000 1.000000
vn 0.000000 0.000000 1.000000
vn 0.000000 0.000000 1.000000
vn 0.000000 0.000000 1.000000
vn 0.000000 0.000000 1.000000
vn 0.000000 0.000000 1.000000
vn 0.000000 0.000000 1.000000
vn 0.000000 0.000000 1.000000
vn 0.000000 0.000000 1.000000
vn 0.000000 0.000000 1.000000
vn 0.000000 0.000000 1.000000
vn 0.000000 0.000000 1.000000
vn 0.000000 0.000000 1.000000
vn 0.000000 0.000000 1.000000
vn 0.000000 0.000000 1.000000
vn 0.000000 0.000000 -1.000000
vn 0.000000 0.000000 -1.000000
vn 0.000000 0.000000 -1.000000
vn 0.000000 0.000000 -1.000000
vn 0.000000 0.000000 -1.000000
vn 0.000000 0.000000 -1.000000
vn 0.000000 0.000000 -1.000000
vn 0.000000 0.000000 -1.000000
vn 0.000000 0.000000 -1.000000
vn 0.000000 0.000000 -1.000000
vn 0.000000 0.000000 -1.000000
vn 0.000000 0.000000 -1.000000
vn 0.000000 0.000000 -1.000000
vn 0.000000 0.000000 -1.000000
vn 0.000000 0.000000 -1.000000
vn 0.000000 0.000000 -1.000000
vn 0.000000 0.000000 -1.000000
vn 0.000000 0.000000 -1.000000
vn 0.000000 0.000000 -1.000000
vn 0.000000 0.000000 -1.000000
vn 0.000000 0.000000 -1.000000
vn 0.000000 0.000000 -1.000000
vn 0.000000 0.000000 -1.000000
vn 0.000000 0.000000 -1.000000
vn 0.000000 0.000000 -1.000000
vn 0.000000 0.000000 -1.000000
vn 0.000000 0.000000 -1.000000
vn 0.000000 0.000000 -1.000000
vn 0.000000 0.000000 -1.000000
vn 0.000000 0.000000 -1.000000
vn 0.000000 0.000000 -1.000000
vn 0.000000 0.000000 -1.000000
vn 0.000000 0.000000 -1.000000
vn 0.000000 0.000000 -1.000000
vn 0.000000 0.000000 -1.000000
vn 0.000000 0.000000 -1.000000
vn 0.000000 0.000000 -1.000000
vn 0.000000 0.000000 -1.000000
vn 0.000000 0.000000 -1.000000
vn 0.000000 0.000000 -1.000000
vn 0.000000 0.000000 -1.000000
vn 0.000000 0.000000 -1.000000
vn 0.000000 0.000000 -1.000000
vn 0.000000 0.000000 -1.000000
vn 0.000000 0.000000 -1.000000
vn 0.000000 0.000000 -1.000000
vn 0.000000 0.000000 -1.000000
vn 0.000000 0.000000 -1.000000
vn 0.000000 0.000000 -1.000000
vn 0.000000 0.000000 -1.000000
vn 0.000000 0.000000 -1.000000
vn 0.000000 0.000000 -1.000000
vn 0.000000 0.000000 -1.000000
vn 0.000000 0.000000 -1.000000
vn 0.000000 0.000000 -1.000000
vn 0.000000 0.000000 -1.000000
vn 0.000000 0.000000 -1.000000
vn 0.000000 0.000000 -1.000000
vn 0.000000 0.000000 -1.000000
vn 0.000000 0.000000 -1.000000
vn 0.000000 0.000000 -1.000000
vn 0.000000 0.000000 -1.000000
vn 0.000000 0.000000 -1.000000
vn 0.000000 0.000000 -1.000000
vn 0.000000 0.000000 -1.000000
vn 0.000000 0.000000 -1.000000
vn 0.000000 0.000000 -1.000000
vn 0.000000 0.000000 -1.000000
vn 0.000000 0.000000 -1.000000
vn 0.000000 0.000000 -1.000000
vn 0.000000 0.000000 -1.000000
vn 0.000000 0.000000 -1.000000
vn 0.000000 0.000000 -1.000000
vn 0.000000 0.000000 -1.000000
vn 0.000000 0.000000 -1.000000
vn 0.000000 0.000000 -1.000000
vn 0.000000 0.000000 -1.000000
vn 0.000000 0.000000 -1.000000
vn 0.000000 0.000000 -1.000000
vn 0.000000 0.000000 -1.000000
vn 0.000000 0.000000 -1.000000
vn 0.000000 0.000000 -1.000000
vn 0.000000 0.000000 -1.000000
vn 0.000000 0.000000 -1.000000
vn 0.000000 0.000000 -1.000000
vn 0.000000 0.000000 -1.000000
vn 0.000000 0.000000 -1.000000
vn 0.000000 0.000000 -1.000000
vn 0.000000 -1.000000 0.000000
vn 0.000000 -1.000000 0.000000
vn 0.000000 -1.000000 0.000000
vn 0.000000 -1.000000 0.000000
vn 0.000000 -1.000000 0.000000
vn 0.000000 -1.000000 0.000000
vn 0.000000 -1.000000 0.000000
vn 0.000000 -1.000000 0.000000
vn 0.000000 -1.000000 0.000000
vn 0.000000 -1.000000 0.000000
vn 0.000000 -1.000000 0.000000
vn 0.000000 -1.000000 0.000000
vn 0.000000 -1.000000 0.000000
vn 0.000000 -1.000000 0.000000
vn 0.000000 -1.000000 0.000000
vn 0.000000 -1.000000 0.000000
vn 0.000000 -1.000000 0.000000
vn 0.000000 -1.000000 0.000000
vn 0.000000 -1.000000 0.000000
vn 0.000000 -1.000000 0.000000
vn 0.000000 -1.000000 0.000000
vn 0.000000 -1.000000 0.000000
vn 0.000000 -1.000000 0.000000
vn 0.000000 -1.000000 0.000000
vn 0.000000 -1.000000 0.000000
vn 0.000000 -1.000000 0.000000
vn 0.000000 -1.000000 0.000000
vn 0.000000 -1.000000 0.000000
vn 0.000000 -1.000000 0.000000
vn 0.000000 -1.000000 0.000000
vn 0.000000 -1.000000 0.000000
vn 0.000000 -1.000000 0.000000
vn 0.000000 -1.000000 0.000000
vn 0.000000 -1.000000 0.000000
vn 0.000000 -1.000000 0.000000
vn 0.000000 -1.000000 0.000000
vn 0.000000 -1.000000 0.000000
vn 0.000000 -1.000000 0.000000
vn 0.000000 -1.000000 0.000000
vn 0.000000 -1.000000 0.000000
vn 0.000000 -1.000000 0.000000
vn 0.000000 -1.000000 0.000000
vn 0.000000 -1.000000 0.000000
vn 0.000000 -1.000000 0.000000
vn 0.000000 -1.000000 0.000000
vn 0.000000 -1.000000 0.000000
vn 0.000000 -1.000000 0.000000
vn 0.000000 -1.000000 0.000000
vn 0.000000 -1.000000 0.000000
vn 0.000000 -1.000000 0.000000
vn 0.000000 -1.000000 0.000000
vn 0.000000 -1.000000 0.000000
vn 0.000000 -1.000000 0.000000
vn 0.000000 -1.000000 0.000000
vn 0.000000 -1.000000 0.000000
vn 0.000000 -1.000000 0.000000
vn 0.000000 -1.000000 0.000000
vn 0.000000 -1.000000 0.000000
vn 0.000000 -1.000000 0.000000
vn 0.000000 -1.000000 0.000000
vn 0.000000 -1.000000 0.000000
vn 0.000000 -1.000000 0.000000
vn 0.000000 -1.000000 0.000000
vn 0.000000 -1.000000 0.000000
vn 0.000000 -1.000000 0.000000
vn 0.000000 -1.000000 0.000000
vn 0.000000 -1.000000 0.000000
vn 0.000000 -1.000000 0.000000
vn 0.000000 -1.000000 0.000000
vn 0.000000 -1.000000 0.000000
vn 0.000000 -1.000000 0.000000
vn 0.000000 -1.000000 0.000000
vn 0.000000 -1.000000 0.000000
vn 0.000000 -1.000000 0.000000
vn 0.000000 -1.000000 0.000000
vn 0.000000 -1.000000 0.000000
vn 0.000000 -1.000000 0.000000
vn 0.000000 -1.000000 0.000000
vn 0.000000 -1.000000 0.000000
vn 0.000000 -1.000000 0.000000
vn 0.000000 -1.000000 0.000000
vn 0.000000 -1.000000 0.000000
vn 0.000000 -1.000000 0.000000
vn 0.000000 -1.000000 0.000000
vn 0.000000 -1.000000 0.000000
vn 0.000000 -1.000000 0.000000
vn 0.000000 -1.000000 0.000000
vn 0.000000 -1.000000 0.000000
vn 0.000000 -1.000000 0.000000
vn 0.000000 -1.000000 0.000000
vn 0.000000 -1.000000 0.000000
vn 0.000000 -1.000000 0.000000
vn 0.000000 -1.000000 0.000000
vn 0.000000 -1.000000 0.000000
vn 0.000000 -1.000000 0.000000
vn 0.000000 -1.000000 0.000000
vn 0.000000 -1.000000 0.000000
vn 0.000000 -1.000000 0.000000
vn 0.000000 -1.000000 0.000000
vn 0.000000 -1.000000 0.000000
vn 0.000000 -1.000000 0.000000
vn 0.000000 -1.000000 0.000000
vn 0.000000 -1.000000 0.000000
vn 0.000000 -1.000000 0.000000
vn 0.000000 -1.000000 0.000000
vn 0.000000 -1.000000 0.000000
vn 0.000000 -1.000000 0.000000
vn 0.000000 -1.000000 0.000000
vn 1.000000 0.000000 0.000000
vn 1.000000 0.000000 0.000000
vn 1.000000 0.000000 0.000000
vn 1.000000 0.000000 0.000000
vn 1.000000 0.000000 0.000000
vn 1.000000 0.000000 0.000000
vn 1.000000 0.000000 0.000000
vn 1.000000 0.000000 0.000000
vn 1.000000 0.000000 0.000000
vn 1.000000 0.000000 0.000000
vn 1.000000 0.000000 0.000000
vn 1.000000 0.000000 0.000000
vn 1.000000 0.000000 0.000000
vn 1.000000 0.000000 0.000000
vn 1.000000 0.000000 0.000000
vn 1.000000 0.000000 0.000000
vn 1.000000 0.000000 0.000000
vn 1.000000 0.000000 0.000000
vn 1.000000 0.000000 0.000000
vn 1.000000 0.000000 0.000000
vn 1.000000 0.000000 0.000000
vn 1.000000 0.000000 0.000000
vn 1.000000 0.000000 0.000000
vn 1.000000 0.000000 0.000000
vn 1.000000 0.000000 0.000000
vn 1.000000 0.000000 0.000000
vn 1.000000 0.000000 0.000000
vn 1.000000 0.000000 0.000000
vn 1.000000 0.000000 0.000000
vn 1.000000 0.000000 0.000000
vn 1.000000 0.000000 0.000000
vn 1.000000 0.000000 0.000000
vn 1.000000 0.000000 0.000000
vn 1.000000 0.000000 0.000000
vn 1.000000 0.000000 0.000000
vn 1.000000 0.000000 0.000000
vn 1.000000 0.000000 0.000000
vn 1.000000 0.000000 0.000000
vn 1.000000 0.000000 0.000000
vn 1.000000 0.000000 0.000000
vn 1.000000 0.000000 0.000000
vn 1.000000 0.000000 0.000000
vn 1.000000 0.000000 0.000000
vn 1.000000 0.000000 0.000000
vn 1.000000 0.000000 0.000000
vn 1.000000 0.000000 0.000000
vn 1.000000 0.000000 0.000000
vn 1.000000 0.000000 0.000000
vn 1.000000 0.000000 0.000000
vn 1.000000 0.000000 0.000000
vn 1.000000 0.000000 0.000000
vn 1.000000 0.000000 0.000000
vn 1.000000 0.000000 0.000000
vn 1.000000 0.000000 0.000000
vn 1.000000 0.000000 0.000000
vn 1.000000 0.000000 0.000000
vn 1.000000 0.000000 0.000000
vn 1.000000 0.000000 0.000000
vn 1.000000 0.000000 0.000000
vn 1.000000 0.000000 0.000000
vn 1.000000 0.000000 0.000000
vn 1.000000 0.000000 0.000000
vn 1.000000 0.000000 0.000000
vn 1.000000 0.000000 0.000000
vn 1.000000 0.000000 0.000000
vn 1.000000 0.000000 0.000000
vn 1.000000 0.000000 0.000000
vn 1.000000 0.000000 0.000000
vn 1.000000 0.000000 0.000000
vn 1.000000 0.000000 0.000000
vn 1.000000 0.000000 0.000000
vn 1.000000 0.000000 0.000000
vn -1.000000 0.000000 0.000000
vn -1.000000 0.000000 0.000000
vn -1.000000 0.000000 0.000000
vn -1.000000 0.000000 0.000000
vn -1.000000 0.000000 0.000000
vn -1.000000 0.000000 0.000000
vn -1.000000 0.000000 0.000000
vn -1.000000 0.000000 0.000000
vn -1.000000 0.000000 0.000000
vn -1.000000 0.000000 0.000000
vn -1.000000 0.000000 0.000000
vn -1.000000 0.000000 0.000000
vn -1.000000 0.000000 0.000000
vn -1.000000 0.000000 0.000000
vn -1.000000 0.000000 0.000000
vn -1.000000 0.000000 0.000000
vn -1.000000 0.000000 0.000000
vn -1.000000 0.000000 0.000000
vn -1.000000 0.000000 0.000000
vn -1.000000 0.000000 0.000000
vn -1.000000 0.000000 0.000000
vn -1.000000 0.000000 0.000000
vn -1.000000 0.000000 0.000000
vn -1.000000 0.000000 0.000000
vn -1.000000 0.000000 0.000000
vn -1.000000 0.000000 0.000000
vn -1.000000 0.000000 0.000000
vn -1.000000 0.000000 0.000000
vn -1.000000 0.000000 0.000000
vn -1.000000 0.000000 0.000000
vn -1.000000 0.000000 0.000000
vn -1.000000 0.000000 0.000000
vn -1.000000 0.000000 0.000000
vn -1.000000 0.000000 0.000000
vn -1.000000 0.000000 0.000000
vn -1.000000 0.000000 0.000000
vn -1.000000 0.000000 0.000000
vn -1.000000 0.000000 0.000000
vn -1.000000 0.000000 0.000000
vn -1.000000 0.000000 0.000000
vn -1.000000 0.000000 0.000000
vn -1.000000 0.000000 0.000000
vn -1.000000 0.000000 0.000000
vn -1.000000 0.000000 0.000000
vn -0.805966 0.591962 0.000000
vn -0.805966 0.591962 0.000000
vn -0.330275 0.943885 0.000000
vn -0.330275 0.943885 0.000000
vn -1.000000 0.000000 0.000000
vn -1.000000 0.000000 0.000000
vn -1.000000 0.000000 0.000000
vn -1.000000 0.000000 0.000000
vn -1.000000 0.000000 0.000000
vn -1.000000 0.000000 0.000000
vn -1.000000 0.000000 0.000000
vn -1.000000 0.000000 0.000000
vn -0.805966 0.591962 0.000000
vn -0.805966 0.591962 0.000000
vn -0.330275 0.943885 0.000000
vn -0.330275 0.943885 0.000000
vn -1.000000 0.000000 0.000000
vn -1.000000 0.000000 0.000000
vn -1.000000 0.000000 0.000000
vn -1.000000 0.000000 0.000000
vn -0.805966 0.591962 0.000000
vn -0.805966 0.591962 0.000000
vn -0.330275 0.943885 0.000000
vn -0.330275 0.943885 0.000000
vn -0.330275 0.943885 0.000000
vn -0.330275 0.943885 0.000000
vn -0.805966 0.591962 0.000000
vn -0.805966 0.591962 0.000000
vn 0.000000 -1.000000 0.000000
vn 0.000000 -1.000000 0.000000
vn 0.000000 -1.000000 0.000000
vn 0.000000 -1.000000 0.000000
vn 0.000000 1.000000 0.000000
vn 0.000000 1.000000 0.000000
vn 0.000000 1.000000 0.000000
vn 0.000000 1.000000 0.000000
vn 0.000000 -1.000000 0.000000
vn 0.000000 -1.000000 0.000000
vn 0.000000 -1.000000 0.000000
vn 0.000000 -1.000000 0.000000
vn 0.000000 1.000000 0.000000
vn 0.000000 1.000000 0.000000
vn 0.000000 1.000000 0.000000
vn 0.000000 1.000000 0.000000
vn 0.000000 -1.000000 0.000000
vn 0.000000 -1.000000 0.000000
vn 0.000000 -1.000000 0.000000
vn 0.000000 -1.000000 0.000000
vn 0.000000 1.000000 0.000000
vn 0.000000 1.000000 0.000000
vn 0.000000 1.000000 0.000000
vn 0.000000 1.000000 0.000000
vn 0.000000 -1.000000 -0.000000
vn 0.000000 -1.000000 -0.000000
vn 0.000000 -1.000000 -0.000000
vn 0.000000 -1.000000 -0.000000
vn 0.000000 1.000000 0.000000
vn 0.000000 1.000000 0.000000
vn 0.000000 1.000000 0.000000
vn 0.000000 1.000000 0.000000
vn 0.000000 -1.000000 -0.000000
vn 0.000000 -1.000000 -0.000000
vn 0.000000 -1.000000 -0.000000
vn 0.000000 -1.000000 -0.000000
vn 0.000000 1.000000 0.000000
vn 0.000000 1.000000 0.000000
vn 0.000000 1.000000 0.000000
vn 0.000000 1.000000 0.000000
vn 0.000000 -1.000000 0.000000
vn 0.000000 -1.000000 0.000000
vn 0.000000 -1.000000 0.000000
vn 0.000000 -1.000000 0.000000
vn 0.000000 1.000000 -0.000000
vn 0.000000 1.000000 -0.000000
vn 0.000000 1.000000 -0.000000
vn 0.000000 1.000000 -0.000000
vn 0.000000 -1.000000 0.000000
vn 0.000000 -1.000000 0.000000
vn 0.000000 -1.000000 0.000000
vn 0.000000 -1.000000 0.000000
vn 0.000000 1.000000 0.000000
vn 0.000000 1.000000 0.000000
vn 0.000000 1.000000 0.000000
vn 0.000000 1.000000 0.000000
vn 0.000000 -1.000000 0.000000
vn 0.000000 -1.000000 0.000000
vn 0.000000 -1.000000 0.000000
vn 0.000000 -1.000000 0.000000
vn 0.000000 1.000000 0.000000
vn 0.000000 1.000000 0.000000
vn 0.000000 1.000000 0.000000
vn 0.000000 1.000000 0.000000
vn 0.000000 -1.000000 -0.000000
vn 0.000000 -1.000000 -0.000000
vn 0.000000 -1.000000 -0.000000
vn 0.000000 -1.000000 -0.000000
vn 0.000000 1.000000 0.000000
vn 0.000000 1.000000 0.000000
vn 0.000000 1.000000 0.000000
vn 0.000000 1.000000 0.000000
vn 0.000000 -1.000000 0.000000
vn 0.000000 -1.000000 0.000000
vn 0.000000 -1.000000 0.000000
vn 0.000000 -1.000000 0.000000
vn 0.000000 1.000000 0.000000
vn 0.000000 1.000000 0.000000
vn 0.000000 1.000000 0.000000
vn 0.000000 1.000000 0.000000
vn 0.000000 -1.000000 0.000000
vn 0.000000 -1.000000 0.000000
vn 0.000000 -1.000000 0.000000
vn 0.000000 -1.000000 0.000000
vn 0.000000 1.000000 -0.000000
vn 0.000000 1.000000 -0.000000
vn 0.000000 1.000000 -0.000000
vn 0.000000 1.000000 -0.000000
vn 0.000000 -1.000000 -0.000000
vn 0.000000 -1.000000 -0.000000
vn 0.000000 -1.000000 -0.000000
vn 0.000000 -1.000000 -0.000000
vn 0.000000 1.000000 0.000000
vn 0.000000 1.000000 0.000000
vn 0.000000 1.000000 0.000000
vn 0.000000 1.000000 0.000000
vn 0.000000 -1.000000 0.000000
vn 0.000000 -1.000000 0.000000
vn 0.000000 -1.000000 0.000000
vn 0.000000 -1.000000 0.000000
vn 0.000000 1.000000 0.000000
vn 0.000000 1.000000 0.000000
vn 0.000000 1.000000 0.000000
vn 0.000000 1.000000 0.000000
vn 0.000000 -1.000000 0.000000
vn 0.000000 -1.000000 0.000000
vn 0.000000 -1.000000 0.000000
vn 0.000000 -1.000000 0.000000
vn 0.000000 1.000000 0.000000
vn 0.000000 1.000000 0.000000
vn 0.000000 1.000000 0.000000
vn 0.000000 1.000000 0.000000
vn 0.000000 -1.000000 0.000000
vn 0.000000 -1.000000 0.000000
vn 0.000000 -1.000000 0.000000
vn 0.000000 -1.000000 0.000000
vn 0.000000 1.000000 0.000000
vn 0.000000 1.000000 0.000000
vn 0.000000 1.000000 0.000000
vn 0.000000 1.000000 0.000000
vn 0.000000 -1.000000 0.000000
vn 0.000000 -1.000000 0.000000
vn 0.000000 -1.000000 0.000000
vn 0.000000 -1.000000 0.000000
vn 0.000000 1.000000 0.000000
vn 0.000000 1.000000 0.000000
vn 0.000000 1.000000 0.000000
vn 0.000000 1.000000 0.000000
vn 0.000000 -1.000000 0.000000
vn 0.000000 -1.000000 0.000000
vn 0.000000 -1.000000 0.000000
vn 0.000000 -1.000000 0.000000
vn 0.000000 1.000000 -0.000000
vn 0.000000 1.000000 -0.000000
vn 0.000000 1.000000 0.000000
vn 0.000000 1.000000 -0.000000
vn 0.000000 -1.000000 0.000000
vn 0.000000 -1.000000 -0.000000
vn 0.000000 -1.000000 -0.000000
vn 0.000000 -1.000000 0.000000
vn 0.000000 1.000000 0.000000
vn 0.000000 1.000000 0.000000
vn 0.000000 1.000000 0.000000
vn 0.000000 1.000000 0.000000
vn 0.000000 -1.000000 -0.000000
vn 0.000000 -1.000000 -0.000000
vn 0.000000 -1.000000 -0.000000
vn 0.000000 -1.000000 -0.000000
vn 0.000000 1.000000 0.000000
vn 0.000000 1.000000 0.000000
vn 0.000000 1.000000 0.000000
vn 0.000000 1.000000 0.000000
vn 0.000000 -1.000000 0.000000
vn 0.000000 -1.000000 0.000000
vn 0.000000 -1.000000 0.000000
vn 0.000000 -1.000000 0.000000
vn 0.000000 1.000000 0.000000
vn 0.000000 1.000000 0.000000
vn 0.000000 1.000000 0.000000
vn 0.000000 1.000000 0.000000
vn 0.000000 -1.000000 0.000000
vn 0.000000 -1.000000 0.000000
vn 0.000000 -1.000000 0.000000
vn 0.000000 -1.000000 0.000000
vn 0.000000 1.000000 0.000000
vn 0.000000 1.000000 0.000000
vn 0.000000 1.000000 0.000000
vn 0.000000 1.000000 0.000000
vn 0.000000 -1.000000 0.000000
vn 0.000000 -1.000000 0.000000
vn 0.000000 -1.000000 0.000000
vn 0.000000 -1.000000 0.000000
vn 0.000000 1.000000 0.000000
vn 0.000000 1.000000 0.000000
vn 0.000000 1.000000 0.000000
vn 0.000000 1.000000 0.000000
vn 0.000000 -1.000000 0.000000
vn 0.000000 -1.000000 0.000000
vn 0.000000 -1.000000 0.000000
vn 0.000000 -1.000000 0.000000
vn 0.000000 1.000000 0.000000
vn 0.000000 1.000000 0.000000
vn 0.000000 1.000000 0.000000
vn 0.000000 1.000000 0.000000
vn 0.000000 -1.000000 0.000000
vn 0.000000 -1.000000 0.000000
vn 0.000000 -1.000000 0.000000
vn 0.000000 -1.000000 0.000000
vn 0.000000 1.000000 0.000000
vn 0.000000 1.000000 0.000000
vn 0.000000 1.000000 0.000000
vn 0.000000 1.000000 0.000000
vn 0.000000 -1.000000 0.000000
vn 0.000000 -1.000000 0.000000
vn 0.000000 -1.000000 0.000000
vn 0.000000 -1.000000 0.000000
vn 0.000000 1.000000 0.000000
vn 0.000000 1.000000 0.000000
vn 0.000000 1.000000 0.000000
vn 0.000000 1.000000 0.000000
vn 0.000000 -1.000000 0.000000
vn 0.000000 -1.000000 0.000000
vn 0.000000 -1.000000 0.000000
vn 0.000000 -1.000000 0.000000
vn 0.000000 1.000000 0.000000
vn 0.000000 1.000000 -0.000000
vn 0.000000 1.000000 0.000000
vn 0.000000 1.000000 0.000000
vn 0.000000 -1.000000 0.000000
vn 0.000000 -1.000000 0.000000
vn 0.000000 -1.000000 0.000000
vn 0.000000 -1.000000 0.000000
vn 0.000000 1.000000 -0.000000
vn 0.000000 1.000000 0.000000
vn 0.000000 1.000000 -0.000000
vn 0.000000 1.000000 -0.000000
vn 0.000000 -1.000000 0.000000
vn 0.000000 -1.000000 0.000000
vn 0.000000 -1.000000 0.000000
vn 0.000000 -1.000000 0.000000
vn 0.000000 1.000000 0.000000
vn 0.000000 1.000000 -0.000000
vn 0.000000 1.000000 -0.000000
vn 0.000000 1.000000 0.000000
vn 0.000000 -1.000000 0.000000
vn 0.000000 -1.000000 0.000000
vn 0.000000 -1.000000 0.000000
vn 0.000000 -1.000000 0.000000
vn 0.000000 1.000000 -0.000000
vn 0.000000 1.000000 -0.000000
vn 0.000000 1.000000 -0.000000
vn 0.000000 1.000000 -0.000000
vn 0.000000 -1.000000 0.000000
vn 0.000000 -1.000000 0.000000
vn 0.000000 -1.000000 0.000000
vn 0.000000 -1.000000 0.000000
vn 0.000000 1.000000 -0.000000
vn 0.000000 1.000000 0.000000
vn 0.000000 1.000000 0.000000
vn 0.000000 1.000000 0.000000
vn 0.000000 -1.000000 0.000000
vn 0.000000 -1.000000 0.000000
vn 0.000000 -1.000000 0.000000
vn 0.000000 -1.000000 0.000000
vn 0.000000 1.000000 0.000000
vn 0.000000 1.000000 0.000000
vn 0.000000 1.000000 0.000000
vn 0.000000 1.000000 0.000000
vn 0.000000 -1.000000 0.000000
vn 0.000000 -1.000000 0.000000
vn 0.000000 -1.000000 0.000000
vn 0.000000 -1.000000 0.000000
vn 0.000000 1.000000 0.000000
vn 0.000000 1.000000 0.000000
vn 0.000000 1.000000 0.000000
vn 0.000000 1.000000 0.000000
vn -1.000000 0.000000 0.000000
vn -1.000000 0.000000 0.000000
vn -1.000000 0.000000 0.000000
vn -1.000000 0.000000 0.000000
vn -1.000000 0.000000 0.000000
vn -1.000000 0.000000 0.000000
vn -1.000000 0.000000 0.000000
vn -1.000000 0.000000 0.000000
vn -1.000000 0.000000 0.000000
vn -1.000000 0.000000 0.000000
vn -1.000000 0.000000 0.000000
vn -1.000000 0.000000 0.000000
vn -1.000000 0.000000 0.000000
vn -1.000000 0.000000 0.000000
vn -1.000000 0.000000 0.000000
vn -1.000000 0.000000 0.000000
vn 0.000000 0.000000 1.000000
vn 0.000000 0.000000 1.000000
vn 0.000000 0.000000 1.000000
vn 0.000000 0.000000 1.000000
vn 0.000000 0.000000 1.000000
vn 0.000000 0.000000 1.000000
vn 0.000000 0.000000 1.000000
vn 0.000000 0.000000 1.000000
vn 0.000000 0.000000 1.000000
vn 0.000000 0.000000 1.000000
vn 0.000000 0.000000 1.000000
vn 0.000000 0.000000 1.000000
vn 0.000000 0.000000 1.000000
vn 0.000000 0.000000 1.000000
vn 0.000000 0.000000 1.000000
vn 0.000000 0.000000 1.000000
vn 1.000000 0.000000 0.000000
vn 1.000000 0.000000 0.000000
vn 1.000000 0.000000 0.000000
vn 1.000000 0.000000 0.000000
vn 1.000000 0.000000 0.000000
vn 1.000000 0.000000 0.000000
vn 1.000000 0.000000 0.000000
vn 1.000000 0.000000 0.000000
vn 1.000000 0.000000 0.000000
vn 1.000000 0.000000 0.000000
vn 1.000000 0.000000 0.000000
vn 1.000000 0.000000 0.000000
vn 1.000000 0.000000 0.000000
vn 1.000000 0.000000 0.000000
vn 1.000000 0.000000 0.000000
vn 1.000000 0.000000 0.000000
vn 0.000000 0.000000 -1.000000
vn 0.000000 0.000000 -1.000000
vn 0.000000 0.000000 -1.000000
vn 0.000000 0.000000 -1.000000
vn 0.000000 0.000000 -1.000000
vn 0.000000 0.000000 -1.000000
vn 0.000000 0.000000 -1.000000
vn 0.000000 0.000000 -1.000000
vn 0.000000 0.000000 -1.000000
vn 0.000000 0.000000 -1.000000
vn 0.000000 0.000000 -1.000000
vn 0.000000 0.000000 -1.000000
vn 0.000000 0.000000 -1.000000
vn 0.000000 0.000000 -1.000000
vn 0.000000 0.000000 -1.000000
vn 0.000000 0.000000 -1.000000
vn 0.000000 1.000000 0.000000
vn 0.000000 1.000000 0.000000
vn 0.000000 1.000000 0.000000
vn 0.000000 1.000000 0.000000
vn 0.000000 1.000000 0.000000
vn 0.000000 1.000000 0.000000
vn 0.000000 1.000000 0.000000
vn 0.000000 1.000000 0.000000
vn 0.000000 1.000000 0.000000
vn 0.000000 1.000000 0.000000
vn 0.000000 1.000000 0.000000
vn 0.000000 1.000000 0.000000
vn 0.000000 1.000000 0.000000
vn 0.000000 1.000000 0.000000
vn 0.000000 1.000000 0.000000
vn 0.000000 1.000000 0.000000
vn -0.954318 0.298793 0.000000
vn -0.954318 0.298793 0.000000
vn -0.912581 0.408896 0.000000
vn -0.912581 0.408896 0.000000
vn 1.000000 0.000000 0.000000
vn 1.000000 0.000000 0.000000
vn 1.000000 0.000000 0.000000
vn 1.000000 0.000000 0.000000
vn -0.572357 0.820005 0.000000
vn -0.275890 0.961189 0.000000
vn -0.275890 0.961189 0.000000
vn -0.572357 0.820005 0.000000
vn 0.275890 0.961189 0.000000
vn 0.275890 0.961189 0.000000
vn 0.000000 1.000000 0.000000
vn 0.000000 1.000000 0.000000
vn 0.000000 1.000000 0.000000
vn 0.000000 1.000000 0.000000
vn 0.000000 1.000000 0.000000
vn 0.000000 1.000000 0.000000
vn 0.000000 1.000000 0.000000
vn 0.000000 1.000000 0.000000
vn 0.000000 1.000000 0.000000
vn 0.000000 1.000000 0.000000
vn 0.000000 0.000000 -1.000000
vn 0.000000 0.000000 -1.000000
vn 0.000000 0.000000 -1.000000
vn 0.000000 0.000000 -1.000000
vn 0.000000 0.000000 -1.000000
vn 0.000000 0.000000 -1.000000
vn 0.000000 0.000000 -1.000000
vn 0.000000 0.000000 -1.000000
vn -1.000000 0.000000 0.000000
vn -1.000000 0.000000 0.000000
vn -1.000000 0.000000 0.000000
vn -1.000000 0.000000 0.000000
vn 0.000000 0.000000 1.000000
vn 0.000000 0.000000 1.000000
vn 0.000000 0.000000 1.000000
vn 0.000000 0.000000 1.000000
vn 0.000000 0.000000 1.000000
vn 0.000000 0.000000 1.000000
vn 0.000000 0.000000 1.000000
vn 0.000000 0.000000 1.000000
vn 0.999854 -0.017084 0.000000
vn 0.999854 -0.017084 0.000000
vn 0.888025 -0.459796 0.000000
vn 0.888025 -0.459796 0.000000
vn 0.888025 -0.459796 0.000000
vn 0.999854 -0.017084 0.000000
vn 0.999854 -0.017084 0.000000
vn 0.888025 -0.459796 0.000000
vn 0.999854 -0.017084 0.000000
vn 0.999854 -0.017084 0.000000
vn 0.888025 -0.459796 0.000000
vn 0.888025 -0.459796 0.000000
vn 0.888025 -0.459796 0.000000
vn 0.999854 -0.017084 0.000000
vn 0.999854 -0.017084 0.000000
vn 0.888025 -0.459796 0.000000
vn 0.999854 -0.017084 0.000000
vn 0.999854 -0.017084 0.000000
vn 0.888025 -0.459796 0.000000
vn 0.888025 -0.459796 0.000000
vn 0.888025 -0.459796 0.000000
vn 0.999854 -0.017084 0.000000
vn 0.999854 -0.017084 0.000000
vn 0.888025 -0.459796 0.000000
vn 0.999854 -0.017084 0.000000
vn 0.999854 -0.017084 0.000000
vn 0.888025 -0.459796 0.000000
vn 0.888025 -0.459796 0.000000
vn 0.888025 -0.459796 0.000000
vn 0.999854 -0.017084 0.000000
vn 0.999854 -0.017084 0.000000
vn 0.888025 -0.459796 0.000000
vn 0.000000 0.000000 -1.000000
vn 0.000000 0.000000 -1.000000
vn 0.000000 0.000000 -1.000000
vn 0.000000 0.000000 -1.000000
vn 0.000000 0.000000 -1.000000
vn -0.000000 0.000000 -1.000000
vn -0.000000 0.000000 -1.000000
vn 0.000000 0.000000 -1.000000
vn 0.954318 0.298793 0.000000
vn 0.954318 0.298793 0.000000
vn 0.912581 0.408896 0.000000
vn 0.912581 0.408896 0.000000
vn 0.000000 0.000000 1.000000
vn -0.000000 0.000000 1.000000
vn -0.000000 0.000000 1.000000
vn 0.000000 0.000000 1.000000
vn 0.000000 0.000000 1.000000
vn 0.000000 0.000000 1.000000
vn 0.000000 0.000000 1.000000
vn 0.000000 0.000000 1.000000
vn -1.000000 0.000000 0.000000
vn -1.000000 0.000000 0.000000
vn -1.000000 0.000000 0.000000
vn -1.000000 0.000000 0.000000
vn -1.000000 0.000000 0.000000
vn -1.000000 0.000000 0.000000
vn -1.000000 0.000000 0.000000
vn -1.000000 0.000000 0.000000
vn -1.000000 0.000000 0.000000
vn -1.000000 0.000000 0.000000
vn -1.000000 0.000000 0.000000
vn -1.000000 0.000000 0.000000
vn -1.000000 0.000000 0.000000
vn -1.000000 0.000000 0.000000
vn -1.000000 0.000000 0.000000
vn -1.000000 0.000000 0.000000
vn -1.000000 0.000000 0.000000
vn -1.000000 0.000000 0.000000
vn -1.000000 0.000000 0.000000
vn -1.000000 0.000000 0.000000
vn -1.000000 0.000000 0.000000
vn -1.000000 0.000000 0.000000
vn -1.000000 0.000000 0.000000
vn -1.000000 0.000000 0.000000
vn -1.000000 0.000000 0.000000
vn -1.000000 0.000000 0.000000
vn -1.000000 0.000000 0.000000
vn -1.000000 0.000000 0.000000
vn -1.000000 0.000000 0.000000
vn -1.000000 0.000000 0.000000
vn -1.000000 0.000000 0.000000
vn -1.000000 0.000000 0.000000
vn 0.000000 0.000000 1.000000
vn 0.000000 0.000000 1.000000
vn 0.000000 0.000000 1.000000
vn 0.000000 0.000000 1.000000
vn 0.000000 0.000000 1.000000
vn 0.000000 0.000000 1.000000
vn 0.000000 0.000000 1.000000
vn 0.000000 1.000000 -0.000000
vn 0.000000 1.000000 -0.000000
vn 0.000000 0.000000 1.000000
vn 0.000000 0.000000 1.000000
vn 0.000000 -1.000000 0.000000
vn 0.000000 -1.000000 0.000000
vn 0.000000 -1.000000 0.000000
vn 0.000000 -1.000000 0.000000
vn 0.000000 -1.000000 0.000000
vn 0.000000 -1.000000 0.000000
vn 0.000000 -1.000000 0.000000
vn 0.000000 -1.000000 0.000000
vn 0.000000 -1.000000 0.000000
vn 0.000000 -1.000000 0.000000
vn 0.000000 -1.000000 0.000000
vn 0.000000 -1.000000 0.000000
vn 0.000000 -1.000000 0.000000
vn 0.000000 -1.000000 0.000000
vn 0.000000 -1.000000 0.000000
vn 0.000000 -1.000000 0.000000
vn 0.000000 -1.000000 0.000000
vn 0.000000 -1.000000 0.000000
vn 0.000000 -1.000000 0.000000
vn 0.000000 -1.000000 0.000000
vn 0.000000 0.000000 -1.000000
vn 0.000000 0.000000 -1.000000
vn 0.000000 1.000000 0.000000
vn 0.000000 1.000000 0.000000
vn 0.000000 0.000000 -1.000000
vn 0.000000 0.000000 -1.000000
vn 0.000000 0.000000 -1.000000
vn 0.000000 0.000000 -1.000000
vn 0.000000 0.000000 -1.000000
vn 0.000000 0.000000 -1.000000
vn 0.000000 0.000000 -1.000000
vn 0.000000 0.000000 -1.000000
vn 0.000000 0.000000 -1.000000
vn 0.000000 0.000000 -1.000000
vn 0.000000 0.000000 -1.000000
vn 0.000000 0.000000 -1.000000
vn 0.000000 0.000000 -1.000000
vn 0.000000 1.000000 0.000000
vn 0.000000 1.000000 0.000000
vn 0.000000 0.000000 1.000000
vn 0.000000 0.000000 1.000000
vn 0.000000 0.000000 1.000000
vn 0.000000 0.000000 1.000000
vn 0.000000 0.000000 1.000000
vn 0.000000 0.000000 1.000000
vn 0.000000 0.000000 1.000000
vn 0.000000 0.000000 1.000000
vn 0.000000 0.000000 1.000000
vn 0.000000 0.000000 1.000000
vn 0.000000 0.000000 1.000000
vn 0.000000 0.000000 1.000000
vn 0.000000 0.000000 1.000000
vn 0.000000 1.000000 0.000000
vn 0.000000 1.000000 0.000000
vn 0.000000 0.000000 1.000000
vn 0.000000 0.000000 1.000000
vn 0.000000 -1.000000 0.000000
vn 0.000000 -1.000000 0.000000
vn 0.000000 -1.000000 0.000000
vn 0.000000 -1.000000 0.000000
vn 0.000000 -1.000000 0.000000
vn 0.000000 -1.000000 0.000000
vn 0.000000 -1.000000 0.000000
vn 0.000000 -1.000000 0.000000
vn 0.000000 -1.000000 0.000000
vn 0.000000 -1.000000 0.000000
vn 0.000000 -1.000000 0.000000
vn 0.000000 -1.000000 0.000000
vn 0.000000 -1.000000 0.000000
vn 0.000000 -1.000000 0.000000
vn 0.000000 -1.000000 0.000000
vn 0.000000 -1.000000 0.000000
vn 0.000000 -1.000000 0.000000
vn 0.000000 -1.000000 0.000000
vn 0.000000 -1.000000 0.000000
vn 0.000000 -1.000000 0.000000
vn 0.000000 0.000000 -1.000000
vn 0.000000 0.000000 -1.000000
vn 0.000000 1.000000 -0.000000
vn 0.000000 1.000000 -0.000000
vn 0.000000 0.000000 -1.000000
vn 0.000000 0.000000 -1.000000
vn 0.000000 0.000000 -1.000000
vn 0.000000 0.000000 -1.000000
vn 0.000000 0.000000 -1.000000
vn 0.000000 0.000000 -1.000000
vn 0.000000 0.000000 -1.000000
vn 0.000000 0.000000 -1.000000
vn 0.000000 0.000000 -1.000000
vn 0.000000 0.000000 -1.000000
vn -0.000000 0.000000 -1.000000
vn -0.000000 0.000000 -1.000000
vn 0.000000 0.000000 -1.000000
vn 0.000000 1.000000 0.000000
vn 0.000000 1.000000 0.000000
vn 0.000000 0.000000 1.000000
vn -0.000000 0.000000 1.000000
vn 0.000000 0.000000 1.000000
vn -0.000000 0.000000 1.000000
vn 0.000000 0.000000 1.000000
vn 0.000000 0.000000 1.000000
vn 0.000000 -1.000000 0.000000
vn 0.000000 -1.000000 0.000000
vn 0.000000 0.000000 1.000000
vn 0.000000 0.000000 1.000000
vn 0.000000 1.000000 0.000000
vn 0.000000 1.000000 0.000000
vn 0.000000 0.000000 1.000000
vn 0.000000 0.000000 1.000000
vn 0.000000 0.000000 1.000000
vn 0.000000 0.000000 1.000000
vn 0.000000 0.000000 1.000000
vn 0.000000 0.000000 1.000000
vn 0.000000 0.000000 1.000000
vn 0.000000 0.000000 1.000000
vn 0.000000 0.000000 1.000000
vn 0.000000 0.000000 1.000000
vn 0.000000 0.000000 1.000000
vn 0.000000 0.000000 1.000000
vn 0.000000 0.000000 1.000000
vn 0.000000 1.000000 0.000000
vn 0.000000 1.000000 0.000000
vn 0.000000 0.000000 -1.000000
vn 0.000000 0.000000 -1.000000
vn 0.000000 0.000000 -1.000000
vn 0.000000 0.000000 -1.000000
vn 0.000000 0.000000 -1.000000
vn 0.000000 0.000000 -1.000000
vn 0.000000 0.000000 -1.000000
vn 0.000000 0.000000 -1.000000
vn 0.000000 0.000000 -1.000000
vn 0.000000 0.000000 -1.000000
vn 0.000000 0.000000 -1.000000
vn 0.000000 0.000000 -1.000000
vn 0.000000 0.000000 -1.000000
vn 0.000000 1.000000 -0.000000
vn 0.000000 1.000000 -0.000000
vn 0.000000 0.000000 -1.000000
vn 0.000000 0.000000 -1.000000
vn 0.000000 -1.000000 0.000000
vn 0.000000 -1.000000 0.000000
vn 0.000000 -1.000000 0.000000
vn 0.000000 -1.000000 0.000000
vn 0.000000 -1.000000 0.000000
vn 0.000000 -1.000000 0.000000
vn 0.000000 -1.000000 0.000000
vn 0.000000 -1.000000 0.000000
vn 0.000000 -1.000000 0.000000
vn 0.000000 -1.000000 0.000000
vn 0.000000 -1.000000 0.000000
vn 0.000000 -1.000000 0.000000
vn 0.000000 -1.000000 0.000000
vn 0.000000 -1.000000 0.000000
vn 0.000000 -1.000000 0.000000
vn 0.000000 -1.000000 0.000000
vn 0.000000 -1.000000 0.000000
vn 0.000000 -1.000000 0.000000
vn 0.000000 -1.000000 -0.000000
vn 0.000000 -1.000000 -0.000000
vn 0.000000 0.000000 1.000000
vn 0.000000 0.000000 1.000000
vn 0.000000 1.000000 0.000000
vn 0.000000 1.000000 0.000000
vn 0.000000 0.000000 1.000000
vn 0.000000 0.000000 1.000000
vn 0.000000 0.000000 1.000000
vn 0.000000 0.000000 1.000000
vn 0.000000 0.000000 1.000000
vn 0.000000 0.000000 1.000000
vn 0.000000 0.000000 1.000000
vn 0.000000 0.000000 1.000000
vn 0.000000 0.000000 1.000000
vn 0.000000 0.000000 1.000000
vn 0.000000 0.000000 1.000000
vn -0.000000 0.000000 1.000000
vn -0.000000 0.000000 1.000000
vn 0.572357 0.820005 0.000000
vn 0.572357 0.820005 0.000000
vn -0.000000 0.000000 -1.000000
vn -0.000000 0.000000 -1.000000
vn 0.000000 0.000000 -1.000000
vn 0.000000 0.000000 -1.000000
vn 0.000000 0.000000 -1.000000
vn 0.000000 0.000000 -1.000000
vn 0.000000 0.000000 -1.000000
vn 0.000000 0.000000 -1.000000
vn 0.000000 0.000000 -1.000000
vn 0.000000 0.000000 -1.000000
vn 0.000000 0.000000 -1.000000
vn 0.000000 0.000000 -1.000000
vn 0.000000 0.000000 -1.000000
vn 0.000000 1.000000 0.000000
vn 0.000000 1.000000 0.000000
vn 0.000000 0.000000 -1.000000
vn 0.000000 0.000000 -1.000000
vn 0.000000 -1.000000 0.000000
vn 0.000000 -1.000000 0.000000
vn 0.000000 -1.000000 0.000000
vn 0.000000 -1.000000 0.000000
vn 0.000000 -1.000000 0.000000
vn 0.000000 -1.000000 0.000000
vn 0.000000 -1.000000 0.000000
vn 0.000000 -1.000000 0.000000
vn 0.000000 -1.000000 0.000000
vn 0.000000 -1.000000 0.000000
vn 0.000000 -1.000000 0.000000
vn 0.000000 -1.000000 0.000000
vn 0.000000 -1.000000 0.000000
vn 0.000000 -1.000000 0.000000
vn 0.000000 -1.000000 0.000000
vn 0.000000 -1.000000 0.000000
vn 0.000000 -1.000000 0.000000
vn 0.000000 -1.000000 0.000000
vn 0.000000 0.000000 0.000000
vn 0.000000 0.000000 0.000000
vn 0.000000 0.000000 0.000000
vn 0.000000 0.000000 0.000000
vn 0.000000 0.000000 0.000000
vn 0.000000 0.000000 0.000000
vn 0.000000 0.000000 0.000000
vn 0.000000 0.000000 0.000000
vn 0.000000 0.000000 0.000000
vn 0.000000 0.000000 0.000000
vn 0.000000 0.000000 0.000000
vn 0.000000 0.000000 0.000000
vn 0.000000 0.000000 0.000000
vn 0.000000 0.000000 0.000000
vn 0.000000 0.000000 0.000000
vn 0.000000 0.000000 0.000000
vn 0.000000 0.000000 0.000000
vn 0.000000 0.000000 0.000000
vn 0.000000 0.000000 0.000000
vn 0.000000 0.000000 0.000000
vn 0.000000 0.000000 0.000000
vn 0.000000 0.000000 0.000000
vn 0.000000 0.000000 0.000000
vn 0.000000 0.000000 0.000000
vn 0.000000 0.000000 0.000000
vn 0.000000 0.000000 0.000000
vn 0.000000 0.000000 0.000000
vn 0.000000 0.000000 0.000000
vn 0.000000 0.000000 0.000000
vn 0.000000 0.000000 0.000000
vn 0.000000 0.000000 0.000000
vn 0.000000 0.000000 0.000000
vn 0.000000 0.000000 0.000000
vn 0.000000 0.000000 0.000000
vn 0.000000 0.000000 0.000000
vn 0.000000 0.000000 0.000000
vn 0.000000 0.000000 0.000000
vn 0.000000 0.000000 0.000000
vn 0.000000 0.000000 0.000000
vn 0.000000 0.000000 0.000000
vn 0.000000 0.000000 0.000000
vn 0.000000 0.000000 0.000000
vn 0.000000 0.000000 0.000000
vn 0.000000 0.000000 0.000000
vn 0.000000 0.000000 0.000000
vn 0.000000 0.000000 0.000000
vn 0.000000 0.000000 0.000000
vn 0.000000 0.000000 0.000000
vn 0.000000 0.000000 0.000000
vn 0.000000 0.000000 0.000000
vn 0.000000 0.000000 0.000000
vn 0.000000 0.000000 0.000000
vn 0.000000 0.000000 0.000000
vn 0.000000 0.000000 0.000000
vn 0.000000 0.000000 0.000000
vn 0.000000 0.000000 0.000000
vn 0.000000 0.000000 0.000000
vn 0.000000 0.000000 0.000000
vn 0.000000 0.000000 0.000000
vn 0.000000 0.000000 0.000000
vn 0.000000 0.000000 0.000000
vn 0.000000 0.000000 0.000000
vn 0.000000 0.000000 0.000000
vn 0.000000 0.000000 0.000000
vn 0.000000 0.000000 0.000000
vn 0.000000 0.000000 0.000000
vn 0.000000 0.000000 0.000000
vn 0.000000 0.000000 0.000000
vn 0.000000 0.000000 0.000000
vn 0.000000 0.000000 0.000000
vn 0.000000 0.000000 0.000000
vn 0.000000 0.000000 0.000000
vn 0.000000 0.000000 0.000000
vn 0.000000 0.000000 0.000000
vn 0.000000 0.000000 0.000000
vn 0.000000 0.000000 0.000000
vn 0.000000 0.000000 0.000000
vn 0.000000 0.000000 0.000000
vn 0.000000 0.000000 0.000000
vn 0.000000 0.000000 0.000000
vn 0.000000 0.000000 0.000000
vn 0.000000 0.000000 0.000000
vn 0.000000 0.000000 0.000000
vn 0.000000 0.000000 0.000000
vn 0.000000 0.000000 0.000000
vn 0.000000 0.000000 0.000000
vn 0.000000 0.000000 0.000000
vn 0.000000 0.000000 0.000000
vn 0.000000 0.000000 0.000000
vn 0.000000 0.000000 0.000000
vn 0.000000 0.000000 0.000000
vn 0.000000 0.000000 0.000000
vn 0.000000 0.000000 0.000000
vn 0.000000 0.000000 0.000000
vn 0.000000 0.000000 0.000000
vn 0.000000 0.000000 0.000000
vn 0.000000 0.000000 0.000000
vn 0.000000 0.000000 0.000000
vn 0.000000 0.000000 0.000000
vn 0.000000 0.000000 0.000000
vn 0.000000 0.000000 0.000000
vn 0.000000 0.000000 0.000000
vn 0.000000 0.000000 0.000000
vn 0.000000 0.000000 0.000000
vn 0.000000 0.000000 0.000000
vn 0.000000 0.000000 0.000000
vn 0.000000 0.000000 0.000000
vn 0.000000 0.000000 0.000000
vn 0.000000 0.000000 0.000000
vn 0.000000 0.000000 0.000000
vn 0.000000 0.000000 0.000000
vn 0.000000 0.000000 0.000000
vn 0.000000 0.000000 0.000000
vn 0.000000 0.000000 0.000000
vn 0.000000 0.000000 0.000000
vn 0.000000 0.000000 0.000000
vn 0.000000 0.000000 0.000000
vn 0.000000 0.000000 0.000000
vn 0.000000 0.000000 0.000000
vn 0.000000 0.000000 0.000000
vn 0.000000 0.000000 0.000000
vn 0.000000 0.000000 0.000000
vn 0.000000 0.000000 0.000000
vn 0.000000 0.000000 0.000000
vn 0.000000 0.000000 0.000000
vn 0.000000 0.000000 0.000000
vn 0.000000 0.000000 0.000000
vn 0.000000 0.000000 0.000000
vn 0.000000 0.000000 0.000000
vn 0.000000 0.000000 0.000000
vn 0.000000 0.000000 0.000000
vn 0.000000 0.000000 0.000000
vn 0.000000 0.000000 0.000000
vn 0.000000 0.000000 0.000000
vn 0.000000 0.000000 0.000000
vn 0.000000 0.000000 0.000000
vn 0.000000 0.000000 0.000000
vn 0.000000 0.000000 0.000000
vn 0.000000 0.000000 0.000000
vn 0.000000 0.000000 0.000000
vn 0.000000 0.000000 0.000000
vn 0.000000 0.000000 0.000000
vn 0.000000 0.000000 0.000000
vn 0.000000 0.000000 0.000000
vn 1.000000 0.000000 0.000000
vn 1.000000 0.000000 0.000000
vn 1.000000 0.000000 0.000000
vn 1.000000 0.000000 0.000000
vn -0.210237 -0.977651 0.000000
vn -0.210237 -0.977651 0.000000
vn -0.210237 -0.977651 0.000000
vn -0.210237 -0.977651 0.000000
vn 1.000000 0.000000 0.000000
vn 1.000000 0.000000 0.000000
vn 1.000000 0.000000 0.000000
vn 1.000000 0.000000 0.000000
vn -0.000000 0.000000 -1.000000
vn 0.000000 0.000000 -1.000000
vn -0.210237 -0.977651 0.000000
vn -0.210237 -0.977651 0.000000
vn -0.210237 -0.977651 0.000000
vn -0.210237 -0.977651 0.000000
vn 0.000000 0.000000 1.000000
vn -0.000000 0.000000 1.000000
vn 1.000000 0.000000 0.000000
vn 1.000000 0.000000 0.000000
vn 1.000000 0.000000 0.000000
vn 1.000000 0.000000 0.000000
vn -0.210237 -0.977651 0.000000
vn -0.210237 -0.977651 0.000000
vn -0.210237 -0.977651 0.000000
vn -0.210237 -0.977651 0.000000
vn 1.000000 0.000000 0.000000
vn 1.000000 0.000000 0.000000
vn -0.210237 -0.977651 0.000000
vn -0.210237 -0.977651 0.000000
vn 1.000000 0.000000 0.000000
vn 1.000000 0.000000 0.000000
vn -0.210237 -0.977651 0.000000
vn -0.210237 -0.977651 0.000000
vn 1.000000 0.000000 0.000000
vn 1.000000 0.000000 0.000000
vn -0.210237 -0.977651 0.000000
vn -0.210237 -0.977651 0.000000
vn -1.000000 0.000000 0.000000
vn -1.000000 0.000000 0.000000
vn -1.000000 0.000000 0.000000
vn -1.000000 0.000000 0.000000
vn 0.000000 0.000000 1.000000
vn 0.000000 0.000000 1.000000
vn 0.210237 -0.977651 0.000000
vn 0.210237 -0.977651 0.000000
vn 0.210237 -0.977651 0.000000
vn 0.210237 -0.977651 0.000000
vn -1.000000 0.000000 0.000000
vn -1.000000 0.000000 0.000000
vn 0.210237 -0.977651 0.000000
vn 0.210237 -0.977651 0.000000
vn -1.000000 0.000000 0.000000
vn -1.000000 0.000000 0.000000
vn 0.210237 -0.977651 0.000000
vn 0.210237 -0.977651 0.000000
vn -1.000000 0.000000 0.000000
vn -1.000000 0.000000 0.000000
vn 0.210237 -0.977651 0.000000
vn 0.210237 -0.977651 0.000000
vn -1.000000 0.000000 0.000000
vn -1.000000 0.000000 0.000000
vn 0.210237 -0.977651 0.000000
vn 0.210237 -0.977651 0.000000
vn -1.000000 0.000000 0.000000
vn -1.000000 0.000000 0.000000
vn 0.210237 -0.977651 0.000000
vn 0.210237 -0.977651 0.000000
vn -1.000000 0.000000 0.000000
vn -1.000000 0.000000 0.000000
vn 0.210237 -0.977651 0.000000
vn 0.210237 -0.977651 0.000000
vn 0.000000 0.000000 -1.000000
vn 0.000000 0.000000 -1.000000
vn -1.000000 0.000000 0.000000
vn -1.000000 0.000000 0.000000
vn 0.210237 -0.977651 0.000000
vn 0.210237 -0.977651 0.000000
vn 0.000000 0.000000 1.000000
vn 0.000000 0.000000 1.000000
vn 0.000000 0.000000 1.000000
vn 0.000000 0.000000 1.000000
vn 0.000000 0.000000 1.000000
vn 0.000000 0.000000 1.000000
vn -1.000000 0.000000 0.000000
vn -1.000000 0.000000 0.000000
vn 0.000000 0.000000 -1.000000
vn 0.000000 0.000000 -1.000000
vn 0.000000 0.000000 -1.000000
vn 0.000000 0.000000 -1.000000
vn 0.000000 0.000000 -1.000000
vn 0.000000 0.000000 -1.000000
vn 0.000000 0.000000 -1.000000
vn 0.000000 0.000000 -1.000000
vn 0.330275 0.943885 0.000000
vn 0.330275 0.943885 0.000000
vn 0.028260 0.999601 0.000000
vn 0.028260 0.999601 0.000000
vn 0.028260 0.999601 0.000000
vn 0.028260 0.999601 0.000000
vn 0.330275 0.943885 0.000000
vn 0.330275 0.943885 0.000000
vn 0.330275 0.943885 0.000000
vn 0.330275 0.943885 0.000000
vn 0.028260 0.999601 0.000000
vn 0.028260 0.999601 0.000000
vn 0.028260 0.999601 0.000000
vn 0.028260 0.999601 0.000000
vn 0.330275 0.943885 0.000000
vn 0.330275 0.943885 0.000000
vn 0.330275 0.943885 0.000000
vn 0.330275 0.943885 0.000000
vn 0.028260 0.999601 0.000000
vn 0.028260 0.999601 0.000000
vn 0.028260 0.999601 0.000000
vn 0.028260 0.999601 0.000000
vn 0.330275 0.943885 0.000000
vn 0.330275 0.943885 0.000000
vn 0.330275 0.943885 0.000000
vn 0.330275 0.943885 0.000000
vn 0.028260 0.999601 0.000000
vn 0.028260 0.999601 0.000000
vn 0.028260 0.999601 0.000000
vn 0.028260 0.999601 0.000000
vn 0.330275 0.943885 0.000000
vn 0.330275 0.943885 0.000000
vn 0.000000 0.000000 1.000000
vn 0.000001 0.000000 1.000000
vn -0.000000 0.000000 1.000000
vn 0.000000 0.000000 1.000000
vn 0.000000 0.000000 1.000000
vn 0.000000 0.000000 1.000000
vn 0.000000 0.000000 1.000000
vn 0.000000 0.000000 1.000000
vn 1.000000 0.000000 0.000000
vn 1.000000 0.000000 0.000000
vn 0.000000 0.000000 -1.000000
vn 0.000000 0.000000 -1.000000
vn 0.000000 0.000000 -1.000000
vn 0.000000 0.000000 -1.000000
vn 0.000000 0.000000 -1.000000
vn -0.000000 0.000000 -1.000000
vn -0.000000 0.000000 -1.000000
vn -0.999854 -0.017084 0.000000
vn -0.999854 -0.017084 0.000000
vn -0.999854 -0.017084 0.000000
vn -0.999854 -0.017084 0.000000
vn -0.999854 -0.017084 0.000000
vn -0.999854 -0.017084 0.000000
vn -0.999854 -0.017084 0.000000
vn -0.999854 -0.017084 0.000000
vn -0.999854 -0.017084 0.000000
vn -0.999854 -0.017084 0.000000
vn -0.999854 -0.017084 0.000000
vn -0.999854 -0.017084 0.000000
vn -0.999854 -0.017084 0.000000
vn -0.999854 -0.017084 0.000000
vn -0.999854 -0.017084 0.000000
vn -0.999854 -0.017084 0.000000
vn -0.000000 0.000000 1.000000
vn 0.000000 0.000000 -1.000000
vn 0.000000 0.000000 -1.000000
vn 0.000000 0.000000 -1.000000
vn 0.000000 0.000000 -1.000000
vn 0.000000 0.000000 -1.000000
vn 0.000000 0.000000 -1.000000
vn -1.000000 0.000000 0.000000
vn -1.000000 0.000000 0.000000
vn 0.000000 0.000000 1.000000
vn 0.000000 0.000000 1.000000
vn 0.000000 0.000000 1.000000
vn 0.000000 0.000000 1.000000
vn 0.000000 0.000000 1.000000
vn 0.000000 0.000000 1.000000
vn 0.000000 0.000000 1.000000
vn 0.805966 0.591962 0.000000
vn 0.805966 0.591962 0.000000
vn 0.805966 0.591962 0.000000
vn 0.805966 0.591962 0.000000
vn 0.805966 0.591962 0.000000
vn 0.805966 0.591962 0.000000
vn 0.805966 0.591962 0.000000
vn 0.805966 0.591962 0.000000
vn 0.805966 0.591962 0.000000
vn 0.805966 0.591962 0.000000
vn 0.805966 0.591962 0.000000
vn 0.805966 0.591962 0.000000
vn 0.805966 0.591962 0.000000
vn 0.805966 0.591962 0.000000
vn 0.805966 0.591962 0.000000
vn 0.805966 0.591962 0.000000
vn 0.000000 0.000000 -1.000000
vn -0.000000 0.000000 1.000000
vn -0.028260 0.999601 0.000000
vn -0.028260 0.999601 0.000000
vn -0.028260 0.999601 0.000000
vn -0.028260 0.999601 0.000000
vn -0.028260 0.999601 0.000000
vn -0.028260 0.999601 0.000000
vn -0.028260 0.999601 0.000000
vn -0.028260 0.999601 0.000000
vn -0.028260 0.999601 0.000000
vn -0.028260 0.999601 0.000000
vn -0.028260 0.999601 0.000000
vn -0.028260 0.999601 0.000000
vn -0.028260 0.999601 0.000000
vn -0.028260 0.999601 0.000000
vn -0.028260 0.999601 0.000000
vn -0.028260 0.999601 0.000000
vn -0.000001 0.000000 -1.000000
vn 0.000000 0.000000 1.000000
vn -0.000000 0.000000 1.000000
vn 0.000000 0.000000 1.000000
vn 0.000000 0.000000 1.000000
vn 0.000000 0.000000 1.000000
vn 0.000000 0.000000 1.000000
vn 1.000000 0.000000 0.000000
vn 1.000000 0.000000 0.000000
vn 0.000000 0.000000 -1.000000
vn 0.000000 0.000000 -1.000000
vn 0.000000 0.000000 -1.000000
vn 0.000000 0.000000 -1.000000
vn 0.000000 0.000000 -1.000000
vn -0.000000 0.000000 -1.000000
vn -0.000000 0.000000 -1.000000
vn -0.888025 -0.459796 0.000000
vn -0.888025 -0.459796 0.000000
vn -0.888025 -0.459796 0.000000
vn -0.888025 -0.459796 0.000000
vn -0.888025 -0.459796 0.000000
vn -0.888025 -0.459796 0.000000
vn -0.888025 -0.459796 0.000000
vn -0.888025 -0.459796 0.000000
vn -0.888025 -0.459796 0.000000
vn -0.888025 -0.459796 0.000000
vn -0.888025 -0.459796 0.000000
vn -0.888025 -0.459796 0.000000
vn -0.888025 -0.459796 0.000000
vn -0.888025 -0.459796 0.000000
vn -0.888025 -0.459796 0.000000
vn -0.888025 -0.459796 0.000000
vn -0.000000 0.000000 1.000000
s 1
g Altar
usemtl initialShadingGroup
f 483/1/1 484/2/2 73/3/3 72/4/4
s 2
f 490/5/5 491/6/6 78/7/7 77/8/8
s 3
f 501/9/9 502/10/10 83/11/11 82/12/12
s off
f 91/13/13 35/14/14 88/15/15 87/16/16
f 96/17/17 39/18/18 93/19/19 92/20/20
s 4
f 101/21/21 21/22/22 344/23/23 345/24/24
s 5
f 106/25/25 42/26/26 455/27/27 456/28/28
s 6
f 111/29/29 49/30/30 462/31/31 463/32/32
s 7
f 116/33/33 53/34/34 360/35/35 361/36/36
s off
f 121/37/37 29/38/38 118/39/39 117/40/40
s 8
f 126/41/41 57/42/42 473/43/43 474/44/44
s off
f 131/45/45 59/46/46 128/47/47 127/48/48
s 9
f 136/49/49 34/50/50 352/51/51 353/52/52
s off
f 141/53/53 63/54/54 138/55/55 137/56/56
s 10
f 147/57/57 38/58/58 336/59/59 337/60/60
s off
f 152/61/61 68/62/62 149/63/63 148/64/64
s 11
f 75/65/65 421/66/66 422/67/67 341/68/68
s off
f 269/69/69 268/70/70 270/71/71 271/72/72
f 159/73/73 21/22/74 161/74/75 160/75/76
s 12
f 85/76/77 432/77/78 433/78/79 166/79/80
s off
f 169/80/81 28/81/82 114/82/83 170/83/84
f 171/84/85 29/38/86 173/85/87 172/86/88
s 13
f 90/87/89 32/88/90 348/89/91 349/90/92
s off
f 273/91/93 272/92/94 274/93/95 275/94/96
f 180/95/97 34/50/98 182/96/99 181/97/100
s 14
f 95/98/101 37/99/102 332/100/103 333/101/104
s off
f 277/102/105 276/103/106 278/104/107 279/105/108
f 188/106/109 38/58/110 190/107/111 189/108/112
s 15
f 281/109/113 280/110/114 449/111/115 450/112/116
s 16
f 391/113/117 392/114/118 32/88/119 89/115/120
s off
f 196/116/121 42/26/122 198/117/123 197/118/124
s 17
f 624/119/125 625/120/126 580/121/127 581/122/128
s off
f 203/123/129 22/124/130 162/125/131 204/126/132
s 18
f 414/127/133 415/128/134 48/129/135 364/130/136
s off
f 207/131/137 49/30/138 209/132/139 208/133/140
s 19
f 409/134/141 410/135/142 51/136/143 356/137/144
s off
f 285/138/145 284/139/146 286/140/147 287/141/148
f 215/142/149 53/34/150 217/143/151 216/144/152
s 20
f 496/145/153 497/146/154 290/147/155 291/148/156
s 21
f 219/149/157 439/150/158 440/151/159 220/152/160
s off
f 221/153/161 25/154/162 165/155/163 222/156/164
s 22
f 120/157/165 52/158/166 469/159/167 470/160/168
s 23
f 402/161/169 403/162/170 56/163/171 134/164/172
s off
f 227/165/173 57/42/174 229/166/175 228/167/176
s 24
f 398/168/177 399/169/178 33/170/179 177/171/180
s off
f 231/172/181 41/173/182 99/174/183 232/175/184
f 233/176/185 59/46/186 235/177/187 234/178/188
s 25
f 505/179/189 477/180/190 156/181/191 236/182/192
s 26
f 238/183/193 428/184/194 429/185/195 239/186/196
s off
f 240/187/197 30/188/198 174/189/199 241/190/200
f 293/191/201 292/192/202 294/193/203 295/194/204
f 243/195/205 51/196/206 109/197/207 244/198/208
f 245/199/209 63/54/210 247/200/211 246/201/212
f 525/202/213 524/203/214 526/204/215 527/205/216
f 529/206/217 528/207/218 530/208/219 531/209/220
f 253/210/221 35/14/222 183/211/223 254/212/224
f 297/213/225 296/214/226 298/215/227 299/216/228
f 256/217/229 19/218/230 74/219/231 257/220/232
f 258/221/233 68/62/234 260/222/235 259/223/236
s 27
f 630/224/237 631/225/238 593/226/239 594/227/240
s 28
f 634/228/241 635/229/242 589/230/243 590/231/244
s off
f 266/232/245 39/18/246 191/233/247 267/234/248
s 29
f 73/3/249 419/235/250 420/236/251 72/4/252
s 30
f 420/236/253 421/66/254 75/65/255 72/4/256
s 31
f 75/65/257 482/237/258 483/1/259 72/4/260
s 32
f 78/7/261 441/238/262 442/239/263 77/8/264
s 33
f 586/240/265 587/241/266 618/242/267 619/243/268
s 34
f 619/243/269 620/244/270 585/245/271 586/240/272
s 35
f 83/11/273 430/246/274 431/247/275 82/12/276
s 36
f 431/247/277 432/77/278 85/76/279 82/12/280
s 37
f 85/76/281 500/248/282 501/9/283 82/12/284
s off
f 88/15/285 7/249/286 89/115/287 87/16/288
f 89/115/289 32/88/290 90/87/291 87/16/292
f 90/87/293 31/250/294 91/13/295 87/16/296
f 93/19/297 12/251/298 94/252/299 92/20/300
f 94/252/301 37/99/302 95/98/303 92/20/304
f 95/98/305 36/253/306 96/17/307 92/20/308
f 301/254/309 300/255/310 302/256/311 303/257/312
f 302/256/313 280/110/314 281/109/315 303/257/316
s 38
f 345/24/317 346/258/318 40/259/319 101/21/320
s 39
f 418/260/321 390/261/322 7/249/323 104/262/324
s 40
f 416/263/325 417/264/326 369/265/327 44/266/328
s 41
f 457/267/329 458/268/330 43/269/331 367/270/332
s 42
f 411/271/333 412/272/334 10/273/335 109/274/336
s 43
f 109/274/337 51/136/338 410/135/339 411/271/340
s 44
f 463/32/341 464/275/342 50/276/343 111/29/344
s off
f 305/277/345 304/278/346 306/279/347 307/280/348
f 306/279/349 288/281/350 289/282/351 307/280/352
s 45
f 361/36/353 362/283/354 54/284/355 116/33/356
s off
f 118/39/357 11/285/358 119/286/359 117/40/360
f 119/286/361 52/158/362 120/157/363 117/40/364
f 120/157/365 55/287/366 121/37/367 117/40/368
s 46
f 400/288/369 401/289/370 14/290/371 124/291/372
s 47
f 124/291/373 33/170/374 399/169/375 400/288/376
s 48
f 474/44/377 475/292/378 58/293/379 126/41/380
s off
f 128/47/381 6/294/382 129/295/383 127/48/384
f 129/295/385 20/296/386 130/297/387 127/48/388
f 130/297/389 60/298/390 131/45/391 127/48/392
f 309/299/393 308/300/394 310/301/395 311/302/396
f 310/301/397 292/192/398 293/191/399 311/302/400
s 49
f 353/52/401 354/303/402 62/304/403 136/49/404
s off
f 138/55/405 10/305/406 139/306/407 137/56/408
f 532/307/409 533/308/410 534/309/411 535/310/412
f 535/310/413 536/311/414 537/312/415 532/307/416
f 313/313/417 312/314/418 314/315/419 315/316/420
f 314/315/421 296/214/422 297/213/423 315/316/424
s 50
f 337/60/425 338/317/426 67/318/427 147/57/428
s off
f 149/63/429 8/319/430 150/320/431 148/64/432
s 51
f 596/321/433 597/322/434 627/323/435 628/324/436
s 52
f 628/324/437 629/325/438 595/326/439 596/321/440
s 53
f 424/327/441 425/328/442 318/329/443 319/330/444
s 54
f 318/329/445 478/331/446 479/332/447 319/330/448
s 55
f 341/68/449 481/333/450 482/237/451 75/65/452
s off
f 270/71/453 300/255/454 301/254/455 271/72/456
s 56
f 343/334/457 344/23/458 21/22/459 159/73/460
s 57
f 159/73/461 18/335/462 342/336/463 343/334/464
s off
f 161/74/465 5/337/466 162/125/467 160/75/468
f 162/125/469 22/124/470 76/338/471 160/75/472
f 76/338/473 18/335/474 159/73/475 160/75/476
f 164/339/477 9/340/478 165/155/479 163/341/480
f 165/155/481 25/154/482 81/342/483 163/341/484
s 58
f 433/78/485 434/343/486 168/344/487 166/79/488
s 59
f 168/344/489 498/345/490 499/346/491 166/79/492
s 60
f 499/346/493 500/248/494 85/76/495 166/79/496
s off
f 114/82/497 11/285/498 118/39/499 170/83/500
f 118/39/501 29/38/502 171/84/503 170/83/504
f 171/84/505 26/347/506 169/80/507 170/83/508
f 173/85/509 13/348/510 174/189/511 172/86/512
f 174/189/513 30/188/514 86/349/515 172/86/516
f 86/349/517 26/347/518 171/84/519 172/86/520
f 321/350/521 320/351/522 322/352/523 323/353/524
f 322/352/525 272/92/526 273/91/527 323/353/528
s 61
f 349/90/529 350/354/530 31/250/531 90/87/532
s off
f 274/93/533 308/300/534 309/299/535 275/94/536
s 62
f 351/355/537 352/51/538 34/50/539 180/95/540
s 63
f 180/95/541 31/250/542 350/354/543 351/355/544
s off
f 182/96/545 16/356/546 183/211/547 181/97/548
f 183/211/549 35/14/550 91/13/551 181/97/552
f 91/13/553 31/250/554 180/95/555 181/97/556
f 324/357/557 325/358/558 326/359/559 327/360/560
f 326/359/561 276/103/562 277/102/563 327/360/564
s 64
f 333/101/565 334/361/566 36/253/567 95/98/568
s off
f 278/104/569 312/314/570 313/313/571 279/105/572
s 65
f 335/362/573 336/59/574 38/58/575 188/106/576
s 66
f 188/106/577 36/253/578 334/361/579 335/362/580
s off
f 190/107/581 17/363/582 191/233/583 189/108/584
f 191/233/585 39/18/586 96/17/587 189/108/588
f 96/17/589 36/253/590 188/106/591 189/108/592
s 67
f 395/364/593 396/365/594 320/351/595 321/350/596
s 68
f 392/114/597 393/366/598 348/89/599 32/88/600
s 69
f 452/367/601 453/368/602 40/259/603 346/258/604
s 70
f 89/115/605 7/249/606 390/261/607 391/113/608
s 71
f 454/369/609 455/27/610 42/26/611 196/116/612
s 72
f 196/116/613 40/259/614 453/368/615 454/369/616
s off
f 198/117/617 5/337/618 161/74/619 197/118/620
f 161/74/621 21/22/622 101/21/623 197/118/624
f 101/21/625 40/259/626 196/116/627 197/118/628
f 200/370/629 5/337/630 198/117/631 199/371/632
f 198/117/633 42/26/634 106/25/635 199/371/636
s 73
f 447/372/637 419/235/638 73/3/639 202/373/640
s 74
f 73/3/641 484/2/642 485/374/643 202/373/644
s 75
f 581/122/645 582/375/646 623/376/647 624/119/648
s off
f 162/125/649 5/337/650 200/370/651 204/126/652
s 76
f 139/377/653 10/273/654 412/272/655 413/378/656
s 77
f 461/379/657 462/31/658 49/30/659 207/131/660
s 78
f 459/380/661 460/381/662 366/382/663 47/383/664
s off
f 209/132/665 9/340/666 164/339/667 208/133/668
s 79
f 328/384/669 329/385/670 406/386/671 407/387/672
s 80
f 467/388/673 468/389/674 284/139/675 285/138/676
s 81
f 464/275/677 465/390/678 358/391/679 50/276/680
s off
f 286/140/681 304/278/682 305/277/683 287/141/684
s 82
f 359/392/685 360/35/686 53/34/687 215/142/688
s 83
f 215/142/689 50/276/690 358/391/691 359/392/692
s off
f 217/143/693 9/340/694 209/132/695 216/144/696
f 209/132/697 49/30/698 111/29/699 216/144/700
f 111/29/701 50/276/702 215/142/703 216/144/704
s 84
f 290/147/705 435/393/706 436/394/707 291/148/708
s 85
f 363/395/709 438/396/710 439/150/711 219/149/712
s 86
f 219/149/713 493/397/714 494/398/715 363/395/716
s 87
f 440/151/717 441/238/718 78/7/719 220/152/720
s 88
f 78/7/721 491/6/722 492/399/723 220/152/724
s 89
f 492/399/725 493/397/726 219/149/727 220/152/728
s off
f 165/155/729 9/340/730 217/143/731 222/156/732
f 217/143/733 53/34/734 116/33/735 222/156/736
f 116/33/737 54/284/738 221/153/739 222/156/740
s 90
f 404/400/741 405/401/742 4/402/743 224/403/744
s 91
f 224/403/745 56/163/746 403/162/747 404/400/748
s 92
f 470/160/749 471/404/750 55/287/751 120/157/752
s 93
f 134/164/753 14/290/754 401/289/755 402/161/756
s 94
f 472/405/757 473/43/758 57/42/759 227/165/760
s 95
f 227/165/761 55/287/762 471/404/763 472/405/764
s off
f 229/166/765 13/348/766 173/85/767 228/167/768
f 173/85/769 29/38/770 121/37/771 228/167/772
f 121/37/773 55/287/774 227/165/775 228/167/776
s 96
f 177/171/777 2/406/778 397/407/779 398/168/780
s 97
f 476/408/781 448/409/782 41/173/783 231/172/784
s 98
f 231/172/785 58/293/786 475/292/787 476/408/788
s off
f 99/174/789 6/294/790 128/47/791 232/175/792
f 128/47/793 59/46/794 233/176/795 232/175/796
f 233/176/797 58/293/798 231/172/799 232/175/800
f 235/177/801 13/348/802 229/166/803 234/178/804
f 229/166/805 57/42/806 126/41/807 234/178/808
f 126/41/809 58/293/810 233/176/811 234/178/812
s 99
f 156/181/813 426/410/814 427/411/815 236/182/816
s 100
f 427/411/817 428/184/818 238/183/819 236/182/820
s 101
f 238/183/821 504/412/822 505/179/823 236/182/824
s 102
f 429/185/825 430/246/826 83/11/827 239/186/828
s 103
f 83/11/829 502/10/830 503/413/831 239/186/832
s 104
f 503/413/833 504/412/834 238/183/835 239/186/836
s off
f 174/189/837 13/348/838 235/177/839 241/190/840
f 235/177/841 59/46/842 131/45/843 241/190/844
f 131/45/845 60/298/846 240/187/847 241/190/848
f 294/193/849 329/414/850 328/415/851 295/194/852
s 105
f 355/416/853 356/417/854 51/196/855 243/195/856
s 106
f 243/195/857 62/304/858 354/303/859 355/416/860
s off
f 109/197/861 10/305/862 138/55/863 244/198/864
f 138/55/865 63/54/866 245/199/867 244/198/868
f 245/199/869 62/304/870 243/195/871 244/198/872
f 247/200/873 16/356/874 182/96/875 246/201/876
f 182/96/877 34/50/878 136/49/879 246/201/880
f 136/49/881 62/304/882 245/199/883 246/201/884
f 250/418/885 16/356/886 247/200/887 249/419/888
f 247/200/889 63/54/890 141/53/891 249/419/892
f 527/205/893 537/312/894 536/311/895 525/202/896
f 104/262/897 7/249/898 88/15/899 252/420/900
f 88/15/901 35/14/902 253/210/903 252/420/904
f 531/209/905 538/421/906 539/422/907 529/206/908
f 183/211/909 16/356/910 250/418/911 254/212/912
f 540/423/913 526/204/914 524/203/915 541/424/916
f 541/424/917 539/422/918 538/421/919 540/423/920
f 298/215/921 316/425/922 317/426/923 299/216/924
s 107
f 339/427/925 340/428/926 19/218/927 256/217/928
s 108
f 256/217/929 67/318/930 338/317/931 339/427/932
s off
f 74/219/933 8/319/934 149/63/935 257/220/936
f 149/63/937 68/62/938 258/221/939 257/220/940
f 258/221/941 67/318/942 256/217/943 257/220/944
f 260/222/945 17/363/946 190/107/947 259/223/948
f 190/107/949 38/58/950 147/57/951 259/223/952
f 147/57/953 67/318/954 258/221/955 259/223/956
f 263/429/957 17/363/958 260/222/959 262/430/960
f 260/222/961 68/62/962 152/61/963 262/430/964
s 109
f 594/227/965 595/326/966 629/325/967 630/224/968
s off
f 79/431/969 12/251/970 93/19/971 265/432/972
f 93/19/973 39/18/974 266/232/975 265/432/976
s 110
f 590/231/977 591/433/978 633/434/979 634/228/980
s off
f 191/233/981 17/363/982 263/429/983 267/234/984
s 111
f 592/435/985 593/226/986 631/225/987 632/436/988
s 112
f 632/436/989 633/434/990 591/433/991 592/435/992
s off
f 20/437/993 129/438/994 270/71/995 268/70/996
f 158/439/997 157/440/998 269/69/999 271/72/1000
f 33/441/1001 124/442/1002 274/93/1003 272/92/1004
f 179/443/1005 178/444/1006 273/91/1007 275/94/1008
f 27/445/1009 84/446/1010 278/104/1011 276/103/1012
f 187/447/1013 186/448/1014 277/102/1015 279/105/1016
s 113
f 41/449/1017 448/450/1018 449/111/1019 280/110/1020
s 114
f 450/112/1021 451/451/1022 100/452/1023 281/109/1024
s off
f 52/158/1025 119/286/1026 286/140/1027 284/139/1028
f 214/453/1029 213/454/1030 285/138/1031 287/141/1032
s 115
f 497/146/1033 498/345/1034 168/344/1035 290/147/1036
s 116
f 218/455/1037 495/456/1038 496/145/1039 291/148/1040
s off
f 56/457/1041 224/458/1042 294/193/1043 292/192/1044
f 242/459/1045 135/460/1046 293/191/1047 295/194/1048
f 61/461/1049 237/462/1050 298/215/1051 296/214/1052
f 255/463/1053 146/464/1054 297/213/1055 299/216/1056
f 6/465/1057 99/466/1058 302/256/1059 300/255/1060
f 97/467/1061 98/468/1062 301/254/1063 303/257/1064
f 99/466/1065 41/449/1066 280/110/1067 302/256/1068
f 100/452/1069 97/467/1070 303/257/1071 281/109/1072
f 11/285/1073 114/82/1074 306/279/1075 304/278/1076
f 112/469/1077 113/470/1078 305/277/1079 307/280/1080
f 114/82/1081 28/81/1082 288/281/1083 306/279/1084
f 115/471/1085 112/469/1086 307/280/1087 289/282/1088
f 14/472/1089 134/473/1090 310/301/1091 308/300/1092
f 132/474/1093 133/475/1094 309/299/1095 311/302/1096
f 134/473/1097 56/457/1098 292/192/1099 310/301/1100
f 135/460/1101 132/474/1102 311/302/1103 293/191/1104
f 15/476/1105 145/477/1106 314/315/1107 312/314/1108
f 143/478/1109 144/479/1110 313/313/1111 315/316/1112
f 145/477/1113 61/461/1114 296/214/1115 314/315/1116
f 146/464/1117 143/478/1118 315/316/1119 297/213/1120
s 117
f 425/328/1121 426/480/1122 156/481/1123 318/329/1124
s 118
f 154/482/1125 423/483/1126 424/327/1127 319/330/1128
s 119
f 156/481/1129 477/484/1130 478/331/1131 318/329/1132
s 120
f 479/332/1133 480/485/1134 154/482/1135 319/330/1136
s off
f 129/438/1137 6/465/1138 300/255/1139 270/71/1140
f 98/468/1141 158/439/1142 271/72/1143 301/254/1144
f 2/486/1145 177/487/1146 322/352/1147 320/351/1148
f 175/488/1149 176/489/1150 321/350/1151 323/353/1152
f 177/487/1153 33/441/1154 272/92/1155 322/352/1156
f 178/444/1157 175/488/1158 323/353/1159 273/91/1160
f 124/442/1161 14/472/1162 308/300/1163 274/93/1164
f 133/475/1165 179/443/1166 275/94/1167 309/299/1168
f 3/490/1169 167/491/1170 326/359/1171 325/358/1172
f 184/492/1173 185/493/1174 324/357/1175 327/360/1176
f 167/491/1177 27/445/1178 276/103/1179 326/359/1180
f 186/448/1181 184/492/1182 327/360/1183 277/102/1184
f 84/446/1185 15/476/1186 312/314/1187 278/104/1188
f 144/479/1189 187/447/1190 279/105/1191 313/313/1192
s 121
f 396/365/1193 397/494/1194 2/486/1195 320/351/1196
s 122
f 176/489/1197 394/495/1198 395/364/1199 321/350/1200
s 123
f 4/402/1201 405/401/1202 406/386/1203 329/385/1204
s 124
f 407/387/1205 408/496/1206 211/497/1207 328/384/1208
s 125
f 468/389/1209 469/159/1210 52/158/1211 284/139/1212
s 126
f 213/454/1213 466/498/1214 467/388/1215 285/138/1216
s off
f 119/286/1217 11/285/1218 304/278/1219 286/140/1220
f 113/470/1221 214/453/1222 287/141/1223 305/277/1224
s 127
f 168/344/1225 434/343/1226 435/393/1227 290/147/1228
s 128
f 436/394/1229 437/499/1230 218/455/1231 291/148/1232
s off
f 224/458/1233 4/500/1234 329/414/1235 294/193/1236
f 211/501/1237 242/459/1238 295/194/1239 328/415/1240
f 237/462/1241 1/502/1242 316/425/1243 298/215/1244
f 155/503/1245 255/463/1246 299/216/1247 317/426/1248
s 14
f 333/101/104 332/100/103 185/493/1249 184/492/1250
s 64
f 186/448/1251 334/361/566 333/101/565 184/492/1252
s 66
f 335/362/580 334/361/579 186/448/1253 187/447/1254
s 65
f 144/479/1255 336/59/574 335/362/573 187/447/1256
s 10
f 337/60/60 336/59/59 144/479/1257 143/478/1258
s 50
f 146/464/1259 338/317/426 337/60/425 143/478/1260
s 108
f 339/427/932 338/317/931 146/464/1261 255/463/1262
s 107
f 155/503/1263 340/428/926 339/427/925 255/463/1264
s 11
f 341/68/68 422/67/67 423/483/1265 154/482/1266
s 55
f 480/485/1267 481/333/450 341/68/449 154/482/1268
s 57
f 343/334/464 342/336/463 157/440/1269 158/439/1270
s 56
f 98/468/1271 344/23/458 343/334/457 158/439/1272
s 4
f 345/24/24 344/23/23 98/468/1273 97/467/1274
s 38
f 100/452/1275 346/258/318 345/24/317 97/467/1276
s 69
f 451/451/1277 452/367/601 346/258/604 100/452/1278
s 68
f 176/489/1279 348/89/599 393/366/598 394/495/1280
s 13
f 349/90/92 348/89/91 176/489/1281 175/488/1282
s 61
f 178/444/1283 350/354/530 349/90/529 175/488/1284
s 63
f 351/355/544 350/354/543 178/444/1285 179/443/1286
s 62
f 133/475/1287 352/51/538 351/355/537 179/443/1288
s 9
f 353/52/52 352/51/51 133/475/1289 132/474/1290
s 49
f 135/460/1291 354/303/402 353/52/401 132/474/1292
s 106
f 355/416/860 354/303/859 135/460/1293 242/459/1294
s 105
f 211/501/1295 356/417/854 355/416/853 242/459/1296
s 19
f 408/496/1297 409/134/141 356/137/144 211/497/1298
s 81
f 213/454/1299 358/391/679 465/390/678 466/498/1300
s 83
f 359/392/692 358/391/691 213/454/1301 214/453/1302
s 82
f 113/470/1303 360/35/686 359/392/685 214/453/1304
s 7
f 361/36/36 360/35/35 113/470/1305 112/469/1306
s 45
f 115/471/1307 362/283/354 361/36/353 112/469/1308
s 86
f 363/395/716 494/398/715 495/456/1309 218/455/1310
s 85
f 437/499/1311 438/396/710 363/395/709 218/455/1312
s off
f 199/371/1313 106/25/1314 207/131/1315 208/133/1316
f 163/341/1317 81/342/1318 203/123/1319 204/126/1320
f 200/370/1321 199/371/1322 208/133/1323 164/339/1324
f 164/339/1325 163/341/1326 204/126/1327 200/370/1328
s 129
f 366/382/1329 367/270/1330 43/269/1331 47/383/1332
s 130
f 583/504/1333 584/505/1334 621/506/1335 622/507/1336
s 131
f 43/269/1337 458/268/1338 459/380/1339 47/383/1340
s 132
f 487/508/1341 488/509/1342 80/510/1343 201/511/1344
s 133
f 415/128/1345 416/263/1346 44/266/1347 48/129/1348
s 134
f 80/510/1349 444/512/1350 445/513/1351 201/511/1352
s 18
f 413/378/1353 644/514/1354 645/515/1355 139/377/1356
s 78
f 207/131/1357 641/516/1358 642/517/1359 461/379/1360
s 129
f 106/25/1361 640/518/1362 641/516/1363 207/131/1364
s 41
f 456/28/1365 639/519/1366 640/518/1367 106/25/1368
s 40
f 104/262/1369 636/520/1370 637/521/1371 418/260/1372
s 140
f 653/522/1373 654/523/1374 551/524/1375 552/525/1376
s 141
f 553/526/1377 652/527/1378 653/522/1379 552/525/1380
s 142
f 651/528/1381 652/527/1382 553/526/1383 554/529/1384
s 143
f 555/530/1385 650/531/1386 651/528/1387 554/529/1388
s 144
f 649/532/1389 650/531/1390 555/530/1391 556/533/1392
s 145
f 557/534/1393 648/535/1394 649/532/1395 556/533/1396
s 146
f 647/536/1397 648/535/1398 557/534/1399 558/537/1400
s 147
f 559/538/1401 646/539/1402 647/536/1403 558/537/1404
s 33
f 378/540/1405 443/541/1406 444/512/1407 80/510/1408
s 34
f 80/510/1409 488/509/1410 489/542/1411 378/540/1412
s 130
f 380/543/1413 379/544/1414 23/545/1415 45/546/1416
s 75
f 381/547/1417 486/548/1418 487/508/1419 201/511/1420
s 17
f 201/511/1421 445/513/1422 446/549/1423 381/547/1424
s off
f 383/550/1425 382/551/1426 46/552/1427 151/553/1428
f 151/553/1429 69/554/1430 384/555/1431 383/550/1432
f 385/556/1433 384/555/1434 69/554/1435 261/557/1436
f 261/557/1437 70/558/1438 386/559/1439 385/556/1440
f 387/560/1441 386/559/1442 70/558/1443 153/561/1444
f 153/561/1445 71/562/1446 388/563/1447 387/560/1448
f 389/564/1449 388/563/1450 71/562/1451 264/565/1452
f 264/565/1453 24/566/1454 377/567/1455 389/564/1456
s 70
f 391/113/608 390/261/607 103/568/1457 195/569/1458
s 16
f 194/570/1459 392/114/118 391/113/117 195/569/1460
s 68
f 347/571/1461 393/366/598 392/114/597 194/570/1462
f 394/495/1280 393/366/598 347/571/1461 192/572/1463
s 122
f 395/364/1199 394/495/1198 192/572/1464 283/573/1465
s 67
f 282/574/1466 396/365/594 395/364/593 283/573/1467
s 121
f 193/575/1468 397/494/1194 396/365/1193 282/574/1469
s 96
f 398/168/780 397/407/779 193/576/1470 230/577/1471
s 24
f 125/578/1472 399/169/178 398/168/177 230/577/1473
s 47
f 400/288/376 399/169/375 125/578/1474 122/579/1475
s 46
f 123/580/1476 401/289/370 400/288/369 122/579/1477
s 93
f 402/161/756 401/289/755 123/580/1478 226/581/1479
s 23
f 225/582/1480 403/162/170 402/161/169 226/581/1481
s 91
f 404/400/748 403/162/747 225/582/1482 223/583/1483
s 90
f 212/584/1484 405/401/742 404/400/741 223/583/1485
s 123
f 406/386/1203 405/401/1202 212/584/1486 330/585/1487
s 79
f 407/387/672 406/386/671 330/585/1488 331/586/1489
s 124
f 210/587/1490 408/496/1206 407/387/1205 331/586/1491
s 19
f 357/588/1492 409/134/141 408/496/1297 210/587/1493
f 110/589/1494 410/135/142 409/134/141 357/588/1492
s 43
f 411/271/340 410/135/339 110/589/1495 107/590/1496
s 42
f 108/591/1497 412/272/334 411/271/333 107/590/1498
s 76
f 413/378/656 412/272/655 108/591/1499 206/592/1500
s 18
f 643/593/1501 644/514/1354 413/378/1353 206/592/1502
f 205/594/1503 415/128/134 414/127/133 365/595/1504
s 133
f 105/596/1505 416/263/1346 415/128/1345 205/594/1506
s 40
f 368/597/1507 417/264/326 416/263/325 105/596/1508
f 418/260/1372 637/521/1371 638/598/1509 102/599/1510
s 39
f 103/568/1511 390/261/322 418/260/321 102/599/1512
s 29
f 420/236/251 419/235/250 8/319/1513 74/219/1514
s 30
f 74/219/1515 19/218/1516 421/66/254 420/236/253
s 11
f 422/67/67 421/66/66 19/218/1517 340/428/1518
f 423/483/1265 422/67/67 340/428/1518 155/503/1519
s 118
f 424/327/1127 423/483/1126 155/503/1520 317/426/1521
s 53
f 317/426/1522 316/425/1523 425/328/442 424/327/441
s 117
f 1/502/1524 426/480/1122 425/328/1121 316/425/1525
s 99
f 427/411/815 426/410/814 1/600/1526 237/601/1527
s 100
f 237/601/1528 61/602/1529 428/184/818 427/411/817
s 26
f 429/185/195 428/184/194 61/602/1530 145/603/1531
s 102
f 145/603/1532 15/604/1533 430/246/826 429/185/825
s 35
f 431/247/275 430/246/274 15/604/1534 84/605/1535
s 36
f 84/605/1536 27/606/1537 432/77/278 431/247/277
s 12
f 433/78/79 432/77/78 27/606/1538 167/607/1539
s 58
f 167/607/1540 3/608/1541 434/343/486 433/78/485
s 127
f 435/393/1227 434/343/1226 3/608/1542 325/609/1543
s 84
f 436/394/707 435/393/706 325/609/1544 324/610/1545
s 128
f 185/611/1546 437/499/1230 436/394/1229 324/610/1547
s 85
f 185/611/1548 332/612/1549 438/396/710 437/499/1311
f 439/150/711 438/396/710 332/612/1549 37/613/1550
s 21
f 440/151/159 439/150/158 37/613/1551 94/614/1552
s 87
f 94/614/1553 12/615/1554 441/238/718 440/151/717
s 32
f 442/239/263 441/238/262 12/615/1555 79/616/1556
s 33
f 587/241/266 588/617/1557 617/618/1558 618/242/267
f 444/512/1407 443/541/1406 377/619/1559 24/620/1560
s 134
f 445/513/1351 444/512/1350 24/620/1561 46/552/1562
s 17
f 446/549/1423 445/513/1422 46/552/1563 382/551/1564
f 579/621/1565 580/121/127 625/120/126 626/622/1566
s 73
f 150/320/1567 8/319/1568 419/235/638 447/372/637
s 113
f 449/111/1019 448/450/1018 193/575/1569 282/574/1570
s 15
f 450/112/116 449/111/115 282/574/1571 283/573/1572
s 114
f 192/572/1573 451/451/1022 450/112/1021 283/573/1574
s 69
f 347/571/1575 452/367/601 451/451/1277 192/572/1576
f 194/570/1577 453/368/602 452/367/601 347/571/1575
s 72
f 454/369/616 453/368/615 194/570/1578 195/569/1579
s 71
f 103/568/1580 455/27/610 454/369/609 195/569/1581
s 5
f 456/28/28 455/27/27 103/568/1582 102/599/1583
s 41
f 638/598/1584 639/519/1366 456/28/1365 102/599/1585
f 105/596/1586 458/268/330 457/267/329 368/597/1587
s 131
f 459/380/1339 458/268/1338 105/596/1588 205/594/1589
s 78
f 365/595/1590 460/381/662 459/380/661 205/594/1591
f 461/379/1360 642/517/1359 643/593/1592 206/592/1593
s 77
f 108/591/1594 462/31/658 461/379/657 206/592/1595
s 6
f 463/32/32 462/31/31 108/591/1596 107/590/1597
s 44
f 110/589/1598 464/275/342 463/32/341 107/590/1599
s 81
f 357/588/1600 465/390/678 464/275/677 110/589/1601
f 466/498/1300 465/390/678 357/588/1600 210/587/1602
s 126
f 467/388/1215 466/498/1214 210/587/1603 331/586/1604
s 80
f 330/585/1605 468/389/674 467/388/673 331/586/1606
s 125
f 212/584/1607 469/159/1210 468/389/1209 330/585/1608
s 22
f 470/160/168 469/159/167 212/584/1609 223/583/1610
s 92
f 225/582/1611 471/404/750 470/160/749 223/583/1612
s 95
f 472/405/764 471/404/763 225/582/1613 226/581/1614
s 94
f 123/580/1615 473/43/758 472/405/757 226/581/1616
s 8
f 474/44/44 473/43/43 123/580/1617 122/579/1618
s 48
f 125/578/1619 475/292/378 474/44/377 122/579/1620
s 98
f 476/408/788 475/292/787 125/578/1621 230/577/1622
s 97
f 193/576/1623 448/409/782 476/408/781 230/577/1624
s 119
f 478/331/1131 477/484/1130 20/437/1625 268/70/1626
s 54
f 479/332/447 478/331/446 268/70/1627 269/69/1628
s 120
f 157/440/1629 480/485/1134 479/332/1133 269/69/1630
s 55
f 157/440/1631 342/336/1632 481/333/450 480/485/1267
f 482/237/451 481/333/450 342/336/1632 18/335/1633
s 31
f 483/1/259 482/237/258 18/335/1634 76/338/1635
s 1
f 76/338/1636 22/124/1637 484/2/2 483/1/1
s 74
f 485/374/643 484/2/642 22/124/1638 203/123/1639
s 75
f 582/375/646 583/504/1640 622/507/1641 623/376/647
f 487/508/1419 486/548/1418 380/543/1642 45/546/1643
s 132
f 23/545/1644 488/509/1342 487/508/1341 45/546/1645
s 34
f 489/542/1411 488/509/1410 23/545/1646 379/544/1647
f 584/505/1648 585/245/271 620/244/270 621/506/1649
s 2
f 81/342/1650 25/154/1651 491/6/6 490/5/5
s 88
f 492/399/723 491/6/722 25/154/1652 221/153/1653
s 89
f 221/153/1654 54/284/1655 493/397/726 492/399/725
s 86
f 494/398/715 493/397/714 54/284/1656 362/283/1657
f 495/456/1309 494/398/715 362/283/1657 115/471/1658
s 116
f 496/145/1039 495/456/1038 115/471/1659 289/282/1660
s 20
f 289/282/1661 288/281/1662 497/146/154 496/145/153
s 115
f 28/81/1663 498/345/1034 497/146/1033 288/281/1664
s 59
f 499/346/491 498/345/490 28/81/1665 169/80/1666
s 60
f 169/80/1667 26/347/1668 500/248/494 499/346/493
s 37
f 501/9/283 500/248/282 26/347/1669 86/349/1670
s 3
f 86/349/1671 30/188/1672 502/10/10 501/9/9
s 103
f 503/413/831 502/10/830 30/188/1673 240/187/1674
s 104
f 240/187/1675 60/298/1676 504/412/834 503/413/833
s 101
f 505/179/823 504/412/822 60/298/1677 130/297/1678
s 25
f 130/297/1679 20/296/1680 477/180/190 505/179/189
s off
f 140/623/1681 48/624/1682 506/625/1683 507/626/1684
f 65/627/1685 248/628/1686 509/629/1687 508/630/1688
f 44/631/1689 251/632/1690 511/633/1691 510/634/1692
f 142/635/1693 65/636/1694 508/637/1695 512/638/1696
f 151/639/1697 46/640/1698 513/641/1699 514/642/1700
f 70/643/1701 261/644/1702 516/645/1703 515/646/1704
f 24/647/1705 264/648/1706 518/649/1707 517/650/1708
f 153/651/1709 70/652/1710 515/653/1711 519/654/1712
f 64/655/1713 140/656/1714 507/657/1715 520/658/1716
f 66/659/1717 142/660/1718 512/661/1719 521/662/1720
f 69/663/1721 151/664/1722 514/665/1723 522/666/1724
f 71/667/1725 153/668/1726 519/669/1727 523/670/1728
f 248/671/1729 64/672/1730 520/673/1731 509/674/1732
f 251/675/1733 66/676/1734 521/677/1735 511/678/1736
f 261/679/1737 69/680/1738 522/681/1739 516/682/1740
f 264/683/1741 71/684/1742 523/685/1743 518/686/1744
f 48/687/1745 44/688/1746 510/689/1747 506/690/1748
f 46/691/1749 24/692/1750 517/693/1751 513/694/1752
f 248/695/1753 65/696/1754 524/203/1755 525/202/1756
f 373/697/1757 374/698/1758 527/205/1759 526/204/1760
f 251/699/1761 44/266/1762 528/207/1763 529/206/1764
f 44/266/1765 369/265/1766 530/208/1767 528/207/1768
f 369/265/1769 370/700/1770 531/209/1771 530/208/1772
f 376/701/1773 364/702/1774 533/308/1775 532/307/1776
f 364/702/1777 48/703/1778 534/309/1779 533/308/1780
f 48/703/1781 140/704/1782 535/310/1783 534/309/1784
f 140/704/1785 64/705/1786 536/311/1787 535/310/1788
f 375/706/1789 376/701/1790 532/307/1791 537/312/1792
f 374/698/1793 375/706/1794 537/312/1795 527/205/1796
f 64/705/1797 248/695/1798 525/202/1799 536/311/1800
f 370/700/1801 371/707/1802 538/421/1803 531/209/1804
f 66/708/1805 251/699/1806 529/206/1807 539/422/1808
f 372/709/1809 373/697/1810 526/204/1811 540/423/1812
f 65/696/1813 142/710/1814 541/424/1815 524/203/1816
f 142/710/1817 66/708/1818 539/422/1819 541/424/1820
f 371/707/1821 372/709/1822 540/423/1823 538/421/1824
s 150
f 385/556/1825 386/559/1826 515/711/1827 516/712/1828
s 151
f 263/429/1829 262/430/1830 543/713/1831 542/714/1832
s 150
f 389/564/1833 377/567/1834 517/715/1835 518/716/1836
s 33
f 635/229/1837 617/717/1558 588/718/1557 589/230/1838
s 151
f 79/431/1839 265/432/1840 545/719/1841 544/720/1842
s 17
f 597/322/1843 579/621/1565 626/622/1566 627/323/1844
s 150
f 382/551/1845 383/550/1846 514/721/1847 513/722/1848
s 151
f 148/64/1849 150/320/1850 546/723/1851 547/724/1852
s 150
f 383/550/1846 384/555/1853 522/725/1854 514/721/1847
s 151
f 152/61/1855 148/64/1849 547/724/1852 548/726/1856
s 150
f 384/555/1853 385/556/1825 516/712/1828 522/725/1854
s 151
f 262/430/1830 152/61/1855 548/726/1856 543/713/1831
s 150
f 388/563/1857 389/564/1833 518/716/1836 523/727/1858
s 151
f 265/432/1840 266/232/1859 549/728/1860 545/719/1841
s 150
f 386/559/1826 387/560/1861 519/729/1862 515/711/1827
s 151
f 267/234/1863 263/429/1829 542/714/1832 550/730/1864
s 150
f 387/560/1861 388/563/1857 523/727/1858 519/729/1862
s 151
f 266/232/1859 267/234/1863 550/730/1864 549/728/1860
s 156
f 370/700/1865 369/265/1866 44/731/1867 251/732/1868
s 40
f 654/523/1869 636/520/1370 104/262/1369 551/524/1870
s 157
f 104/262/1871 252/420/1872 552/525/1873 551/524/1874
s 156
f 371/707/1875 370/700/1865 251/732/1868 66/733/1876
s 157
f 252/420/1872 253/210/1877 553/526/1878 552/525/1873
s 156
f 372/709/1879 371/707/1875 66/733/1876 142/734/1880
s 157
f 253/210/1877 254/212/1881 554/529/1882 553/526/1878
s 156
f 373/697/1883 372/709/1879 142/734/1880 65/735/1884
s 157
f 254/212/1881 250/418/1885 555/530/1886 554/529/1882
s 156
f 374/698/1887 373/697/1883 65/735/1884 248/736/1888
s 157
f 250/418/1885 249/419/1889 556/533/1890 555/530/1886
s 156
f 375/706/1891 374/698/1887 248/736/1888 64/737/1892
s 157
f 249/419/1889 141/53/1893 557/534/1894 556/533/1890
s 156
f 376/701/1895 375/706/1891 64/737/1892 140/738/1896
s 157
f 141/53/1893 137/56/1897 558/537/1898 557/534/1894
s 18
f 139/306/1356 645/739/1355 646/539/1899 559/538/1900
s 156
f 364/702/1901 376/701/1895 140/738/1896 48/740/1902
s 157
f 137/56/1897 139/306/1903 559/538/1904 558/537/1898
s 40
f 606/741/1905 607/742/1906 369/265/327 417/264/326
f 605/743/1907 606/741/1905 417/264/326 368/597/1507
s 41
f 368/597/1587 457/267/329 604/744/1908 605/743/1909
f 603/745/1910 604/744/1908 457/267/329 367/270/332
s 129
f 602/746/1911 603/745/1912 367/270/1330 366/382/1329
s 78
f 601/747/1913 602/746/1914 366/382/663 460/381/662
f 600/748/1915 601/747/1913 460/381/662 365/595/1590
s 18
f 365/595/1504 414/127/133 599/749/1916 600/748/1917
f 598/750/1918 599/749/1916 414/127/133 364/130/136
f 616/751/1919 598/752/1918 364/702/136 48/740/1920
s 147
f 615/753/1921 616/751/1922 48/740/1923 140/738/1924
s 146
f 140/738/1925 64/737/1926 614/754/1927 615/753/1928
s 145
f 613/755/1929 614/754/1930 64/737/1931 248/736/1932
s 144
f 248/736/1933 65/735/1934 612/756/1935 613/755/1936
s 143
f 611/757/1937 612/756/1938 65/735/1939 142/734/1940
s 142
f 142/734/1941 66/733/1942 610/758/1943 611/757/1944
s 141
f 609/759/1945 610/758/1946 66/733/1947 251/732/1948
s 140
f 251/732/1949 44/731/1950 608/760/1951 609/759/1952
s 40
f 369/265/327 607/742/1906 608/760/1953 44/731/1954
s 17
f 655/761/1955 656/762/1956 580/121/127 579/621/1565
f 581/122/128 580/121/127 656/762/1956 657/763/1957
s 75
f 657/763/1958 658/764/1959 582/375/646 581/122/645
f 658/764/1959 659/765/1960 583/504/1640 582/375/646
s 130
f 659/765/1961 660/766/1962 584/505/1334 583/504/1333
s 34
f 660/766/1963 661/767/1964 585/245/271 584/505/1648
f 586/240/272 585/245/271 661/767/1964 662/768/1965
s 33
f 662/768/1966 663/769/1967 587/241/266 586/240/265
f 663/769/1967 664/770/1968 588/617/1557 587/241/266
f 589/230/1838 588/718/1557 664/771/1968 665/772/1969
s 28
f 590/231/244 589/230/243 665/772/1970 666/773/1971
s 110
f 666/773/1972 667/774/1973 591/433/978 590/231/977
s 112
f 592/435/992 591/433/991 667/774/1974 668/775/1975
s 111
f 668/775/1976 669/776/1977 593/226/986 592/435/985
s 27
f 594/227/240 593/226/239 669/776/1978 670/777/1979
s 109
f 670/777/1980 671/778/1981 595/326/966 594/227/965
s 52
f 596/321/440 595/326/439 671/778/1982 672/779/1983
s 51
f 672/779/1984 673/780/1985 597/322/434 596/321/433
s 17
f 673/780/1986 655/761/1955 579/621/1565 597/322/1843
s 18
f 569/781/1987 568/782/1988 599/749/1916 598/750/1918
f 600/748/1917 599/749/1916 568/782/1988 567/783/1989
s 78
f 567/783/1990 566/784/1991 601/747/1913 600/748/1915
f 566/784/1991 565/785/1992 602/746/1914 601/747/1913
s 129
f 565/785/1993 564/786/1994 603/745/1912 602/746/1911
s 41
f 564/786/1995 563/787/1996 604/744/1908 603/745/1910
f 605/743/1909 604/744/1908 563/787/1996 562/788/1997
s 40
f 562/788/1998 561/789/1999 606/741/1905 605/743/1907
f 561/789/1999 560/790/2000 607/742/1906 606/741/1905
f 608/760/1953 607/742/1906 560/790/2000 578/791/2001
s 140
f 609/759/1952 608/760/1951 578/791/2002 577/792/2003
s 141
f 577/792/2004 576/793/2005 610/758/1946 609/759/1945
s 142
f 611/757/1944 610/758/1943 576/793/2006 575/794/2007
s 143
f 575/794/2008 574/795/2009 612/756/1938 611/757/1937
s 144
f 613/755/1936 612/756/1935 574/795/2010 573/796/2011
s 145
f 573/796/2012 572/797/2013 614/754/1930 613/755/1929
s 146
f 615/753/1928 614/754/1927 572/797/2014 571/798/2015
s 147
f 571/798/2016 570/799/2017 616/751/1922 615/753/1921
s 18
f 570/799/2018 569/800/1987 598/752/1918 616/751/1919
s 33
f 618/242/267 617/618/1558 377/619/1559 443/541/1406
f 619/243/268 618/242/267 443/541/1406 378/540/1405
s 34
f 378/540/1412 489/542/1411 620/244/270 619/243/269
f 621/506/1649 620/244/270 489/542/1411 379/544/1647
s 130
f 622/507/1336 621/506/1335 379/544/1414 380/543/1413
s 75
f 623/376/647 622/507/1641 380/543/1642 486/548/1418
f 624/119/648 623/376/647 486/548/1418 381/547/1417
s 17
f 381/547/1424 446/549/1423 625/120/126 624/119/125
f 626/622/1566 625/120/126 446/549/1423 382/551/1564
f 627/323/1844 626/622/1566 382/551/1564 513/722/2019
s 51
f 628/324/436 627/323/435 513/722/2020 514/721/2021
s 52
f 514/721/2022 522/725/2023 629/325/438 628/324/437
s 109
f 630/224/968 629/325/967 522/725/2024 516/712/2025
s 27
f 516/712/2026 515/711/2027 631/225/238 630/224/237
s 111
f 632/436/988 631/225/987 515/711/2028 519/729/2029
s 112
f 519/729/2030 523/727/2031 633/434/990 632/436/989
s 110
f 634/228/980 633/434/979 523/727/2032 518/716/2033
s 28
f 518/716/2034 517/715/2035 635/229/242 634/228/241
s 33
f 377/567/1559 617/717/1558 635/229/1837 517/715/2036
s 40
f 637/521/1371 636/520/1370 560/790/2000 561/789/1999
f 638/598/1509 637/521/1371 561/789/1999 562/788/1998
s 41
f 562/788/1997 563/787/1996 639/519/1366 638/598/1584
f 640/518/1367 639/519/1366 563/787/1996 564/786/1995
s 129
f 641/516/1363 640/518/1362 564/786/1994 565/785/1993
s 78
f 642/517/1359 641/516/1358 565/785/1992 566/784/1991
f 643/593/1592 642/517/1359 566/784/1991 567/783/1990
s 18
f 567/783/1989 568/782/1988 644/514/1354 643/593/1501
f 645/515/1355 644/514/1354 568/782/1988 569/781/1987
f 646/539/1899 645/739/1355 569/800/1987 570/799/2018
s 147
f 647/536/1403 646/539/1402 570/799/2017 571/798/2016
s 146
f 571/798/2015 572/797/2014 648/535/1398 647/536/1397
s 145
f 649/532/1395 648/535/1394 572/797/2013 573/796/2012
s 144
f 573/796/2011 574/795/2010 650/531/1390 649/532/1389
s 143
f 651/528/1387 650/531/1386 574/795/2009 575/794/2008
s 142
f 575/794/2007 576/793/2006 652/527/1382 651/528/1381
s 141
f 653/522/1379 652/527/1378 576/793/2005 577/792/2004
s 140
f 577/792/2003 578/791/2002 654/523/1374 653/522/1373
s 40
f 578/791/2001 560/790/2000 636/520/1370 654/523/1869
s 17
f 447/372/2037 656/762/1956 655/761/1955 150/320/2038
f 657/763/1957 656/762/1956 447/372/2037 202/373/2039
s 75
f 485/374/2040 658/764/1959 657/763/1958 202/373/2041
f 203/123/2042 659/765/1960 658/764/1959 485/374/2040
s 130
f 81/342/2043 660/766/1962 659/765/1961 203/123/2044
s 34
f 490/5/2045 661/767/1964 660/766/1963 81/342/2046
f 662/768/1965 661/767/1964 490/5/2045 77/8/2047
s 33
f 442/239/2048 663/769/1967 662/768/1966 77/8/2049
f 79/616/2050 664/770/1968 663/769/1967 442/239/2048
f 665/772/1969 664/771/1968 79/431/2050 544/720/2051
s 28
f 666/773/1971 665/772/1970 544/720/2052 545/719/2053
s 110
f 549/728/2054 667/774/1973 666/773/1972 545/719/2055
s 112
f 668/775/1975 667/774/1974 549/728/2056 550/730/2057
s 111
f 542/714/2058 669/776/1977 668/775/1976 550/730/2059
s 27
f 670/777/1979 669/776/1978 542/714/2060 543/713/2061
s 109
f 548/726/2062 671/778/1981 670/777/1980 543/713/2063
s 52
f 672/779/1983 671/778/1982 548/726/2064 547/724/2065
s 51
f 546/723/2066 673/780/1985 672/779/1984 547/724/2067
s 17
f 150/320/2038 655/761/1955 673/780/1986 546/723/2068
